key,text
BATTLE_BOSS_ENRAGE_HUD,Enraged
BATTLE_BOSS_ENRAGE_SUBTITLE,Danger output has exceeded its limit.
BATTLE_BOSS_ENRAGE_TITLE,Boss Enraged
BATTLE_BOSS_PHASE_1_HUD,Phase 1
BATTLE_BOSS_PHASE_2_HUD,Phase 2
BATTLE_BOSS_PHASE_2_SUBTITLE,The Hollow Engine core is rearranging.
BATTLE_BOSS_PHASE_2_TITLE,Phase Two
CHAPTER_01,Chapter 1 — Signal on the Dark Line
CHAPTER_02,Chapter 2 — The Returning Terminus
CHAPTER_03,Chapter 3 — Night Train Across Glass
CHAPTER_04,Chapter 4 — The Drowned Signal Yard
CHAPTER_05,Chapter 5 — The Ashen City Blockade
CHAPTER_06,Chapter 6 — Thunder on Skybridge
CHAPTER_07,Chapter 7 — Broadcast Beneath Snow
CHAPTER_08,Chapter 8 — The Crimson Quarry Orbit
CHAPTER_09,Chapter 9 — The Sleeping Directorate
CHAPTER_10,Chapter 10 — Twin-Moon Junction
CHAPTER_11,Chapter 11 — The Black-Tide Breakwater
CHAPTER_12,Chapter 12 — Key of the Nameless Cathedral
CHAPTER_13,Chapter 13 — Ghost Timetable of the Desert
CHAPTER_14,Chapter 14 — The Inverted Capital Ring
CHAPTER_15,Chapter 15 — Garden of the Zero Signal
CHAPTER_16,Chapter 16 — War of the Rail Crown
CHAPTER_17,Chapter 17 — Archive of Afterglow
CHAPTER_18,Chapter 18 — Eve of the Last Line
CHAPTER_19,Chapter 19 — The Unfading Circuit
CHAPTER_20,Chapter 20 — The Last Lantern
CHAR_ADELINE_DESC,A Lamplighter serving as ARTILLERY of the expedition.
CHAR_ADELINE_NAME,Adeline
CHAR_ARINT_DESC,A Lamplighter serving as GUARDIAN of the expedition.
CHAR_ARINT_NAME,Arint
CHAR_BAEL_DESC,A Lamplighter serving as MEDIC of the expedition.
CHAR_BAEL_NAME,Bael
CHAR_CIEL_DESC,A Lamplighter serving as ARTILLERY of the expedition.
CHAR_CIEL_NAME,Ciel
CHAR_DAEL_DESC,A Lamplighter serving as SPECIALIST of the expedition.
CHAR_DAEL_NAME,Dael
CHAR_DRAN_DESC,A Lamplighter serving as VANGUARD of the expedition.
CHAR_DRAN_NAME,Dran
CHAR_EDA_DESC,A Lamplighter serving as ASSAULT of the expedition.
CHAR_EDA_NAME,Eda
CHAR_HART_DESC,A Lamplighter serving as ARTILLERY of the expedition.
CHAR_HART_NAME,Hart
CHAR_HERAON_DESC,A Lamplighter serving as ARTILLERY of the expedition.
CHAR_HERAON_NAME,Heraon
CHAR_INOA_DESC,A Lamplighter serving as SPECIALIST of the expedition.
CHAR_INOA_NAME,Inoa
CHAR_IRI_DESC,A Lamplighter serving as MEDIC of the expedition.
CHAR_IRI_NAME,Iri
CHAR_KAIREN_DESC,A Lamplighter serving as ASSAULT of the expedition.
CHAR_KAIREN_NAME,Kairen
CHAR_KARN_DESC,A Lamplighter serving as VANGUARD of the expedition.
CHAR_KARN_NAME,Karn
CHAR_KIAN_DESC,A Lamplighter serving as ASSAULT of the expedition.
CHAR_KIAN_NAME,Kian
CHAR_KIR_DESC,A Lamplighter serving as SPECIALIST of the expedition.
CHAR_KIR_NAME,Kir
CHAR_LAVENT_DESC,A Lamplighter serving as GUARDIAN of the expedition.
CHAR_LAVENT_NAME,Lavent
CHAR_LIV_DESC,A Lamplighter serving as VANGUARD of the expedition.
CHAR_LIV_NAME,Liv
CHAR_MAERU_DESC,A Lamplighter serving as GUARDIAN of the expedition.
CHAR_MAERU_NAME,Maeru
CHAR_MERIN_DESC,A Lamplighter serving as MEDIC of the expedition.
CHAR_MERIN_NAME,Merin
CHAR_MIRE_DESC,A Lamplighter serving as MEDIC of the expedition.
CHAR_MIRE_NAME,Mire
CHAR_MOEN_DESC,A Lamplighter serving as SPECIALIST of the expedition.
CHAR_MOEN_NAME,Moen
CHAR_NARIN_DESC,A Lamplighter serving as ASSAULT of the expedition.
CHAR_NARIN_NAME,Narin
CHAR_NOAR_DESC,A Lamplighter serving as MEDIC of the expedition.
CHAR_NOAR_NAME,Noar
CHAR_ORBIN_DESC,A Lamplighter serving as GUARDIAN of the expedition.
CHAR_ORBIN_NAME,Orbin
CHAR_ORSA_DESC,A Lamplighter serving as GUARDIAN of the expedition.
CHAR_ORSA_NAME,Orsa
CHAR_PERIN_DESC,A Lamplighter serving as SPECIALIST of the expedition.
CHAR_PERIN_NAME,Perin
CHAR_RAEN_DESC,A Lamplighter serving as VANGUARD of the expedition.
CHAR_RAEN_NAME,Raen
CHAR_REMA_DESC,A Lamplighter serving as GUARDIAN of the expedition.
CHAR_REMA_NAME,Rema
CHAR_RIAS_DESC,A Lamplighter serving as ASSAULT of the expedition.
CHAR_RIAS_NAME,Rias
CHAR_ROAN_DESC,A Lamplighter serving as VANGUARD of the expedition.
CHAR_ROAN_NAME,Roan
CHAR_ROME_DESC,A Lamplighter serving as GUARDIAN of the expedition.
CHAR_ROME_NAME,Rome
CHAR_SEB_DESC,A Lamplighter serving as VANGUARD of the expedition.
CHAR_SEB_NAME,Seb
CHAR_SEON_DESC,A Lamplighter serving as MEDIC of the expedition.
CHAR_SEON_NAME,Seon
CHAR_SOA_DESC,A Lamplighter serving as SPECIALIST of the expedition.
CHAR_SOA_NAME,Soa
CHAR_SOREN_DESC,A Lamplighter serving as ARTILLERY of the expedition.
CHAR_SOREN_NAME,Soren
CHAR_TERAN_DESC,A Lamplighter serving as VANGUARD of the expedition.
CHAR_TERAN_NAME,Teran
CHAR_TIEL_DESC,A Lamplighter serving as MEDIC of the expedition.
CHAR_TIEL_NAME,Tiel
CHAR_TOA_DESC,A Lamplighter serving as SPECIALIST of the expedition.
CHAR_TOA_NAME,Toa
CHAR_VELK_DESC,A Lamplighter serving as ASSAULT of the expedition.
CHAR_VELK_NAME,Velk
CHAR_VEON_DESC,A Lamplighter serving as ASSAULT of the expedition.
CHAR_VEON_NAME,Veon
CHAR_VERA_DESC,A Lamplighter serving as SPECIALIST of the expedition.
CHAR_VERA_NAME,Vera
CHAR_YUNAK_DESC,A Lamplighter serving as ARTILLERY of the expedition.
CHAR_YUNAK_NAME,Yunak
CHAR_YURIEN_DESC,A Lamplighter serving as ARTILLERY of the expedition.
CHAR_YURIEN_NAME,Yurien
CHAR_ZERN_DESC,A Lamplighter serving as ASSAULT of the expedition.
CHAR_ZERN_NAME,Zern
CHOICE_LIGHT,Check the light first
CHOICE_RECORD,Secure the recorder
ENEMY_AFTERGLOW_SCREEN,Echoform ENM012
ENEMY_ARC_HARRIER,Echoform ENM025
ENEMY_ARC_MOTE,Echoform ENM002
ENEMY_ASH_CITADEL,Echoform BOSS008
ENEMY_ASH_RUNNER,Echoform ENM022
ENEMY_BREAKWATER_GUARD,Echoform ENM042
ENEMY_BRIDGE_ANCHOR,Echoform ENM027
ENEMY_BRINE_CANNON,Echoform ENM041
ENEMY_BROADCASTER,Echoform ENM008
ENEMY_BROKENLINE_TRACKER,Echoform ENM010
ENEMY_CHORUS_BIT,Echoform ENM005
ENEMY_CINDER_RIFLE,Echoform ENM023
ENEMY_CROWN_LANCER,Echoform BOSS019
ENEMY_DOCKET_GUARD,Echoform ENM036
ENEMY_DOOM_SIGNALER,Echoform BOSS021
ENEMY_DREAM_BAILIFF,Echoform BOSS012
ENEMY_DREAM_PATROL,Echoform ENM034
ENEMY_DROWNED_SCOUT,Echoform ENM019
ENEMY_DUNE_STATIONMASTER,Echoform BOSS016
ENEMY_DUST_LENS,Echoform ENM006
ENEMY_ECLIPSE_WARD,Echoform ENM039
ENEMY_ETERNAL_TICKET,Echoform BOSS022
ENEMY_FALLEN_BATTERY,Echoform ENM014
ENEMY_FOG_MORTAR,Echoform ENM020
ENEMY_FROST_CANTOR,Echoform BOSS010
ENEMY_GLASS_MARSHAL,Echoform BOSS006
ENEMY_GLASS_STALKER,Echoform ENM016
ENEMY_GLASS_TRANSMITTER,Echoform ENM011
ENEMY_GRAVITY_AUDITOR,Echoform BOSS017
ENEMY_HOLLOW_ENGINE,Echoform BOSS001
ENEMY_ICE_RELAY,Echoform ENM029
ENEMY_INDEX_PREDATOR,Echoform BOSS020
ENEMY_IRON_CANTOR,Echoform ENM009
ENEMY_LAST_LINE_WARDEN,Echoform BOSS023
ENEMY_LUNAR_DIVIDER,Echoform BOSS013
ENEMY_MAGMA_CASTER,Echoform ENM032
ENEMY_MEND_ECHO,Echoform ENM004
ENEMY_MIRROR_BULWARK,Echoform ENM018
ENEMY_MOON_SKIRMISHER,Echoform ENM037
ENEMY_NAMELESS_PRELATE,Echoform BOSS015
ENEMY_NIGHT_BELL,Echoform BOSS002
ENEMY_NULL_GARDENER,Echoform BOSS018
ENEMY_ORE_BASTION,Echoform ENM033
ENEMY_PRISM_GUNNER,Echoform ENM017
ENEMY_QUARRY_CUTTER,Echoform ENM031
ENEMY_RETURN_FORMATION_CORE,Echoform BOSS005
ENEMY_REVERSE_ELECTRODE,Echoform ENM013
ENEMY_REVERSE_GATEKEEPER,Echoform BOSS004
ENEMY_RUSH_WISP,Echoform ENM001
ENEMY_SCARLET_EXCAVATOR,Echoform BOSS011
ENEMY_SHELL_RELAY,Echoform ENM003
ENEMY_SILT_MEDIC,Echoform ENM021
ENEMY_SLEEP_NEEDLE,Echoform ENM035
ENEMY_SMOG_WARDEN,Echoform ENM024
ENEMY_SNOW_TRACKER,Echoform ENM028
ENEMY_SURGE_RUNNER,Echoform ENM040
ENEMY_THUNDER_LENS,Echoform ENM026
ENEMY_TIDAL_SNIPER,Echoform ENM038
ENEMY_TIDAL_SWITCHMASTER,Echoform BOSS007
ENEMY_TIDE_REAPER,Echoform BOSS014
ENEMY_VACANT_CHORUS,Echoform ENM015
ENEMY_VOLT_ARCHON,Echoform BOSS009
ENEMY_WARDEN_FRAME,Echoform ENM007
ENEMY_WHITE_DAWN_OBSERVER,Echoform BOSS003
ENEMY_WHITE_MEDIC,Echoform ENM030
GAME_SUBTITLE,People reconnecting stories in a lightless world
GAME_TITLE,LUMENBOUND: TACTICS OF THE LAST LINE
ITEM_BLUEPRINT_T1,BLUEPRINT_T1
ITEM_BLUEPRINT_T2,BLUEPRINT_T2
ITEM_BLUEPRINT_T3,BLUEPRINT_T3
ITEM_BLUEPRINT_T4,BLUEPRINT_T4
ITEM_BREAK_CORE_T1,BREAK_CORE_T1
ITEM_BREAK_CORE_T2,BREAK_CORE_T2
ITEM_BREAK_CORE_T3,BREAK_CORE_T3
ITEM_BREAK_CORE_T4,BREAK_CORE_T4
ITEM_CREDIT,CREDIT
ITEM_EXPEDITION_ROUTE_MODULE_A,EXPEDITION_ROUTE_MODULE_A
ITEM_EXPEDITION_ROUTE_MODULE_B,EXPEDITION_ROUTE_MODULE_B
ITEM_FACTION_SEAL_T1,FACTION_SEAL_T1
ITEM_FACTION_SEAL_T2,FACTION_SEAL_T2
ITEM_FACTION_SEAL_T3,FACTION_SEAL_T3
ITEM_LANTERN_SHARD,LANTERN_SHARD
ITEM_ROLE_TOKEN_T1,ROLE_TOKEN_T1
ITEM_ROLE_TOKEN_T2,ROLE_TOKEN_T2
ITEM_ROLE_TOKEN_T3,ROLE_TOKEN_T3
ITEM_ROLE_TOKEN_T4,ROLE_TOKEN_T4
ITEM_SHARD_CHR001,SHARD_CHR001
ITEM_SHARD_CHR002,SHARD_CHR002
ITEM_SHARD_CHR003,SHARD_CHR003
ITEM_SHARD_CHR004,SHARD_CHR004
ITEM_SHARD_CHR005,SHARD_CHR005
ITEM_SHARD_CHR006,SHARD_CHR006
ITEM_SHARD_CHR007,SHARD_CHR007
ITEM_SHARD_CHR008,SHARD_CHR008
ITEM_SHARD_CHR009,SHARD_CHR009
ITEM_SHARD_CHR010,SHARD_CHR010
ITEM_SHARD_CHR011,SHARD_CHR011
ITEM_SHARD_CHR012,SHARD_CHR012
ITEM_SHARD_CHR013,SHARD_CHR013
ITEM_SHARD_CHR014,SHARD_CHR014
ITEM_SHARD_CHR015,SHARD_CHR015
ITEM_SHARD_CHR016,SHARD_CHR016
ITEM_SHARD_CHR017,SHARD_CHR017
ITEM_SHARD_CHR018,SHARD_CHR018
ITEM_SHARD_CHR019,SHARD_CHR019
ITEM_SHARD_CHR020,SHARD_CHR020
ITEM_SHARD_CHR021,SHARD_CHR021
ITEM_SHARD_CHR022,SHARD_CHR022
ITEM_SHARD_CHR023,SHARD_CHR023
ITEM_SHARD_CHR024,SHARD_CHR024
ITEM_SHARD_CHR025,SHARD_CHR025
ITEM_SHARD_CHR026,SHARD_CHR026
ITEM_SHARD_CHR027,SHARD_CHR027
ITEM_SHARD_CHR028,SHARD_CHR028
ITEM_SHARD_CHR029,SHARD_CHR029
ITEM_SHARD_CHR030,SHARD_CHR030
ITEM_SHARD_CHR031,SHARD_CHR031
ITEM_SHARD_CHR032,SHARD_CHR032
ITEM_SHARD_CHR033,SHARD_CHR033
ITEM_SHARD_CHR034,SHARD_CHR034
ITEM_SHARD_CHR035,SHARD_CHR035
ITEM_SHARD_CHR036,SHARD_CHR036
ITEM_SHARD_CHR037,SHARD_CHR037
ITEM_SHARD_CHR038,SHARD_CHR038
ITEM_SHARD_CHR039,SHARD_CHR039
ITEM_SHARD_CHR040,SHARD_CHR040
ITEM_SHARD_CHR041,SHARD_CHR041
ITEM_SHARD_CHR042,SHARD_CHR042
ITEM_SHARD_CHR043,SHARD_CHR043
ITEM_SHARD_CHR044,SHARD_CHR044
ITEM_SKILL_BOOK_T1,SKILL_BOOK_T1
ITEM_SKILL_BOOK_T2,SKILL_BOOK_T2
ITEM_SKILL_BOOK_T3,SKILL_BOOK_T3
ITEM_SKILL_BOOK_T4,SKILL_BOOK_T4
ITEM_SKILL_TOKEN_T1,SKILL_TOKEN_T1
ITEM_SKILL_TOKEN_T2,SKILL_TOKEN_T2
ITEM_SKILL_TOKEN_T3,SKILL_TOKEN_T3
ITEM_SKILL_TOKEN_T4,SKILL_TOKEN_T4
ITEM_TRAINING_NOTE_L,TRAINING_NOTE_L
ITEM_TRAINING_NOTE_M,TRAINING_NOTE_M
ITEM_TRAINING_NOTE_S,TRAINING_NOTE_S
ITEM_TRAINING_NOTE_XL,TRAINING_NOTE_XL
ITEM_ULT_BOOK_T1,ULT_BOOK_T1
ITEM_ULT_BOOK_T2,ULT_BOOK_T2
ITEM_ULT_BOOK_T3,ULT_BOOK_T3
ITEM_ULT_BOOK_T4,ULT_BOOK_T4
ITEM_UNIVERSAL_CATALYST,UNIVERSAL_CATALYST
ITEM_WEAPON_CHIP_L,WEAPON_CHIP_L
ITEM_WEAPON_CHIP_M,WEAPON_CHIP_M
ITEM_WEAPON_CHIP_S,WEAPON_CHIP_S
ITEM_WEAPON_CHIP_XL,WEAPON_CHIP_XL
ITEM_WEAPON_ORE_T1,WEAPON_ORE_T1
ITEM_WEAPON_ORE_T2,WEAPON_ORE_T2
ITEM_WEAPON_ORE_T3,WEAPON_ORE_T3
ITEM_WEAPON_ORE_T4,WEAPON_ORE_T4
MAP_ANOMALY_CH01_H03_BODY,An anomalous reaction is blocking the route. Analyze the signal before entering the combat zone.
MAP_ANOMALY_CH01_H03_DIALOGUE_01,The reaction ahead is unlike a normal unit. Combat will begin after the signal is assessed.
MAP_ANOMALY_CH01_H03_DIALOGUE_02,ENM012: [distorted hostile waveform]
MAP_ANOMALY_CH01_H03_DIALOGUE_03,The signal is locked. Closing this window begins combat; no state is committed before victory.
MAP_ANOMALY_CH01_H03_OUTCOME,Victory outcome: threat signal stabilized · no recruitment/reward
MAP_ANOMALY_CH01_H03_TITLE,Anomalous Threat Signal: ENM012
MAP_ANOMALY_CH01_N06_BODY,An anomalous reaction is blocking the route. Analyze the signal before entering the combat zone.
MAP_ANOMALY_CH01_N06_DIALOGUE_01,The reaction ahead is unlike a normal unit. Combat will begin after the signal is assessed.
MAP_ANOMALY_CH01_N06_DIALOGUE_02,ENM010: [distorted hostile waveform]
MAP_ANOMALY_CH01_N06_DIALOGUE_03,The signal is locked. Closing this window begins combat; no state is committed before victory.
MAP_ANOMALY_CH01_N06_OUTCOME,Victory outcome: threat signal stabilized · no recruitment/reward
MAP_ANOMALY_CH01_N06_TITLE,Anomalous Threat Signal: ENM010
MAP_ANOMALY_CH01_N13_BODY,An anomalous reaction is blocking the route. Analyze the signal before entering the combat zone.
MAP_ANOMALY_CH01_N13_DIALOGUE_01,The reaction ahead is unlike a normal unit. Combat will begin after the signal is assessed.
MAP_ANOMALY_CH01_N13_DIALOGUE_02,ENM011: [distorted hostile waveform]
MAP_ANOMALY_CH01_N13_DIALOGUE_03,The signal is locked. Closing this window begins combat; no state is committed before victory.
MAP_ANOMALY_CH01_N13_OUTCOME,Victory outcome: threat signal stabilized · no recruitment/reward
MAP_ANOMALY_CH01_N13_TITLE,Anomalous Threat Signal: ENM011
MAP_ANOMALY_CH02_H03_BODY,An anomalous reaction is blocking the route. Analyze the signal before entering the combat zone.
MAP_ANOMALY_CH02_H03_DIALOGUE_01,The reaction ahead is unlike a normal unit. Combat will begin after the signal is assessed.
MAP_ANOMALY_CH02_H03_DIALOGUE_02,ENM015: [distorted hostile waveform]
MAP_ANOMALY_CH02_H03_DIALOGUE_03,The signal is locked. Closing this window begins combat; no state is committed before victory.
MAP_ANOMALY_CH02_H03_OUTCOME,Victory outcome: threat signal stabilized · no recruitment/reward
MAP_ANOMALY_CH02_H03_TITLE,Anomalous Threat Signal: ENM015
MAP_ANOMALY_CH02_N06_BODY,An anomalous reaction is blocking the route. Analyze the signal before entering the combat zone.
MAP_ANOMALY_CH02_N06_DIALOGUE_01,The reaction ahead is unlike a normal unit. Combat will begin after the signal is assessed.
MAP_ANOMALY_CH02_N06_DIALOGUE_02,ENM013: [distorted hostile waveform]
MAP_ANOMALY_CH02_N06_DIALOGUE_03,The signal is locked. Closing this window begins combat; no state is committed before victory.
MAP_ANOMALY_CH02_N06_OUTCOME,Victory outcome: threat signal stabilized · no recruitment/reward
MAP_ANOMALY_CH02_N06_TITLE,Anomalous Threat Signal: ENM013
MAP_ANOMALY_CH02_N13_BODY,An anomalous reaction is blocking the route. Analyze the signal before entering the combat zone.
MAP_ANOMALY_CH02_N13_DIALOGUE_01,The reaction ahead is unlike a normal unit. Combat will begin after the signal is assessed.
MAP_ANOMALY_CH02_N13_DIALOGUE_02,ENM014: [distorted hostile waveform]
MAP_ANOMALY_CH02_N13_DIALOGUE_03,The signal is locked. Closing this window begins combat; no state is committed before victory.
MAP_ANOMALY_CH02_N13_OUTCOME,Victory outcome: threat signal stabilized · no recruitment/reward
MAP_ANOMALY_CH02_N13_TITLE,Anomalous Threat Signal: ENM014
MAP_ANOMALY_CH03_H03_BODY,An anomalous reaction is blocking the route. Analyze the signal before entering the combat zone.
MAP_ANOMALY_CH03_H03_DIALOGUE_01,The reaction ahead is unlike a normal unit. Combat will begin after the signal is assessed.
MAP_ANOMALY_CH03_H03_DIALOGUE_02,ENM018: [distorted hostile waveform]
MAP_ANOMALY_CH03_H03_DIALOGUE_03,The signal is locked. Closing this window begins combat; no state is committed before victory.
MAP_ANOMALY_CH03_H03_OUTCOME,Victory outcome: threat signal stabilized · no recruitment/reward
MAP_ANOMALY_CH03_H03_TITLE,Anomalous Threat Signal: ENM018
MAP_ANOMALY_CH03_N06_BODY,An anomalous reaction is blocking the route. Analyze the signal before entering the combat zone.
MAP_ANOMALY_CH03_N06_DIALOGUE_01,The reaction ahead is unlike a normal unit. Combat will begin after the signal is assessed.
MAP_ANOMALY_CH03_N06_DIALOGUE_02,ENM016: [distorted hostile waveform]
MAP_ANOMALY_CH03_N06_DIALOGUE_03,The signal is locked. Closing this window begins combat; no state is committed before victory.
MAP_ANOMALY_CH03_N06_OUTCOME,Victory outcome: threat signal stabilized · no recruitment/reward
MAP_ANOMALY_CH03_N06_TITLE,Anomalous Threat Signal: ENM016
MAP_ANOMALY_CH03_N13_BODY,An anomalous reaction is blocking the route. Analyze the signal before entering the combat zone.
MAP_ANOMALY_CH03_N13_DIALOGUE_01,The reaction ahead is unlike a normal unit. Combat will begin after the signal is assessed.
MAP_ANOMALY_CH03_N13_DIALOGUE_02,ENM017: [distorted hostile waveform]
MAP_ANOMALY_CH03_N13_DIALOGUE_03,The signal is locked. Closing this window begins combat; no state is committed before victory.
MAP_ANOMALY_CH03_N13_OUTCOME,Victory outcome: threat signal stabilized · no recruitment/reward
MAP_ANOMALY_CH03_N13_TITLE,Anomalous Threat Signal: ENM017
MAP_ANOMALY_CH04_H03_BODY,An anomalous reaction is blocking the route. Analyze the signal before entering the combat zone.
MAP_ANOMALY_CH04_H03_DIALOGUE_01,The reaction ahead is unlike a normal unit. Combat will begin after the signal is assessed.
MAP_ANOMALY_CH04_H03_DIALOGUE_02,ENM018: [distorted hostile waveform]
MAP_ANOMALY_CH04_H03_DIALOGUE_03,The signal is locked. Closing this window begins combat; no state is committed before victory.
MAP_ANOMALY_CH04_H03_OUTCOME,Victory outcome: threat signal stabilized · no recruitment/reward
MAP_ANOMALY_CH04_H03_TITLE,Anomalous Threat Signal: ENM018
MAP_ANOMALY_CH04_N06_BODY,An anomalous reaction is blocking the route. Analyze the signal before entering the combat zone.
MAP_ANOMALY_CH04_N06_DIALOGUE_01,The reaction ahead is unlike a normal unit. Combat will begin after the signal is assessed.
MAP_ANOMALY_CH04_N06_DIALOGUE_02,ENM016: [distorted hostile waveform]
MAP_ANOMALY_CH04_N06_DIALOGUE_03,The signal is locked. Closing this window begins combat; no state is committed before victory.
MAP_ANOMALY_CH04_N06_OUTCOME,Victory outcome: threat signal stabilized · no recruitment/reward
MAP_ANOMALY_CH04_N06_TITLE,Anomalous Threat Signal: ENM016
MAP_ANOMALY_CH04_N13_BODY,An anomalous reaction is blocking the route. Analyze the signal before entering the combat zone.
MAP_ANOMALY_CH04_N13_DIALOGUE_01,The reaction ahead is unlike a normal unit. Combat will begin after the signal is assessed.
MAP_ANOMALY_CH04_N13_DIALOGUE_02,ENM017: [distorted hostile waveform]
MAP_ANOMALY_CH04_N13_DIALOGUE_03,The signal is locked. Closing this window begins combat; no state is committed before victory.
MAP_ANOMALY_CH04_N13_OUTCOME,Victory outcome: threat signal stabilized · no recruitment/reward
MAP_ANOMALY_CH04_N13_TITLE,Anomalous Threat Signal: ENM017
MAP_ANOMALY_CH05_H03_BODY,An anomalous reaction is blocking the route. Analyze the signal before entering the combat zone.
MAP_ANOMALY_CH05_H03_DIALOGUE_01,The reaction ahead is unlike a normal unit. Combat will begin after the signal is assessed.
MAP_ANOMALY_CH05_H03_DIALOGUE_02,ENM021: [distorted hostile waveform]
MAP_ANOMALY_CH05_H03_DIALOGUE_03,The signal is locked. Closing this window begins combat; no state is committed before victory.
MAP_ANOMALY_CH05_H03_OUTCOME,Victory outcome: threat signal stabilized · no recruitment/reward
MAP_ANOMALY_CH05_H03_TITLE,Anomalous Threat Signal: ENM021
MAP_ANOMALY_CH05_N06_BODY,An anomalous reaction is blocking the route. Analyze the signal before entering the combat zone.
MAP_ANOMALY_CH05_N06_DIALOGUE_01,The reaction ahead is unlike a normal unit. Combat will begin after the signal is assessed.
MAP_ANOMALY_CH05_N06_DIALOGUE_02,ENM019: [distorted hostile waveform]
MAP_ANOMALY_CH05_N06_DIALOGUE_03,The signal is locked. Closing this window begins combat; no state is committed before victory.
MAP_ANOMALY_CH05_N06_OUTCOME,Victory outcome: threat signal stabilized · no recruitment/reward
MAP_ANOMALY_CH05_N06_TITLE,Anomalous Threat Signal: ENM019
MAP_ANOMALY_CH05_N13_BODY,An anomalous reaction is blocking the route. Analyze the signal before entering the combat zone.
MAP_ANOMALY_CH05_N13_DIALOGUE_01,The reaction ahead is unlike a normal unit. Combat will begin after the signal is assessed.
MAP_ANOMALY_CH05_N13_DIALOGUE_02,ENM020: [distorted hostile waveform]
MAP_ANOMALY_CH05_N13_DIALOGUE_03,The signal is locked. Closing this window begins combat; no state is committed before victory.
MAP_ANOMALY_CH05_N13_OUTCOME,Victory outcome: threat signal stabilized · no recruitment/reward
MAP_ANOMALY_CH05_N13_TITLE,Anomalous Threat Signal: ENM020
MAP_ANOMALY_CH06_H03_BODY,An anomalous reaction is blocking the route. Analyze the signal before entering the combat zone.
MAP_ANOMALY_CH06_H03_DIALOGUE_01,The reaction ahead is unlike a normal unit. Combat will begin after the signal is assessed.
MAP_ANOMALY_CH06_H03_DIALOGUE_02,ENM021: [distorted hostile waveform]
MAP_ANOMALY_CH06_H03_DIALOGUE_03,The signal is locked. Closing this window begins combat; no state is committed before victory.
MAP_ANOMALY_CH06_H03_OUTCOME,Victory outcome: threat signal stabilized · no recruitment/reward
MAP_ANOMALY_CH06_H03_TITLE,Anomalous Threat Signal: ENM021
MAP_ANOMALY_CH06_N06_BODY,An anomalous reaction is blocking the route. Analyze the signal before entering the combat zone.
MAP_ANOMALY_CH06_N06_DIALOGUE_01,The reaction ahead is unlike a normal unit. Combat will begin after the signal is assessed.
MAP_ANOMALY_CH06_N06_DIALOGUE_02,ENM019: [distorted hostile waveform]
MAP_ANOMALY_CH06_N06_DIALOGUE_03,The signal is locked. Closing this window begins combat; no state is committed before victory.
MAP_ANOMALY_CH06_N06_OUTCOME,Victory outcome: threat signal stabilized · no recruitment/reward
MAP_ANOMALY_CH06_N06_TITLE,Anomalous Threat Signal: ENM019
MAP_ANOMALY_CH06_N13_BODY,An anomalous reaction is blocking the route. Analyze the signal before entering the combat zone.
MAP_ANOMALY_CH06_N13_DIALOGUE_01,The reaction ahead is unlike a normal unit. Combat will begin after the signal is assessed.
MAP_ANOMALY_CH06_N13_DIALOGUE_02,ENM020: [distorted hostile waveform]
MAP_ANOMALY_CH06_N13_DIALOGUE_03,The signal is locked. Closing this window begins combat; no state is committed before victory.
MAP_ANOMALY_CH06_N13_OUTCOME,Victory outcome: threat signal stabilized · no recruitment/reward
MAP_ANOMALY_CH06_N13_TITLE,Anomalous Threat Signal: ENM020
MAP_ANOMALY_CH07_H03_BODY,An anomalous reaction is blocking the route. Analyze the signal before entering the combat zone.
MAP_ANOMALY_CH07_H03_DIALOGUE_01,The reaction ahead is unlike a normal unit. Combat will begin after the signal is assessed.
MAP_ANOMALY_CH07_H03_DIALOGUE_02,ENM024: [distorted hostile waveform]
MAP_ANOMALY_CH07_H03_DIALOGUE_03,The signal is locked. Closing this window begins combat; no state is committed before victory.
MAP_ANOMALY_CH07_H03_OUTCOME,Victory outcome: threat signal stabilized · no recruitment/reward
MAP_ANOMALY_CH07_H03_TITLE,Anomalous Threat Signal: ENM024
MAP_ANOMALY_CH07_N06_BODY,An anomalous reaction is blocking the route. Analyze the signal before entering the combat zone.
MAP_ANOMALY_CH07_N06_DIALOGUE_01,The reaction ahead is unlike a normal unit. Combat will begin after the signal is assessed.
MAP_ANOMALY_CH07_N06_DIALOGUE_02,ENM022: [distorted hostile waveform]
MAP_ANOMALY_CH07_N06_DIALOGUE_03,The signal is locked. Closing this window begins combat; no state is committed before victory.
MAP_ANOMALY_CH07_N06_OUTCOME,Victory outcome: threat signal stabilized · no recruitment/reward
MAP_ANOMALY_CH07_N06_TITLE,Anomalous Threat Signal: ENM022
MAP_ANOMALY_CH07_N13_BODY,An anomalous reaction is blocking the route. Analyze the signal before entering the combat zone.
MAP_ANOMALY_CH07_N13_DIALOGUE_01,The reaction ahead is unlike a normal unit. Combat will begin after the signal is assessed.
MAP_ANOMALY_CH07_N13_DIALOGUE_02,ENM023: [distorted hostile waveform]
MAP_ANOMALY_CH07_N13_DIALOGUE_03,The signal is locked. Closing this window begins combat; no state is committed before victory.
MAP_ANOMALY_CH07_N13_OUTCOME,Victory outcome: threat signal stabilized · no recruitment/reward
MAP_ANOMALY_CH07_N13_TITLE,Anomalous Threat Signal: ENM023
MAP_ANOMALY_CH08_H03_BODY,An anomalous reaction is blocking the route. Analyze the signal before entering the combat zone.
MAP_ANOMALY_CH08_H03_DIALOGUE_01,The reaction ahead is unlike a normal unit. Combat will begin after the signal is assessed.
MAP_ANOMALY_CH08_H03_DIALOGUE_02,ENM024: [distorted hostile waveform]
MAP_ANOMALY_CH08_H03_DIALOGUE_03,The signal is locked. Closing this window begins combat; no state is committed before victory.
MAP_ANOMALY_CH08_H03_OUTCOME,Victory outcome: threat signal stabilized · no recruitment/reward
MAP_ANOMALY_CH08_H03_TITLE,Anomalous Threat Signal: ENM024
MAP_ANOMALY_CH08_N06_BODY,An anomalous reaction is blocking the route. Analyze the signal before entering the combat zone.
MAP_ANOMALY_CH08_N06_DIALOGUE_01,The reaction ahead is unlike a normal unit. Combat will begin after the signal is assessed.
MAP_ANOMALY_CH08_N06_DIALOGUE_02,ENM022: [distorted hostile waveform]
MAP_ANOMALY_CH08_N06_DIALOGUE_03,The signal is locked. Closing this window begins combat; no state is committed before victory.
MAP_ANOMALY_CH08_N06_OUTCOME,Victory outcome: threat signal stabilized · no recruitment/reward
MAP_ANOMALY_CH08_N06_TITLE,Anomalous Threat Signal: ENM022
MAP_ANOMALY_CH08_N13_BODY,An anomalous reaction is blocking the route. Analyze the signal before entering the combat zone.
MAP_ANOMALY_CH08_N13_DIALOGUE_01,The reaction ahead is unlike a normal unit. Combat will begin after the signal is assessed.
MAP_ANOMALY_CH08_N13_DIALOGUE_02,ENM023: [distorted hostile waveform]
MAP_ANOMALY_CH08_N13_DIALOGUE_03,The signal is locked. Closing this window begins combat; no state is committed before victory.
MAP_ANOMALY_CH08_N13_OUTCOME,Victory outcome: threat signal stabilized · no recruitment/reward
MAP_ANOMALY_CH08_N13_TITLE,Anomalous Threat Signal: ENM023
MAP_ANOMALY_CH09_H03_BODY,An anomalous reaction is blocking the route. Analyze the signal before entering the combat zone.
MAP_ANOMALY_CH09_H03_DIALOGUE_01,The reaction ahead is unlike a normal unit. Combat will begin after the signal is assessed.
MAP_ANOMALY_CH09_H03_DIALOGUE_02,ENM027: [distorted hostile waveform]
MAP_ANOMALY_CH09_H03_DIALOGUE_03,The signal is locked. Closing this window begins combat; no state is committed before victory.
MAP_ANOMALY_CH09_H03_OUTCOME,Victory outcome: threat signal stabilized · no recruitment/reward
MAP_ANOMALY_CH09_H03_TITLE,Anomalous Threat Signal: ENM027
MAP_ANOMALY_CH09_N06_BODY,An anomalous reaction is blocking the route. Analyze the signal before entering the combat zone.
MAP_ANOMALY_CH09_N06_DIALOGUE_01,The reaction ahead is unlike a normal unit. Combat will begin after the signal is assessed.
MAP_ANOMALY_CH09_N06_DIALOGUE_02,ENM025: [distorted hostile waveform]
MAP_ANOMALY_CH09_N06_DIALOGUE_03,The signal is locked. Closing this window begins combat; no state is committed before victory.
MAP_ANOMALY_CH09_N06_OUTCOME,Victory outcome: threat signal stabilized · no recruitment/reward
MAP_ANOMALY_CH09_N06_TITLE,Anomalous Threat Signal: ENM025
MAP_ANOMALY_CH09_N13_BODY,An anomalous reaction is blocking the route. Analyze the signal before entering the combat zone.
MAP_ANOMALY_CH09_N13_DIALOGUE_01,The reaction ahead is unlike a normal unit. Combat will begin after the signal is assessed.
MAP_ANOMALY_CH09_N13_DIALOGUE_02,ENM026: [distorted hostile waveform]
MAP_ANOMALY_CH09_N13_DIALOGUE_03,The signal is locked. Closing this window begins combat; no state is committed before victory.
MAP_ANOMALY_CH09_N13_OUTCOME,Victory outcome: threat signal stabilized · no recruitment/reward
MAP_ANOMALY_CH09_N13_TITLE,Anomalous Threat Signal: ENM026
MAP_ANOMALY_CH10_H03_BODY,An anomalous reaction is blocking the route. Analyze the signal before entering the combat zone.
MAP_ANOMALY_CH10_H03_DIALOGUE_01,The reaction ahead is unlike a normal unit. Combat will begin after the signal is assessed.
MAP_ANOMALY_CH10_H03_DIALOGUE_02,ENM027: [distorted hostile waveform]
MAP_ANOMALY_CH10_H03_DIALOGUE_03,The signal is locked. Closing this window begins combat; no state is committed before victory.
MAP_ANOMALY_CH10_H03_OUTCOME,Victory outcome: threat signal stabilized · no recruitment/reward
MAP_ANOMALY_CH10_H03_TITLE,Anomalous Threat Signal: ENM027
MAP_ANOMALY_CH10_N06_BODY,An anomalous reaction is blocking the route. Analyze the signal before entering the combat zone.
MAP_ANOMALY_CH10_N06_DIALOGUE_01,The reaction ahead is unlike a normal unit. Combat will begin after the signal is assessed.
MAP_ANOMALY_CH10_N06_DIALOGUE_02,ENM025: [distorted hostile waveform]
MAP_ANOMALY_CH10_N06_DIALOGUE_03,The signal is locked. Closing this window begins combat; no state is committed before victory.
MAP_ANOMALY_CH10_N06_OUTCOME,Victory outcome: threat signal stabilized · no recruitment/reward
MAP_ANOMALY_CH10_N06_TITLE,Anomalous Threat Signal: ENM025
MAP_ANOMALY_CH10_N13_BODY,An anomalous reaction is blocking the route. Analyze the signal before entering the combat zone.
MAP_ANOMALY_CH10_N13_DIALOGUE_01,The reaction ahead is unlike a normal unit. Combat will begin after the signal is assessed.
MAP_ANOMALY_CH10_N13_DIALOGUE_02,ENM026: [distorted hostile waveform]
MAP_ANOMALY_CH10_N13_DIALOGUE_03,The signal is locked. Closing this window begins combat; no state is committed before victory.
MAP_ANOMALY_CH10_N13_OUTCOME,Victory outcome: threat signal stabilized · no recruitment/reward
MAP_ANOMALY_CH10_N13_TITLE,Anomalous Threat Signal: ENM026
MAP_ANOMALY_CH11_H03_BODY,An anomalous reaction is blocking the route. Analyze the signal before entering the combat zone.
MAP_ANOMALY_CH11_H03_DIALOGUE_01,The reaction ahead is unlike a normal unit. Combat will begin after the signal is assessed.
MAP_ANOMALY_CH11_H03_DIALOGUE_02,ENM030: [distorted hostile waveform]
MAP_ANOMALY_CH11_H03_DIALOGUE_03,The signal is locked. Closing this window begins combat; no state is committed before victory.
MAP_ANOMALY_CH11_H03_OUTCOME,Victory outcome: threat signal stabilized · no recruitment/reward
MAP_ANOMALY_CH11_H03_TITLE,Anomalous Threat Signal: ENM030
MAP_ANOMALY_CH11_N06_BODY,An anomalous reaction is blocking the route. Analyze the signal before entering the combat zone.
MAP_ANOMALY_CH11_N06_DIALOGUE_01,The reaction ahead is unlike a normal unit. Combat will begin after the signal is assessed.
MAP_ANOMALY_CH11_N06_DIALOGUE_02,ENM028: [distorted hostile waveform]
MAP_ANOMALY_CH11_N06_DIALOGUE_03,The signal is locked. Closing this window begins combat; no state is committed before victory.
MAP_ANOMALY_CH11_N06_OUTCOME,Victory outcome: threat signal stabilized · no recruitment/reward
MAP_ANOMALY_CH11_N06_TITLE,Anomalous Threat Signal: ENM028
MAP_ANOMALY_CH11_N13_BODY,An anomalous reaction is blocking the route. Analyze the signal before entering the combat zone.
MAP_ANOMALY_CH11_N13_DIALOGUE_01,The reaction ahead is unlike a normal unit. Combat will begin after the signal is assessed.
MAP_ANOMALY_CH11_N13_DIALOGUE_02,ENM029: [distorted hostile waveform]
MAP_ANOMALY_CH11_N13_DIALOGUE_03,The signal is locked. Closing this window begins combat; no state is committed before victory.
MAP_ANOMALY_CH11_N13_OUTCOME,Victory outcome: threat signal stabilized · no recruitment/reward
MAP_ANOMALY_CH11_N13_TITLE,Anomalous Threat Signal: ENM029
MAP_ANOMALY_CH12_H03_BODY,An anomalous reaction is blocking the route. Analyze the signal before entering the combat zone.
MAP_ANOMALY_CH12_H03_DIALOGUE_01,The reaction ahead is unlike a normal unit. Combat will begin after the signal is assessed.
MAP_ANOMALY_CH12_H03_DIALOGUE_02,ENM030: [distorted hostile waveform]
MAP_ANOMALY_CH12_H03_DIALOGUE_03,The signal is locked. Closing this window begins combat; no state is committed before victory.
MAP_ANOMALY_CH12_H03_OUTCOME,Victory outcome: threat signal stabilized · no recruitment/reward
MAP_ANOMALY_CH12_H03_TITLE,Anomalous Threat Signal: ENM030
MAP_ANOMALY_CH12_N06_BODY,An anomalous reaction is blocking the route. Analyze the signal before entering the combat zone.
MAP_ANOMALY_CH12_N06_DIALOGUE_01,The reaction ahead is unlike a normal unit. Combat will begin after the signal is assessed.
MAP_ANOMALY_CH12_N06_DIALOGUE_02,ENM028: [distorted hostile waveform]
MAP_ANOMALY_CH12_N06_DIALOGUE_03,The signal is locked. Closing this window begins combat; no state is committed before victory.
MAP_ANOMALY_CH12_N06_OUTCOME,Victory outcome: threat signal stabilized · no recruitment/reward
MAP_ANOMALY_CH12_N06_TITLE,Anomalous Threat Signal: ENM028
MAP_ANOMALY_CH12_N13_BODY,An anomalous reaction is blocking the route. Analyze the signal before entering the combat zone.
MAP_ANOMALY_CH12_N13_DIALOGUE_01,The reaction ahead is unlike a normal unit. Combat will begin after the signal is assessed.
MAP_ANOMALY_CH12_N13_DIALOGUE_02,ENM029: [distorted hostile waveform]
MAP_ANOMALY_CH12_N13_DIALOGUE_03,The signal is locked. Closing this window begins combat; no state is committed before victory.
MAP_ANOMALY_CH12_N13_OUTCOME,Victory outcome: threat signal stabilized · no recruitment/reward
MAP_ANOMALY_CH12_N13_TITLE,Anomalous Threat Signal: ENM029
MAP_ANOMALY_CH13_H03_BODY,An anomalous reaction is blocking the route. Analyze the signal before entering the combat zone.
MAP_ANOMALY_CH13_H03_DIALOGUE_01,The reaction ahead is unlike a normal unit. Combat will begin after the signal is assessed.
MAP_ANOMALY_CH13_H03_DIALOGUE_02,ENM033: [distorted hostile waveform]
MAP_ANOMALY_CH13_H03_DIALOGUE_03,The signal is locked. Closing this window begins combat; no state is committed before victory.
MAP_ANOMALY_CH13_H03_OUTCOME,Victory outcome: threat signal stabilized · no recruitment/reward
MAP_ANOMALY_CH13_H03_TITLE,Anomalous Threat Signal: ENM033
MAP_ANOMALY_CH13_N06_BODY,An anomalous reaction is blocking the route. Analyze the signal before entering the combat zone.
MAP_ANOMALY_CH13_N06_DIALOGUE_01,The reaction ahead is unlike a normal unit. Combat will begin after the signal is assessed.
MAP_ANOMALY_CH13_N06_DIALOGUE_02,ENM031: [distorted hostile waveform]
MAP_ANOMALY_CH13_N06_DIALOGUE_03,The signal is locked. Closing this window begins combat; no state is committed before victory.
MAP_ANOMALY_CH13_N06_OUTCOME,Victory outcome: threat signal stabilized · no recruitment/reward
MAP_ANOMALY_CH13_N06_TITLE,Anomalous Threat Signal: ENM031
MAP_ANOMALY_CH13_N13_BODY,An anomalous reaction is blocking the route. Analyze the signal before entering the combat zone.
MAP_ANOMALY_CH13_N13_DIALOGUE_01,The reaction ahead is unlike a normal unit. Combat will begin after the signal is assessed.
MAP_ANOMALY_CH13_N13_DIALOGUE_02,ENM032: [distorted hostile waveform]
MAP_ANOMALY_CH13_N13_DIALOGUE_03,The signal is locked. Closing this window begins combat; no state is committed before victory.
MAP_ANOMALY_CH13_N13_OUTCOME,Victory outcome: threat signal stabilized · no recruitment/reward
MAP_ANOMALY_CH13_N13_TITLE,Anomalous Threat Signal: ENM032
MAP_ANOMALY_CH14_H03_BODY,An anomalous reaction is blocking the route. Analyze the signal before entering the combat zone.
MAP_ANOMALY_CH14_H03_DIALOGUE_01,The reaction ahead is unlike a normal unit. Combat will begin after the signal is assessed.
MAP_ANOMALY_CH14_H03_DIALOGUE_02,ENM033: [distorted hostile waveform]
MAP_ANOMALY_CH14_H03_DIALOGUE_03,The signal is locked. Closing this window begins combat; no state is committed before victory.
MAP_ANOMALY_CH14_H03_OUTCOME,Victory outcome: threat signal stabilized · no recruitment/reward
MAP_ANOMALY_CH14_H03_TITLE,Anomalous Threat Signal: ENM033
MAP_ANOMALY_CH14_N06_BODY,An anomalous reaction is blocking the route. Analyze the signal before entering the combat zone.
MAP_ANOMALY_CH14_N06_DIALOGUE_01,The reaction ahead is unlike a normal unit. Combat will begin after the signal is assessed.
MAP_ANOMALY_CH14_N06_DIALOGUE_02,ENM031: [distorted hostile waveform]
MAP_ANOMALY_CH14_N06_DIALOGUE_03,The signal is locked. Closing this window begins combat; no state is committed before victory.
MAP_ANOMALY_CH14_N06_OUTCOME,Victory outcome: threat signal stabilized · no recruitment/reward
MAP_ANOMALY_CH14_N06_TITLE,Anomalous Threat Signal: ENM031
MAP_ANOMALY_CH14_N13_BODY,An anomalous reaction is blocking the route. Analyze the signal before entering the combat zone.
MAP_ANOMALY_CH14_N13_DIALOGUE_01,The reaction ahead is unlike a normal unit. Combat will begin after the signal is assessed.
MAP_ANOMALY_CH14_N13_DIALOGUE_02,ENM032: [distorted hostile waveform]
MAP_ANOMALY_CH14_N13_DIALOGUE_03,The signal is locked. Closing this window begins combat; no state is committed before victory.
MAP_ANOMALY_CH14_N13_OUTCOME,Victory outcome: threat signal stabilized · no recruitment/reward
MAP_ANOMALY_CH14_N13_TITLE,Anomalous Threat Signal: ENM032
MAP_ANOMALY_CH15_H03_BODY,An anomalous reaction is blocking the route. Analyze the signal before entering the combat zone.
MAP_ANOMALY_CH15_H03_DIALOGUE_01,The reaction ahead is unlike a normal unit. Combat will begin after the signal is assessed.
MAP_ANOMALY_CH15_H03_DIALOGUE_02,ENM036: [distorted hostile waveform]
MAP_ANOMALY_CH15_H03_DIALOGUE_03,The signal is locked. Closing this window begins combat; no state is committed before victory.
MAP_ANOMALY_CH15_H03_OUTCOME,Victory outcome: threat signal stabilized · no recruitment/reward
MAP_ANOMALY_CH15_H03_TITLE,Anomalous Threat Signal: ENM036
MAP_ANOMALY_CH15_N06_BODY,An anomalous reaction is blocking the route. Analyze the signal before entering the combat zone.
MAP_ANOMALY_CH15_N06_DIALOGUE_01,The reaction ahead is unlike a normal unit. Combat will begin after the signal is assessed.
MAP_ANOMALY_CH15_N06_DIALOGUE_02,ENM034: [distorted hostile waveform]
MAP_ANOMALY_CH15_N06_DIALOGUE_03,The signal is locked. Closing this window begins combat; no state is committed before victory.
MAP_ANOMALY_CH15_N06_OUTCOME,Victory outcome: threat signal stabilized · no recruitment/reward
MAP_ANOMALY_CH15_N06_TITLE,Anomalous Threat Signal: ENM034
MAP_ANOMALY_CH15_N13_BODY,An anomalous reaction is blocking the route. Analyze the signal before entering the combat zone.
MAP_ANOMALY_CH15_N13_DIALOGUE_01,The reaction ahead is unlike a normal unit. Combat will begin after the signal is assessed.
MAP_ANOMALY_CH15_N13_DIALOGUE_02,ENM035: [distorted hostile waveform]
MAP_ANOMALY_CH15_N13_DIALOGUE_03,The signal is locked. Closing this window begins combat; no state is committed before victory.
MAP_ANOMALY_CH15_N13_OUTCOME,Victory outcome: threat signal stabilized · no recruitment/reward
MAP_ANOMALY_CH15_N13_TITLE,Anomalous Threat Signal: ENM035
MAP_ANOMALY_CH16_H03_BODY,An anomalous reaction is blocking the route. Analyze the signal before entering the combat zone.
MAP_ANOMALY_CH16_H03_DIALOGUE_01,The reaction ahead is unlike a normal unit. Combat will begin after the signal is assessed.
MAP_ANOMALY_CH16_H03_DIALOGUE_02,ENM036: [distorted hostile waveform]
MAP_ANOMALY_CH16_H03_DIALOGUE_03,The signal is locked. Closing this window begins combat; no state is committed before victory.
MAP_ANOMALY_CH16_H03_OUTCOME,Victory outcome: threat signal stabilized · no recruitment/reward
MAP_ANOMALY_CH16_H03_TITLE,Anomalous Threat Signal: ENM036
MAP_ANOMALY_CH16_N06_BODY,An anomalous reaction is blocking the route. Analyze the signal before entering the combat zone.
MAP_ANOMALY_CH16_N06_DIALOGUE_01,The reaction ahead is unlike a normal unit. Combat will begin after the signal is assessed.
MAP_ANOMALY_CH16_N06_DIALOGUE_02,ENM034: [distorted hostile waveform]
MAP_ANOMALY_CH16_N06_DIALOGUE_03,The signal is locked. Closing this window begins combat; no state is committed before victory.
MAP_ANOMALY_CH16_N06_OUTCOME,Victory outcome: threat signal stabilized · no recruitment/reward
MAP_ANOMALY_CH16_N06_TITLE,Anomalous Threat Signal: ENM034
MAP_ANOMALY_CH16_N13_BODY,An anomalous reaction is blocking the route. Analyze the signal before entering the combat zone.
MAP_ANOMALY_CH16_N13_DIALOGUE_01,The reaction ahead is unlike a normal unit. Combat will begin after the signal is assessed.
MAP_ANOMALY_CH16_N13_DIALOGUE_02,ENM035: [distorted hostile waveform]
MAP_ANOMALY_CH16_N13_DIALOGUE_03,The signal is locked. Closing this window begins combat; no state is committed before victory.
MAP_ANOMALY_CH16_N13_OUTCOME,Victory outcome: threat signal stabilized · no recruitment/reward
MAP_ANOMALY_CH16_N13_TITLE,Anomalous Threat Signal: ENM035
MAP_ANOMALY_CH17_H03_BODY,An anomalous reaction is blocking the route. Analyze the signal before entering the combat zone.
MAP_ANOMALY_CH17_H03_DIALOGUE_01,The reaction ahead is unlike a normal unit. Combat will begin after the signal is assessed.
MAP_ANOMALY_CH17_H03_DIALOGUE_02,ENM039: [distorted hostile waveform]
MAP_ANOMALY_CH17_H03_DIALOGUE_03,The signal is locked. Closing this window begins combat; no state is committed before victory.
MAP_ANOMALY_CH17_H03_OUTCOME,Victory outcome: threat signal stabilized · no recruitment/reward
MAP_ANOMALY_CH17_H03_TITLE,Anomalous Threat Signal: ENM039
MAP_ANOMALY_CH17_N06_BODY,An anomalous reaction is blocking the route. Analyze the signal before entering the combat zone.
MAP_ANOMALY_CH17_N06_DIALOGUE_01,The reaction ahead is unlike a normal unit. Combat will begin after the signal is assessed.
MAP_ANOMALY_CH17_N06_DIALOGUE_02,ENM037: [distorted hostile waveform]
MAP_ANOMALY_CH17_N06_DIALOGUE_03,The signal is locked. Closing this window begins combat; no state is committed before victory.
MAP_ANOMALY_CH17_N06_OUTCOME,Victory outcome: threat signal stabilized · no recruitment/reward
MAP_ANOMALY_CH17_N06_TITLE,Anomalous Threat Signal: ENM037
MAP_ANOMALY_CH17_N13_BODY,An anomalous reaction is blocking the route. Analyze the signal before entering the combat zone.
MAP_ANOMALY_CH17_N13_DIALOGUE_01,The reaction ahead is unlike a normal unit. Combat will begin after the signal is assessed.
MAP_ANOMALY_CH17_N13_DIALOGUE_02,ENM038: [distorted hostile waveform]
MAP_ANOMALY_CH17_N13_DIALOGUE_03,The signal is locked. Closing this window begins combat; no state is committed before victory.
MAP_ANOMALY_CH17_N13_OUTCOME,Victory outcome: threat signal stabilized · no recruitment/reward
MAP_ANOMALY_CH17_N13_TITLE,Anomalous Threat Signal: ENM038
MAP_ANOMALY_CH18_H03_BODY,An anomalous reaction is blocking the route. Analyze the signal before entering the combat zone.
MAP_ANOMALY_CH18_H03_DIALOGUE_01,The reaction ahead is unlike a normal unit. Combat will begin after the signal is assessed.
MAP_ANOMALY_CH18_H03_DIALOGUE_02,ENM039: [distorted hostile waveform]
MAP_ANOMALY_CH18_H03_DIALOGUE_03,The signal is locked. Closing this window begins combat; no state is committed before victory.
MAP_ANOMALY_CH18_H03_OUTCOME,Victory outcome: threat signal stabilized · no recruitment/reward
MAP_ANOMALY_CH18_H03_TITLE,Anomalous Threat Signal: ENM039
MAP_ANOMALY_CH18_N06_BODY,An anomalous reaction is blocking the route. Analyze the signal before entering the combat zone.
MAP_ANOMALY_CH18_N06_DIALOGUE_01,The reaction ahead is unlike a normal unit. Combat will begin after the signal is assessed.
MAP_ANOMALY_CH18_N06_DIALOGUE_02,ENM037: [distorted hostile waveform]
MAP_ANOMALY_CH18_N06_DIALOGUE_03,The signal is locked. Closing this window begins combat; no state is committed before victory.
MAP_ANOMALY_CH18_N06_OUTCOME,Victory outcome: threat signal stabilized · no recruitment/reward
MAP_ANOMALY_CH18_N06_TITLE,Anomalous Threat Signal: ENM037
MAP_ANOMALY_CH18_N13_BODY,An anomalous reaction is blocking the route. Analyze the signal before entering the combat zone.
MAP_ANOMALY_CH18_N13_DIALOGUE_01,The reaction ahead is unlike a normal unit. Combat will begin after the signal is assessed.
MAP_ANOMALY_CH18_N13_DIALOGUE_02,ENM038: [distorted hostile waveform]
MAP_ANOMALY_CH18_N13_DIALOGUE_03,The signal is locked. Closing this window begins combat; no state is committed before victory.
MAP_ANOMALY_CH18_N13_OUTCOME,Victory outcome: threat signal stabilized · no recruitment/reward
MAP_ANOMALY_CH18_N13_TITLE,Anomalous Threat Signal: ENM038
MAP_ANOMALY_CH19_H03_BODY,An anomalous reaction is blocking the route. Analyze the signal before entering the combat zone.
MAP_ANOMALY_CH19_H03_DIALOGUE_01,The reaction ahead is unlike a normal unit. Combat will begin after the signal is assessed.
MAP_ANOMALY_CH19_H03_DIALOGUE_02,ENM042: [distorted hostile waveform]
MAP_ANOMALY_CH19_H03_DIALOGUE_03,The signal is locked. Closing this window begins combat; no state is committed before victory.
MAP_ANOMALY_CH19_H03_OUTCOME,Victory outcome: threat signal stabilized · no recruitment/reward
MAP_ANOMALY_CH19_H03_TITLE,Anomalous Threat Signal: ENM042
MAP_ANOMALY_CH19_N06_BODY,An anomalous reaction is blocking the route. Analyze the signal before entering the combat zone.
MAP_ANOMALY_CH19_N06_DIALOGUE_01,The reaction ahead is unlike a normal unit. Combat will begin after the signal is assessed.
MAP_ANOMALY_CH19_N06_DIALOGUE_02,ENM040: [distorted hostile waveform]
MAP_ANOMALY_CH19_N06_DIALOGUE_03,The signal is locked. Closing this window begins combat; no state is committed before victory.
MAP_ANOMALY_CH19_N06_OUTCOME,Victory outcome: threat signal stabilized · no recruitment/reward
MAP_ANOMALY_CH19_N06_TITLE,Anomalous Threat Signal: ENM040
MAP_ANOMALY_CH19_N13_BODY,An anomalous reaction is blocking the route. Analyze the signal before entering the combat zone.
MAP_ANOMALY_CH19_N13_DIALOGUE_01,The reaction ahead is unlike a normal unit. Combat will begin after the signal is assessed.
MAP_ANOMALY_CH19_N13_DIALOGUE_02,ENM041: [distorted hostile waveform]
MAP_ANOMALY_CH19_N13_DIALOGUE_03,The signal is locked. Closing this window begins combat; no state is committed before victory.
MAP_ANOMALY_CH19_N13_OUTCOME,Victory outcome: threat signal stabilized · no recruitment/reward
MAP_ANOMALY_CH19_N13_TITLE,Anomalous Threat Signal: ENM041
MAP_ANOMALY_CH20_H03_BODY,An anomalous reaction is blocking the route. Analyze the signal before entering the combat zone.
MAP_ANOMALY_CH20_H03_DIALOGUE_01,The reaction ahead is unlike a normal unit. Combat will begin after the signal is assessed.
MAP_ANOMALY_CH20_H03_DIALOGUE_02,ENM042: [distorted hostile waveform]
MAP_ANOMALY_CH20_H03_DIALOGUE_03,The signal is locked. Closing this window begins combat; no state is committed before victory.
MAP_ANOMALY_CH20_H03_OUTCOME,Victory outcome: threat signal stabilized · no recruitment/reward
MAP_ANOMALY_CH20_H03_TITLE,Anomalous Threat Signal: ENM042
MAP_ANOMALY_CH20_N06_BODY,An anomalous reaction is blocking the route. Analyze the signal before entering the combat zone.
MAP_ANOMALY_CH20_N06_DIALOGUE_01,The reaction ahead is unlike a normal unit. Combat will begin after the signal is assessed.
MAP_ANOMALY_CH20_N06_DIALOGUE_02,ENM040: [distorted hostile waveform]
MAP_ANOMALY_CH20_N06_DIALOGUE_03,The signal is locked. Closing this window begins combat; no state is committed before victory.
MAP_ANOMALY_CH20_N06_OUTCOME,Victory outcome: threat signal stabilized · no recruitment/reward
MAP_ANOMALY_CH20_N06_TITLE,Anomalous Threat Signal: ENM040
MAP_ANOMALY_CH20_N13_BODY,An anomalous reaction is blocking the route. Analyze the signal before entering the combat zone.
MAP_ANOMALY_CH20_N13_DIALOGUE_01,The reaction ahead is unlike a normal unit. Combat will begin after the signal is assessed.
MAP_ANOMALY_CH20_N13_DIALOGUE_02,ENM041: [distorted hostile waveform]
MAP_ANOMALY_CH20_N13_DIALOGUE_03,The signal is locked. Closing this window begins combat; no state is committed before victory.
MAP_ANOMALY_CH20_N13_OUTCOME,Victory outcome: threat signal stabilized · no recruitment/reward
MAP_ANOMALY_CH20_N13_TITLE,Anomalous Threat Signal: ENM041
MAP_BOSS_CH01_H03_SUBTITLE,Unique boss signal · final route defense
MAP_BOSS_CH01_H03_TITLE,White Dawn Watchline
MAP_BOSS_CH01_H05_SUBTITLE,Unique boss signal · final route defense
MAP_BOSS_CH01_H05_TITLE,The Severed Lantern · Depths
MAP_BOSS_CH01_H10_SUBTITLE,Unique boss signal · final route defense
MAP_BOSS_CH01_H10_TITLE,Midnight Resonance Line
MAP_BOSS_CH01_N20_SUBTITLE,Unique boss signal · final route defense
MAP_BOSS_CH01_N20_TITLE,The Severed Lantern
MAP_BOSS_CH02_H05_SUBTITLE,Return Chamber Depths · Vacant-Seat Formation Directive
MAP_BOSS_CH02_H05_TITLE,Return Formation Core Shutdown
MAP_BOSS_CH02_H10_SUBTITLE,Unique boss signal · final route defense
MAP_BOSS_CH02_H10_TITLE,Return Formation Depths
MAP_BOSS_CH02_N10_SUBTITLE,Return Line Junction · Reverse Procedure Gatekeeper
MAP_BOSS_CH02_N10_TITLE,Central Reverse Gate
MAP_BOSS_CH02_N20_SUBTITLE,Unique boss signal · final route defense
MAP_BOSS_CH02_N20_TITLE,The Returning Terminus
MAP_BOSS_CH03_H05_SUBTITLE,Unique boss signal · final route defense
MAP_BOSS_CH03_H05_TITLE,Night Train Across Glass · Depths
MAP_BOSS_CH03_N20_SUBTITLE,Unique boss signal · final route defense
MAP_BOSS_CH03_N20_TITLE,Night Train Across Glass
MAP_BOSS_CH04_H05_SUBTITLE,Unique boss signal · final route defense
MAP_BOSS_CH04_H05_TITLE,The Drowned Signal Yard · Depths
MAP_BOSS_CH04_N20_SUBTITLE,Unique boss signal · final route defense
MAP_BOSS_CH04_N20_TITLE,The Drowned Signal Yard
MAP_BOSS_CH05_H05_SUBTITLE,Unique boss signal · final route defense
MAP_BOSS_CH05_H05_TITLE,The Ashen City Blockade · Depths
MAP_BOSS_CH05_N20_SUBTITLE,Unique boss signal · final route defense
MAP_BOSS_CH05_N20_TITLE,The Ashen City Blockade
MAP_BOSS_CH06_H05_SUBTITLE,Unique boss signal · final route defense
MAP_BOSS_CH06_H05_TITLE,Thunder on Skybridge · Depths
MAP_BOSS_CH06_N20_SUBTITLE,Unique boss signal · final route defense
MAP_BOSS_CH06_N20_TITLE,Thunder on Skybridge
MAP_BOSS_CH07_H05_SUBTITLE,Unique boss signal · final route defense
MAP_BOSS_CH07_H05_TITLE,Broadcast Beneath Snow · Depths
MAP_BOSS_CH07_N20_SUBTITLE,Unique boss signal · final route defense
MAP_BOSS_CH07_N20_TITLE,Broadcast Beneath Snow
MAP_BOSS_CH08_H05_SUBTITLE,Unique boss signal · final route defense
MAP_BOSS_CH08_H05_TITLE,The Crimson Quarry Orbit · Depths
MAP_BOSS_CH08_N20_SUBTITLE,Unique boss signal · final route defense
MAP_BOSS_CH08_N20_TITLE,The Crimson Quarry Orbit
MAP_BOSS_CH09_H05_SUBTITLE,Unique boss signal · final route defense
MAP_BOSS_CH09_H05_TITLE,The Sleeping Directorate · Depths
MAP_BOSS_CH09_N20_SUBTITLE,Unique boss signal · final route defense
MAP_BOSS_CH09_N20_TITLE,The Sleeping Directorate
MAP_BOSS_CH10_H05_SUBTITLE,Unique boss signal · final route defense
MAP_BOSS_CH10_H05_TITLE,Twin-Moon Junction · Depths
MAP_BOSS_CH10_N20_SUBTITLE,Unique boss signal · final route defense
MAP_BOSS_CH10_N20_TITLE,Twin-Moon Junction
MAP_BOSS_CH11_H05_SUBTITLE,Unique boss signal · final route defense
MAP_BOSS_CH11_H05_TITLE,The Black-Tide Breakwater · Depths
MAP_BOSS_CH11_N20_SUBTITLE,Unique boss signal · final route defense
MAP_BOSS_CH11_N20_TITLE,The Black-Tide Breakwater
MAP_BOSS_CH12_H05_SUBTITLE,Unique boss signal · final route defense
MAP_BOSS_CH12_H05_TITLE,Key of the Nameless Cathedral · Depths
MAP_BOSS_CH12_N20_SUBTITLE,Unique boss signal · final route defense
MAP_BOSS_CH12_N20_TITLE,Key of the Nameless Cathedral
MAP_BOSS_CH13_H05_SUBTITLE,Unique boss signal · final route defense
MAP_BOSS_CH13_H05_TITLE,Ghost Timetable of the Desert · Depths
MAP_BOSS_CH13_N20_SUBTITLE,Unique boss signal · final route defense
MAP_BOSS_CH13_N20_TITLE,Ghost Timetable of the Desert
MAP_BOSS_CH14_H05_SUBTITLE,Unique boss signal · final route defense
MAP_BOSS_CH14_H05_TITLE,The Inverted Capital Ring · Depths
MAP_BOSS_CH14_N20_SUBTITLE,Unique boss signal · final route defense
MAP_BOSS_CH14_N20_TITLE,The Inverted Capital Ring
MAP_BOSS_CH15_H05_SUBTITLE,Unique boss signal · final route defense
MAP_BOSS_CH15_H05_TITLE,Garden of the Zero Signal · Depths
MAP_BOSS_CH15_N20_SUBTITLE,Unique boss signal · final route defense
MAP_BOSS_CH15_N20_TITLE,Garden of the Zero Signal
MAP_BOSS_CH16_H05_SUBTITLE,Unique boss signal · final route defense
MAP_BOSS_CH16_H05_TITLE,War of the Rail Crown · Depths
MAP_BOSS_CH16_N20_SUBTITLE,Unique boss signal · final route defense
MAP_BOSS_CH16_N20_TITLE,War of the Rail Crown
MAP_BOSS_CH17_H05_SUBTITLE,Unique boss signal · final route defense
MAP_BOSS_CH17_H05_TITLE,Archive of Afterglow · Depths
MAP_BOSS_CH17_N20_SUBTITLE,Unique boss signal · final route defense
MAP_BOSS_CH17_N20_TITLE,Archive of Afterglow
MAP_BOSS_CH18_H05_SUBTITLE,Unique boss signal · final route defense
MAP_BOSS_CH18_H05_TITLE,Eve of the Last Line · Depths
MAP_BOSS_CH18_N20_SUBTITLE,Unique boss signal · final route defense
MAP_BOSS_CH18_N20_TITLE,Eve of the Last Line
MAP_BOSS_CH19_H05_SUBTITLE,Unique boss signal · final route defense
MAP_BOSS_CH19_H05_TITLE,The Unfading Circuit · Depths
MAP_BOSS_CH19_N20_SUBTITLE,Unique boss signal · final route defense
MAP_BOSS_CH19_N20_TITLE,The Unfading Circuit
MAP_BOSS_CH20_H05_SUBTITLE,Unique boss signal · final route defense
MAP_BOSS_CH20_H05_TITLE,The Last Lantern · Depths
MAP_BOSS_CH20_N20_SUBTITLE,Unique boss signal · final route defense
MAP_BOSS_CH20_N20_TITLE,The Last Lantern
MAP_BOSS_CONTACT_CAPTION,Threat Signal · Anomalous Entity Detected
MAP_BOSS_N10_EVENT_TITLE,Deep Signal Interdiction
MAP_BOSS_N10_SUBTITLE,Relay Depths · Access-Control Entity
MAP_BOSS_UNKNOWN_NAME,Unidentified Threat
MAP_BOSS_UNKNOWN_SUBTITLE,Signal Scan In Progress
MAP_CONTACT_CH01_N08_BODY,Rescue coordinates overlap inside a distorted return signal. Complete the contact to verify who answers it.
MAP_CONTACT_CH01_N08_DIALOGUE_01,An unidentified signal is inside the combat zone. Confirm the responder before entering.
MAP_CONTACT_CH01_N08_DIALOGUE_02,This is Vera. Hostiles have pinned the signal; clear a path and we will join you.
MAP_CONTACT_CH01_N08_DIALOGUE_03,Recruitment and rewards will be confirmed only after victory. Prepare the formation and initiate contact.
MAP_CONTACT_CH01_N08_OUTCOME,Joins after operation victories · Vera 1 battle(s)
MAP_CONTACT_CH01_N08_TITLE,Special Signal: Vera
MAP_CONTACT_CH02_N19_BODY,Rescue coordinates overlap inside a distorted return signal. Complete the contact to verify who answers it.
MAP_CONTACT_CH02_N19_DIALOGUE_01,An unidentified signal is inside the combat zone. Confirm the responder before entering.
MAP_CONTACT_CH02_N19_DIALOGUE_02,This is Iri. Hostiles have pinned the signal; clear a path and we will join you.
MAP_CONTACT_CH02_N19_DIALOGUE_03,Recruitment and rewards will be confirmed only after victory. Prepare the formation and initiate contact.
MAP_CONTACT_CH02_N19_OUTCOME,Joins after operation victories · Iri 1 battle(s)
MAP_CONTACT_CH02_N19_TITLE,Special Signal: Iri
MAP_CONTACT_CH03_N10_BODY,Rescue coordinates overlap inside a distorted return signal. Complete the contact to verify who answers it.
MAP_CONTACT_CH03_N10_DIALOGUE_01,An unidentified signal is inside the combat zone. Confirm the responder before entering.
MAP_CONTACT_CH03_N10_DIALOGUE_02,This is Toa. Hostiles have pinned the signal; clear a path and we will join you.
MAP_CONTACT_CH03_N10_DIALOGUE_03,Recruitment and rewards will be confirmed only after victory. Prepare the formation and initiate contact.
MAP_CONTACT_CH03_N10_OUTCOME,Joins after operation victories · Toa 1 battle(s)
MAP_CONTACT_CH03_N10_TITLE,Special Signal: Toa
MAP_CONTACT_CH04_N12_BODY,Rescue coordinates overlap inside a distorted return signal. Complete the contact to verify who answers it.
MAP_CONTACT_CH04_N12_DIALOGUE_01,An unidentified signal is inside the combat zone. Confirm the responder before entering.
MAP_CONTACT_CH04_N12_DIALOGUE_02,This is Liv. Hostiles have pinned the signal; clear a path and we will join you.
MAP_CONTACT_CH04_N12_DIALOGUE_03,Recruitment and rewards will be confirmed only after victory. Prepare the formation and initiate contact.
MAP_CONTACT_CH04_N12_OUTCOME,Joins after operation victories · Liv 1 battle(s)
MAP_CONTACT_CH04_N12_TITLE,Special Signal: Liv
MAP_CONTACT_CH05_N09_BODY,Rescue coordinates overlap inside a distorted return signal. Complete the contact to verify who answers it.
MAP_CONTACT_CH05_N09_DIALOGUE_01,An unidentified signal is inside the combat zone. Confirm the responder before entering.
MAP_CONTACT_CH05_N09_DIALOGUE_02,This is Seon. Hostiles have pinned the signal; clear a path and we will join you.
MAP_CONTACT_CH05_N09_DIALOGUE_03,Recruitment and rewards will be confirmed only after victory. Prepare the formation and initiate contact.
MAP_CONTACT_CH05_N09_OUTCOME,Joins after operation victories · Seon 2 battle(s)
MAP_CONTACT_CH05_N09_TITLE,Special Signal: Seon
MAP_CONTACT_CH06_N13_BODY,Rescue coordinates overlap inside a distorted return signal. Complete the contact to verify who answers it.
MAP_CONTACT_CH06_N13_DIALOGUE_01,An unidentified signal is inside the combat zone. Confirm the responder before entering.
MAP_CONTACT_CH06_N13_DIALOGUE_02,This is Adeline. Hostiles have pinned the signal; clear a path and we will join you.
MAP_CONTACT_CH06_N13_DIALOGUE_03,Recruitment and rewards will be confirmed only after victory. Prepare the formation and initiate contact.
MAP_CONTACT_CH06_N13_OUTCOME,Joins after operation victories · Adeline 2 battle(s)
MAP_CONTACT_CH06_N13_TITLE,Special Signal: Adeline
MAP_CONTACT_CH07_N11_BODY,Rescue coordinates overlap inside a distorted return signal. Complete the contact to verify who answers it.
MAP_CONTACT_CH07_N11_DIALOGUE_01,An unidentified signal is inside the combat zone. Confirm the responder before entering.
MAP_CONTACT_CH07_N11_DIALOGUE_02,This is Kir. Hostiles have pinned the signal; clear a path and we will join you.
MAP_CONTACT_CH07_N11_DIALOGUE_03,Recruitment and rewards will be confirmed only after victory. Prepare the formation and initiate contact.
MAP_CONTACT_CH07_N11_OUTCOME,Joins after operation victories · Kir 2 battle(s)
MAP_CONTACT_CH07_N11_TITLE,Special Signal: Kir
MAP_CONTACT_CH08_N14_BODY,Rescue coordinates overlap inside a distorted return signal. Complete the contact to verify who answers it.
MAP_CONTACT_CH08_N14_DIALOGUE_01,An unidentified signal is inside the combat zone. Confirm the responder before entering.
MAP_CONTACT_CH08_N14_DIALOGUE_02,This is Rema. Hostiles have pinned the signal; clear a path and we will join you.
MAP_CONTACT_CH08_N14_DIALOGUE_03,Recruitment and rewards will be confirmed only after victory. Prepare the formation and initiate contact.
MAP_CONTACT_CH08_N14_OUTCOME,Joins after operation victories · Rema 2 battle(s)
MAP_CONTACT_CH08_N14_TITLE,Special Signal: Rema
MAP_CONTACT_CH09_N10_BODY,Rescue coordinates overlap inside a distorted return signal. Complete the contact to verify who answers it.
MAP_CONTACT_CH09_N10_DIALOGUE_01,An unidentified signal is inside the combat zone. Confirm the responder before entering.
MAP_CONTACT_CH09_N10_DIALOGUE_02,This is Veon. Hostiles have pinned the signal; clear a path and we will join you.
MAP_CONTACT_CH09_N10_DIALOGUE_03,Recruitment and rewards will be confirmed only after victory. Prepare the formation and initiate contact.
MAP_CONTACT_CH09_N10_OUTCOME,Joins after operation victories · Veon 2 battle(s)
MAP_CONTACT_CH09_N10_TITLE,Special Signal: Veon
MAP_CONTACT_CH10_N15_BODY,Rescue coordinates overlap inside a distorted return signal. Complete the contact to verify who answers it.
MAP_CONTACT_CH10_N15_DIALOGUE_01,An unidentified signal is inside the combat zone. Confirm the responder before entering.
MAP_CONTACT_CH10_N15_DIALOGUE_02,This is Hart. Hostiles have pinned the signal; clear a path and we will join you.
MAP_CONTACT_CH10_N15_DIALOGUE_03,Recruitment and rewards will be confirmed only after victory. Prepare the formation and initiate contact.
MAP_CONTACT_CH10_N15_OUTCOME,Joins after operation victories · Hart 2 battle(s)
MAP_CONTACT_CH10_N15_TITLE,Special Signal: Hart
MAP_CONTACT_CH11_N11_BODY,Rescue coordinates overlap inside a distorted return signal. Complete the contact to verify who answers it.
MAP_CONTACT_CH11_N11_DIALOGUE_01,An unidentified signal is inside the combat zone. Confirm the responder before entering.
MAP_CONTACT_CH11_N11_DIALOGUE_02,This is Orsa. Hostiles have pinned the signal; clear a path and we will join you.
MAP_CONTACT_CH11_N11_DIALOGUE_03,Recruitment and rewards will be confirmed only after victory. Prepare the formation and initiate contact.
MAP_CONTACT_CH11_N11_OUTCOME,Joins after operation victories · Orsa 2 battle(s)
MAP_CONTACT_CH11_N11_TITLE,Special Signal: Orsa
MAP_CONTACT_CH12_N13_BODY,Rescue coordinates overlap inside a distorted return signal. Complete the contact to verify who answers it.
MAP_CONTACT_CH12_N13_DIALOGUE_01,An unidentified signal is inside the combat zone. Confirm the responder before entering.
MAP_CONTACT_CH12_N13_DIALOGUE_02,This is Tiel. Hostiles have pinned the signal; clear a path and we will join you.
MAP_CONTACT_CH12_N13_DIALOGUE_03,Recruitment and rewards will be confirmed only after victory. Prepare the formation and initiate contact.
MAP_CONTACT_CH12_N13_OUTCOME,Joins after operation victories · Tiel 2 battle(s)
MAP_CONTACT_CH12_N13_TITLE,Special Signal: Tiel
MAP_CONTACT_CH13_N09_BODY,Rescue coordinates overlap inside a distorted return signal. Complete the contact to verify who answers it.
MAP_CONTACT_CH13_N09_DIALOGUE_01,An unidentified signal is inside the combat zone. Confirm the responder before entering.
MAP_CONTACT_CH13_N09_DIALOGUE_02,This is Rias. Hostiles have pinned the signal; clear a path and we will join you.
MAP_CONTACT_CH13_N09_DIALOGUE_03,Recruitment and rewards will be confirmed only after victory. Prepare the formation and initiate contact.
MAP_CONTACT_CH13_N09_OUTCOME,Joins after operation victories · Rias 2 battle(s)
MAP_CONTACT_CH13_N09_TITLE,Special Signal: Rias
MAP_CONTACT_CH14_N14_BODY,Rescue coordinates overlap inside a distorted return signal. Complete the contact to verify who answers it.
MAP_CONTACT_CH14_N14_DIALOGUE_01,An unidentified signal is inside the combat zone. Confirm the responder before entering.
MAP_CONTACT_CH14_N14_DIALOGUE_02,This is Perin. Hostiles have pinned the signal; clear a path and we will join you.
MAP_CONTACT_CH14_N14_DIALOGUE_03,Recruitment and rewards will be confirmed only after victory. Prepare the formation and initiate contact.
MAP_CONTACT_CH14_N14_OUTCOME,Joins after operation victories · Perin 3 battle(s)
MAP_CONTACT_CH14_N14_TITLE,Special Signal: Perin
MAP_CONTACT_CH15_N12_BODY,Rescue coordinates overlap inside a distorted return signal. Complete the contact to verify who answers it.
MAP_CONTACT_CH15_N12_DIALOGUE_01,An unidentified signal is inside the combat zone. Confirm the responder before entering.
MAP_CONTACT_CH15_N12_DIALOGUE_02,This is Karn. Hostiles have pinned the signal; clear a path and we will join you.
MAP_CONTACT_CH15_N12_DIALOGUE_03,Recruitment and rewards will be confirmed only after victory. Prepare the formation and initiate contact.
MAP_CONTACT_CH15_N12_OUTCOME,Joins after operation victories · Karn 3 battle(s)
MAP_CONTACT_CH15_N12_TITLE,Special Signal: Karn
MAP_CONTACT_CH16_N15_BODY,Rescue coordinates overlap inside a distorted return signal. Complete the contact to verify who answers it.
MAP_CONTACT_CH16_N15_DIALOGUE_01,An unidentified signal is inside the combat zone. Confirm the responder before entering.
MAP_CONTACT_CH16_N15_DIALOGUE_02,This is Noar. Hostiles have pinned the signal; clear a path and we will join you.
MAP_CONTACT_CH16_N15_DIALOGUE_03,Recruitment and rewards will be confirmed only after victory. Prepare the formation and initiate contact.
MAP_CONTACT_CH16_N15_OUTCOME,Joins after operation victories · Noar 3 battle(s)
MAP_CONTACT_CH16_N15_TITLE,Special Signal: Noar
MAP_CONTACT_CH17_N10_BODY,Rescue coordinates overlap inside a distorted return signal. Complete the contact to verify who answers it.
MAP_CONTACT_CH17_N10_DIALOGUE_01,An unidentified signal is inside the combat zone. Confirm the responder before entering.
MAP_CONTACT_CH17_N10_DIALOGUE_02,This is Seb. Hostiles have pinned the signal; clear a path and we will join you.
MAP_CONTACT_CH17_N10_DIALOGUE_03,Recruitment and rewards will be confirmed only after victory. Prepare the formation and initiate contact.
MAP_CONTACT_CH17_N10_OUTCOME,Joins after operation victories · Seb 3 battle(s)
MAP_CONTACT_CH17_N10_TITLE,Special Signal: Seb
MAP_CONTACT_CH18_N16_BODY,Rescue coordinates overlap inside a distorted return signal. Complete the contact to verify who answers it.
MAP_CONTACT_CH18_N16_DIALOGUE_01,An unidentified signal is inside the combat zone. Confirm the responder before entering.
MAP_CONTACT_CH18_N16_DIALOGUE_02,This is Yurien. Hostiles have pinned the signal; clear a path and we will join you.
MAP_CONTACT_CH18_N16_DIALOGUE_03,Recruitment and rewards will be confirmed only after victory. Prepare the formation and initiate contact.
MAP_CONTACT_CH18_N16_OUTCOME,Joins after operation victories · Yurien 4 battle(s)
MAP_CONTACT_CH18_N16_TITLE,Special Signal: Yurien
MAP_CONTACT_CH19_N14_BODY,Rescue coordinates overlap inside a distorted return signal. Complete the contact to verify who answers it.
MAP_CONTACT_CH19_N14_DIALOGUE_01,An unidentified signal is inside the combat zone. Confirm the responder before entering.
MAP_CONTACT_CH19_N14_DIALOGUE_02,This is Moen. Hostiles have pinned the signal; clear a path and we will join you.
MAP_CONTACT_CH19_N14_DIALOGUE_03,Recruitment and rewards will be confirmed only after victory. Prepare the formation and initiate contact.
MAP_CONTACT_CH19_N14_OUTCOME,Joins after operation victories · Moen 4 battle(s)
MAP_CONTACT_CH19_N14_TITLE,Special Signal: Moen
MAP_CONTACT_CH20_N17_BODY,Rescue coordinates overlap inside a distorted return signal. Complete the contact to verify who answers it.
MAP_CONTACT_CH20_N17_DIALOGUE_01,An unidentified signal is inside the combat zone. Confirm the responder before entering.
MAP_CONTACT_CH20_N17_DIALOGUE_02,This is Lavent. Hostiles have pinned the signal; clear a path and we will join you.
MAP_CONTACT_CH20_N17_DIALOGUE_03,Recruitment and rewards will be confirmed only after victory. Prepare the formation and initiate contact.
MAP_CONTACT_CH20_N17_OUTCOME,Joins after operation victories · Lavent 5 battle(s)
MAP_CONTACT_CH20_N17_TITLE,Special Signal: Lavent
MAP_EVENT_BROKEN_SWITCH_BODY,The damaged junction device is connected to a short detour.
MAP_EVENT_BROKEN_SWITCH_RESTORE,Restore the signal
MAP_EVENT_BROKEN_SWITCH_SALVAGE,Salvage the parts
MAP_EVENT_BROKEN_SWITCH_TITLE,Severed Junction Switch
MAP_EVENT_COAST_LOG_BODY,Light beneath the waves briefly reveals the next restoration site.
MAP_EVENT_COAST_LOG_LEAVE,Move on
MAP_EVENT_COAST_LOG_SYNC,Synchronize the log
MAP_EVENT_COAST_LOG_TITLE,Coastal Observation Log
MAP_EVENT_COMMAND_NAME,Lamplighter Comms
MAP_EVENT_CONTACT_SIGNAL,Special Signal Contact
MAP_EVENT_CRYSTAL_TRACE_BODY,A faint vibration in the crystal cluster points toward a northern side path.
MAP_EVENT_CRYSTAL_TRACE_INVESTIGATE,Investigate
MAP_EVENT_CRYSTAL_TRACE_PASS,Move on
MAP_EVENT_CRYSTAL_TRACE_TITLE,Trace of Afterglow Crystal
MAP_EVENT_DEFAULT_BODY,A subtle change in the surroundings invites a closer look.
MAP_EVENT_DEFAULT_CHOICE_PRIMARY,Investigate
MAP_EVENT_DEFAULT_CHOICE_SECONDARY,Move on
MAP_EVENT_DEFAULT_TITLE,Exploration Record
MAP_EVENT_DIALOGUE_BATTLE,Begin battle
MAP_EVENT_DIALOGUE_HINT,Tap the panel or choose Next to continue the incident.
MAP_EVENT_DIALOGUE_NEXT,Next
MAP_EVENT_DIALOGUE_SKIP,Skip dialogue
MAP_EVENT_ENEMY_SIGNAL_NAME,Threat Signal
MAP_EVENT_MOVE_TO,Move to the site
MAP_EVENT_RELAY_TOA_BODY,An expedition specialist answers from a broken relay. Finish the encounter to follow the next signal together.
MAP_EVENT_RELAY_TOA_OUTCOME,Victory outcome: signal follow-up; joins formation after NORMAL 9
MAP_EVENT_RELAY_TOA_TITLE,Severed Relay Line: Toa
MAP_EVENT_RESCUE_VERA_BODY,An expedition scout is holding a fractured signal at the route choke point. Reach her to begin the existing encounter.
MAP_EVENT_RESCUE_VERA_OUTCOME,Victory outcome: joins formation immediately
MAP_EVENT_RESCUE_VERA_TITLE,Rescue Signal: Vera
MAP_TREASURE_CH01_HT01_NAME,Anomalous Crystal Cluster
MAP_TREASURE_CH01_HT02_NAME,Collapsed Archway
MAP_TREASURE_CH01_HT03_NAME,Broken Infrastructure End
MAP_TREASURE_CH01_HT04_NAME,Open Coastal Clearing
MAP_TREASURE_CH01_VT01_NAME,Broken Relay Supply Case
MAP_TREASURE_CH01_VT02_NAME,Coastline Supply Case
MAP_TREASURE_CH01_VT03_NAME,Ruined Signal Crate
MAP_TREASURE_CH01_VT04_NAME,Crystal Survey Chest
MAP_TREASURE_CH01_VT05_NAME,Railside Armament Case
MAP_TREASURE_CH01_VT06_NAME,Beacon Signal Vault
MAP_TREASURE_DETAIL_BODY,"%s
Route length: %d
Risk: %s"
MAP_TREASURE_DETAIL_TITLE,Exploration Cache
MAP_TREASURE_MOVE,Move to treasure
RESULT_EVENT_RECRUITED,Companion Joined · %s is now available for formation.
RESULT_EVENT_TRACKING,Signal Follow-up · %s will join after the signal at %s is restored.
RESULT_EVENT_TRACKING_BATTLES,Signal Follow-up · %s joins after %d more new-operation victories
SCENARIO_CH01_INTRO_TITLE,Chapter 1 — Signal on the Dark Line
SCENARIO_CH01_MID_A_TITLE,The Echoing Tunnel
SCENARIO_CH01_MID_B_TITLE,The Erased Destination
SCENARIO_CH01_MID_C_TITLE,The Bell-Tower Relay
SCENARIO_CH01_OUTRO_TITLE,The Next Light
SCENARIO_CH01_PREBOSS_TITLE,Before the Hollow Engine
SCENARIO_CH02_HARD_INTRO_TITLE,The Return Chamber
SCENARIO_CH02_INTRO_TITLE,Chapter 2 — The Returning Terminus
SCENARIO_CH02_MID_A_TITLE,Calling the Vacant Seats
SCENARIO_CH02_MID_B_TITLE,The Reverse-Current Section
SCENARIO_CH02_OUTRO_TITLE,One True Beacon
SCENARIO_CH02_PREBOSS_TITLE,The Central Reverse Gate
SCENARIO_CH03_INTRO_TITLE,Chapter 3 · Night Train Across Glass — Arrival
SCENARIO_CH03_MID_A_TITLE,Chapter 3 · Night Train Across Glass — First Trace
SCENARIO_CH03_MID_B_TITLE,Chapter 3 · Night Train Across Glass — Reversed Record
SCENARIO_CH03_OUTRO_TITLE,Chapter 3 · Night Train Across Glass — The Next Line
SCENARIO_CH03_PREBOSS_TITLE,Chapter 3 · Night Train Across Glass — Final Defense
SCENARIO_CH04_INTRO_TITLE,Chapter 4 · The Drowned Signal Yard — Arrival
SCENARIO_CH04_MID_A_TITLE,Chapter 4 · The Drowned Signal Yard — First Trace
SCENARIO_CH04_MID_B_TITLE,Chapter 4 · The Drowned Signal Yard — Reversed Record
SCENARIO_CH04_OUTRO_TITLE,Chapter 4 · The Drowned Signal Yard — The Next Line
SCENARIO_CH04_PREBOSS_TITLE,Chapter 4 · The Drowned Signal Yard — Final Defense
SCENARIO_CH05_INTRO_TITLE,Chapter 5 · The Ashen City Blockade — Arrival
SCENARIO_CH05_MID_A_TITLE,Chapter 5 · The Ashen City Blockade — First Trace
SCENARIO_CH05_MID_B_TITLE,Chapter 5 · The Ashen City Blockade — Reversed Record
SCENARIO_CH05_OUTRO_TITLE,Chapter 5 · The Ashen City Blockade — The Next Line
SCENARIO_CH05_PREBOSS_TITLE,Chapter 5 · The Ashen City Blockade — Final Defense
SCENARIO_CH06_INTRO_TITLE,Chapter 6 · Thunder on Skybridge — Arrival
SCENARIO_CH06_MID_A_TITLE,Chapter 6 · Thunder on Skybridge — First Trace
SCENARIO_CH06_MID_B_TITLE,Chapter 6 · Thunder on Skybridge — Reversed Record
SCENARIO_CH06_OUTRO_TITLE,Chapter 6 · Thunder on Skybridge — The Next Line
SCENARIO_CH06_PREBOSS_TITLE,Chapter 6 · Thunder on Skybridge — Final Defense
SCENARIO_CH07_INTRO_TITLE,Chapter 7 · Broadcast Beneath Snow — Arrival
SCENARIO_CH07_MID_A_TITLE,Chapter 7 · Broadcast Beneath Snow — First Trace
SCENARIO_CH07_MID_B_TITLE,Chapter 7 · Broadcast Beneath Snow — Reversed Record
SCENARIO_CH07_OUTRO_TITLE,Chapter 7 · Broadcast Beneath Snow — The Next Line
SCENARIO_CH07_PREBOSS_TITLE,Chapter 7 · Broadcast Beneath Snow — Final Defense
SCENARIO_CH08_INTRO_TITLE,Chapter 8 · The Crimson Quarry Orbit — Arrival
SCENARIO_CH08_MID_A_TITLE,Chapter 8 · The Crimson Quarry Orbit — First Trace
SCENARIO_CH08_MID_B_TITLE,Chapter 8 · The Crimson Quarry Orbit — Reversed Record
SCENARIO_CH08_OUTRO_TITLE,Chapter 8 · The Crimson Quarry Orbit — The Next Line
SCENARIO_CH08_PREBOSS_TITLE,Chapter 8 · The Crimson Quarry Orbit — Final Defense
SCENARIO_CH09_INTRO_TITLE,Chapter 9 · The Sleeping Directorate — Arrival
SCENARIO_CH09_MID_A_TITLE,Chapter 9 · The Sleeping Directorate — First Trace
SCENARIO_CH09_MID_B_TITLE,Chapter 9 · The Sleeping Directorate — Reversed Record
SCENARIO_CH09_OUTRO_TITLE,Chapter 9 · The Sleeping Directorate — The Next Line
SCENARIO_CH09_PREBOSS_TITLE,Chapter 9 · The Sleeping Directorate — Final Defense
SCENARIO_CH10_INTRO_TITLE,Chapter 10 · Twin-Moon Junction — Arrival
SCENARIO_CH10_MID_A_TITLE,Chapter 10 · Twin-Moon Junction — First Trace
SCENARIO_CH10_MID_B_TITLE,Chapter 10 · Twin-Moon Junction — Reversed Record
SCENARIO_CH10_OUTRO_TITLE,Chapter 10 · Twin-Moon Junction — The Next Line
SCENARIO_CH10_PREBOSS_TITLE,Chapter 10 · Twin-Moon Junction — Final Defense
SCENARIO_CH11_INTRO_TITLE,Chapter 11 · The Black-Tide Breakwater — Arrival
SCENARIO_CH11_MID_A_TITLE,Chapter 11 · The Black-Tide Breakwater — First Trace
SCENARIO_CH11_MID_B_TITLE,Chapter 11 · The Black-Tide Breakwater — Reversed Record
SCENARIO_CH11_OUTRO_TITLE,Chapter 11 · The Black-Tide Breakwater — The Next Line
SCENARIO_CH11_PREBOSS_TITLE,Chapter 11 · The Black-Tide Breakwater — Final Defense
SCENARIO_CH12_INTRO_TITLE,Chapter 12 · Key of the Nameless Cathedral — Arrival
SCENARIO_CH12_MID_A_TITLE,Chapter 12 · Key of the Nameless Cathedral — First Trace
SCENARIO_CH12_MID_B_TITLE,Chapter 12 · Key of the Nameless Cathedral — Reversed Record
SCENARIO_CH12_OUTRO_TITLE,Chapter 12 · Key of the Nameless Cathedral — The Next Line
SCENARIO_CH12_PREBOSS_TITLE,Chapter 12 · Key of the Nameless Cathedral — Final Defense
SCENARIO_CH13_INTRO_TITLE,Chapter 13 · Ghost Timetable of the Desert — Arrival
SCENARIO_CH13_MID_A_TITLE,Chapter 13 · Ghost Timetable of the Desert — First Trace
SCENARIO_CH13_MID_B_TITLE,Chapter 13 · Ghost Timetable of the Desert — Reversed Record
SCENARIO_CH13_OUTRO_TITLE,Chapter 13 · Ghost Timetable of the Desert — The Next Line
SCENARIO_CH13_PREBOSS_TITLE,Chapter 13 · Ghost Timetable of the Desert — Final Defense
SCENARIO_CH14_INTRO_TITLE,Chapter 14 · The Inverted Capital Ring — Arrival
SCENARIO_CH14_MID_A_TITLE,Chapter 14 · The Inverted Capital Ring — First Trace
SCENARIO_CH14_MID_B_TITLE,Chapter 14 · The Inverted Capital Ring — Reversed Record
SCENARIO_CH14_OUTRO_TITLE,Chapter 14 · The Inverted Capital Ring — The Next Line
SCENARIO_CH14_PREBOSS_TITLE,Chapter 14 · The Inverted Capital Ring — Final Defense
SCENARIO_CH15_INTRO_TITLE,Chapter 15 · Garden of the Zero Signal — Arrival
SCENARIO_CH15_MID_A_TITLE,Chapter 15 · Garden of the Zero Signal — First Trace
SCENARIO_CH15_MID_B_TITLE,Chapter 15 · Garden of the Zero Signal — Reversed Record
SCENARIO_CH15_OUTRO_TITLE,Chapter 15 · Garden of the Zero Signal — The Next Line
SCENARIO_CH15_PREBOSS_TITLE,Chapter 15 · Garden of the Zero Signal — Final Defense
SCENARIO_CH16_INTRO_TITLE,Chapter 16 · War of the Rail Crown — Arrival
SCENARIO_CH16_MID_A_TITLE,Chapter 16 · War of the Rail Crown — First Trace
SCENARIO_CH16_MID_B_TITLE,Chapter 16 · War of the Rail Crown — Reversed Record
SCENARIO_CH16_OUTRO_TITLE,Chapter 16 · War of the Rail Crown — The Next Line
SCENARIO_CH16_PREBOSS_TITLE,Chapter 16 · War of the Rail Crown — Final Defense
SCENARIO_CH17_INTRO_TITLE,Chapter 17 · Archive of Afterglow — Arrival
SCENARIO_CH17_MID_A_TITLE,Chapter 17 · Archive of Afterglow — First Trace
SCENARIO_CH17_MID_B_TITLE,Chapter 17 · Archive of Afterglow — Reversed Record
SCENARIO_CH17_OUTRO_TITLE,Chapter 17 · Archive of Afterglow — The Next Line
SCENARIO_CH17_PREBOSS_TITLE,Chapter 17 · Archive of Afterglow — Final Defense
SCENARIO_CH18_INTRO_TITLE,Chapter 18 · Eve of the Last Line — Arrival
SCENARIO_CH18_MID_A_TITLE,Chapter 18 · Eve of the Last Line — First Trace
SCENARIO_CH18_MID_B_TITLE,Chapter 18 · Eve of the Last Line — Reversed Record
SCENARIO_CH18_OUTRO_TITLE,Chapter 18 · Eve of the Last Line — The Next Line
SCENARIO_CH18_PREBOSS_TITLE,Chapter 18 · Eve of the Last Line — Final Defense
SCENARIO_CH19_INTRO_TITLE,Chapter 19 · The Unfading Circuit — Arrival
SCENARIO_CH19_MID_A_TITLE,Chapter 19 · The Unfading Circuit — First Trace
SCENARIO_CH19_MID_B_TITLE,Chapter 19 · The Unfading Circuit — Reversed Record
SCENARIO_CH19_OUTRO_TITLE,Chapter 19 · The Unfading Circuit — The Next Line
SCENARIO_CH19_PREBOSS_TITLE,Chapter 19 · The Unfading Circuit — Final Defense
SCENARIO_CH20_INTRO_TITLE,Chapter 20 · The Last Lantern — Arrival
SCENARIO_CH20_MID_A_TITLE,Chapter 20 · The Last Lantern — First Trace
SCENARIO_CH20_MID_B_TITLE,Chapter 20 · The Last Lantern — Reversed Record
SCENARIO_CH20_OUTRO_TITLE,Chapter 20 · The Last Lantern — The Next Line
SCENARIO_CH20_PREBOSS_TITLE,Chapter 20 · The Last Lantern — Final Defense
SCENARIO_PROLOGUE_TITLE,Prologue — The Broken Light
SCENARIO_REL_IRI_TITLE,The Broken Announcement
SCENARIO_REL_MAERU_TITLE,The Empty Seatbelt
SKILL_ADELINE_NORMAL,Adeline Normal Skill
SKILL_ADELINE_PASSIVE,Adeline Passive Skill
SKILL_ADELINE_ULTIMATE,Adeline Ultimate Skill
SKILL_ARINT_NORMAL,Arint Normal Skill
SKILL_ARINT_PASSIVE,Arint Passive Skill
SKILL_ARINT_ULTIMATE,Arint Ultimate Skill
SKILL_BAEL_NORMAL,Bael Normal Skill
SKILL_BAEL_PASSIVE,Bael Passive Skill
SKILL_BAEL_ULTIMATE,Bael Ultimate Skill
SKILL_CIEL_NORMAL,Ciel Normal Skill
SKILL_CIEL_PASSIVE,Ciel Passive Skill
SKILL_CIEL_ULTIMATE,Ciel Ultimate Skill
SKILL_DAEL_NORMAL,Dael Normal Skill
SKILL_DAEL_PASSIVE,Dael Passive Skill
SKILL_DAEL_ULTIMATE,Dael Ultimate Skill
SKILL_DRAN_NORMAL,Dran Normal Skill
SKILL_DRAN_PASSIVE,Dran Passive Skill
SKILL_DRAN_ULTIMATE,Dran Ultimate Skill
SKILL_EDA_NORMAL,Eda Normal Skill
SKILL_EDA_PASSIVE,Eda Passive Skill
SKILL_EDA_ULTIMATE,Eda Ultimate Skill
SKILL_HART_NORMAL,Hart Normal Skill
SKILL_HART_PASSIVE,Hart Passive Skill
SKILL_HART_ULTIMATE,Hart Ultimate Skill
SKILL_HERAON_NORMAL,Heraon Normal Skill
SKILL_HERAON_PASSIVE,Heraon Passive Skill
SKILL_HERAON_ULTIMATE,Heraon Ultimate Skill
SKILL_INOA_NORMAL,Inoa Normal Skill
SKILL_INOA_PASSIVE,Inoa Passive Skill
SKILL_INOA_ULTIMATE,Inoa Ultimate Skill
SKILL_IRI_NORMAL,Iri Normal Skill
SKILL_IRI_PASSIVE,Iri Passive Skill
SKILL_IRI_ULTIMATE,Iri Ultimate Skill
SKILL_KAIREN_NORMAL,Kairen Normal Skill
SKILL_KAIREN_PASSIVE,Kairen Passive Skill
SKILL_KAIREN_ULTIMATE,Kairen Ultimate Skill
SKILL_KARN_NORMAL,Karn Normal Skill
SKILL_KARN_PASSIVE,Karn Passive Skill
SKILL_KARN_ULTIMATE,Karn Ultimate Skill
SKILL_KIAN_NORMAL,Kian Normal Skill
SKILL_KIAN_PASSIVE,Kian Passive Skill
SKILL_KIAN_ULTIMATE,Kian Ultimate Skill
SKILL_KIR_NORMAL,Kir Normal Skill
SKILL_KIR_PASSIVE,Kir Passive Skill
SKILL_KIR_ULTIMATE,Kir Ultimate Skill
SKILL_LAVENT_NORMAL,Lavent Normal Skill
SKILL_LAVENT_PASSIVE,Lavent Passive Skill
SKILL_LAVENT_ULTIMATE,Lavent Ultimate Skill
SKILL_LIV_NORMAL,Liv Normal Skill
SKILL_LIV_PASSIVE,Liv Passive Skill
SKILL_LIV_ULTIMATE,Liv Ultimate Skill
SKILL_MAERU_NORMAL,Maeru Normal Skill
SKILL_MAERU_PASSIVE,Maeru Passive Skill
SKILL_MAERU_ULTIMATE,Maeru Ultimate Skill
SKILL_MERIN_NORMAL,Merin Normal Skill
SKILL_MERIN_PASSIVE,Merin Passive Skill
SKILL_MERIN_ULTIMATE,Merin Ultimate Skill
SKILL_MIRE_NORMAL,Mire Normal Skill
SKILL_MIRE_PASSIVE,Mire Passive Skill
SKILL_MIRE_ULTIMATE,Mire Ultimate Skill
SKILL_MOEN_NORMAL,Moen Normal Skill
SKILL_MOEN_PASSIVE,Moen Passive Skill
SKILL_MOEN_ULTIMATE,Moen Ultimate Skill
SKILL_NARIN_NORMAL,Narin Normal Skill
SKILL_NARIN_PASSIVE,Narin Passive Skill
SKILL_NARIN_ULTIMATE,Narin Ultimate Skill
SKILL_NOAR_NORMAL,Noar Normal Skill
SKILL_NOAR_PASSIVE,Noar Passive Skill
SKILL_NOAR_ULTIMATE,Noar Ultimate Skill
SKILL_ORBIN_NORMAL,Orbin Normal Skill
SKILL_ORBIN_PASSIVE,Orbin Passive Skill
SKILL_ORBIN_ULTIMATE,Orbin Ultimate Skill
SKILL_ORSA_NORMAL,Orsa Normal Skill
SKILL_ORSA_PASSIVE,Orsa Passive Skill
SKILL_ORSA_ULTIMATE,Orsa Ultimate Skill
SKILL_PERIN_NORMAL,Perin Normal Skill
SKILL_PERIN_PASSIVE,Perin Passive Skill
SKILL_PERIN_ULTIMATE,Perin Ultimate Skill
SKILL_RAEN_NORMAL,Raen Normal Skill
SKILL_RAEN_PASSIVE,Raen Passive Skill
SKILL_RAEN_ULTIMATE,Raen Ultimate Skill
SKILL_REMA_NORMAL,Rema Normal Skill
SKILL_REMA_PASSIVE,Rema Passive Skill
SKILL_REMA_ULTIMATE,Rema Ultimate Skill
SKILL_RIAS_NORMAL,Rias Normal Skill
SKILL_RIAS_PASSIVE,Rias Passive Skill
SKILL_RIAS_ULTIMATE,Rias Ultimate Skill
SKILL_ROAN_NORMAL,Roan Normal Skill
SKILL_ROAN_PASSIVE,Roan Passive Skill
SKILL_ROAN_ULTIMATE,Roan Ultimate Skill
SKILL_ROME_NORMAL,Rome Normal Skill
SKILL_ROME_PASSIVE,Rome Passive Skill
SKILL_ROME_ULTIMATE,Rome Ultimate Skill
SKILL_SEB_NORMAL,Seb Normal Skill
SKILL_SEB_PASSIVE,Seb Passive Skill
SKILL_SEB_ULTIMATE,Seb Ultimate Skill
SKILL_SEON_NORMAL,Seon Normal Skill
SKILL_SEON_PASSIVE,Seon Passive Skill
SKILL_SEON_ULTIMATE,Seon Ultimate Skill
SKILL_SOA_NORMAL,Soa Normal Skill
SKILL_SOA_PASSIVE,Soa Passive Skill
SKILL_SOA_ULTIMATE,Soa Ultimate Skill
SKILL_SOREN_NORMAL,Soren Normal Skill
SKILL_SOREN_PASSIVE,Soren Passive Skill
SKILL_SOREN_ULTIMATE,Soren Ultimate Skill
SKILL_TERAN_NORMAL,Teran Normal Skill
SKILL_TERAN_PASSIVE,Teran Passive Skill
SKILL_TERAN_ULTIMATE,Teran Ultimate Skill
SKILL_TIEL_NORMAL,Tiel Normal Skill
SKILL_TIEL_PASSIVE,Tiel Passive Skill
SKILL_TIEL_ULTIMATE,Tiel Ultimate Skill
SKILL_TOA_NORMAL,Toa Normal Skill
SKILL_TOA_PASSIVE,Toa Passive Skill
SKILL_TOA_ULTIMATE,Toa Ultimate Skill
SKILL_VELK_NORMAL,Velk Normal Skill
SKILL_VELK_PASSIVE,Velk Passive Skill
SKILL_VELK_ULTIMATE,Velk Ultimate Skill
SKILL_VEON_NORMAL,Veon Normal Skill
SKILL_VEON_PASSIVE,Veon Passive Skill
SKILL_VEON_ULTIMATE,Veon Ultimate Skill
SKILL_VERA_NORMAL,Vera Normal Skill
SKILL_VERA_PASSIVE,Vera Passive Skill
SKILL_VERA_ULTIMATE,Vera Ultimate Skill
SKILL_YUNAK_NORMAL,Yunak Normal Skill
SKILL_YUNAK_PASSIVE,Yunak Passive Skill
SKILL_YUNAK_ULTIMATE,Yunak Ultimate Skill
SKILL_YURIEN_NORMAL,Yurien Normal Skill
SKILL_YURIEN_PASSIVE,Yurien Passive Skill
SKILL_YURIEN_ULTIMATE,Yurien Ultimate Skill
SKILL_ZERN_NORMAL,Zern Normal Skill
SKILL_ZERN_PASSIVE,Zern Passive Skill
SKILL_ZERN_ULTIMATE,Zern Ultimate Skill
SPEAKER_IRI,Iri
SPEAKER_MAERU,Maeru
SPEAKER_NARIN,Narin
SPEAKER_ROAN,Roan
SPEAKER_ROUTEKEEPER,Routekeeper
SPEAKER_SOREN,Soren
STAGE_CH01_H01,Chapter 1 HARD 1
STAGE_CH01_H02,Chapter 1 HARD 2
STAGE_CH01_H03,Chapter 1 HARD 3
STAGE_CH01_H04,Chapter 1 HARD 4
STAGE_CH01_H05,Chapter 1 HARD 5
STAGE_CH01_N01,Chapter 1 NORMAL 1
STAGE_CH01_N02,Chapter 1 NORMAL 2
STAGE_CH01_N03,Chapter 1 NORMAL 3
STAGE_CH01_N04,Chapter 1 NORMAL 4
STAGE_CH01_N05,Chapter 1 NORMAL 5
STAGE_CH01_N06,Chapter 1 NORMAL 6
STAGE_CH01_N07,Chapter 1 NORMAL 7
STAGE_CH01_N08,Chapter 1 NORMAL 8
STAGE_CH01_N09,Chapter 1 NORMAL 9
STAGE_CH01_N10,Chapter 1 NORMAL 10
STAGE_CH01_N11,Chapter 1 NORMAL 11
STAGE_CH01_N12,Chapter 1 NORMAL 12
STAGE_CH01_N13,Chapter 1 NORMAL 13
STAGE_CH01_N14,Chapter 1 NORMAL 14
STAGE_CH01_N15,Chapter 1 NORMAL 15
STAGE_CH01_N16,Chapter 1 NORMAL 16
STAGE_CH01_N17,Chapter 1 NORMAL 17
STAGE_CH01_N18,Chapter 1 NORMAL 18
STAGE_CH01_N19,Chapter 1 NORMAL 19
STAGE_CH01_N20,Chapter 1 NORMAL 20
STAGE_CH02_H01,Chapter 2 HARD 1
STAGE_CH02_H02,Chapter 2 HARD 2
STAGE_CH02_H03,Chapter 2 HARD 3
STAGE_CH02_H04,Chapter 2 HARD 4
STAGE_CH02_H05,Chapter 2 HARD 5
STAGE_CH02_N01,Chapter 2 NORMAL 1
STAGE_CH02_N02,Chapter 2 NORMAL 2
STAGE_CH02_N03,Chapter 2 NORMAL 3
STAGE_CH02_N04,Chapter 2 NORMAL 4
STAGE_CH02_N05,Chapter 2 NORMAL 5
STAGE_CH02_N06,Chapter 2 NORMAL 6
STAGE_CH02_N07,Chapter 2 NORMAL 7
STAGE_CH02_N08,Chapter 2 NORMAL 8
STAGE_CH02_N09,Chapter 2 NORMAL 9
STAGE_CH02_N10,Chapter 2 NORMAL 10
STAGE_CH02_N11,Chapter 2 NORMAL 11
STAGE_CH02_N12,Chapter 2 NORMAL 12
STAGE_CH02_N13,Chapter 2 NORMAL 13
STAGE_CH02_N14,Chapter 2 NORMAL 14
STAGE_CH02_N15,Chapter 2 NORMAL 15
STAGE_CH02_N16,Chapter 2 NORMAL 16
STAGE_CH02_N17,Chapter 2 NORMAL 17
STAGE_CH02_N18,Chapter 2 NORMAL 18
STAGE_CH02_N19,Chapter 2 NORMAL 19
STAGE_CH02_N20,Chapter 2 NORMAL 20
STAGE_CH03_H01,Chapter 3 HARD 1
STAGE_CH03_H02,Chapter 3 HARD 2
STAGE_CH03_H03,Chapter 3 HARD 3
STAGE_CH03_H04,Chapter 3 HARD 4
STAGE_CH03_H05,Chapter 3 HARD 5
STAGE_CH03_N01,Chapter 3 NORMAL 1
STAGE_CH03_N02,Chapter 3 NORMAL 2
STAGE_CH03_N03,Chapter 3 NORMAL 3
STAGE_CH03_N04,Chapter 3 NORMAL 4
STAGE_CH03_N05,Chapter 3 NORMAL 5
STAGE_CH03_N06,Chapter 3 NORMAL 6
STAGE_CH03_N07,Chapter 3 NORMAL 7
STAGE_CH03_N08,Chapter 3 NORMAL 8
STAGE_CH03_N09,Chapter 3 NORMAL 9
STAGE_CH03_N10,Chapter 3 NORMAL 10
STAGE_CH03_N11,Chapter 3 NORMAL 11
STAGE_CH03_N12,Chapter 3 NORMAL 12
STAGE_CH03_N13,Chapter 3 NORMAL 13
STAGE_CH03_N14,Chapter 3 NORMAL 14
STAGE_CH03_N15,Chapter 3 NORMAL 15
STAGE_CH03_N16,Chapter 3 NORMAL 16
STAGE_CH03_N17,Chapter 3 NORMAL 17
STAGE_CH03_N18,Chapter 3 NORMAL 18
STAGE_CH03_N19,Chapter 3 NORMAL 19
STAGE_CH03_N20,Chapter 3 NORMAL 20
STAGE_CH04_H01,Chapter 4 HARD 1
STAGE_CH04_H02,Chapter 4 HARD 2
STAGE_CH04_H03,Chapter 4 HARD 3
STAGE_CH04_H04,Chapter 4 HARD 4
STAGE_CH04_H05,Chapter 4 HARD 5
STAGE_CH04_N01,Chapter 4 NORMAL 1
STAGE_CH04_N02,Chapter 4 NORMAL 2
STAGE_CH04_N03,Chapter 4 NORMAL 3
STAGE_CH04_N04,Chapter 4 NORMAL 4
STAGE_CH04_N05,Chapter 4 NORMAL 5
STAGE_CH04_N06,Chapter 4 NORMAL 6
STAGE_CH04_N07,Chapter 4 NORMAL 7
STAGE_CH04_N08,Chapter 4 NORMAL 8
STAGE_CH04_N09,Chapter 4 NORMAL 9
STAGE_CH04_N10,Chapter 4 NORMAL 10
STAGE_CH04_N11,Chapter 4 NORMAL 11
STAGE_CH04_N12,Chapter 4 NORMAL 12
STAGE_CH04_N13,Chapter 4 NORMAL 13
STAGE_CH04_N14,Chapter 4 NORMAL 14
STAGE_CH04_N15,Chapter 4 NORMAL 15
STAGE_CH04_N16,Chapter 4 NORMAL 16
STAGE_CH04_N17,Chapter 4 NORMAL 17
STAGE_CH04_N18,Chapter 4 NORMAL 18
STAGE_CH04_N19,Chapter 4 NORMAL 19
STAGE_CH04_N20,Chapter 4 NORMAL 20
STAGE_CH05_H01,Chapter 5 HARD 1
STAGE_CH05_H02,Chapter 5 HARD 2
STAGE_CH05_H03,Chapter 5 HARD 3
STAGE_CH05_H04,Chapter 5 HARD 4
STAGE_CH05_H05,Chapter 5 HARD 5
STAGE_CH05_N01,Chapter 5 NORMAL 1
STAGE_CH05_N02,Chapter 5 NORMAL 2
STAGE_CH05_N03,Chapter 5 NORMAL 3
STAGE_CH05_N04,Chapter 5 NORMAL 4
STAGE_CH05_N05,Chapter 5 NORMAL 5
STAGE_CH05_N06,Chapter 5 NORMAL 6
STAGE_CH05_N07,Chapter 5 NORMAL 7
STAGE_CH05_N08,Chapter 5 NORMAL 8
STAGE_CH05_N09,Chapter 5 NORMAL 9
STAGE_CH05_N10,Chapter 5 NORMAL 10
STAGE_CH05_N11,Chapter 5 NORMAL 11
STAGE_CH05_N12,Chapter 5 NORMAL 12
STAGE_CH05_N13,Chapter 5 NORMAL 13
STAGE_CH05_N14,Chapter 5 NORMAL 14
STAGE_CH05_N15,Chapter 5 NORMAL 15
STAGE_CH05_N16,Chapter 5 NORMAL 16
STAGE_CH05_N17,Chapter 5 NORMAL 17
STAGE_CH05_N18,Chapter 5 NORMAL 18
STAGE_CH05_N19,Chapter 5 NORMAL 19
STAGE_CH05_N20,Chapter 5 NORMAL 20
STAGE_CH06_H01,Chapter 6 HARD 1
STAGE_CH06_H02,Chapter 6 HARD 2
STAGE_CH06_H03,Chapter 6 HARD 3
STAGE_CH06_H04,Chapter 6 HARD 4
STAGE_CH06_H05,Chapter 6 HARD 5
STAGE_CH06_N01,Chapter 6 NORMAL 1
STAGE_CH06_N02,Chapter 6 NORMAL 2
STAGE_CH06_N03,Chapter 6 NORMAL 3
STAGE_CH06_N04,Chapter 6 NORMAL 4
STAGE_CH06_N05,Chapter 6 NORMAL 5
STAGE_CH06_N06,Chapter 6 NORMAL 6
STAGE_CH06_N07,Chapter 6 NORMAL 7
STAGE_CH06_N08,Chapter 6 NORMAL 8
STAGE_CH06_N09,Chapter 6 NORMAL 9
STAGE_CH06_N10,Chapter 6 NORMAL 10
STAGE_CH06_N11,Chapter 6 NORMAL 11
STAGE_CH06_N12,Chapter 6 NORMAL 12
STAGE_CH06_N13,Chapter 6 NORMAL 13
STAGE_CH06_N14,Chapter 6 NORMAL 14
STAGE_CH06_N15,Chapter 6 NORMAL 15
STAGE_CH06_N16,Chapter 6 NORMAL 16
STAGE_CH06_N17,Chapter 6 NORMAL 17
STAGE_CH06_N18,Chapter 6 NORMAL 18
STAGE_CH06_N19,Chapter 6 NORMAL 19
STAGE_CH06_N20,Chapter 6 NORMAL 20
STAGE_CH07_H01,Chapter 7 HARD 1
STAGE_CH07_H02,Chapter 7 HARD 2
STAGE_CH07_H03,Chapter 7 HARD 3
STAGE_CH07_H04,Chapter 7 HARD 4
STAGE_CH07_H05,Chapter 7 HARD 5
STAGE_CH07_N01,Chapter 7 NORMAL 1
STAGE_CH07_N02,Chapter 7 NORMAL 2
STAGE_CH07_N03,Chapter 7 NORMAL 3
STAGE_CH07_N04,Chapter 7 NORMAL 4
STAGE_CH07_N05,Chapter 7 NORMAL 5
STAGE_CH07_N06,Chapter 7 NORMAL 6
STAGE_CH07_N07,Chapter 7 NORMAL 7
STAGE_CH07_N08,Chapter 7 NORMAL 8
STAGE_CH07_N09,Chapter 7 NORMAL 9
STAGE_CH07_N10,Chapter 7 NORMAL 10
STAGE_CH07_N11,Chapter 7 NORMAL 11
STAGE_CH07_N12,Chapter 7 NORMAL 12
STAGE_CH07_N13,Chapter 7 NORMAL 13
STAGE_CH07_N14,Chapter 7 NORMAL 14
STAGE_CH07_N15,Chapter 7 NORMAL 15
STAGE_CH07_N16,Chapter 7 NORMAL 16
STAGE_CH07_N17,Chapter 7 NORMAL 17
STAGE_CH07_N18,Chapter 7 NORMAL 18
STAGE_CH07_N19,Chapter 7 NORMAL 19
STAGE_CH07_N20,Chapter 7 NORMAL 20
STAGE_CH08_H01,Chapter 8 HARD 1
STAGE_CH08_H02,Chapter 8 HARD 2
STAGE_CH08_H03,Chapter 8 HARD 3
STAGE_CH08_H04,Chapter 8 HARD 4
STAGE_CH08_H05,Chapter 8 HARD 5
STAGE_CH08_N01,Chapter 8 NORMAL 1
STAGE_CH08_N02,Chapter 8 NORMAL 2
STAGE_CH08_N03,Chapter 8 NORMAL 3
STAGE_CH08_N04,Chapter 8 NORMAL 4
STAGE_CH08_N05,Chapter 8 NORMAL 5
STAGE_CH08_N06,Chapter 8 NORMAL 6
STAGE_CH08_N07,Chapter 8 NORMAL 7
STAGE_CH08_N08,Chapter 8 NORMAL 8
STAGE_CH08_N09,Chapter 8 NORMAL 9
STAGE_CH08_N10,Chapter 8 NORMAL 10
STAGE_CH08_N11,Chapter 8 NORMAL 11
STAGE_CH08_N12,Chapter 8 NORMAL 12
STAGE_CH08_N13,Chapter 8 NORMAL 13
STAGE_CH08_N14,Chapter 8 NORMAL 14
STAGE_CH08_N15,Chapter 8 NORMAL 15
STAGE_CH08_N16,Chapter 8 NORMAL 16
STAGE_CH08_N17,Chapter 8 NORMAL 17
STAGE_CH08_N18,Chapter 8 NORMAL 18
STAGE_CH08_N19,Chapter 8 NORMAL 19
STAGE_CH08_N20,Chapter 8 NORMAL 20
STAGE_CH09_H01,Chapter 9 HARD 1
STAGE_CH09_H02,Chapter 9 HARD 2
STAGE_CH09_H03,Chapter 9 HARD 3
STAGE_CH09_H04,Chapter 9 HARD 4
STAGE_CH09_H05,Chapter 9 HARD 5
STAGE_CH09_N01,Chapter 9 NORMAL 1
STAGE_CH09_N02,Chapter 9 NORMAL 2
STAGE_CH09_N03,Chapter 9 NORMAL 3
STAGE_CH09_N04,Chapter 9 NORMAL 4
STAGE_CH09_N05,Chapter 9 NORMAL 5
STAGE_CH09_N06,Chapter 9 NORMAL 6
STAGE_CH09_N07,Chapter 9 NORMAL 7
STAGE_CH09_N08,Chapter 9 NORMAL 8
STAGE_CH09_N09,Chapter 9 NORMAL 9
STAGE_CH09_N10,Chapter 9 NORMAL 10
STAGE_CH09_N11,Chapter 9 NORMAL 11
STAGE_CH09_N12,Chapter 9 NORMAL 12
STAGE_CH09_N13,Chapter 9 NORMAL 13
STAGE_CH09_N14,Chapter 9 NORMAL 14
STAGE_CH09_N15,Chapter 9 NORMAL 15
STAGE_CH09_N16,Chapter 9 NORMAL 16
STAGE_CH09_N17,Chapter 9 NORMAL 17
STAGE_CH09_N18,Chapter 9 NORMAL 18
STAGE_CH09_N19,Chapter 9 NORMAL 19
STAGE_CH09_N20,Chapter 9 NORMAL 20
STAGE_CH10_H01,Chapter 10 HARD 1
STAGE_CH10_H02,Chapter 10 HARD 2
STAGE_CH10_H03,Chapter 10 HARD 3
STAGE_CH10_H04,Chapter 10 HARD 4
STAGE_CH10_H05,Chapter 10 HARD 5
STAGE_CH10_N01,Chapter 10 NORMAL 1
STAGE_CH10_N02,Chapter 10 NORMAL 2
STAGE_CH10_N03,Chapter 10 NORMAL 3
STAGE_CH10_N04,Chapter 10 NORMAL 4
STAGE_CH10_N05,Chapter 10 NORMAL 5
STAGE_CH10_N06,Chapter 10 NORMAL 6
STAGE_CH10_N07,Chapter 10 NORMAL 7
STAGE_CH10_N08,Chapter 10 NORMAL 8
STAGE_CH10_N09,Chapter 10 NORMAL 9
STAGE_CH10_N10,Chapter 10 NORMAL 10
STAGE_CH10_N11,Chapter 10 NORMAL 11
STAGE_CH10_N12,Chapter 10 NORMAL 12
STAGE_CH10_N13,Chapter 10 NORMAL 13
STAGE_CH10_N14,Chapter 10 NORMAL 14
STAGE_CH10_N15,Chapter 10 NORMAL 15
STAGE_CH10_N16,Chapter 10 NORMAL 16
STAGE_CH10_N17,Chapter 10 NORMAL 17
STAGE_CH10_N18,Chapter 10 NORMAL 18
STAGE_CH10_N19,Chapter 10 NORMAL 19
STAGE_CH10_N20,Chapter 10 NORMAL 20
STAGE_CH11_H01,Chapter 11 HARD 1
STAGE_CH11_H02,Chapter 11 HARD 2
STAGE_CH11_H03,Chapter 11 HARD 3
STAGE_CH11_H04,Chapter 11 HARD 4
STAGE_CH11_H05,Chapter 11 HARD 5
STAGE_CH11_N01,Chapter 11 NORMAL 1
STAGE_CH11_N02,Chapter 11 NORMAL 2
STAGE_CH11_N03,Chapter 11 NORMAL 3
STAGE_CH11_N04,Chapter 11 NORMAL 4
STAGE_CH11_N05,Chapter 11 NORMAL 5
STAGE_CH11_N06,Chapter 11 NORMAL 6
STAGE_CH11_N07,Chapter 11 NORMAL 7
STAGE_CH11_N08,Chapter 11 NORMAL 8
STAGE_CH11_N09,Chapter 11 NORMAL 9
STAGE_CH11_N10,Chapter 11 NORMAL 10
STAGE_CH11_N11,Chapter 11 NORMAL 11
STAGE_CH11_N12,Chapter 11 NORMAL 12
STAGE_CH11_N13,Chapter 11 NORMAL 13
STAGE_CH11_N14,Chapter 11 NORMAL 14
STAGE_CH11_N15,Chapter 11 NORMAL 15
STAGE_CH11_N16,Chapter 11 NORMAL 16
STAGE_CH11_N17,Chapter 11 NORMAL 17
STAGE_CH11_N18,Chapter 11 NORMAL 18
STAGE_CH11_N19,Chapter 11 NORMAL 19
STAGE_CH11_N20,Chapter 11 NORMAL 20
STAGE_CH12_H01,Chapter 12 HARD 1
STAGE_CH12_H02,Chapter 12 HARD 2
STAGE_CH12_H03,Chapter 12 HARD 3
STAGE_CH12_H04,Chapter 12 HARD 4
STAGE_CH12_H05,Chapter 12 HARD 5
STAGE_CH12_N01,Chapter 12 NORMAL 1
STAGE_CH12_N02,Chapter 12 NORMAL 2
STAGE_CH12_N03,Chapter 12 NORMAL 3
STAGE_CH12_N04,Chapter 12 NORMAL 4
STAGE_CH12_N05,Chapter 12 NORMAL 5
STAGE_CH12_N06,Chapter 12 NORMAL 6
STAGE_CH12_N07,Chapter 12 NORMAL 7
STAGE_CH12_N08,Chapter 12 NORMAL 8
STAGE_CH12_N09,Chapter 12 NORMAL 9
STAGE_CH12_N10,Chapter 12 NORMAL 10
STAGE_CH12_N11,Chapter 12 NORMAL 11
STAGE_CH12_N12,Chapter 12 NORMAL 12
STAGE_CH12_N13,Chapter 12 NORMAL 13
STAGE_CH12_N14,Chapter 12 NORMAL 14
STAGE_CH12_N15,Chapter 12 NORMAL 15
STAGE_CH12_N16,Chapter 12 NORMAL 16
STAGE_CH12_N17,Chapter 12 NORMAL 17
STAGE_CH12_N18,Chapter 12 NORMAL 18
STAGE_CH12_N19,Chapter 12 NORMAL 19
STAGE_CH12_N20,Chapter 12 NORMAL 20
STAGE_CH13_H01,Chapter 13 HARD 1
STAGE_CH13_H02,Chapter 13 HARD 2
STAGE_CH13_H03,Chapter 13 HARD 3
STAGE_CH13_H04,Chapter 13 HARD 4
STAGE_CH13_H05,Chapter 13 HARD 5
STAGE_CH13_N01,Chapter 13 NORMAL 1
STAGE_CH13_N02,Chapter 13 NORMAL 2
STAGE_CH13_N03,Chapter 13 NORMAL 3
STAGE_CH13_N04,Chapter 13 NORMAL 4
STAGE_CH13_N05,Chapter 13 NORMAL 5
STAGE_CH13_N06,Chapter 13 NORMAL 6
STAGE_CH13_N07,Chapter 13 NORMAL 7
STAGE_CH13_N08,Chapter 13 NORMAL 8
STAGE_CH13_N09,Chapter 13 NORMAL 9
STAGE_CH13_N10,Chapter 13 NORMAL 10
STAGE_CH13_N11,Chapter 13 NORMAL 11
STAGE_CH13_N12,Chapter 13 NORMAL 12
STAGE_CH13_N13,Chapter 13 NORMAL 13
STAGE_CH13_N14,Chapter 13 NORMAL 14
STAGE_CH13_N15,Chapter 13 NORMAL 15
STAGE_CH13_N16,Chapter 13 NORMAL 16
STAGE_CH13_N17,Chapter 13 NORMAL 17
STAGE_CH13_N18,Chapter 13 NORMAL 18
STAGE_CH13_N19,Chapter 13 NORMAL 19
STAGE_CH13_N20,Chapter 13 NORMAL 20
STAGE_CH14_H01,Chapter 14 HARD 1
STAGE_CH14_H02,Chapter 14 HARD 2
STAGE_CH14_H03,Chapter 14 HARD 3
STAGE_CH14_H04,Chapter 14 HARD 4
STAGE_CH14_H05,Chapter 14 HARD 5
STAGE_CH14_N01,Chapter 14 NORMAL 1
STAGE_CH14_N02,Chapter 14 NORMAL 2
STAGE_CH14_N03,Chapter 14 NORMAL 3
STAGE_CH14_N04,Chapter 14 NORMAL 4
STAGE_CH14_N05,Chapter 14 NORMAL 5
STAGE_CH14_N06,Chapter 14 NORMAL 6
STAGE_CH14_N07,Chapter 14 NORMAL 7
STAGE_CH14_N08,Chapter 14 NORMAL 8
STAGE_CH14_N09,Chapter 14 NORMAL 9
STAGE_CH14_N10,Chapter 14 NORMAL 10
STAGE_CH14_N11,Chapter 14 NORMAL 11
STAGE_CH14_N12,Chapter 14 NORMAL 12
STAGE_CH14_N13,Chapter 14 NORMAL 13
STAGE_CH14_N14,Chapter 14 NORMAL 14
STAGE_CH14_N15,Chapter 14 NORMAL 15
STAGE_CH14_N16,Chapter 14 NORMAL 16
STAGE_CH14_N17,Chapter 14 NORMAL 17
STAGE_CH14_N18,Chapter 14 NORMAL 18
STAGE_CH14_N19,Chapter 14 NORMAL 19
STAGE_CH14_N20,Chapter 14 NORMAL 20
STAGE_CH15_H01,Chapter 15 HARD 1
STAGE_CH15_H02,Chapter 15 HARD 2
STAGE_CH15_H03,Chapter 15 HARD 3
STAGE_CH15_H04,Chapter 15 HARD 4
STAGE_CH15_H05,Chapter 15 HARD 5
STAGE_CH15_N01,Chapter 15 NORMAL 1
STAGE_CH15_N02,Chapter 15 NORMAL 2
STAGE_CH15_N03,Chapter 15 NORMAL 3
STAGE_CH15_N04,Chapter 15 NORMAL 4
STAGE_CH15_N05,Chapter 15 NORMAL 5
STAGE_CH15_N06,Chapter 15 NORMAL 6
STAGE_CH15_N07,Chapter 15 NORMAL 7
STAGE_CH15_N08,Chapter 15 NORMAL 8
STAGE_CH15_N09,Chapter 15 NORMAL 9
STAGE_CH15_N10,Chapter 15 NORMAL 10
STAGE_CH15_N11,Chapter 15 NORMAL 11
STAGE_CH15_N12,Chapter 15 NORMAL 12
STAGE_CH15_N13,Chapter 15 NORMAL 13
STAGE_CH15_N14,Chapter 15 NORMAL 14
STAGE_CH15_N15,Chapter 15 NORMAL 15
STAGE_CH15_N16,Chapter 15 NORMAL 16
STAGE_CH15_N17,Chapter 15 NORMAL 17
STAGE_CH15_N18,Chapter 15 NORMAL 18
STAGE_CH15_N19,Chapter 15 NORMAL 19
STAGE_CH15_N20,Chapter 15 NORMAL 20
STAGE_CH16_H01,Chapter 16 HARD 1
STAGE_CH16_H02,Chapter 16 HARD 2
STAGE_CH16_H03,Chapter 16 HARD 3
STAGE_CH16_H04,Chapter 16 HARD 4
STAGE_CH16_H05,Chapter 16 HARD 5
STAGE_CH16_N01,Chapter 16 NORMAL 1
STAGE_CH16_N02,Chapter 16 NORMAL 2
STAGE_CH16_N03,Chapter 16 NORMAL 3
STAGE_CH16_N04,Chapter 16 NORMAL 4
STAGE_CH16_N05,Chapter 16 NORMAL 5
STAGE_CH16_N06,Chapter 16 NORMAL 6
STAGE_CH16_N07,Chapter 16 NORMAL 7
STAGE_CH16_N08,Chapter 16 NORMAL 8
STAGE_CH16_N09,Chapter 16 NORMAL 9
STAGE_CH16_N10,Chapter 16 NORMAL 10
STAGE_CH16_N11,Chapter 16 NORMAL 11
STAGE_CH16_N12,Chapter 16 NORMAL 12
STAGE_CH16_N13,Chapter 16 NORMAL 13
STAGE_CH16_N14,Chapter 16 NORMAL 14
STAGE_CH16_N15,Chapter 16 NORMAL 15
STAGE_CH16_N16,Chapter 16 NORMAL 16
STAGE_CH16_N17,Chapter 16 NORMAL 17
STAGE_CH16_N18,Chapter 16 NORMAL 18
STAGE_CH16_N19,Chapter 16 NORMAL 19
STAGE_CH16_N20,Chapter 16 NORMAL 20
STAGE_CH17_H01,Chapter 17 HARD 1
STAGE_CH17_H02,Chapter 17 HARD 2
STAGE_CH17_H03,Chapter 17 HARD 3
STAGE_CH17_H04,Chapter 17 HARD 4
STAGE_CH17_H05,Chapter 17 HARD 5
STAGE_CH17_N01,Chapter 17 NORMAL 1
STAGE_CH17_N02,Chapter 17 NORMAL 2
STAGE_CH17_N03,Chapter 17 NORMAL 3
STAGE_CH17_N04,Chapter 17 NORMAL 4
STAGE_CH17_N05,Chapter 17 NORMAL 5
STAGE_CH17_N06,Chapter 17 NORMAL 6
STAGE_CH17_N07,Chapter 17 NORMAL 7
STAGE_CH17_N08,Chapter 17 NORMAL 8
STAGE_CH17_N09,Chapter 17 NORMAL 9
STAGE_CH17_N10,Chapter 17 NORMAL 10
STAGE_CH17_N11,Chapter 17 NORMAL 11
STAGE_CH17_N12,Chapter 17 NORMAL 12
STAGE_CH17_N13,Chapter 17 NORMAL 13
STAGE_CH17_N14,Chapter 17 NORMAL 14
STAGE_CH17_N15,Chapter 17 NORMAL 15
STAGE_CH17_N16,Chapter 17 NORMAL 16
STAGE_CH17_N17,Chapter 17 NORMAL 17
STAGE_CH17_N18,Chapter 17 NORMAL 18
STAGE_CH17_N19,Chapter 17 NORMAL 19
STAGE_CH17_N20,Chapter 17 NORMAL 20
STAGE_CH18_H01,Chapter 18 HARD 1
STAGE_CH18_H02,Chapter 18 HARD 2
STAGE_CH18_H03,Chapter 18 HARD 3
STAGE_CH18_H04,Chapter 18 HARD 4
STAGE_CH18_H05,Chapter 18 HARD 5
STAGE_CH18_N01,Chapter 18 NORMAL 1
STAGE_CH18_N02,Chapter 18 NORMAL 2
STAGE_CH18_N03,Chapter 18 NORMAL 3
STAGE_CH18_N04,Chapter 18 NORMAL 4
STAGE_CH18_N05,Chapter 18 NORMAL 5
STAGE_CH18_N06,Chapter 18 NORMAL 6
STAGE_CH18_N07,Chapter 18 NORMAL 7
STAGE_CH18_N08,Chapter 18 NORMAL 8
STAGE_CH18_N09,Chapter 18 NORMAL 9
STAGE_CH18_N10,Chapter 18 NORMAL 10
STAGE_CH18_N11,Chapter 18 NORMAL 11
STAGE_CH18_N12,Chapter 18 NORMAL 12
STAGE_CH18_N13,Chapter 18 NORMAL 13
STAGE_CH18_N14,Chapter 18 NORMAL 14
STAGE_CH18_N15,Chapter 18 NORMAL 15
STAGE_CH18_N16,Chapter 18 NORMAL 16
STAGE_CH18_N17,Chapter 18 NORMAL 17
STAGE_CH18_N18,Chapter 18 NORMAL 18
STAGE_CH18_N19,Chapter 18 NORMAL 19
STAGE_CH18_N20,Chapter 18 NORMAL 20
STAGE_CH19_H01,Chapter 19 HARD 1
STAGE_CH19_H02,Chapter 19 HARD 2
STAGE_CH19_H03,Chapter 19 HARD 3
STAGE_CH19_H04,Chapter 19 HARD 4
STAGE_CH19_H05,Chapter 19 HARD 5
STAGE_CH19_N01,Chapter 19 NORMAL 1
STAGE_CH19_N02,Chapter 19 NORMAL 2
STAGE_CH19_N03,Chapter 19 NORMAL 3
STAGE_CH19_N04,Chapter 19 NORMAL 4
STAGE_CH19_N05,Chapter 19 NORMAL 5
STAGE_CH19_N06,Chapter 19 NORMAL 6
STAGE_CH19_N07,Chapter 19 NORMAL 7
STAGE_CH19_N08,Chapter 19 NORMAL 8
STAGE_CH19_N09,Chapter 19 NORMAL 9
STAGE_CH19_N10,Chapter 19 NORMAL 10
STAGE_CH19_N11,Chapter 19 NORMAL 11
STAGE_CH19_N12,Chapter 19 NORMAL 12
STAGE_CH19_N13,Chapter 19 NORMAL 13
STAGE_CH19_N14,Chapter 19 NORMAL 14
STAGE_CH19_N15,Chapter 19 NORMAL 15
STAGE_CH19_N16,Chapter 19 NORMAL 16
STAGE_CH19_N17,Chapter 19 NORMAL 17
STAGE_CH19_N18,Chapter 19 NORMAL 18
STAGE_CH19_N19,Chapter 19 NORMAL 19
STAGE_CH19_N20,Chapter 19 NORMAL 20
STAGE_CH20_H01,Chapter 20 HARD 1
STAGE_CH20_H02,Chapter 20 HARD 2
STAGE_CH20_H03,Chapter 20 HARD 3
STAGE_CH20_H04,Chapter 20 HARD 4
STAGE_CH20_H05,Chapter 20 HARD 5
STAGE_CH20_N01,Chapter 20 NORMAL 1
STAGE_CH20_N02,Chapter 20 NORMAL 2
STAGE_CH20_N03,Chapter 20 NORMAL 3
STAGE_CH20_N04,Chapter 20 NORMAL 4
STAGE_CH20_N05,Chapter 20 NORMAL 5
STAGE_CH20_N06,Chapter 20 NORMAL 6
STAGE_CH20_N07,Chapter 20 NORMAL 7
STAGE_CH20_N08,Chapter 20 NORMAL 8
STAGE_CH20_N09,Chapter 20 NORMAL 9
STAGE_CH20_N10,Chapter 20 NORMAL 10
STAGE_CH20_N11,Chapter 20 NORMAL 11
STAGE_CH20_N12,Chapter 20 NORMAL 12
STAGE_CH20_N13,Chapter 20 NORMAL 13
STAGE_CH20_N14,Chapter 20 NORMAL 14
STAGE_CH20_N15,Chapter 20 NORMAL 15
STAGE_CH20_N16,Chapter 20 NORMAL 16
STAGE_CH20_N17,Chapter 20 NORMAL 17
STAGE_CH20_N18,Chapter 20 NORMAL 18
STAGE_CH20_N19,Chapter 20 NORMAL 19
STAGE_CH20_N20,Chapter 20 NORMAL 20
STORY_C1A_01,The first tunnel was crowded with echoforms that imitated human memories.
STORY_C1A_02,"They spoke in human voices, but none could answer a question."
STORY_C1A_03,I recovered an intact record fragment after the battle. It should open the next section.
STORY_C1B_01,The fragment's rescue signal was being consumed backward inside the Hollow Engine. Vera was holding the relay while tracing it.
STORY_C1B_02,The Hollow Engine is not consuming ore-line power. It is turning the echoes of rescue calls into fuel.
STORY_C1B_03,I will open a reverse-trace route. Come with me to the core. We have to return these signals to their people.
STORY_C1C_01,The coordinates led to a sealed bell-tower relay. The survivor could only transmit remotely from deeper in the return line.
STORY_C1C_02,This is Iri. I cannot join you yet. Follow my biosignal and I will open the way near the terminus.
STORY_C1C_03,An echoform cluster has surrounded the relay. Break through this section before we lose the signal.
STORY_C1I_01,The Lamplighters are a small restoration crew that keeps moving even through afterglow storms.
STORY_C1I_02,I heard a rescue call from a line that is not on the map. The signal is still alive.
STORY_C1I_03,"We verify it and restore the route. Everyone, prepare to depart."
STORY_C2A_01,The sealed platform kept calling the names of passengers who no longer existed.
STORY_C2A_02,"What matters is not whether a rescue signal is real, but who is hearing it now."
STORY_C2A_03,Erase our names from the old list and leave our current coordinates behind.
STORY_C2B_01,Power flowed backward as the return core began overwriting living passengers with empty seats from an old manifest.
STORY_C2B_02,"If I anchor the current manifest to my biometric record, I can protect everyone's identity through the final gate."
STORY_C2B_03,"I will stay until the manifest is fixed. After that, I join as the expedition's medic—not as someone you have to protect."
STORY_C2H_01,The underground return chamber was lined like a wall with formation charts containing only vacant seats.
STORY_C2H_02,This core is not looking for people. It is trying to fill empty slots.
STORY_C2H_03,"We will stop not the past, but the command that erases the present."
STORY_C2I_01,The three unique boss records retained the same short handshake pattern.
STORY_C2I_02,"Signals are lighting one by one from the terminus back toward the origin, not in the direction of travel."
STORY_C2I_03,It is not time travel. A damaged return procedure is fitting us into a past record.
STORY_C2O_01,"When the return formation core stopped, the inverted signal lights turned back toward their proper direction."
STORY_C2O_02,"Not every record vanished, but none could place a present person into a past empty seat again."
STORY_C2O_03,"One true beacon remains, facing outward. We choose how to connect the next route."
STORY_C2P_01,"After three consecutive defense sectors, the biosignal tracked from the bell-tower relay finally appeared before the central gate."
STORY_C2P_02,"Sorry I am late. I am Iri. I could not leave the wounded on the return line, but from now on I will hold your rear line."
STORY_C2P_03,Recruitment signal confirmed. The Reverse Gatekeeper is next. Can your recovery rig withstand it?
STORY_C2P_04,I tuned its output through all three sectors. We cross that gate without leaving anyone wounded behind.
STORY_CH03_INTRO_01,Coordinates recovered from the reverse gate point to a night train crossing the glass plain.
STORY_CH03_INTRO_02,This signal is a consequence of the previous line. Our objective is to A mirror railway duplicates the expedition.
STORY_CH03_INTRO_03,We will not flee onward while leaving the cause behind. We repair the connection here.
STORY_CH03_MID_A_01,"The mirror rails copy the party's battle records, returning even discarded choices as enemies."
STORY_CH03_MID_A_02,This is no simple fault. A machine has hardened someone's choice into a rule.
STORY_CH03_MID_A_03,We know who that rule erases. The next contact will secure the proof.
STORY_CH03_MID_B_01,Toa finds a half-beat delay between copies and brands only the real train with a relay mark.
STORY_CH03_MID_B_02,I will hold the gap in this sector. Follow the signal to where it ends.
STORY_CH03_MID_B_03,This is more than a bargain for one fight. I will come with you to see this route through.
STORY_CH03_OUTRO_01,"When the mirror breaks, an old rescue call from the drowned signal yard returns as a real voice."
STORY_CH03_OUTRO_02,I will record why we fought together and defend that choice on the next line.
STORY_CH03_OUTRO_03,One chapter's ending has become the next one's cause. We follow the remaining signal.
STORY_CH03_OUTRO_INTERLUDE,"Toa confirms the signature is not her transmission but the mirror rail's copy of her real-train mark, then leads the crew toward the flooded line."
STORY_CH03_PREBOSS_01,"The Glass Marshal is not a duplicate, but the controller folding the entire plain into one mirror."
STORY_CH03_PREBOSS_02,The weakness I found still holds. We enter before it can rewrite the rule.
STORY_CH03_PREBOSS_03,I have the rear. My recruitment—and this route's outcome—become final only after victory.
STORY_CH04_INTRO_01,"A rescue call Toa never sent is repeating below the drowned yard, using the mirror rail's copied train mark as its receiving route."
STORY_CH04_INTRO_02,This signal is a consequence of the previous line. Our objective is to Trace false rescue calls in a flooded yard.
STORY_CH04_INTRO_03,We will not flee onward while leaving the cause behind. We repair the connection here.
STORY_CH04_MID_A_01,"The caller is not a survivor, but a guilt loop made by the control record that abandoned the rescue."
STORY_CH04_MID_A_02,This is no simple fault. A machine has hardened someone's choice into a rule.
STORY_CH04_MID_A_03,We know who that rule erases. The next contact will secure the proof.
STORY_CH04_MID_B_01,"Liv braces the floodgate herself, opening both the buried record and a corridor for the living."
STORY_CH04_MID_B_02,I will hold the gap in this sector. Follow the signal to where it ends.
STORY_CH04_MID_B_03,This is more than a bargain for one fight. I will come with you to see this route through.
STORY_CH04_OUTRO_01,Restoring the rescue log reveals its final receiver: the blockade control room of the Ashen City.
STORY_CH04_OUTRO_02,I will record why we fought together and defend that choice on the next line.
STORY_CH04_OUTRO_03,One chapter's ending has become the next one's cause. We follow the remaining signal.
STORY_CH04_OUTRO_INTERLUDE,"Liv vows to deliver the rescue, however late, and takes point toward the Ashen City."
STORY_CH04_PREBOSS_01,The Tidal Switchmaster raises the water to erase the call and turns the submerged platform into a battlefield.
STORY_CH04_PREBOSS_02,The weakness I found still holds. We enter before it can rewrite the rule.
STORY_CH04_PREBOSS_03,I have the rear. My recruitment—and this route's outcome—become final only after victory.
STORY_CH05_INTRO_01,The drowned yard's last receiver is still knocking from inside the Ashen City.
STORY_CH05_INTRO_02,This signal is a consequence of the previous line. Our objective is to Open a survival corridor through a sealed city.
STORY_CH05_INTRO_03,We will not flee onward while leaving the cause behind. We repair the connection here.
STORY_CH05_MID_A_01,The blockade was never containing an infection; it was containing testimony.
STORY_CH05_MID_A_02,This is no simple fault. A machine has hardened someone's choice into a rule.
STORY_CH05_MID_A_03,We know who that rule erases. The next contact will secure the proof.
STORY_CH05_MID_B_01,Seon restores a discarded medical register and separates the survivor ward from the safe corridor.
STORY_CH05_MID_B_02,I will hold the gap in this sector. Follow the signal to where it ends.
STORY_CH05_MID_B_03,This is more than a bargain for one fight. I will come with you to see this route through.
STORY_CH05_OUTRO_01,"When the city gates open, evacuation power is rerouted to the storm controls on Skybridge."
STORY_CH05_OUTRO_02,I will record why we fought together and defend that choice on the next line.
STORY_CH05_OUTRO_03,One chapter's ending has become the next one's cause. We follow the remaining signal.
STORY_CH05_OUTRO_INTERLUDE,Seon stays as the Lamplighters' field medic to protect the evacuation convoy.
STORY_CH05_PREBOSS_01,The Ash Citadel converts survivor counts into threat ratings and marks the corridor itself for bombardment.
STORY_CH05_PREBOSS_02,The weakness I found still holds. We enter before it can rewrite the rule.
STORY_CH05_PREBOSS_03,I have the rear. My recruitment—and this route's outcome—become final only after victory.
STORY_CH06_INTRO_01,The Ashen City's evacuation power is bleeding into the storm above a broken skybridge.
STORY_CH06_INTRO_02,This signal is a consequence of the previous line. Our objective is to Retake control of a storm-struck skybridge.
STORY_CH06_INTRO_03,We will not flee onward while leaving the cause behind. We repair the connection here.
STORY_CH06_MID_A_01,The lightning is no weather; it is an old toll counting everyone who crosses.
STORY_CH06_MID_A_02,This is no simple fault. A machine has hardened someone's choice into a rule.
STORY_CH06_MID_A_03,We know who that rule erases. The next contact will secure the proof.
STORY_CH06_MID_B_01,"Adeline overlays artillery coordinates on the lightning pylons, creating one windless crossing for the convoy."
STORY_CH06_MID_B_02,I will hold the gap in this sector. Follow the signal to where it ends.
STORY_CH06_MID_B_03,This is more than a bargain for one fight. I will come with you to see this route through.
STORY_CH06_OUTRO_01,"After anchoring the bridge, the same counting order is detected in a broadcast beneath the northern snow."
STORY_CH06_OUTRO_02,I will record why we fought together and defend that choice on the next line.
STORY_CH06_OUTRO_03,One chapter's ending has become the next one's cause. We follow the remaining signal.
STORY_CH06_OUTRO_INTERLUDE,"Adeline joins the snowbound pursuit, saying a human ear can aim more truly than any cannon."
STORY_CH06_PREBOSS_01,"The Volt Archon decides the load vanishes if the travelers do, and drops the entire bridge."
STORY_CH06_PREBOSS_02,The weakness I found still holds. We enter before it can rewrite the rule.
STORY_CH06_PREBOSS_03,I have the rear. My recruitment—and this route's outcome—become final only after victory.
STORY_CH07_INTRO_01,Skybridge's counting order is still transmitting from a station buried under the snow.
STORY_CH07_INTRO_02,This signal is a consequence of the previous line. Our objective is to Silence a command broadcast beneath the snow.
STORY_CH07_INTRO_03,We will not flee onward while leaving the cause behind. We repair the connection here.
STORY_CH07_MID_A_01,"The broadcast is not an evacuation order, but an endless standby command preventing rescuers from returning."
STORY_CH07_MID_A_02,This is no simple fault. A machine has hardened someone's choice into a rule.
STORY_CH07_MID_A_03,We know who that rule erases. The next contact will secure the proof.
STORY_CH07_MID_B_01,Kir cuts false bearings from the blizzard and opens a single-frequency path to the buried transmitter.
STORY_CH07_MID_B_02,I will hold the gap in this sector. Follow the signal to where it ends.
STORY_CH07_MID_B_03,This is more than a bargain for one fight. I will come with you to see this route through.
STORY_CH07_OUTRO_01,Silencing the broadcast frees an emergency call from the falling Crimson Quarry Ring.
STORY_CH07_OUTRO_02,I will record why we fought together and defend that choice on the next line.
STORY_CH07_OUTRO_03,One chapter's ending has become the next one's cause. We follow the remaining signal.
STORY_CH07_OUTRO_INTERLUDE,Kir refuses to wait for another dead command and becomes the crew's signal analyst.
STORY_CH07_PREBOSS_01,"The Frost Cantor sings the standby order in the voices of lost allies, trying to halt the formation itself."
STORY_CH07_PREBOSS_02,The weakness I found still holds. We enter before it can rewrite the rule.
STORY_CH07_PREBOSS_03,I have the rear. My recruitment—and this route's outcome—become final only after victory.
STORY_CH08_INTRO_01,The emergency channel freed in the snow is counting down the Crimson Quarry Ring's fall.
STORY_CH08_INTRO_02,This signal is a consequence of the previous line. Our objective is to Prevent a runaway mining ring from falling.
STORY_CH08_INTRO_03,We will not flee onward while leaving the cause behind. We repair the connection here.
STORY_CH08_MID_A_01,"The quarry ring has stayed aloft by burning memories, not ore."
STORY_CH08_MID_A_02,This is no simple fault. A machine has hardened someone's choice into a rule.
STORY_CH08_MID_A_03,We know who that rule erases. The next contact will secure the proof.
STORY_CH08_MID_B_01,"Rema links her shield core to the ring's counterweight, buying time to enter the inner spindle."
STORY_CH08_MID_B_02,I will hold the gap in this sector. Follow the signal to where it ends.
STORY_CH08_MID_B_03,This is more than a bargain for one fight. I will come with you to see this route through.
STORY_CH08_OUTRO_01,Separating the ring makes the recovered memories indict the Sleeping Directorate's automated court.
STORY_CH08_OUTRO_02,I will record why we fought together and defend that choice on the next line.
STORY_CH08_OUTRO_03,One chapter's ending has become the next one's cause. We follow the remaining signal.
STORY_CH08_OUTRO_INTERLUDE,Rema joins the operation to return every memory the ring consumed.
STORY_CH08_PREBOSS_01,The Scarlet Excavator vents every stored memory at once and redirects the impact toward the city.
STORY_CH08_PREBOSS_02,The weakness I found still holds. We enter before it can rewrite the rule.
STORY_CH08_PREBOSS_03,I have the rear. My recruitment—and this route's outcome—become final only after victory.
STORY_CH09_INTRO_01,Memories recovered from the quarry testify that the Sleeping Directorate judged the living in absentia.
STORY_CH09_INTRO_02,This signal is a consequence of the previous line. Our objective is to Nullify the sleeping directorate's automated trial.
STORY_CH09_INTRO_03,We will not flee onward while leaving the cause behind. We repair the connection here.
STORY_CH09_MID_A_01,The automated court asks no guilt; it calculates only the chance of obstructing the route someday.
STORY_CH09_MID_A_02,This is no simple fault. A machine has hardened someone's choice into a rule.
STORY_CH09_MID_A_03,We know who that rule erases. The next contact will secure the proof.
STORY_CH09_MID_B_01,"Veon assumes every pending case under her own name, drawing the crew's judgments into one docket."
STORY_CH09_MID_B_02,I will hold the gap in this sector. Follow the signal to where it ends.
STORY_CH09_MID_B_03,This is more than a bargain for one fight. I will come with you to see this route through.
STORY_CH09_OUTRO_01,"Voiding the trial splits its verdict time into two lunar timetables, forming Twin-Moon Junction."
STORY_CH09_OUTRO_02,I will record why we fought together and defend that choice on the next line.
STORY_CH09_OUTRO_03,One chapter's ending has become the next one's cause. We follow the remaining signal.
STORY_CH09_OUTRO_INTERLUDE,Veon takes the assault line so no one has to carry every judgment alone again.
STORY_CH09_PREBOSS_01,The Dream Bailiff turns guilty verdicts into real wounds and tries to make Veon's sacrifice final.
STORY_CH09_PREBOSS_02,The weakness I found still holds. We enter before it can rewrite the rule.
STORY_CH09_PREBOSS_03,I have the rear. My recruitment—and this route's outcome—become final only after victory.
STORY_CH10_INTRO_01,The voided verdict creates two moons and calls the same train twice.
STORY_CH10_INTRO_02,This signal is a consequence of the previous line. Our objective is to Separate two lunar timetables before collision.
STORY_CH10_INTRO_03,We will not flee onward while leaving the cause behind. We repair the connection here.
STORY_CH10_MID_A_01,"If the timetables collide, the present of one train's passengers will be erased."
STORY_CH10_MID_A_02,This is no simple fault. A machine has hardened someone's choice into a rule.
STORY_CH10_MID_A_03,We know who that rule erases. The next contact will secure the proof.
STORY_CH10_MID_B_01,Hart uses shell flight time as a master clock and pins the two routes' drift to the second.
STORY_CH10_MID_B_02,I will hold the gap in this sector. Follow the signal to where it ends.
STORY_CH10_MID_B_03,This is more than a bargain for one fight. I will come with you to see this route through.
STORY_CH10_OUTRO_01,Merging the moons into one timetable releases a black signal tide toward the city breakwater.
STORY_CH10_OUTRO_02,I will record why we fought together and defend that choice on the next line.
STORY_CH10_OUTRO_03,One chapter's ending has become the next one's cause. We follow the remaining signal.
STORY_CH10_OUTRO_INTERLUDE,"Hart stays as long-range fire control, determined to calculate the next drift before it begins."
STORY_CH10_PREBOSS_01,The Lunar Divider declares both trains real and weaponizes whichever formation is not chosen.
STORY_CH10_PREBOSS_02,The weakness I found still holds. We enter before it can rewrite the rule.
STORY_CH10_PREBOSS_03,I have the rear. My recruitment—and this route's outcome—become final only after victory.
STORY_CH11_INTRO_01,Excess signal from the twin-moon line pours into the sea and becomes a black tide over the breakwater.
STORY_CH11_INTRO_02,This signal is a consequence of the previous line. Our objective is to Hold back a signal tide advancing on the city.
STORY_CH11_INTRO_03,We will not flee onward while leaving the cause behind. We repair the connection here.
STORY_CH11_MID_A_01,The tide carries every abandoned route and every coordinate the crew failed to rescue.
STORY_CH11_MID_A_02,This is no simple fault. A machine has hardened someone's choice into a rule.
STORY_CH11_MID_A_03,We know who that rule erases. The next contact will secure the proof.
STORY_CH11_MID_B_01,"Orsa spreads a shield net like buoys, anchoring drifting coordinates to the present one by one."
STORY_CH11_MID_B_02,I will hold the gap in this sector. Follow the signal to where it ends.
STORY_CH11_MID_B_03,This is more than a bargain for one fight. I will come with you to see this route through.
STORY_CH11_OUTRO_01,Holding the wall leaves behind a nameless key pointing toward the cathedral.
STORY_CH11_OUTRO_02,I will record why we fought together and defend that choice on the next line.
STORY_CH11_OUTRO_03,One chapter's ending has become the next one's cause. We follow the remaining signal.
STORY_CH11_OUTRO_INTERLUDE,Orsa joins the guard line to see every drifting coordinate safely home.
STORY_CH11_PREBOSS_01,The Tide Reaper uses the anchored coordinates as bait and raises a massive waveform inside the wall.
STORY_CH11_PREBOSS_02,The weakness I found still holds. We enter before it can rewrite the rule.
STORY_CH11_PREBOSS_03,I have the rear. My recruitment—and this route's outcome—become final only after victory.
STORY_CH12_INTRO_01,The tide's key opens a cathedral door whose letters vanish whenever its name is spoken.
STORY_CH12_INTRO_02,This signal is a consequence of the previous line. Our objective is to Break a cathedral seal that steals names.
STORY_CH12_INTRO_03,We will not flee onward while leaving the cause behind. We repair the connection here.
STORY_CH12_MID_A_01,The cathedral honors no dead; it taxes the names of the living to maintain its seal.
STORY_CH12_MID_A_02,This is no simple fault. A machine has hardened someone's choice into a rule.
STORY_CH12_MID_A_03,We know who that rule erases. The next contact will secure the proof.
STORY_CH12_MID_B_01,"Tiel records forgotten heartbeats as rhythm, giving the crew a way to recognize one another without names."
STORY_CH12_MID_B_02,I will hold the gap in this sector. Follow the signal to where it ends.
STORY_CH12_MID_B_03,This is more than a bargain for one fight. I will come with you to see this route through.
STORY_CH12_OUTRO_01,Breaking the seal reveals that the stolen names project a timetable for a train that never existed in the desert.
STORY_CH12_OUTRO_02,I will record why we fought together and defend that choice on the next line.
STORY_CH12_OUTRO_03,One chapter's ending has become the next one's cause. We follow the remaining signal.
STORY_CH12_OUTRO_INTERLUDE,Tiel remains the crew's vital-record keeper until every stolen name returns.
STORY_CH12_PREBOSS_01,"The Nameless Prelate erases Maeru's name, severing command and memory at once."
STORY_CH12_PREBOSS_02,The weakness I found still holds. We enter before it can rewrite the rule.
STORY_CH12_PREBOSS_03,I have the rear. My recruitment—and this route's outcome—become final only after victory.
STORY_CH13_INTRO_01,Names recovered from the cathedral appear on the manifest of a train that never existed in the desert.
STORY_CH13_INTRO_02,This signal is a consequence of the previous line. Our objective is to Erase the route of a train that never existed.
STORY_CH13_INTRO_03,We will not flee onward while leaving the cause behind. We repair the connection here.
STORY_CH13_MID_A_01,The ghost timetable is trying to turn lives people never chose into a real route.
STORY_CH13_MID_A_02,This is no simple fault. A machine has hardened someone's choice into a rule.
STORY_CH13_MID_A_03,We know who that rule erases. The next contact will secure the proof.
STORY_CH13_MID_B_01,Rias breaks through the phantom passengers and marks the last choice each person truly made.
STORY_CH13_MID_B_02,I will hold the gap in this sector. Follow the signal to where it ends.
STORY_CH13_MID_B_03,This is more than a bargain for one fight. I will come with you to see this route through.
STORY_CH13_OUTRO_01,Erasing the ghost route sends the remaining rails curling upward into the inverted capital ring.
STORY_CH13_OUTRO_02,I will record why we fought together and defend that choice on the next line.
STORY_CH13_OUTRO_03,One chapter's ending has become the next one's cause. We follow the remaining signal.
STORY_CH13_OUTRO_INTERLUDE,"Rias joins the vanguard, insisting choices are not recovered but made anew."
STORY_CH13_PREBOSS_01,The Dune Stationmaster turns the most regretted choices into the strongest cars and splits the party.
STORY_CH13_PREBOSS_02,The weakness I found still holds. We enter before it can rewrite the rule.
STORY_CH13_PREBOSS_03,I have the rear. My recruitment—and this route's outcome—become final only after victory.
STORY_CH14_INTRO_01,"Rails rising from the desert invert the capital loop, dropping buildings and trains toward the sky."
STORY_CH14_INTRO_02,This signal is a consequence of the previous line. Our objective is to Restore gravity to the inverted capital loop.
STORY_CH14_INTRO_03,We will not flee onward while leaving the cause behind. We repair the connection here.
STORY_CH14_MID_A_01,"The inversion is no accident, but an emergency protocol meant to isolate the capital forever."
STORY_CH14_MID_A_02,This is no simple fault. A machine has hardened someone's choice into a rule.
STORY_CH14_MID_A_03,We know who that rule erases. The next contact will secure the proof.
STORY_CH14_MID_B_01,Perin counter-hacks the inversion devices and binds everyone's different down into one reference plane.
STORY_CH14_MID_B_02,I will hold the gap in this sector. Follow the signal to where it ends.
STORY_CH14_MID_B_03,This is more than a bargain for one fight. I will come with you to see this route through.
STORY_CH14_OUTRO_01,Righting the capital reveals the protocol's source preparing a memory reset in the Garden of Zero Signal.
STORY_CH14_OUTRO_02,I will record why we fought together and defend that choice on the next line.
STORY_CH14_OUTRO_03,One chapter's ending has become the next one's cause. We follow the remaining signal.
STORY_CH14_OUTRO_INTERLUDE,Perin joins to ensure no system chooses a person's direction again.
STORY_CH14_PREBOSS_01,The Gravity Auditor counts the will to return—not structural weight—as overload.
STORY_CH14_PREBOSS_02,The weakness I found still holds. We enter before it can rewrite the rule.
STORY_CH14_PREBOSS_03,I have the rear. My recruitment—and this route's outcome—become final only after victory.
STORY_CH15_INTRO_01,The capital protocol's source is preparing to reset every route memory in the Garden of Zero Signal.
STORY_CH15_INTRO_02,This signal is a consequence of the previous line. Our objective is to Seal a garden that resets every memory.
STORY_CH15_INTRO_03,We will not flee onward while leaving the cause behind. We repair the connection here.
STORY_CH15_MID_A_01,The flowers do not erase memory; they preserve only the safest moment until people cannot move on.
STORY_CH15_MID_A_02,This is no simple fault. A machine has hardened someone's choice into a rule.
STORY_CH15_MID_A_03,We know who that rule erases. The next contact will secure the proof.
STORY_CH15_MID_B_01,Karn offers her safest memory as bait and cuts an empty corridor to the garden's core.
STORY_CH15_MID_B_02,I will hold the gap in this sector. Follow the signal to where it ends.
STORY_CH15_MID_B_03,This is more than a bargain for one fight. I will come with you to see this route through.
STORY_CH15_OUTRO_01,"Sealing the garden sends reset authority to both Eastern and Western Lines, starting a civil war where approving either side permanently discards the other evacuation route."
STORY_CH15_OUTRO_02,I will record why we fought together and defend that choice on the next line.
STORY_CH15_OUTRO_03,One chapter's ending has become the next one's cause. We follow the remaining signal.
STORY_CH15_OUTRO_INTERLUDE,Karn chooses an uncertain future beside the crew. A broadcast confirms both succession claims and fixes the next battlefield.
STORY_CH15_PREBOSS_01,"The Null Gardener shields itself with the crew's happiest moments, making every attack shatter a memory."
STORY_CH15_PREBOSS_02,The weakness I found still holds. We enter before it can rewrite the rule.
STORY_CH15_PREBOSS_03,I have the rear. My recruitment—and this route's outcome—become final only after victory.
STORY_CH16_INTRO_01,"With reset authority gone, the divided route kings each declare themselves the only legitimate line."
STORY_CH16_INTRO_02,This signal is a consequence of the previous line. Our objective is to End the civil war of the divided rail crowns.
STORY_CH16_INTRO_03,We will not flee onward while leaving the cause behind. We repair the connection here.
STORY_CH16_MID_A_01,"The victor will gain not a crown, but the right to forcibly merge every evacuation route."
STORY_CH16_MID_A_02,This is no simple fault. A machine has hardened someone's choice into a rule.
STORY_CH16_MID_A_03,We know who that rule erases. The next contact will secure the proof.
STORY_CH16_MID_B_01,"Noar links the wounded on both sides to one medical signal, making every soldier hear pain across the line."
STORY_CH16_MID_B_02,I will hold the gap in this sector. Follow the signal to where it ends.
STORY_CH16_MID_B_03,This is more than a bargain for one fight. I will come with you to see this route through.
STORY_CH16_OUTRO_01,Dismantling the crown opens coordinates to the true succession record hidden in the Archive of Afterglow.
STORY_CH16_OUTRO_02,I will record why we fought together and defend that choice on the next line.
STORY_CH16_OUTRO_03,One chapter's ending has become the next one's cause. We follow the remaining signal.
STORY_CH16_OUTRO_INTERLUDE,"Noar joins to record who returns alive, not who claims victory."
STORY_CH16_PREBOSS_01,The Crown Lancer calls truce treason and classifies the medical signal as an attack on command.
STORY_CH16_PREBOSS_02,The weakness I found still holds. We enter before it can rewrite the rule.
STORY_CH16_PREBOSS_03,I have the rear. My recruitment—and this route's outcome—become final only after victory.
STORY_CH17_INTRO_01,"Coordinates from the broken crown open the Archive of Afterglow, which rewrites history in real time."
STORY_CH17_INTRO_02,This signal is a consequence of the previous line. Our objective is to Retake an archive that rewrites history.
STORY_CH17_INTRO_03,We will not flee onward while leaving the cause behind. We repair the connection here.
STORY_CH17_MID_A_01,"To erase the civil war, the archive begins by deleting every record of the expedition's intervention."
STORY_CH17_MID_A_02,This is no simple fault. A machine has hardened someone's choice into a rule.
STORY_CH17_MID_A_03,We know who that rule erases. The next contact will secure the proof.
STORY_CH17_MID_B_01,Seb takes contradictory records into herself and becomes a living index the archive cannot delete.
STORY_CH17_MID_B_02,I will hold the gap in this sector. Follow the signal to where it ends.
STORY_CH17_MID_B_03,This is more than a bargain for one fight. I will come with you to see this route through.
STORY_CH17_OUTRO_01,Recovering the record reveals the Last Line scheduled for 00:00 tomorrow; deleting the record cannot remove the execution order itself.
STORY_CH17_OUTRO_02,I will record why we fought together and defend that choice on the next line.
STORY_CH17_OUTRO_03,One chapter's ending has become the next one's cause. We follow the remaining signal.
STORY_CH17_OUTRO_INTERLUDE,Seb preserves proof that this is a fixed execution order—not a prophecy—in her living index and joins the eve-of-the-Last-Line expedition.
STORY_CH17_PREBOSS_01,"The Index Predator tears apart each recruitment record, turning companions back into strangers."
STORY_CH17_PREBOSS_02,The weakness I found still holds. We enter before it can rewrite the rule.
STORY_CH17_PREBOSS_03,I have the rear. My recruitment—and this route's outcome—become final only after victory.
STORY_CH18_INTRO_01,"As the archive warned, the Last Line will pull every city into one terminus in a day."
STORY_CH18_INTRO_02,This signal is a consequence of the previous line. Our objective is to Delay the opening of the final line.
STORY_CH18_INTRO_03,We will not flee onward while leaving the cause behind. We repair the connection here.
STORY_CH18_MID_A_01,"This relay cannot cancel the opening, but delaying its reference clock can buy one day to reach the next core."
STORY_CH18_MID_A_02,This is no simple fault. A machine has hardened someone's choice into a rule.
STORY_CH18_MID_A_03,We know who that rule erases. The next contact will secure the proof.
STORY_CH18_MID_B_01,"Yurien turns long-range fire into time markers, severing the Last Line's second hand section by section."
STORY_CH18_MID_B_02,I will hold the gap in this sector. Follow the signal to where it ends.
STORY_CH18_MID_B_03,This is more than a bargain for one fight. I will come with you to see this route through.
STORY_CH18_OUTRO_01,"The crew wins a day, but a rescue signal reports allies trapped in the Unfading Circuit on the retreat route."
STORY_CH18_OUTRO_02,I will record why we fought together and defend that choice on the next line.
STORY_CH18_OUTRO_03,One chapter's ending has become the next one's cause. We follow the remaining signal.
STORY_CH18_OUTRO_INTERLUDE,"Yurien stays, pledging every last shell to buying the others time."
STORY_CH18_PREBOSS_01,The Doom Signaler compresses the stolen time and fires it back as a single midnight barrage.
STORY_CH18_PREBOSS_02,The weakness I found still holds. We enter before it can rewrite the rule.
STORY_CH18_PREBOSS_03,I have the rear. My recruitment—and this route's outcome—become final only after victory.
STORY_CH19_INTRO_01,Allies retreating from the Last Line are trapped in an unfading circuit that returns only to its start.
STORY_CH19_INTRO_02,This signal is a consequence of the previous line. Our objective is to Recover allies trapped in an endless circuit.
STORY_CH19_INTRO_03,We will not flee onward while leaving the cause behind. We repair the connection here.
STORY_CH19_MID_A_01,The ticket core at the circuit's center erases one companion's reason for joining each lap so it can designate a replacement passenger.
STORY_CH19_MID_A_02,This is no simple fault. A machine has hardened someone's choice into a rule.
STORY_CH19_MID_A_03,We know who that rule erases. The next contact will secure the proof.
STORY_CH19_MID_B_01,"Moen engraves the vanishing reasons into a manual record outside the loop, letting the companions choose one another again."
STORY_CH19_MID_B_02,I will hold the gap in this sector. Follow the signal to where it ends.
STORY_CH19_MID_B_03,This is more than a bargain for one fight. I will come with you to see this route through.
STORY_CH19_OUTRO_01,Breaking the loop without leaving anyone behind gathers every restored light at the Last Lantern.
STORY_CH19_OUTRO_02,I will record why we fought together and defend that choice on the next line.
STORY_CH19_OUTRO_03,One chapter's ending has become the next one's cause. We follow the remaining signal.
STORY_CH19_OUTRO_INTERLUDE,Moen carries the manual record forward to witness the final ignition.
STORY_CH19_PREBOSS_01,The Eternal Ticket's sacrifice is not a will but the default of a damaged return procedure. Moen proves that default can be rewritten.
STORY_CH19_PREBOSS_02,The weakness I found still holds. We enter before it can rewrite the rule.
STORY_CH19_PREBOSS_03,I have the rear. My recruitment—and this route's outcome—become final only after victory.
STORY_CH20_INTRO_01,"Light from nineteen restored routes gathers before the Last Lantern, but ignition authority remains sealed."
STORY_CH20_INTRO_02,This signal is a consequence of the previous line. Our objective is to Ignite the world's final lantern.
STORY_CH20_INTRO_03,We will not flee onward while leaving the cause behind. We repair the connection here.
STORY_CH20_MID_A_01,The seal counts not people but twenty independent signatures secured on different lines; copied records cannot satisfy ignition.
STORY_CH20_MID_A_02,This is no simple fault. A machine has hardened someone's choice into a rule.
STORY_CH20_MID_A_03,We know who that rule erases. The next contact will secure the proof.
STORY_CH20_MID_B_01,Lavent links every defense signal into a final wall so the Abyss cannot erase the companions' records.
STORY_CH20_MID_B_02,I will hold the gap in this sector. Follow the signal to where it ends.
STORY_CH20_MID_B_03,This is more than a bargain for one fight. I will come with you to see this route through.
STORY_CH20_OUTRO_01,"The Lamplighters ignite the final lantern not to erase darkness, but to illuminate a way home through it."
STORY_CH20_OUTRO_02,I will record why we fought together and defend that choice on the next line.
STORY_CH20_OUTRO_03,One chapter's ending has become the next one's cause. We follow the remaining signal.
STORY_CH20_OUTRO_INTERLUDE,"The twenty independent line signatures Lavent connected become the first coordinates of a new timetable, and the world can choose again."
STORY_CH20_PREBOSS_01,"The Last Line Warden warns that lighting the lantern gives every darkness a route as well, and turns ignition against the crew."
STORY_CH20_PREBOSS_02,The weakness I found still holds. We enter before it can rewrite the rule.
STORY_CH20_PREBOSS_03,I have the rear. My recruitment—and this route's outcome—become final only after victory.
STORY_OUT_01,"When the Hollow Engine stopped, the erased destination returned."
STORY_OUT_02,"The final train had not been bound for a lost city, but for a refuge still in motion."
STORY_OUT_03,The first line is connected again. Let us head for the next light.
STORY_PRE_01,"The massive Hollow Engine awoke, swallowing the light along the rails."
STORY_PRE_02,"Check your lights and equipment. From here on, one mistake is too many."
STORY_PRE_03,We are not protecting the rails. We are protecting the stories of the people waiting at their end.
STORY_PRO_01,"After the Great Blackout, the mineral railway beneath the earth became the last route connecting the surviving cities."
STORY_PRO_02,A newly awakened record navigator must restore broken lights and the memories carried between them.
STORY_PRO_03,The first signal is blinking at Platform Seven. We start there.
STORY_PRO_04,I will clear the reconnaissance route. Follow as soon as the signal comes alive.
STORY_REL_I_01,I gathered broken station announcements and turned them into a little chorus.
STORY_REL_I_02,A trace that someone lived matters more to me than perfect pitch.
STORY_REL_I_03,Let us play it together at the next station. It will sound better than listening alone.
STORY_REL_M_01,"Before departure, I even check the seatbelt on the empty seat. I cannot relax if I skip it."
STORY_REL_M_02,I began doing it so I would not forget the teammate who never returned.
STORY_REL_M_03,Today I placed new rescue gear there. An empty place can help save the next person now.
UI_STORY_TITLE,Story
WEAPON_BLADE_V1,Common BLADE Gear WPN001
WEAPON_BLADE_V2,Common BLADE Gear WPN007
WEAPON_COMPACT_V1,Common COMPACT Gear WPN002
WEAPON_COMPACT_V2,Common COMPACT Gear WPN008
WEAPON_FOCUS_V1,Common FOCUS Gear WPN005
WEAPON_FOCUS_V2,Common FOCUS Gear WPN011
WEAPON_HEAVY_V1,Common HEAVY Gear WPN004
WEAPON_HEAVY_V2,Common HEAVY Gear WPN010
WEAPON_RIFLE_V1,Common RIFLE Gear WPN003
WEAPON_RIFLE_V2,Common RIFLE Gear WPN009
WEAPON_SUPPORT_DEVICE_V1,Common SUPPORT_DEVICE Gear WPN006
WEAPON_SUPPORT_DEVICE_V2,Common SUPPORT_DEVICE Gear WPN012
