"relative_path","size_bytes","sha256","modified_utc","category"
".gitignore","96","06db1f0df1f8b858cf184c3b29969b10fce95aa3fe75a5455781b8da1691c7ec","2026-08-17T12:24:30.2376922Z","source"
"CHANGELOG.md","2912","97c8b72ff632f7363d56325b0c658fb666e752eb6f79a225d45c838dad7c8a26","2026-08-18T04:51:22.6301272Z","source"
"data_source/account_level_curve.csv","1278","eefa494960c90c6e91ebb2e78b92be7f807317d6bce927fc146697502c602359","2026-08-18T04:19:01.1003092Z","data"
"data_source/affinity_matrix.json","183","79785bd6d2346a33b353cfca2566de5671bcad2c420d8a3c4953f34fae4132a7","2026-08-17T13:15:35.1150664Z","data"
"data_source/asset_id_migration.json","807","522f6aa8e3b7777387187ce71ad27714c94f5782226d25367b3bbeb5659e9909","2026-08-17T06:12:26.6738274Z","data"
"data_source/breakthroughs.csv","501","7a3f2a52d64de59198f233e7835ca0dc62e8516bdffa3e90b4fca110be2f819f","2026-08-18T04:19:01.1013083Z","data"
"data_source/chapters.json","434","4421abb70cd0cb053aa5cb83dab6c614ed76c35cf2f2786ed3abce375a5c4696","2026-08-18T04:19:01.1043084Z","data"
"data_source/character_archetypes.csv","184","2e12776dd5c99fa61edafb48cb3f1a0399cfa2fc83865ca82020d7b8658d40e6","2026-08-18T04:19:01.0993096Z","data"
"data_source/character_level_curve.csv","2337","9155c63ebc2caf69aa5380a3d210be4e51953d4b81728fc252aeb3eb47520cd5","2026-08-18T04:19:01.0993096Z","data"
"data_source/characters.csv","5227","8f8d6f0540dec31f9a75319a9cd1eb3269e1d9e7fd9a7fe6b979aad53c0ac01e","2026-08-18T04:19:01.0993096Z","data"
"data_source/enemies.csv","2796","4f4789d0bc98d7614d47fff9083e2caa4055e04704f1b6320ef664dc289b9c40","2026-08-18T04:19:01.1033105Z","data"
"data_source/localization/en.csv","6920","4afcb4835cec327e16c7879cd9cd02a7266f528172584066405d890697dfb19a","2026-08-18T04:19:01.1103091Z","data"
"data_source/localization/ko.csv","8537","c913bcb13a5ea3ef2d41217ca7221b0671d6c67ead81755db9caa3554740a6ed","2026-08-18T04:19:01.1093101Z","data"
"data_source/reward_items.csv","3351","e9687af84d4ab35063703184db2126da87a5964dcdb9dec76f4a80194bbd0925","2026-08-18T04:19:01.1043084Z","data"
"data_source/scenarios/scn_ch01_intro.json","969","970240ea47d517bd57c456cea96d3c21a4104e8d7f947e4096d53bb9015c68c6","2026-08-18T04:19:01.1053092Z","data"
"data_source/scenarios/scn_ch01_mid_a.json","969","dd8e49139f496bc9e108ee145117daf8c29b25882f2d69446937731c9317b709","2026-08-18T04:19:01.1053092Z","data"
"data_source/scenarios/scn_ch01_mid_b.json","969","eaac24130fcc1ccb45ad744697a25249412ad828ff2c413dc90f086032c6f36c","2026-08-18T04:19:01.1063103Z","data"
"data_source/scenarios/scn_ch01_mid_c.json","969","440f0a7b8924d9c956b4cdc68f9d110543585ec2f207e9cde3e0608557f87010","2026-08-18T04:19:01.1063103Z","data"
"data_source/scenarios/scn_ch01_outro.json","969","b90752912eb1aa6874addc93fd11a09abd92070699ceff94734f9ea6d23746e5","2026-08-18T04:19:01.1073088Z","data"
"data_source/scenarios/scn_ch01_preboss.json","1052","71b34b0103b5e0f49ef438a2552858b960c4a31024c3e803d73615d1c81a1d56","2026-08-18T04:19:01.1063103Z","data"
"data_source/scenarios/scn_prologue.json","1338","2b62716aee33a9820be490fbb0fb55628d102dce6ec75459893fcdc7390bc6a5","2026-08-18T04:19:01.1053092Z","data"
"data_source/scenarios/scn_rel_iri.json","968","9f95c217b8ae3dfaf369f31c20625acb78a0968175ffcafe85ee68bede8709d7","2026-08-18T04:19:01.1073088Z","data"
"data_source/scenarios/scn_rel_maeru.json","972","157eba0948f5e769887a25a7d02268996bad6159934fb5dcceb2b6d5cf4d0aa7","2026-08-18T04:19:01.1073088Z","data"
"data_source/skill_upgrade_costs.csv","1128","ccac6a068b8ae049421b69e3b3c768b100c8dd32cf06226be6d54c3c525c4146","2026-08-18T04:19:01.1023076Z","data"
"data_source/skills.json","9465","55453c0f25ab3a4065f08b7d212b554f40f9741c2a033f419f6ae3ed1b87851d","2026-08-18T04:19:01.1013083Z","data"
"data_source/stage_balance_overrides.json","241","66ea0f933e11217e5e8c1c14c37123c32c2c15db5f97dad2df6c94e17985f52a","2026-08-18T01:14:19.5340344Z","data"
"data_source/stage_rewards.json","13131","bdf6bccf0b9b1c5d540a89bdd898266d113461dcc924ecca29dc1ae34a02ba20","2026-08-18T04:19:01.1043084Z","data"
"data_source/stages.csv","2129","676d930afdd126b0f6785512487b4684e32038f6a87b6c1d6c5b7247d44bede9","2026-08-18T04:19:01.1033105Z","data"
"data_source/status_effects.json","2400","2595e075214a567c689b054dabff9fe7effa853cd37672324c2c9a8cb64918c1","2026-08-17T13:15:36.9690386Z","data"
"data_source/weapon_level_curve.csv","530","f17b6b4791d8c69aab67fc5cd29659ad25a6d00adbf9ec0444e6859a04bd2c6f","2026-08-18T04:19:01.1003092Z","data"
"data_source/weapon_tier_costs.csv","469","48b9e3b8ab3783036b9a6ba2c1f97c2390f69711ec5fe0c75f1dec574c8dab62","2026-08-18T04:19:01.1023076Z","data"
"data_source/weapons.csv","915","a51468d22560fe4ab7bea5bada0c3e57d0158c0a4d4e03769abce22b777831a6","2026-08-18T04:19:01.1023076Z","data"
"DELETE_CANDIDATES/art_failed_pipeline_r08_attention_20260817/CHR001_MAERU_GUARDIAN/chr001_guardian_r08_project_appearance.png","564421","28ad7eaee8827d14674f1311e4dc1c4c8585b812610a3013ba0ae78697e8ea22","2026-08-17T09:11:05.7121325Z","source"
"DELETE_CANDIDATES/art_failed_pipeline_r08_attention_20260817/CHR001_MAERU_GUARDIAN/chr001_guardian_r08_project_depth.png","65829","bd0bdcab550d33f21dd0e7e98534168b5a0bddb8c7eb1268c90520b2abb1fc91","2026-08-17T09:11:05.3701304Z","source"
"DELETE_CANDIDATES/art_rejected_global_policy_20260817/PILOT_CONCEPT_GUIDES_REFERENCE_ONLY_R02_REJECTED.blend","383476","87554ad4b069094171ac934264ad9e66ed75bda726a6f650e3873f9a5cacab34","2026-08-17T07:30:49.7901026Z","source"
"DELETE_CANDIDATES/art_rejected_global_policy_20260817/QUARANTINE_MANIFEST.md","999","7da11c0476f1a0a4aaa4e4912e21b37d85ed433ff20a6d37d6bb3f3c1b246f99","2026-08-17T07:44:35.2932293Z","source"
"DELETE_CANDIDATES/art_rejected_global_policy_20260817/sdxl_inpaint_pilot_r03/chr001_guardian_r03_mask.png","8257","c7e5c53bfb19a87c8d62f303cf161808846a43c0c05aa5de4cdf5a359188af26","2026-08-17T07:35:06.7741194Z","source"
"DELETE_CANDIDATES/art_rejected_global_policy_20260817/sdxl_inpaint_pilot_r03/chr001_guardian_r03_seed171031.png","864324","a11a98ba37d853e853eec87fb5b609b945f9a7c251e32c78d64168ec0d5a2409","2026-08-17T07:35:28.8466918Z","source"
"DELETE_CANDIDATES/art_rejected_global_policy_20260817/sdxl_inpaint_pilot_r03/chr008_medic_r03_mask.png","5673","a77bc00eaac62c16be036bee36fdfe76c38fb50adcbac78c588ab94b7904239f","2026-08-17T07:35:28.8924989Z","source"
"DELETE_CANDIDATES/art_rejected_global_policy_20260817/sdxl_inpaint_pilot_r03/chr008_medic_r03_seed178031.png","782324","8925badd28fdc3543d1bd2466152ccf0622edad33c60e1bb774a8f6e179de369","2026-08-17T07:35:40.6750681Z","source"
"DELETE_CANDIDATES/art_rejected_global_policy_20260817/sdxl_inpaint_pilot_r03/inpaint_manifest.json","3928","fab56e55e84175a67732c66e2290e5c6ab8fdba7413888b1cbcb6e58f324fc7f","2026-08-17T07:36:42.7050547Z","source"
"DELETE_CANDIDATES/art_rejected_global_policy_20260817/sdxl_pilot_concepts_r01/CHR001_MAERU_GUARDIAN/chr001_maeru_guardian_concept_r01_seed171001.png","1065988","2c7bee301735574f5a7845c942ab1e44ef4171b52b0e4d53e7934400e113aac3","2026-08-17T07:02:44.8817417Z","source"
"DELETE_CANDIDATES/art_rejected_global_policy_20260817/sdxl_pilot_concepts_r01/CHR001_MAERU_GUARDIAN/chr001_maeru_guardian_concept_r02_seed171002.png","714451","ab4c2fc4ffee904fd549d79590c5c785b6bec4664618bcec7831d6b4f59a9ac0","2026-08-17T07:02:56.4847336Z","source"
"DELETE_CANDIDATES/art_rejected_global_policy_20260817/sdxl_pilot_concepts_r01/CHR008_IRI_MEDIC/chr008_iri_medic_concept_r01_seed178001.png","883668","eab93e50178b4e6ed7a625d3051560ffb733ec14c834d10156a6f2077dfc1b65","2026-08-17T07:03:08.1249213Z","source"
"DELETE_CANDIDATES/art_rejected_global_policy_20260817/sdxl_pilot_concepts_r01/CHR008_IRI_MEDIC/chr008_iri_medic_concept_r02_seed178002.png","786451","c31156b437748194c57240bc3653c727226a8f670dae5b6d8a4408992f32ce35","2026-08-17T07:03:19.8231415Z","source"
"DELETE_CANDIDATES/art_rejected_global_policy_20260817/sdxl_pilot_concepts_r01/concept_manifest.json","6652","870bf4af9052997fbf9021587667d39921901cb9d728dc5fde0d66d8b39c3fb3","2026-08-17T07:03:19.8430400Z","source"
"DELETE_CANDIDATES/art_rejected_global_policy_20260817/sdxl_pilot_concepts_r02/CHR001_MAERU_GUARDIAN/chr001_maeru_guardian_concept_r02v01_seed171011.png","883615","347deb650b7c86294bb60612560d730c1b087366a1ec583aaa0f286b28c1dec8","2026-08-17T07:07:23.4518301Z","source"
"DELETE_CANDIDATES/art_rejected_global_policy_20260817/sdxl_pilot_concepts_r02/CHR001_MAERU_GUARDIAN/chr001_maeru_guardian_concept_r02v02_seed171012.png","963373","1eaa550dd38b42123c85e3ea2bc01bd8071d943f475f08856bbcb1dd60aa0eae","2026-08-17T07:07:37.8754585Z","source"
"DELETE_CANDIDATES/art_rejected_global_policy_20260817/sdxl_pilot_concepts_r02/CHR008_IRI_MEDIC/chr008_iri_medic_concept_r02v01_seed178011.png","1049027","432bab308b433d9b77a27132447b753249b69a05e8db5e9fc8522bcaa08e5b6a","2026-08-17T07:07:50.1845674Z","source"
"DELETE_CANDIDATES/art_rejected_global_policy_20260817/sdxl_pilot_concepts_r02/CHR008_IRI_MEDIC/chr008_iri_medic_concept_r02v02_seed178012.png","794136","11f75e6b4af853383512bf0c96305bb92d820d851c75c8d0aefea6d8a22db7d4","2026-08-17T07:08:02.3266223Z","source"
"DELETE_CANDIDATES/art_rejected_global_policy_20260817/sdxl_pilot_concepts_r02/concept_manifest.json","5940","58b150238667d9a397f14629d81f6a5bf134a61f42aceff7c666ebd9773f9bcb","2026-08-17T07:08:02.3449469Z","source"
"DELETE_CANDIDATES/art_rejected_global_policy_20260817/selected_concept_guides_r02/CHR001_GUARDIAN_DIRECTION_R02.png","883615","347deb650b7c86294bb60612560d730c1b087366a1ec583aaa0f286b28c1dec8","2026-08-17T07:07:23.4518301Z","source"
"DELETE_CANDIDATES/art_rejected_global_policy_20260817/selected_concept_guides_r02/CHR008_MEDIC_FACE_COLOR_DIRECTION_R02.png","794136","11f75e6b4af853383512bf0c96305bb92d820d851c75c8d0aefea6d8a22db7d4","2026-08-17T07:08:02.3266223Z","source"
"DELETE_CANDIDATES/art_rejected_role_policy_20260817/QUARANTINE_MANIFEST.md","579","c73c272cfeeb74c6c195b2c07d6a5a3ab4f327d8264f3820a038e1dc1df40fa2","2026-08-17T08:18:07.4222044Z","source"
"DELETE_CANDIDATES/art_rejected_role_policy_20260817/sdxl_controlnet_role_pilot_r06/CHR001_MAERU_GUARDIAN/chr001_maeru_guardian_concept_r06v01_seed171061.png","1183399","29830d51ac401c8167665b6b6a4bffc6b1e9b73f3fb1c32728e684445cd9358d","2026-08-17T08:02:51.2793355Z","source"
"DELETE_CANDIDATES/art_rejected_role_policy_20260817/sdxl_controlnet_role_pilot_r06/CHR001_MAERU_GUARDIAN/chr001_maeru_guardian_project_guide.png","10676","0065f4879d5fef1928bbf001670970b7cdcec0d25a59142ebd6cde73203d8d6b","2026-08-17T08:02:33.1313541Z","source"
"DELETE_CANDIDATES/art_rejected_role_policy_20260817/sdxl_controlnet_role_pilot_r06/CHR008_IRI_MEDIC/chr008_iri_medic_concept_r06v01_seed178061.png","533029","78f5176ea93a70b80458d12c0e79cd0c30f11093d4a1bec5012833de5b98efc1","2026-08-17T08:03:04.9799699Z","source"
"DELETE_CANDIDATES/art_rejected_role_policy_20260817/sdxl_controlnet_role_pilot_r06/CHR008_IRI_MEDIC/chr008_iri_medic_project_guide.png","10149","a1baff64eff279bb42a1b3ca48315ea61e48a7e1573fff55fea5bb1d0eac5cc8","2026-08-17T08:02:51.3313915Z","source"
"DELETE_CANDIDATES/art_rejected_role_policy_20260817/sdxl_controlnet_role_pilot_r06/controlnet_manifest.json","5157","10d235fdf2824606a4ea5228f1501830cc63ff00e321237ad5c991a48faafdd6","2026-08-17T08:04:11.0258035Z","source"
"DELETE_CANDIDATES/art_rejected_role_policy_20260817/sdxl_depth_role_pilot_r07/CHR001_MAERU_GUARDIAN/chr001_maeru_guardian_concept_r07v01_seed171071.png","865163","db5252e4cbd3386b02d162e1edcc5af3933c20aa3a0782a020f29453243fd7ed","2026-08-17T08:16:50.1848726Z","source"
"DELETE_CANDIDATES/art_rejected_role_policy_20260817/sdxl_depth_role_pilot_r07/CHR001_MAERU_GUARDIAN/chr001_maeru_guardian_project_depth.png","44750","06e539d5c41c13f7fb7ee5f319627369e76a1e6db257ef612255f63a4f004d01","2026-08-17T08:16:27.5966791Z","source"
"DELETE_CANDIDATES/art_rejected_role_policy_20260817/sdxl_depth_role_pilot_r07/CHR008_IRI_MEDIC/chr008_iri_medic_concept_r07v01_seed178071.png","1016845","b8395f2acf252d12ffb767595614af161857dc1f09cb047bd4579b1af390997b","2026-08-17T08:17:07.6570093Z","source"
"DELETE_CANDIDATES/art_rejected_role_policy_20260817/sdxl_depth_role_pilot_r07/CHR008_IRI_MEDIC/chr008_iri_medic_project_depth.png","55772","50583d18fff2fdef43947e8263df144f435204a6855436cdc7019c596c00a963","2026-08-17T08:16:50.2698720Z","source"
"DELETE_CANDIDATES/art_rejected_role_policy_20260817/sdxl_depth_role_pilot_r07/depth_manifest.json","5148","7f0d563404177ec068b7d822c6693fe9dca06214c8dbf8a8238f40738866556f","2026-08-17T08:17:52.2728035Z","source"
"DELETE_CANDIDATES/native_builds_created_in_error_20260817/BUILD_ANDROID_DEBUG.ps1","377","f4cfe6a1d17e3daa920c7766674c86837efc246b0ac9e7cc0ac47b509099b00a","2026-08-17T05:03:48.0960116Z","source"
"DELETE_CANDIDATES/native_builds_created_in_error_20260817/BUILD_WINDOWS.ps1","597","89d6e85c9887d245daef5ee73ff878d05bfb2d822d38a00349c1310b77ec4332","2026-08-17T05:03:46.4003029Z","source"
"DELETE_CANDIDATES/native_builds_created_in_error_20260817/LANTERNLINE_DEV.exe","108011608","eb4b43a6fd5398cd19f9a7c2c6e72ff6761c5a30cdc79d2072e85e394688d2ba","2026-08-17T08:47:07.5020472Z","source"
"DELETE_CANDIDATES/native_builds_created_in_error_20260817/SD_STORY_RPG_DEV_WINDOWS.zip","39439029","e24be0d1cdcc50ea31f01ad6da5de6a65e96955afce69cfd4a32e7ffad40a14b","2026-08-17T08:47:10.9837244Z","source"
"DELETE_CANDIDATES/README.md","308","825a19bdaefa72879adcea2529eaa767cb2d5f37edc865132b23a94003c283b7","2026-08-17T05:07:25.5130253Z","source"
"docs/art/ART_DIRECTION_BIBLE.md","999","6a87f3b7953b3c277f2b9411846c9dd4f4d5f1fc335fe414ecff4ea243e28a19","2026-08-18T01:40:32.1947122Z","document"
"docs/art/CHARACTER_DESIGN_BIBLE.md","813","a9c4a04d29607500795865a22f36587ddb77a48a846ad2620fb44a026fedb53a","2026-08-18T01:40:32.1958278Z","document"
"docs/art/ENVIRONMENT_STYLE_BIBLE.md","571","58f61f1400fc5ecc605c8974ce4b546d7d993df59c83022d8c8a111da4761ae5","2026-08-18T01:40:32.1968262Z","document"
"docs/art/ORIGINALITY_AND_IP_CHECKLIST.md","535","e37098c9aa52722a0102ddf716167f77f8018eb1207ec946943f7ce0d8372676","2026-08-18T01:40:32.1998263Z","document"
"docs/art/R6_GPT_WEB_REMEDIATION_SPEC.md","2344","4ca4e69e9ea021294b8ab4d12ff36b48d4b129ca6afb9721a87483d078f82fc7","2026-08-18T03:12:58.1018643Z","document"
"docs/art/REFERENCE_ABSTRACTION_MATRIX.md","1201","4828ea725f0cd3710e3c03e6f9bf2a4a493776d7da93547385f910cb52405392","2026-08-18T01:40:32.1988270Z","document"
"docs/art/SD_STYLE_BIBLE.md","658","87b546144a0db2de17b31009fb6acfe628407b32c7a7444bd9311b32c6d7f6f6","2026-08-18T01:40:32.1958278Z","document"
"docs/art/UI_VISUAL_BIBLE.md","576","f0502326cb7def448cc183ae555e1402ea3e0517a177c1732557b52374b55ac3","2026-08-18T01:40:32.1978264Z","document"
"docs/art/VFX_STYLE_BIBLE.md","508","414a501346f86f3fe6c0003caf3db40ac51b7eb660ca9a97850ade618b2b27e3","2026-08-18T01:40:32.1978264Z","document"
"docs/ASSET_CONTRACT.md","2246","6f89a588400eae72ac3a34cbc8f3122e739ffedf5c22b5e66a8b2605c31c377e","2026-08-17T11:19:04.2436180Z","document"
"docs/ASSET_OWNERSHIP_DECLARATION_TEMPLATE.md","237","5b01021a0c68ac7f113717b850d00cd4f0de0f413189d406cff554bebcde3a8a","2026-08-18T01:45:53.4584175Z","document"
"docs/BUILD_GUIDE.md","960","72fd335a5a2b29d5952fd121587774f18811133e3888fb3ec2c4cb41119eeaaa","2026-08-17T09:48:09.4102585Z","document"
"docs/CHAPTER_01_SCRIPT.md","701","a88c5aafe217bfca56e710757ce0c7a753bd1a194bf1c8103654997adcad2d7d","2026-08-17T05:02:23.1381424Z","document"
"docs/COMBAT_SPEC.md","1423","711ae58efaf9f1e7e8c7d61f556246c90eca90d3f2c1ed05ac6cad712f964d49","2026-08-17T05:02:12.1124031Z","document"
"docs/CREATIVE_BIBLE_DRAFT.md","2984","c133cfa83fbcd325579e6950a0ca9de0e9af064940a2e45e2f1a35a1bd17b1ec","2026-08-17T05:02:08.1117599Z","document"
"docs/DATA_SCHEMA.md","847","73f031b1adc33dcf6096d06eb0b4a1fb4b4943176f865322ca7fc352c2936e4c","2026-08-17T05:02:17.4431180Z","document"
"docs/ECONOMY_SPEC.md","684","dfd85c8ae1b24e23d08b1e2985dddc0a568467b027b2ddc631db3c779aa4f9ae","2026-08-17T05:02:15.5950100Z","document"
"docs/GAME_DESIGN.md","970","b38da3241c714a45f31ff7ae8a67eff215ccdef7689c2c75d64978887d6cf2a5","2026-08-17T05:02:10.3502685Z","document"
"docs/GROWTH_SPEC.md","809","b9993bcc4831f600ceda7808a308bc41fa430740a9d4c52351958b7cbec96944","2026-08-17T05:02:13.8292383Z","document"
"docs/LICENSE_POLICY.md","1260","69a23b799c177bae0bf7e01e0cccf9d00158e1e9e96c510e784749e77f1bd3d2","2026-08-17T07:19:47.5036982Z","document"
"docs/PROJECT_CONTENT_POLICY.md","1877","a3de9b2508141ae3ce3a2fc07d879e47dab70202efa917b25f41c361f95f4310","2026-08-17T07:40:14.5414303Z","document"
"docs/SCENARIO_FORMAT.md","696","c1d68186aa2617e9b24fc09306b154c2eaa20046ea6475c38438f3b733bd8d17","2026-08-17T05:02:19.2283721Z","document"
"godot/.runtime_profile/Local/Godot/editor_doc_cache-4.7.res","3269343","a163f691c7baeb1946cf575f67ca28e14bfebfab401581f37064137150e11877","2026-08-17T12:25:37.6566322Z","runtime"
"godot/.runtime_profile/Roaming/Godot/app_userdata/LANTERNLINE DEV/logs/godot.log","4076","7fe4f18cef703751a8beb01ab5ef1fab8f15d44a200520d7c060ff7e593dd8bd","2026-08-18T04:33:38.4546715Z","runtime"
"godot/.runtime_profile/Roaming/Godot/app_userdata/LANTERNLINE DEV/logs/godot2026-08-18T12.22.47.log","4530","97f8da820ae2c59cbd90f5f126d4a4fba96c3689b75114f8cd189982e6fc4ab8","2026-08-18T03:22:47.4014591Z","runtime"
"godot/.runtime_profile/Roaming/Godot/app_userdata/LANTERNLINE DEV/logs/godot2026-08-18T12.55.59.log","4076","7fe4f18cef703751a8beb01ab5ef1fab8f15d44a200520d7c060ff7e593dd8bd","2026-08-18T03:55:59.7782295Z","runtime"
"godot/.runtime_profile/Roaming/Godot/app_userdata/LANTERNLINE DEV/logs/godot2026-08-18T13.19.01.log","4076","7fe4f18cef703751a8beb01ab5ef1fab8f15d44a200520d7c060ff7e593dd8bd","2026-08-18T04:19:02.0007865Z","runtime"
"godot/.runtime_profile/Roaming/Godot/app_userdata/LANTERNLINE DEV/logs/godot2026-08-18T13.33.37.log","4076","7fe4f18cef703751a8beb01ab5ef1fab8f15d44a200520d7c060ff7e593dd8bd","2026-08-18T04:33:37.6741121Z","runtime"
"godot/.runtime_profile/Roaming/Godot/app_userdata/LANTERNLINE DEV/save_v1.backup.json","8","98e8e66d98f45504a80923203572020d15c102340a21a5201c92c598a7e34b69","2026-08-18T04:33:38.4546715Z","runtime"
"godot/.runtime_profile/Roaming/Godot/app_userdata/LANTERNLINE DEV/save_v1.json","6913","88165100e54addc2d51c5d5ffc89318aee5463e604934ac57a551ca4b1c9dd26","2026-08-18T04:33:38.4456694Z","runtime"
"godot/.runtime_profile/Roaming/Godot/app_userdata/LANTERNLINE DEV/shader_cache/CanvasShaderGLES3/958e52cedf6d95c603fcce0cbaf72253a2eed3294c868c3e36fa4bc188a8ea5a/6bb7c9a2fd1c4a8fa77cb96555b9b4a720209981.cache","51577","4c3cbdcd282b8726459bb2cd8108d103c0af44fba0752deec606df7488dc438b","2026-08-17T13:48:31.2761556Z","runtime"
"godot/.runtime_profile/Roaming/Godot/app_userdata/LANTERNLINE DEV/shader_cache/CopyShaderGLES3/74d83d3f129fac3d701fb49fdab3e1ae7033340d999e3e10995e3b7fb2d3a645/6bb7c9a2fd1c4a8fa77cb96555b9b4a720209981.cache","118055","864124a6c42398d70fe11877de72349671eab879fb832a744366be5fff27d3f4","2026-08-17T13:48:26.8504448Z","runtime"
"godot/.runtime_profile/Roaming/Godot/app_userdata/LANTERNLINE DEV/shader_cache/FeedShaderGLES3/07d0852685ecbec21009b89969481781ddf6e0eefc3617204c9d2cebe38a0a6f/6bb7c9a2fd1c4a8fa77cb96555b9b4a720209981.cache","8261","df2c0c05d5ffe3a9c5d0a0e1b32b5e01600d0e96c1d09bfaf90d91f07bce940b","2026-08-17T13:48:26.9094880Z","runtime"
"godot/.runtime_profile/Roaming/Godot/app_userdata/LANTERNLINE DEV/shader_cache/PostShaderGLES3/f6f0681a2beb8a1faf162f72132faad14375351aab1d621ac76f8c2bfa414421/6bb7c9a2fd1c4a8fa77cb96555b9b4a720209981.cache","13656","c5ad4c545aa0242b8a92e2c3cf8fb37144eddf57ecb60f0fbbcba4734b2c37bb","2026-08-17T13:48:26.9004883Z","runtime"
"godot/.runtime_profile/Roaming/Godot/app_userdata/LANTERNLINE DEV/shader_cache/SceneShaderGLES3/046a217ee8c06ec5f18730f9bef0535e1e347c1aacfee4559a33c9a92ac5e448/6bb7c9a2fd1c4a8fa77cb96555b9b4a720209981.cache","800909","1187e9ac6fa46d759080f1d64a9621ead6ed4247a35acbe878ee3f8ac0bdfbaa","2026-08-17T13:48:27.6810898Z","runtime"
"godot/.runtime_profile/Roaming/Godot/editor_settings-4.7.tres","17817","d1b82bfc61dc004f823b30550d841608df20aafb7b67b82db8282d99047feca7","2026-08-18T04:38:33.5857901Z","runtime"
"godot/.runtime_profile/Roaming/Godot/export_templates/4.7.1.stable/web_nothreads_debug.zip","10231638","eb6ca0ca168c405e73b20a4439d6dc048d74ae65eb31cc7675b6bc3cf7ad1815","2026-08-17T09:10:12.3937715Z","runtime"
"godot/.runtime_profile/Roaming/Godot/export_templates/4.7.1.stable/web_nothreads_release.zip","10246274","b7b7d7da29fc6cc2f4934fdd26cc571a40e7af57f716ea3eb7e18da720dae28a","2026-08-17T09:10:12.7754136Z","runtime"
"godot/assets/art/asset_manifest.json","2829","1a1648ac032ff15290cc0117a53a942f85995dc244120d265f3c9878441c5767","2026-08-18T00:29:45.8873006Z","asset"
"godot/assets/art/backgrounds/BG_BATTLE_GLASS_RAIL/bg_battle_glass_rail_1920x1080.png","3245402","aa2caeb0086b5f0087765ea424fcb9944cacea0a5a592c8066015d1b7629f142","2026-08-18T03:06:19.8763972Z","asset"
"godot/assets/art/backgrounds/BG_BATTLE_GLASS_RAIL/bg_battle_glass_rail_1920x1080.png.import","1038","299c5537224482edacbf2eebee1da22ab753ff85d5e773dda985e5b4fc0c6e95","2026-08-18T03:30:23.2190306Z","asset"
"godot/assets/art/backgrounds/BG_BOSS_SIGNAL_CATHEDRAL/bg_boss_signal_cathedral_1920x1080.png","3351284","3cd0fb114dcd7995257ff687409e18108238438434803886fb0d046443d6e4d9","2026-08-18T03:06:22.2828664Z","asset"
"godot/assets/art/backgrounds/BG_BOSS_SIGNAL_CATHEDRAL/bg_boss_signal_cathedral_1920x1080.png.import","1053","62bb7b6ec34d2079299df599d118c98c60bb8d92bec3b40a7fa6bf8414faf10e","2026-08-18T03:30:22.8040313Z","asset"
"godot/assets/art/backgrounds/BG_STORY_RELAY/bg_story_relay_1920x1080.png","3265452","3d08b8acd74a4b66957c1deb46df03e2eec8d3483c6373aec4d4fb021de09863","2026-08-18T03:06:17.5486905Z","asset"
"godot/assets/art/backgrounds/BG_STORY_RELAY/bg_story_relay_1920x1080.png.import","1014","adba175aa02374853d35c815a6a4e581b534583769147a2dbe0575469a6bc82e","2026-08-18T03:30:23.0890317Z","asset"
"godot/assets/art/bosses/BOSS001/animation_manifest.json","4646","3050466942cbdc91e97a1398bee75ac14817f2ce31e4c9b10cd9b893baa8e737","2026-08-18T03:09:46.8917927Z","asset"
"godot/assets/art/bosses/BOSS001/basic_attack/basic_attack_00.png","297008","cf250a88d4e8634c06963e977e5b1c9e1f09a51a36b74cde2e312896845b539e","2026-08-18T03:06:08.7605248Z","asset"
"godot/assets/art/bosses/BOSS001/basic_attack/basic_attack_00.png.import","987","36130424bb66ab82ed34d5f72788eb86f7c17a3228d6d8c3630a3cb662406e88","2026-08-18T03:30:22.1480303Z","asset"
"godot/assets/art/bosses/BOSS001/basic_attack/basic_attack_01.png","297591","dc45fdaf7cc91f5811c100bb1667b6e9fac95ba5dbfad2c54efa715dd623860d","2026-08-18T03:06:08.8715233Z","asset"
"godot/assets/art/bosses/BOSS001/basic_attack/basic_attack_01.png.import","988","c5698e38c6bf592ce84a36b75abc3334b8c93706d5c99118e2b2edb5b0d510f2","2026-08-18T03:30:22.1330315Z","asset"
"godot/assets/art/bosses/BOSS001/basic_attack/basic_attack_02.png","298568","c7294397c27f0cd7f783f0ca4668e7b48247383c7eaebb73ac96d3fe9fee05f1","2026-08-18T03:06:08.9845241Z","asset"
"godot/assets/art/bosses/BOSS001/basic_attack/basic_attack_02.png.import","988","4a365b7090b0733177a9708a002b566bf0b48334f1bf804c951ac9e161af1208","2026-08-18T03:30:22.1300304Z","asset"
"godot/assets/art/bosses/BOSS001/basic_attack/basic_attack_03.png","298261","0662c4cd62437ca7b8573867b6248bce312ed35b3a8aa13a3b7801cd54481440","2026-08-18T03:06:09.0955245Z","asset"
"godot/assets/art/bosses/BOSS001/basic_attack/basic_attack_03.png.import","988","6a9d960ae10a9563d3165ae82d7d9b63cc61521117c923e553ff0732f30b306c","2026-08-18T03:30:22.0660317Z","asset"
"godot/assets/art/bosses/BOSS001/basic_attack/basic_attack_04.png","297418","4e65a29d6a6e049b9a24fbe1c826bff25f939f4378e01f5c8d48fc4c5425ac29","2026-08-18T03:06:09.2045243Z","asset"
"godot/assets/art/bosses/BOSS001/basic_attack/basic_attack_04.png.import","988","d03e1ced413659dbf001108d770479f4dc523044b716f4583a4d4d8414a82cf6","2026-08-18T03:30:22.0760316Z","asset"
"godot/assets/art/bosses/BOSS001/basic_attack/basic_attack_05.png","296957","8b331ba7c1f20a91e3ff5bc15b73782261379341e3187daa4f634ea3aee16d86","2026-08-18T03:06:09.3165246Z","asset"
"godot/assets/art/bosses/BOSS001/basic_attack/basic_attack_05.png.import","988","c12a3c747d505c3344a6fd88c1d1ce0d9709852dc24b040ab9ee4a56889162d4","2026-08-18T03:30:22.0600306Z","asset"
"godot/assets/art/bosses/BOSS001/basic_attack/basic_attack_06.png","296715","87ed7613a8957ce6815a0daad9574ce944365d4d7f68f378d9bead01f6c52777","2026-08-18T03:06:09.4245248Z","asset"
"godot/assets/art/bosses/BOSS001/basic_attack/basic_attack_06.png.import","987","0d2ae23ebe3f66395d1a8c9357b54cca314dac25d818b913104df18a969d2267","2026-08-18T03:30:22.0050318Z","asset"
"godot/assets/art/bosses/BOSS001/basic_attack/basic_attack_07.png","296782","1a74b9bdd53a757eebe3a9a0f31a7ba438d060d5ab46dbe184197f592a4a88a5","2026-08-18T03:06:09.5425245Z","asset"
"godot/assets/art/bosses/BOSS001/basic_attack/basic_attack_07.png.import","987","766cd25e031eb52522ae2fa3cfd96d50a5f1dc6a687cd4564fb2aeb356b2ec95","2026-08-18T03:30:21.9780307Z","asset"
"godot/assets/art/bosses/BOSS001/down/down_00.png","255414","80f790e10c75d5df3af7a0281bc0b2dda656921ee98a77f369747f066195e489","2026-08-18T03:06:13.3940756Z","asset"
"godot/assets/art/bosses/BOSS001/down/down_00.png.import","956","1af7f44f05277d99ab395da8983dd126724663f5e681aeb3236939edd46ff725","2026-08-18T03:30:21.9830300Z","asset"
"godot/assets/art/bosses/BOSS001/down/down_01.png","254847","c07e1b74d40a62a17f354cc9465c93b41e9d17c7735e8bb1145ea27634dc040b","2026-08-18T03:06:13.5100775Z","asset"
"godot/assets/art/bosses/BOSS001/down/down_01.png.import","956","3b41e6cf73bec78240f7f4df2df3e0931e5076a9f325948cc21ed0d96043374b","2026-08-18T03:30:21.9290311Z","asset"
"godot/assets/art/bosses/BOSS001/down/down_02.png","253547","42f65170c5aa83a8d4570ce061cfe22511ecb65f3bb6becb477d92c43286d996","2026-08-18T03:06:13.6158250Z","asset"
"godot/assets/art/bosses/BOSS001/down/down_02.png.import","956","85b19130c46a5e4d72ef8fe65b96da646835809bc074860236bea6718724cdb0","2026-08-18T03:30:21.9280320Z","asset"
"godot/assets/art/bosses/BOSS001/down/down_03.png","253185","9bd9db1b41d324984b01d78b6dfc130f1c6f3c777165d485eb4c3b1700249f94","2026-08-18T03:06:13.7181203Z","asset"
"godot/assets/art/bosses/BOSS001/down/down_03.png.import","956","8ab5b92ba3975491192353e0bf94063b5e28f36a73bef63da5b12c97d1373f39","2026-08-18T03:30:21.9170298Z","asset"
"godot/assets/art/bosses/BOSS001/down/down_04.png","250785","a00ceaa29cc81b7d14cf3164cfe71c1c1da1ad294b1635b9dc33e21062234417","2026-08-18T03:06:13.8211706Z","asset"
"godot/assets/art/bosses/BOSS001/down/down_04.png.import","956","83bf62197d80f6d2c0a00be02f004bc71003812b4ccdfc41fe9c072e5364e991","2026-08-18T03:30:21.8600314Z","asset"
"godot/assets/art/bosses/BOSS001/down/down_05.png","249840","b9bad79e56b48445abb650b66f50327824773ed0d150c55cb8cfcffa6f1a7614","2026-08-18T03:06:13.9241706Z","asset"
"godot/assets/art/bosses/BOSS001/down/down_05.png.import","956","68754a98ac302f734e2a6f8ff3d32ee6457a8c3425673d5e7fe0ff0a4beb309c","2026-08-18T03:30:21.8420310Z","asset"
"godot/assets/art/bosses/BOSS001/down/down_06.png","247606","2a05f698ff6e12678f8226e8f097f59eb43cf99b06b45b01ee5f9979af265e70","2026-08-18T03:06:14.0347646Z","asset"
"godot/assets/art/bosses/BOSS001/down/down_06.png.import","955","f384a15c6c41a165c3ae079896078f3bd29228e42ed07b153e3d8f039c7c690d","2026-08-18T03:30:21.8420310Z","asset"
"godot/assets/art/bosses/BOSS001/down/down_07.png","247407","7cd8c992bfc6b118494a328e9793810db4234f8331a0281eee97629baaae5752","2026-08-18T03:06:14.1383894Z","asset"
"godot/assets/art/bosses/BOSS001/down/down_07.png.import","956","5189d00397e68b7f010053a64be625678303ed2aa0d1d179e6cc2a9d98ab0e5a","2026-08-18T03:30:21.7790299Z","asset"
"godot/assets/art/bosses/BOSS001/hit/hit_00.png","304534","f5404a6740b3a6566440c412607d98278a6b61889b7bae5accfe862e89fe8af5","2026-08-18T03:06:12.9561248Z","asset"
"godot/assets/art/bosses/BOSS001/hit/hit_00.png.import","952","0f9c433c8667f2fb224db157846e7a8317b21374ec7aa04f249318edbcab1fd6","2026-08-18T03:30:21.7850303Z","asset"
"godot/assets/art/bosses/BOSS001/hit/hit_01.png","305147","6857e0c50538a6a74e06e4123a9521bac526efa57d6d18c90c39ac081af580aa","2026-08-18T03:06:13.0641249Z","asset"
"godot/assets/art/bosses/BOSS001/hit/hit_01.png.import","951","cb43ef591e01e8212b4670967c1da01ff38a35615cd4a062575f98a43df20af3","2026-08-18T03:30:21.7870313Z","asset"
"godot/assets/art/bosses/BOSS001/hit/hit_02.png","305070","5e177c509814009e55e650980eb72c5b1893a52470e226d98958fb27e9087295","2026-08-18T03:06:13.1741248Z","asset"
"godot/assets/art/bosses/BOSS001/hit/hit_02.png.import","951","1d3e592e347351ff8d298a602f58b74ec95c799bb4cfbce2d2e9c8c479b471cf","2026-08-18T03:30:21.7270312Z","asset"
"godot/assets/art/bosses/BOSS001/hit/hit_03.png","304534","9f8d67823fd959870f343d892500a7dfb46ade079210d1eea6cdaf0da9d2101d","2026-08-18T03:06:13.2791248Z","asset"
"godot/assets/art/bosses/BOSS001/hit/hit_03.png.import","952","1a9bc50f2d7a753a58f215b7bd77f23902017f045e9e8e549a45d334dff1a8ad","2026-08-18T03:30:21.7020316Z","asset"
"godot/assets/art/bosses/BOSS001/idle/idle_00.png","321806","ac5c2aa1830c18a067b830873a3447de03dbfc2b96b44da5b8c284f1b987776e","2026-08-18T03:06:06.4231157Z","asset"
"godot/assets/art/bosses/BOSS001/idle/idle_00.png.import","956","4765fa51d8dd2dc7beed3b483c599d0d6558cee7874515a6c24b1d09469ee5cd","2026-08-18T03:30:21.7000342Z","asset"
"godot/assets/art/bosses/BOSS001/idle/idle_01.png","324061","52ed99375571b0bc14c9f712732849c3f8921d58466f50f40a221548d2c6bf12","2026-08-18T03:06:06.6141166Z","asset"
"godot/assets/art/bosses/BOSS001/idle/idle_01.png.import","956","afb2432d2c95568d4ef74fd1045e966b1f49873d5b559d56df49d51fe3015d2c","2026-08-18T03:30:21.6300310Z","asset"
"godot/assets/art/bosses/BOSS001/idle/idle_02.png","324068","903eadc6910e198acfffc2f2ce786f27649cc28f1368264a3dfa10bd2d380ce9","2026-08-18T03:06:06.7211159Z","asset"
"godot/assets/art/bosses/BOSS001/idle/idle_02.png.import","956","4486757c0bb700c82fa8c484ac8a75cade2aa58acc83bc22b65364b96f693085","2026-08-18T03:30:21.5770312Z","asset"
"godot/assets/art/bosses/BOSS001/idle/idle_03.png","322690","4ec0a650ac2d315c37bfeb7d365896f736632428f6461ab95a1a14223f11c20d","2026-08-18T03:06:06.8290401Z","asset"
"godot/assets/art/bosses/BOSS001/idle/idle_03.png.import","955","6903f729dba595836e7e6a522b05fa7f7731bea55ba1bb2aeebab812b75401a2","2026-08-18T03:30:23.1000314Z","asset"
"godot/assets/art/bosses/BOSS001/idle/idle_04.png","320536","5c5f5e0883ebc0a2beb9d3f7862affc61e38383e1f77f00874915414bd238a00","2026-08-18T03:06:06.9350408Z","asset"
"godot/assets/art/bosses/BOSS001/idle/idle_04.png.import","955","144f118c685e05e9c20518598cbb42120360e245b43918739f19bc583fc68bad","2026-08-18T03:30:23.0300301Z","asset"
"godot/assets/art/bosses/BOSS001/idle/idle_05.png","319072","6588012480dd897e0f06ebbd0c50ca230bba636c754bc07baace77eead7288bf","2026-08-18T03:06:07.0430403Z","asset"
"godot/assets/art/bosses/BOSS001/idle/idle_05.png.import","956","8eaf3fa57ca76a1baec407a9ffdb725688241f023c127b935e492d4ff82ae2a2","2026-08-18T03:30:23.0080313Z","asset"
"godot/assets/art/bosses/BOSS001/idle/idle_06.png","319490","f5aeb9d86e60a9a0c5bc02d99d7de6b1de57c554a97539794815816037a34880","2026-08-18T03:06:07.1607041Z","asset"
"godot/assets/art/bosses/BOSS001/idle/idle_06.png.import","954","bd15a0135e9a308516a63e3add4fcaf3e4eae7aaa961ad62d3de8b2b4fc8ad97","2026-08-18T03:30:22.9980319Z","asset"
"godot/assets/art/bosses/BOSS001/idle/idle_07.png","321806","49a597ac03e5943c1b964ccdb3d1b4480b6aa98a52d01bc1e58909a63cbd7112","2026-08-18T03:06:07.2777059Z","asset"
"godot/assets/art/bosses/BOSS001/idle/idle_07.png.import","956","866cc0d62fce7ea8690b3d7345714d67fcf8513ed63cdf3eff9b1e8e5a70a1c1","2026-08-18T03:30:22.9830301Z","asset"
"godot/assets/art/bosses/BOSS001/move/move_00.png","340579","b0aad47b382c41585326b70cab64cbf77ba9cd6d026b3381b0d438907fcf2807","2026-08-18T03:06:07.3907035Z","asset"
"godot/assets/art/bosses/BOSS001/move/move_00.png.import","956","651f230a41ede96ee22f62bc955f0fea9b18fb0ec8cd85058e90d92143ca475f","2026-08-18T03:30:22.9530300Z","asset"
"godot/assets/art/bosses/BOSS001/move/move_01.png","342331","b26edb693fc28be6c9ea0584e6046706d419ac76a950fa42c8e97dca71f42658","2026-08-18T03:06:07.5087036Z","asset"
"godot/assets/art/bosses/BOSS001/move/move_01.png.import","956","f8fa903cbfa3c0cd4f0663159e73ade3de172dfdcd70901aded89ebcbf1cd86c","2026-08-18T03:30:22.8850311Z","asset"
"godot/assets/art/bosses/BOSS001/move/move_02.png","343108","63ea429970eef0c3c56d1dfee7da4d2c354aad88ad0d6cebe4f46acf70c9ea68","2026-08-18T03:06:07.6315257Z","asset"
"godot/assets/art/bosses/BOSS001/move/move_02.png.import","956","3d7f68d39e8431effc6e2948219fec9395682b22bfd22fbe225f3ae6dbb9aaf2","2026-08-18T03:30:22.8710312Z","asset"
"godot/assets/art/bosses/BOSS001/move/move_03.png","343482","c4a26b3937615ee1876b48f328968365763106621d51c5519f0cecdab2d43b75","2026-08-18T03:06:07.7445265Z","asset"
"godot/assets/art/bosses/BOSS001/move/move_03.png.import","955","12a86036510d225cdb84d6ede8e8798c0928e65cefac3de4edab396f5caf5fb3","2026-08-18T03:30:22.8550315Z","asset"
"godot/assets/art/bosses/BOSS001/move/move_04.png","342763","615ac0affc109ba35d98599cf874e7be9edc66d81c10bcc3f55ef1bcff23eb24","2026-08-18T03:06:07.8595257Z","asset"
"godot/assets/art/bosses/BOSS001/move/move_04.png.import","956","267cac432586ea512b92866ab996d672ea608a098a039afb0509cb024fc559fe","2026-08-18T03:30:22.8440309Z","asset"
"godot/assets/art/bosses/BOSS001/move/move_05.png","341637","9a2347fd0093e005bfbc8ee0baafde8aeb6f910044c621d6428f64cc6615c477","2026-08-18T03:06:07.9705284Z","asset"
"godot/assets/art/bosses/BOSS001/move/move_05.png.import","956","43f74dfdac82059e173e4d29702a195401681a419c05a89d2113fcf7efdda4d1","2026-08-18T03:30:22.7440317Z","asset"
"godot/assets/art/bosses/BOSS001/move/move_06.png","341593","437c72cc952d769834e91c54c0d62b9a63540bf78daf5a309f91c74c91036415","2026-08-18T03:06:08.0825234Z","asset"
"godot/assets/art/bosses/BOSS001/move/move_06.png.import","956","5b1c149941fa18badd9254bed17bcb80aa12f059094ec4d0fcac060890d32b20","2026-08-18T03:30:22.7270328Z","asset"
"godot/assets/art/bosses/BOSS001/move/move_07.png","342639","6731d78cd8b36577da635f3c16ff1596fed038f6bb9e3d2bda201c75c998210a","2026-08-18T03:06:08.1955251Z","asset"
"godot/assets/art/bosses/BOSS001/move/move_07.png.import","956","406c18608cb525883a862171a8219de59867f024b862d82155515e8acf00d65f","2026-08-18T03:30:22.7120311Z","asset"
"godot/assets/art/bosses/BOSS001/move/move_08.png","342924","28e176d7ea35c84a35e49db84d5e1a46a548fe39e74515016a14b07479f290bc","2026-08-18T03:06:08.3095259Z","asset"
"godot/assets/art/bosses/BOSS001/move/move_08.png.import","956","bf44fb75aad9561e0ac3618c030f7351000d66de26197d63fcb116e962682452","2026-08-18T03:30:22.7050312Z","asset"
"godot/assets/art/bosses/BOSS001/move/move_09.png","343185","4fab861fc839d36653c0a00d65aa96dd433049b52e3bb263651b2cd70d9f923a","2026-08-18T03:06:08.4225250Z","asset"
"godot/assets/art/bosses/BOSS001/move/move_09.png.import","955","c3f5a2b5c0ee85f4fca589cd8c361a66978a78223438309c7077a6f8bf3abb27","2026-08-18T03:30:22.6000319Z","asset"
"godot/assets/art/bosses/BOSS001/move/move_10.png","341951","c6cc147f6ae0bbeec8d669256fa683e82d9b654ccba1dce2959be0b269458226","2026-08-18T03:06:08.5365265Z","asset"
"godot/assets/art/bosses/BOSS001/move/move_10.png.import","956","d0943829254b42a69a3a5f34bbc91afe1cc297b768213936600d385b24d35ca9","2026-08-18T03:30:22.5860322Z","asset"
"godot/assets/art/bosses/BOSS001/move/move_11.png","340579","b39f3f11732442628adeebbcb28c4c127413090f5bff7ff31857083789ec52fd","2026-08-18T03:06:08.6485248Z","asset"
"godot/assets/art/bosses/BOSS001/move/move_11.png.import","956","2fa78987da5b2880c77367219eb7acb0e8e15b7367f7ecc969371026f557ef28","2026-08-18T03:30:22.5690358Z","asset"
"godot/assets/art/bosses/BOSS001/normal_skill/normal_skill_00.png","287142","60dc98a8399e5834a7ca47f10a129015048e67e5fa7c93aa9a62eddef7fd268a","2026-08-18T03:06:09.6495266Z","asset"
"godot/assets/art/bosses/BOSS001/normal_skill/normal_skill_00.png.import","988","b1075650869b7565758d3fbcb6b9a218b9b7a45f3123e636b72f474ceffa08fa","2026-08-18T03:30:22.5620323Z","asset"
"godot/assets/art/bosses/BOSS001/normal_skill/normal_skill_01.png","287853","dcfb4ca98571f5fb2ea7de89159de8919880a158f41598101b901d58f1222385","2026-08-18T03:06:09.7575253Z","asset"
"godot/assets/art/bosses/BOSS001/normal_skill/normal_skill_01.png.import","988","97a03ff509bf5260b4b2fcb6a5756d092bdc7698eb987b5667cd79a896cf94b4","2026-08-18T03:30:22.4470308Z","asset"
"godot/assets/art/bosses/BOSS001/normal_skill/normal_skill_02.png","289284","e98210a519f3ebebaddcf5000a2fb2f64d22332530c9a3af7a930c2818675c13","2026-08-18T03:06:09.8635256Z","asset"
"godot/assets/art/bosses/BOSS001/normal_skill/normal_skill_02.png.import","988","8b2d3cb4252706ebd7b74d9b59ef8f84e49af246bb417c0be37f2eff6c7a75ea","2026-08-18T03:30:22.4330314Z","asset"
"godot/assets/art/bosses/BOSS001/normal_skill/normal_skill_03.png","290018","0d9b83f9fff6933acaf454d6be7dba261dae5eff97c63a5f0a58a052560f9f95","2026-08-18T03:06:09.9705249Z","asset"
"godot/assets/art/bosses/BOSS001/normal_skill/normal_skill_03.png.import","988","0100f6a323efd40f4a4cd89b88ca84d2798eaf84dd3df5a1fce5f7e818a35fb5","2026-08-18T03:30:22.4320318Z","asset"
"godot/assets/art/bosses/BOSS001/normal_skill/normal_skill_04.png","291368","82299d1454893cdb0e91224526ffae84766e2e9642fc79362a1ddb154b7efaf0","2026-08-18T03:06:10.0877705Z","asset"
"godot/assets/art/bosses/BOSS001/normal_skill/normal_skill_04.png.import","988","05da0fb9c6caaa0cd8b147822c8acc421acb0240fd92cad2687198b0d24dc370","2026-08-18T03:30:22.4200316Z","asset"
"godot/assets/art/bosses/BOSS001/normal_skill/normal_skill_05.png","291906","0a791386dd690e7ffe130e3733eefd9b422baa7fc9ceb69339a1632a40561124","2026-08-18T03:06:10.1937678Z","asset"
"godot/assets/art/bosses/BOSS001/normal_skill/normal_skill_05.png.import","988","51b8504fac8c71b1a46d94b626e7e772fae40413c998590c4724d0c9a8536c42","2026-08-18T03:30:22.3020315Z","asset"
"godot/assets/art/bosses/BOSS001/normal_skill/normal_skill_06.png","292031","05f1a457915456e22f024b3ec0757f2663df80450a684f8ff9714b41584847e5","2026-08-18T03:06:10.2987679Z","asset"
"godot/assets/art/bosses/BOSS001/normal_skill/normal_skill_06.png.import","988","581ab0243de7ebb766651cd0d85220a9a98e0768d881522e1faa7ad48d12df82","2026-08-18T03:30:22.2900316Z","asset"
"godot/assets/art/bosses/BOSS001/normal_skill/normal_skill_07.png","291432","2700d493e843e50861ccd577d6c09aee41c16a7093e8f8c523ca83735cfa60b8","2026-08-18T03:06:10.4047697Z","asset"
"godot/assets/art/bosses/BOSS001/normal_skill/normal_skill_07.png.import","988","2f9300f586a2eedb174549825a49e4cfceb4b67610ef2b2cefb36c90e3b68ab5","2026-08-18T03:30:22.2810315Z","asset"
"godot/assets/art/bosses/BOSS001/normal_skill/normal_skill_08.png","289829","571499c14c7d7a65634a7d63b8b99146f0a78fea91af889ba11f2c689bb6a370","2026-08-18T03:06:10.5245528Z","asset"
"godot/assets/art/bosses/BOSS001/normal_skill/normal_skill_08.png.import","987","dc41ba04ffb933a548043c868f815eda5868c7f1233785e6932cfb9f4090a8d0","2026-08-18T03:30:22.2800304Z","asset"
"godot/assets/art/bosses/BOSS001/normal_skill/normal_skill_09.png","289505","089c262d4ae50089737b65e1bd2c4912a6d622f14b2ab634cb2e9915504127bb","2026-08-18T03:06:10.6315539Z","asset"
"godot/assets/art/bosses/BOSS001/normal_skill/normal_skill_09.png.import","987","c3688556ae02ee29249408daccfd4e6dff8a21b9077f1f7c6e251b0759cbfc6c","2026-08-18T03:30:20.7290316Z","asset"
"godot/assets/art/bosses/BOSS001/normal_skill/normal_skill_10.png","288257","dd1b6386929418190779a1c6e98f1cc5e75e37d3aa59f86672f34442acec7d33","2026-08-18T03:06:10.7375563Z","asset"
"godot/assets/art/bosses/BOSS001/normal_skill/normal_skill_10.png.import","988","bace64fe05c908517f2486071a387716130e21e24061e4b5095a610dcb79ec74","2026-08-18T03:30:20.7170305Z","asset"
"godot/assets/art/bosses/BOSS001/normal_skill/normal_skill_11.png","286865","e4440b48f0d3ee1028ca753cc64567cf77caa6b98b3ba90b71e9585621431a84","2026-08-18T03:06:10.8501476Z","asset"
"godot/assets/art/bosses/BOSS001/normal_skill/normal_skill_11.png.import","988","6531c528387dae2e7fa81f2d733ae92a738305d1f29677d76da3c9ea0a6a80b4","2026-08-18T03:30:20.7180315Z","asset"
"godot/assets/art/bosses/BOSS001/ultimate/ultimate_00.png","322756","544a469b13a4ccd2aa0c2e41a85708f4b10d80502aa56d970a2a67f8412b9898","2026-08-18T03:06:10.9601482Z","asset"
"godot/assets/art/bosses/BOSS001/ultimate/ultimate_00.png.import","972","35f8927cbbefd82cf0ff35618f22efdace698f81f4ece67c86002b0e5f5fac83","2026-08-18T03:30:20.7180315Z","asset"
"godot/assets/art/bosses/BOSS001/ultimate/ultimate_01.png","325577","3dda33a1433b93f01d04ba8d925927dc72d7affe261b1897e471919bc178750c","2026-08-18T03:06:11.0671495Z","asset"
"godot/assets/art/bosses/BOSS001/ultimate/ultimate_01.png.import","971","7ab92a6d9508c2a2c4ebe495c2294b427eca85c161b36e8fc01dd1dcd462f17a","2026-08-18T03:30:20.6910311Z","asset"
"godot/assets/art/bosses/BOSS001/ultimate/ultimate_02.png","327477","ac58e781ebde9bcb64bb1402320ebf182a0304950055ff5016f9c89385eb0bfd","2026-08-18T03:06:11.1741465Z","asset"
"godot/assets/art/bosses/BOSS001/ultimate/ultimate_02.png.import","972","18686bbdf09915d58cfa198ca26d49ff46172a573090f0e8112cf2939dc3053d","2026-08-18T03:30:20.6790315Z","asset"
"godot/assets/art/bosses/BOSS001/ultimate/ultimate_03.png","330058","e326e5d7d498f462278ca57db2acee9abecf73dd55d6780cba09848cda81dcae","2026-08-18T03:06:11.2880434Z","asset"
"godot/assets/art/bosses/BOSS001/ultimate/ultimate_03.png.import","972","c0eba7def9487308d20e1cb0812a1a9c1c8e7ce6438c5a101bd9e649c8fb99a3","2026-08-18T03:30:20.6810317Z","asset"
"godot/assets/art/bosses/BOSS001/ultimate/ultimate_04.png","331237","ffc52f34ac1ac5adcf2e5bde0aa1ce24e18e77cac6c33bca3b6135ca62a3b63d","2026-08-18T03:06:11.3960451Z","asset"
"godot/assets/art/bosses/BOSS001/ultimate/ultimate_04.png.import","971","fd08dacffd93554ed0da746c3bf5e85d9ebf858a2101742df4fec49476681769","2026-08-18T03:30:20.6100312Z","asset"
"godot/assets/art/bosses/BOSS001/ultimate/ultimate_05.png","333165","97c7370ff520c323d17d25851ab11958f3915dfb95b7bc41c9074ad24b90c6f7","2026-08-18T03:06:11.5040462Z","asset"
"godot/assets/art/bosses/BOSS001/ultimate/ultimate_05.png.import","972","b1277e001d19cd4c6b62e341158882ba921b0fab810c97e6f4409d6ccb740957","2026-08-18T03:30:20.5980303Z","asset"
"godot/assets/art/bosses/BOSS001/ultimate/ultimate_06.png","333676","0c6c460b0049e98d509422281e3f5f6a399512ab226ec53f314b2bc27a7eb85d","2026-08-18T03:06:11.6201258Z","asset"
"godot/assets/art/bosses/BOSS001/ultimate/ultimate_06.png.import","971","8eaf3c706ecf30af85ab735edff3d3b668ac0e2382de1bd0ef1350a29eab4c16","2026-08-18T03:30:20.5760299Z","asset"
"godot/assets/art/bosses/BOSS001/ultimate/ultimate_07.png","334645","4b9c37c24ace2a66b620f21ec2a472a3ba5fec54950ea59258e2606833a61405","2026-08-18T03:06:11.7281245Z","asset"
"godot/assets/art/bosses/BOSS001/ultimate/ultimate_07.png.import","972","2c0f77aafac26281d855817a5853800a0dba9b9c473f3a462b19367f9cdd0ae2","2026-08-18T03:30:20.5750316Z","asset"
"godot/assets/art/bosses/BOSS001/ultimate/ultimate_08.png","334878","4777c2e2f694b385480bbe6e4252eea60e20e5d105488e3361e7f7d42874383d","2026-08-18T03:06:11.8381244Z","asset"
"godot/assets/art/bosses/BOSS001/ultimate/ultimate_08.png.import","970","a568f025f14a69df81dd6ba26df7c5c47df514b0d434edd639251a3c973f472c","2026-08-18T03:30:20.5660314Z","asset"
"godot/assets/art/bosses/BOSS001/ultimate/ultimate_09.png","334933","15389c0d06d081b9882a8844cbd28f82db69eba7d2d11b03421ee2a758c94300","2026-08-18T03:06:11.9481247Z","asset"
"godot/assets/art/bosses/BOSS001/ultimate/ultimate_09.png.import","972","df816422315000dc35ed18d290846e75644c5d9e4878aba5291e14e9d8d68249","2026-08-18T03:30:20.5640314Z","asset"
"godot/assets/art/bosses/BOSS001/ultimate/ultimate_10.png","334593","eee3fdd0f390a296ec8fddacaa415349c5607e3f1de01ec20c49595cabd70e41","2026-08-18T03:06:12.0581255Z","asset"
"godot/assets/art/bosses/BOSS001/ultimate/ultimate_10.png.import","972","111c90f32dd42e7cc8779162fc4faf58f86aa0f5660d5e606a4d8ea44c8786e0","2026-08-18T03:30:20.5470310Z","asset"
"godot/assets/art/bosses/BOSS001/ultimate/ultimate_11.png","333838","f59c43d9f8e7dfb7a1eab4151dbef4769714fb0b51f399ffc0b7da444bc840d7","2026-08-18T03:06:12.1693632Z","asset"
"godot/assets/art/bosses/BOSS001/ultimate/ultimate_11.png.import","971","3392e9ac51faf0e072a9080ae28f2bb78bf5dbfc9aa24c49c109c2ec1b8232b1","2026-08-18T03:30:20.5320297Z","asset"
"godot/assets/art/bosses/BOSS001/ultimate/ultimate_12.png","332584","660316610e77dba4185619482ea34e95d62a48cd1bc1378fbf908a4758b23885","2026-08-18T03:06:12.2813631Z","asset"
"godot/assets/art/bosses/BOSS001/ultimate/ultimate_12.png.import","972","4c86cf5260a0622836d77e06dfc2a602514deb5a71b7eaa5b1ef524c7755df0d","2026-08-18T03:30:20.5310331Z","asset"
"godot/assets/art/bosses/BOSS001/ultimate/ultimate_13.png","331267","5c9f64ecca3e1d8b13975434ee4b5ce7faac20455dd8023764355543cc1a9b65","2026-08-18T03:06:12.3903646Z","asset"
"godot/assets/art/bosses/BOSS001/ultimate/ultimate_13.png.import","972","f588ddea0f89165d36c4f2db064abb70b659bb511e3d0154241a19f3a84c5806","2026-08-18T03:30:20.4470312Z","asset"
"godot/assets/art/bosses/BOSS001/ultimate/ultimate_14.png","329588","d5283e5b7ee8cbfb460377f52d329f5d420e850f0d734377129ea1029e033459","2026-08-18T03:06:12.5053611Z","asset"
"godot/assets/art/bosses/BOSS001/ultimate/ultimate_14.png.import","972","5f327eef3fc501e3097c26f4fa470aaaa88d7cea7883242ecabea76fe38b8eaa","2026-08-18T03:30:20.4420314Z","asset"
"godot/assets/art/bosses/BOSS001/ultimate/ultimate_15.png","327210","e915554e1ed0577c4324aa89d19be803253d3ea341fc5837c35349c8d62b3c3e","2026-08-18T03:06:12.6217160Z","asset"
"godot/assets/art/bosses/BOSS001/ultimate/ultimate_15.png.import","972","b685a17cc3fa11dcfd69cea30d5935700418ca91785045bfdfa35d625979d532","2026-08-18T03:30:20.4190322Z","asset"
"godot/assets/art/bosses/BOSS001/ultimate/ultimate_16.png","324838","9cdb7fb7d2bab8ae4b93ef8434b79a091c2b5f59bdd351c9d664179785bc52c5","2026-08-18T03:06:12.7287163Z","asset"
"godot/assets/art/bosses/BOSS001/ultimate/ultimate_16.png.import","972","aad152ca4068a2bc8e215edbe8efa8b2086caecdb07f845e242a12647344c616","2026-08-18T03:30:20.4100320Z","asset"
"godot/assets/art/bosses/BOSS001/ultimate/ultimate_17.png","321951","cc29c779b8ba66d1d5ec0160272a18a80010976d0e40d903902954fecf6e6ee8","2026-08-18T03:06:12.8397159Z","asset"
"godot/assets/art/bosses/BOSS001/ultimate/ultimate_17.png.import","972","035fcf8bc08b2dbcb54dac3eb05e497fa67206775a8bf792a512cedc27ff1f78","2026-08-18T03:30:20.4220309Z","asset"
"godot/assets/art/bosses/BOSS001/victory/victory_00.png","243915","f6063159566b36e6abec3811d27b876e723a2ccd37837c5b1ccf927830cd6d9a","2026-08-18T03:06:14.2441534Z","asset"
"godot/assets/art/bosses/BOSS001/victory/victory_00.png.import","968","32a53928adf07044919f1d0c8770017864c1591417fda413cc2e9367af5e8a75","2026-08-18T03:30:20.4080310Z","asset"
"godot/assets/art/bosses/BOSS001/victory/victory_01.png","247295","35ea806bca17fda8900e6a8db9dcf9e48ecf03e57735cb264401be38a7eae798","2026-08-18T03:06:14.3477693Z","asset"
"godot/assets/art/bosses/BOSS001/victory/victory_01.png.import","968","fb29e0a6a6f0796966b0643ce198c964613407e1932421c75b6b2787c08e4113","2026-08-18T03:30:20.3890313Z","asset"
"godot/assets/art/bosses/BOSS001/victory/victory_02.png","248715","2d538ca6b5a902cf00e41111a79c358255384bf8b1cc92eb370400b964dd1c7b","2026-08-18T03:06:14.4580665Z","asset"
"godot/assets/art/bosses/BOSS001/victory/victory_02.png.import","968","1f89a53b877f7bed1d86ea2e6496cb99f97d492c129d71f812028ddf51ff2dd4","2026-08-18T03:30:20.3860304Z","asset"
"godot/assets/art/bosses/BOSS001/victory/victory_03.png","248486","070b8e04c31fa5407707f4ab40fe4f615f2b3c1065a1091825ccb1167e1628dc","2026-08-18T03:06:14.5619452Z","asset"
"godot/assets/art/bosses/BOSS001/victory/victory_03.png.import","968","0376f265c895f8143e91270fcc9d13cf4e33a05df965fee7eb8db320e676e9ef","2026-08-18T03:30:20.3830316Z","asset"
"godot/assets/art/bosses/BOSS001/victory/victory_04.png","246757","0a6de596dd718ea93cdc4237d349390a6ab6a52d8e4cce4f26d85c48947ab8f2","2026-08-18T03:06:14.6655303Z","asset"
"godot/assets/art/bosses/BOSS001/victory/victory_04.png.import","968","047bc1dfbbfc35d291cb152dee0bce8d8ce9f026af009744f4c3a79ea65bd44f","2026-08-18T03:30:21.5470315Z","asset"
"godot/assets/art/bosses/BOSS001/victory/victory_05.png","245090","38bb4c5f10f4e45f7be1aafbf5b00765fa197235773b01b90a1014674b80a6d1","2026-08-18T03:06:14.7685303Z","asset"
"godot/assets/art/bosses/BOSS001/victory/victory_05.png.import","967","16a666fa29067454fd9f79fdc9e87027978f431f6103ac5cf5cd89b73cdf7933","2026-08-18T03:30:21.4410316Z","asset"
"godot/assets/art/bosses/BOSS001/victory/victory_06.png","246827","0fb456af7bd895c61b5e63c2dc5c32c1170978273ff467503ed6b41c19d1f2a4","2026-08-18T03:06:14.8794924Z","asset"
"godot/assets/art/bosses/BOSS001/victory/victory_06.png.import","968","2e8981519e06f8e5ecb1a81ecd5a4f245776d8e60e0f44bc6e2a1e712ea73cc7","2026-08-18T03:30:21.4020305Z","asset"
"godot/assets/art/bosses/BOSS001/victory/victory_07.png","247055","aa395c9aecd024dc546902f4b0f7830c552f714cdc9a8e0f9c205d58cefb160c","2026-08-18T03:06:14.9844870Z","asset"
"godot/assets/art/bosses/BOSS001/victory/victory_07.png.import","967","c87c40ec036c9551aa74ff6f8db5eff174bc9418c9030ea6ef8c1dea9b316a17","2026-08-18T03:30:21.2970321Z","asset"
"godot/assets/art/bosses/BOSS001/victory/victory_08.png","245907","6933a17de41aa3158f38ed950f3c0ea1fff1e6fbe68efc16f8e55a702dd610ee","2026-08-18T03:06:15.0882231Z","asset"
"godot/assets/art/bosses/BOSS001/victory/victory_08.png.import","968","f547c65314bf8bce16c755dd2186267ce6bc2c17d5e7095c1b94d05f7069a7cb","2026-08-18T03:30:21.2660311Z","asset"
"godot/assets/art/bosses/BOSS001/victory/victory_09.png","243915","112a4aba54e3a07b5849688c9ec8223f982d945d3e6b78f0222abc6cc7705329","2026-08-18T03:06:15.1903483Z","asset"
"godot/assets/art/bosses/BOSS001/victory/victory_09.png.import","968","d62c07ff5e6760817944e6ea4dc8adfa66414c0dd2859c92c6bf02b653853ce9","2026-08-18T03:30:21.1660316Z","asset"
"godot/assets/art/cg/CG_CH01_PILOT_TEAMWORK/cg_ch01_pilot_teamwork_1920x1080.png","4089818","a985c3e159b53902d7323d6129d18a17684463dd61317e925f5afb5d95b735a7","2026-08-18T03:06:24.7066845Z","asset"
"godot/assets/art/cg/CG_CH01_PILOT_TEAMWORK/cg_ch01_pilot_teamwork_1920x1080.png.import","1036","7c3d3cae249034685776e1860299d7dae7887ea991beaf56471633f7cc6284a4","2026-08-18T03:30:22.1330315Z","asset"
"godot/assets/art/characters/CHR001/expressions/angry.png","1489977","bc1d585cbb09e4ab2d39e16a73eb941117cdb3dcbc31fd402037c89864c9a967","2026-08-17T23:22:49.4191494Z","asset"
"godot/assets/art/characters/CHR001/expressions/angry.png.import","959","83a1d7c2f0cce4c7a91470ed71cc1220b9115833c546551b395292ee07de8e89","2026-08-17T23:37:45.9557931Z","asset"
"godot/assets/art/characters/CHR001/expressions/neutral.png","1500518","853aac591579536738269703fb5fd845b1fcf28d8cb7536a9743e6aea2230113","2026-08-17T23:22:47.2767200Z","asset"
"godot/assets/art/characters/CHR001/expressions/neutral.png.import","966","6ba377c27f36d6e94c354fa7b3eeca47357d51d5ecbdcd6f38942319ef312104","2026-08-17T23:37:45.8277921Z","asset"
"godot/assets/art/characters/CHR001/expressions/sad.png","1480529","c98030ca631373d6b0a7e6c2e39506dd0c657bce0b6b506f7eb384e6d45fc66d","2026-08-17T23:22:50.0891498Z","asset"
"godot/assets/art/characters/CHR001/expressions/sad.png.import","954","206f90d0dc8cfab1acb077c92e6b9d86f270eef380ab8c68d146ab199c5b6a8b","2026-08-17T23:37:45.7637945Z","asset"
"godot/assets/art/characters/CHR001/expressions/serious.png","1487029","e77d09b25a4e2a70f4e36edf3814813629d5fea236924255d8177bebb3dd5b69","2026-08-17T23:22:48.7086362Z","asset"
"godot/assets/art/characters/CHR001/expressions/serious.png.import","966","cf2f48650b95f1ec55f6aaff50853ee997e022e75fa4e9342834b824eba98370","2026-08-17T23:37:45.7017917Z","asset"
"godot/assets/art/characters/CHR001/expressions/smile.png","1489860","47b37750aa67b0936e80ed4ed4261e8ef2183c7b0d38f254458400945c2ce725","2026-08-17T23:22:47.9737193Z","asset"
"godot/assets/art/characters/CHR001/expressions/smile.png.import","960","6c9ac0bdd06b995ef510f227b030a0bcec17b7698c075a8f912dab3c1ff1454d","2026-08-17T23:37:45.6907924Z","asset"
"godot/assets/art/characters/CHR001/expressions/surprised.png","1482349","6470cc035c1c2d27ac8c0f26f5494ab023935216e88782ed46d66a49f365fe7b","2026-08-17T23:22:50.8096848Z","asset"
"godot/assets/art/characters/CHR001/expressions/surprised.png.import","972","ae21c61754c5ac0014c122e61ed7f6189633b67fcd5f29712967e078da71942a","2026-08-17T23:37:45.6847923Z","asset"
"godot/assets/art/characters/CHR001/fullbody_2048x3072.png","6178889","74fe4646aae4e8d5fcb6ca1e23c78af330341fff9f66403657c39371e52b18e5","2026-08-18T03:04:17.3286760Z","asset"
"godot/assets/art/characters/CHR001/fullbody_2048x3072.png.import","986","8107efb1f89a4d56a63c639a7b8dee18c1df162be9f318fe1ddc7a71cf3ac1ca","2026-08-18T03:30:23.2950303Z","asset"
"godot/assets/art/characters/CHR001/halfbody_1024x1536.png","1775991","3e0f9f2ae6b70ffc90433a260ee9b987c0558621b16574538918e601c4c9a9e0","2026-08-18T03:04:22.4183070Z","asset"
"godot/assets/art/characters/CHR001/halfbody_1024x1536.png.import","987","71981ff2c355de4d7e2e2cfb2f8bb1706aa8fe9a16742d9d173dfbd4f9d92bf0","2026-08-18T03:30:21.6380313Z","asset"
"godot/assets/art/characters/CHR001/icon_512x512.png","346322","dc99202cc97fcfffddf2928429b9398d1b93fd55861cc09cb3e3fd21b3a1dca4","2026-08-18T03:04:24.4907798Z","asset"
"godot/assets/art/characters/CHR001/icon_512x512.png.import","969","eda96cfba7ca49067ca7f924201e9a61df9b2cee7bf57f250a6e180d18d22df9","2026-08-18T03:30:21.0350313Z","asset"
"godot/assets/art/characters/CHR001/portrait_1024x1536.png","1775991","6da898f7db7045774c7bed12adf27aacc4a7267b76310e7c039473cd095de4fb","2026-08-18T03:04:19.9392934Z","asset"
"godot/assets/art/characters/CHR001/portrait_1024x1536.png.import","987","f7f1c4e04ef808fa7360a7a839ec4d1617dc73d8935d397dfea8b3a2a2f76396","2026-08-18T03:30:21.6270315Z","asset"
"godot/assets/art/characters/CHR001/profile_card_1024x512.png","635999","e0ce51c37d5aafb83f1ef8cfc94dbb508a8e07f1565815af933217088c76af2a","2026-08-18T03:04:26.7042529Z","asset"
"godot/assets/art/characters/CHR001/profile_card_1024x512.png.import","996","5cdbed9fdef61012702bed73314afd3eeb1cde9871e0a0307840ac3c61f83287","2026-08-18T03:30:21.1270311Z","asset"
"godot/assets/art/characters/CHR008/expressions/angry.png","1377540","092e1c15fd689de5a486841ba64f5dd875fbdcb313b4450ad7d24eb9f7a72e5e","2026-08-17T23:23:07.8741505Z","asset"
"godot/assets/art/characters/CHR008/expressions/angry.png.import","960","f698eb8be29ac029cdc1dc98b5825a8f54168c72c42bd68cbf4101408b1a049c","2026-08-17T23:37:45.6047924Z","asset"
"godot/assets/art/characters/CHR008/expressions/neutral.png","1373310","7ab977b89c0f490fbef2060a90baf746dfe952b7b1bd39bbbf972ecaf3ef5086","2026-08-17T23:23:05.7563252Z","asset"
"godot/assets/art/characters/CHR008/expressions/neutral.png.import","966","ac57b274f7d4b014dc542ce12a5ef2a703428d799181b78bd9ca5a4ca0ca4fa9","2026-08-17T23:37:47.2697918Z","asset"
"godot/assets/art/characters/CHR008/expressions/sad.png","1379454","ed1eb9d0097b082d0ff35885ea98b95246d9d26a9b3a13d2297f7b28c6e81350","2026-08-17T23:23:08.6128541Z","asset"
"godot/assets/art/characters/CHR008/expressions/sad.png.import","954","8202f8ee97e1b2886febece0366ac0677dbc1716dfcdf78f5348ccf3b9e2604e","2026-08-17T23:37:47.1567924Z","asset"
"godot/assets/art/characters/CHR008/expressions/serious.png","1369028","dac789aad3ae764c24cc6140c484ba777b978e7293a80c91af3f7ee413f4a6fe","2026-08-17T23:23:07.1440972Z","asset"
"godot/assets/art/characters/CHR008/expressions/serious.png.import","966","27c7c67755f2c3a4bc27390203ac985882cd270a9a4b7d6e6429f299e986f639","2026-08-17T23:37:47.0857928Z","asset"
"godot/assets/art/characters/CHR008/expressions/smile.png","1366655","b2dba4863939edc9b7e855af40b222530533e555b2ec0ded8b9ee6807958f60d","2026-08-17T23:23:06.4450454Z","asset"
"godot/assets/art/characters/CHR008/expressions/smile.png.import","959","7c84d20e61fd55564c5a08ff8e7e86862de87307b35a132d2724b4e737ffb998","2026-08-17T23:37:47.0877943Z","asset"
"godot/assets/art/characters/CHR008/expressions/surprised.png","1380688","bb7b3301e7a5e91239fc5b24a364fc7917abf224f44a43c19c605b85148025aa","2026-08-17T23:23:09.3448540Z","asset"
"godot/assets/art/characters/CHR008/expressions/surprised.png.import","972","3d8b1f2dbd5acca63e0095657c9f2d45778e36bd6fa973811acb402035b4497c","2026-08-17T23:37:47.0507921Z","asset"
"godot/assets/art/characters/CHR008/fullbody_2048x3072.png","5380870","82251192df873fa6ec462ec39233e347be2734de259dd696fa2457f789e9008e","2026-08-18T03:04:35.6401256Z","asset"
"godot/assets/art/characters/CHR008/fullbody_2048x3072.png.import","986","985faad2cdb25ff66dcb7e38f7aeec1cee71e9518fd567b9151fef507b38d19a","2026-08-18T03:30:23.2620315Z","asset"
"godot/assets/art/characters/CHR008/halfbody_1024x1536.png","1536387","a4b439ca99a6201c977b38e4e086e539efcc13c7f2f9330793ff03324c817d53","2026-08-18T03:04:40.5033191Z","asset"
"godot/assets/art/characters/CHR008/halfbody_1024x1536.png.import","987","5f4b66558750a8e6981854ce31470cda69f0cae0fe02fb640fd8c56747c0afc4","2026-08-18T03:30:21.5510318Z","asset"
"godot/assets/art/characters/CHR008/icon_512x512.png","304462","4b3b48f832576d1aab4db93f9487b8943a705bce058e1c7ce9c0a0bb02dd6ba0","2026-08-18T03:04:42.6888548Z","asset"
"godot/assets/art/characters/CHR008/icon_512x512.png.import","969","7339c5cbe0daaff24b6793b7c7a0e2c8eb19bddb6675c60ec901b88a4a375465","2026-08-18T03:30:20.9850315Z","asset"
"godot/assets/art/characters/CHR008/portrait_1024x1536.png","1536387","fe6e93fde4eff9b01dbc15644b92f397ffb7bab228d000d8c6cc263ccdfcafe5","2026-08-18T03:04:38.0020495Z","asset"
"godot/assets/art/characters/CHR008/portrait_1024x1536.png.import","986","efce8b1728cdd52ea03170a2077b98c947297e6d85768e5ab7c7ab6f13b398e0","2026-08-18T03:30:21.4820307Z","asset"
"godot/assets/art/characters/CHR008/profile_card_1024x512.png","554191","10dbb85facd7cadd4efe43d825b410c6e2859fbe1097d584cbb29f5e67ee0e5d","2026-08-18T03:04:44.9359318Z","asset"
"godot/assets/art/characters/CHR008/profile_card_1024x512.png.import","996","7043152ad9f6a7ec47195ebdbc2e7429d9d133ad756766925c5a7202ae795c7f","2026-08-18T03:30:21.0130302Z","asset"
"godot/assets/art/enemies/ENM001/animation_manifest.json","4643","0ec616bcd58f0e7ca82083d2d73e6211b6c5600c00588cdb4863e612f8bdceab","2026-08-18T03:09:47.7713374Z","asset"
"godot/assets/art/enemies/ENM001/basic_attack/basic_attack_00.png","375563","c4a58528053e3a211d5244ea3b5836c0079731b17f6b569e1c0a73ad2cb5d3b7","2026-08-18T03:05:42.5930798Z","asset"
"godot/assets/art/enemies/ENM001/basic_attack/basic_attack_00.png.import","988","f44f66216db8469359aa867b38cb1954209db0890ba00ac51af5aeaf50feb26f","2026-08-18T03:30:20.8930321Z","asset"
"godot/assets/art/enemies/ENM001/basic_attack/basic_attack_01.png","377536","0d57ccb202dd855dbb22e091bcd849023a10e45a998f09ab7cef30b1b64cf8f2","2026-08-18T03:05:42.7021286Z","asset"
"godot/assets/art/enemies/ENM001/basic_attack/basic_attack_01.png.import","988","9d71a54b50306bcbd14dba96c0f453ce8de2a325d91588c83c34bc4c2648c837","2026-08-18T03:30:20.8820327Z","asset"
"godot/assets/art/enemies/ENM001/basic_attack/basic_attack_02.png","378210","b7635bec51e8e9755278c7829394af92fa8fba962993be9ac0cfb36b506f100b","2026-08-18T03:05:42.8193974Z","asset"
"godot/assets/art/enemies/ENM001/basic_attack/basic_attack_02.png.import","988","ae395a219520877ec77ee30b5de451984937e987bbad1504a33f35e0ef26fc39","2026-08-18T03:30:20.8800314Z","asset"
"godot/assets/art/enemies/ENM001/basic_attack/basic_attack_03.png","378383","5891cf00f72e9c5262d0dacfcdf86bd5f147f59716791f168cf583d7e6630ca6","2026-08-18T03:05:42.9250021Z","asset"
"godot/assets/art/enemies/ENM001/basic_attack/basic_attack_03.png.import","988","8b528063d0488b31f18c3f5c82aad18015f57e2f6ef70a5d43940ba2dce4bd24","2026-08-18T03:30:20.8750317Z","asset"
"godot/assets/art/enemies/ENM001/basic_attack/basic_attack_04.png","376615","7a10754e636804e726ea99779cf8bad6df4cbfdfdc77e5bbdeb0fb1a810a0e84","2026-08-18T03:05:43.0331815Z","asset"
"godot/assets/art/enemies/ENM001/basic_attack/basic_attack_04.png.import","988","2bb54abb5f09ba6fa69157a2aeeda8306e315b01e6cfd84307ef2d850e795fb0","2026-08-18T03:30:20.8590305Z","asset"
"godot/assets/art/enemies/ENM001/basic_attack/basic_attack_05.png","375972","a9f772316f8007d2ab8f4a50210e6f3cb54a8143064bca434ec06020823f6474","2026-08-18T03:05:43.1491255Z","asset"
"godot/assets/art/enemies/ENM001/basic_attack/basic_attack_05.png.import","988","360249bd0fac495007525a505199c375709b5c242492c7db8681b1690ee55f7d","2026-08-18T03:30:20.8520311Z","asset"
"godot/assets/art/enemies/ENM001/basic_attack/basic_attack_06.png","375768","a741e5f437fea63443a005c8573d48e57d2bc773a5e521176437827c1726068b","2026-08-18T03:05:43.2573713Z","asset"
"godot/assets/art/enemies/ENM001/basic_attack/basic_attack_06.png.import","988","96802d74c8fbca9728f5d3b8a4793f1f2954c8a8d28bfa4cbd07bc4ee7071d06","2026-08-18T03:30:20.8430311Z","asset"
"godot/assets/art/enemies/ENM001/basic_attack/basic_attack_07.png","375772","0f1e5e0f3244d6dce611836ca50eabb70a8af114e3ebe9ee1ae3e47228ad8033","2026-08-18T03:05:43.3626779Z","asset"
"godot/assets/art/enemies/ENM001/basic_attack/basic_attack_07.png.import","988","c3829e14c79c8880b9c4c091b2e5d08c44a67fbf3f5131021a7d29048c10fea8","2026-08-18T03:30:20.7730320Z","asset"
"godot/assets/art/enemies/ENM001/down/down_00.png","254353","ce89f51ce6cdfb014147a737381e6dd3971dacdbfa56c0ba4638b459f4cb85d2","2026-08-18T03:05:47.2750663Z","asset"
"godot/assets/art/enemies/ENM001/down/down_00.png.import","955","789b005d51c2521885fac6e12f9f8360c9123b61ab073fc06834940880981dcf","2026-08-18T03:30:20.7540316Z","asset"
"godot/assets/art/enemies/ENM001/down/down_01.png","253663","23160c829cfe8f8b67155c3bde2b547cf9cbcf9fc81421d37e0071cb773ee6e9","2026-08-18T03:05:47.3770662Z","asset"
"godot/assets/art/enemies/ENM001/down/down_01.png.import","955","ec93bbca660e07cfd22a3fbb36dbf003e64a15d7bec72aa319d674c7914d5f2e","2026-08-18T03:30:24.5940306Z","asset"
"godot/assets/art/enemies/ENM001/down/down_02.png","253143","9d769750d7300fc1e8576b4e029b37ef77d963da61d6ba64c2c0748a5a2eb804","2026-08-18T03:05:47.4800727Z","asset"
"godot/assets/art/enemies/ENM001/down/down_02.png.import","955","a887e702a33b2f345d732ec2d95ffaf31593bcd2c530ff680a3fa02ee88aed3f","2026-08-18T03:30:24.5920302Z","asset"
"godot/assets/art/enemies/ENM001/down/down_03.png","252394","5023eae33de20b9fa2804e85360944631ee05c1f86c45af072a8c8fe435a58be","2026-08-18T03:05:47.5816318Z","asset"
"godot/assets/art/enemies/ENM001/down/down_03.png.import","956","ef1d0257f4cd4d8d2cef1507e21915a92f6d656fccc8dc61a541abb08a8e78c6","2026-08-18T03:30:24.5890317Z","asset"
"godot/assets/art/enemies/ENM001/down/down_04.png","251290","0789a6a1ba12bfaa61066dcf1a0ddf87b68dbb0b7b4c0a867aac5a5247773982","2026-08-18T03:05:47.6840486Z","asset"
"godot/assets/art/enemies/ENM001/down/down_04.png.import","956","7c94693edd85795ca641e89224639b990bc9c9e63c04cb05f9fbe4dc589eba5b","2026-08-18T03:30:24.5550322Z","asset"
"godot/assets/art/enemies/ENM001/down/down_05.png","250873","0e94981e3016cbf7fa71ddbec2c8e8d56997aa296f545d888a607adafb0df483","2026-08-18T03:05:47.7860563Z","asset"
"godot/assets/art/enemies/ENM001/down/down_05.png.import","956","1b32027ff6270c0e69b01d3122e4347b949e31385234bd3ad53d079b5d4f1dea","2026-08-18T03:30:24.5440314Z","asset"
"godot/assets/art/enemies/ENM001/down/down_06.png","249937","fffd080866d50b0fd08a4e141554f94ff6f861b16db92c526b9d62092e142e36","2026-08-18T03:05:47.8881303Z","asset"
"godot/assets/art/enemies/ENM001/down/down_06.png.import","956","69eabde69ff4d5430b82a1ea150f6d02579810a3023e79eb29d1e8f03e4d502b","2026-08-18T03:30:24.5060350Z","asset"
"godot/assets/art/enemies/ENM001/down/down_07.png","248905","35cbc69b5ac41f88d3118630ad332e03e0303ea74cc103bb5374dced6eab0960","2026-08-18T03:05:47.9911826Z","asset"
"godot/assets/art/enemies/ENM001/down/down_07.png.import","956","094dff433724368a61a0b1d36b76419150ceb6336d978038fc1ef945a8d39b71","2026-08-18T03:30:24.4910315Z","asset"
"godot/assets/art/enemies/ENM001/hit/hit_00.png","380668","ffcd4fbf0c274b82e0306a1bc49eb95fb3eb745dedc6af5f86ed43a2a6ed9889","2026-08-18T03:05:46.8302013Z","asset"
"godot/assets/art/enemies/ENM001/hit/hit_00.png.import","951","ff2906959bfddee5774a1a9a63c480aba6a0b4d1623c3936f3221eb1f8622529","2026-08-18T03:30:24.5040347Z","asset"
"godot/assets/art/enemies/ENM001/hit/hit_01.png","382257","037f2a092f2707a7603ab1829882976b2e40dff20c49a685c788400417118fc3","2026-08-18T03:05:46.9458797Z","asset"
"godot/assets/art/enemies/ENM001/hit/hit_01.png.import","951","a5bbb078cfe618639e1394cce51f6c45450d299800c6b4cbd7e01066d50b2a3d","2026-08-18T03:30:24.4510320Z","asset"
"godot/assets/art/enemies/ENM001/hit/hit_02.png","382224","a1d345d76b1f7b000a2bf3eb485caf5b0b67269e607a8a562c647b65b5421f77","2026-08-18T03:05:47.0533024Z","asset"
"godot/assets/art/enemies/ENM001/hit/hit_02.png.import","952","c7258f9a5d9d7f1814dadd18745552e80b9fc8dc4f506f11c4b725b019bffd3a","2026-08-18T03:30:24.4410329Z","asset"
"godot/assets/art/enemies/ENM001/hit/hit_03.png","380668","2a3568cc05a07140d11d188f800c201105c9c4a4cf306ba5ab969766ecd6fbcd","2026-08-18T03:05:47.1633025Z","asset"
"godot/assets/art/enemies/ENM001/hit/hit_03.png.import","952","377a6deb959eec803220aa757da0cd4d1ca715b03b00048d7317ca6a43f4f356","2026-08-18T03:30:24.4360318Z","asset"
"godot/assets/art/enemies/ENM001/idle/idle_00.png","310995","0cf785628082173c0cde821e365e0eb9cccd8e09c807ec3b8d0efa39bc442e60","2026-08-18T03:05:40.3423576Z","asset"
"godot/assets/art/enemies/ENM001/idle/idle_00.png.import","956","e5317834fc2b947de0f583ff34731be5bf8bcc4f2d98355a3bdf7fb4b90093ed","2026-08-18T03:30:24.4340316Z","asset"
"godot/assets/art/enemies/ENM001/idle/idle_01.png","312607","78f7084243978c4bcb1c7f22a55f11808d4bb01a17bcc3e67a0076a9b9591cc1","2026-08-18T03:05:40.5113576Z","asset"
"godot/assets/art/enemies/ENM001/idle/idle_01.png.import","956","9d163d9bf343b60181f1117dcafaf4772daba98e623ac2451f0a01e47e8fee95","2026-08-18T03:30:24.3970316Z","asset"
"godot/assets/art/enemies/ENM001/idle/idle_02.png","313134","4b3b1ef1b6a2eba07bdda6d56f432121bffcb9b3128236e525c32507deffb18e","2026-08-18T03:05:40.6507620Z","asset"
"godot/assets/art/enemies/ENM001/idle/idle_02.png.import","956","c1ef6df0dc1b41eebb25beb71dfd35c8e515312ca7c6581e6b08f3d600ed3712","2026-08-18T03:30:24.3900314Z","asset"
"godot/assets/art/enemies/ENM001/idle/idle_03.png","311655","af8a6c1f47c2be713f6fae030e8cdc9cd0446251e5a43b2056e97aa5c0de357a","2026-08-18T03:05:40.7667697Z","asset"
"godot/assets/art/enemies/ENM001/idle/idle_03.png.import","956","e02496f25303ce966f1cc743731e456aa2c1f2ef8a5667be4b99cd6bee75a5b9","2026-08-18T03:30:24.3470300Z","asset"
"godot/assets/art/enemies/ENM001/idle/idle_04.png","310100","b486d6172d12e1ffd8a8e7718d27c1e70a866a0423b03a7e3f6532a0984f9481","2026-08-18T03:05:40.8774989Z","asset"
"godot/assets/art/enemies/ENM001/idle/idle_04.png.import","956","2518ba5f14c75926ad714a663d0a65d64a971392fb10bc793fd96bdb0acd83b1","2026-08-18T03:30:24.3380310Z","asset"
"godot/assets/art/enemies/ENM001/idle/idle_05.png","309115","cd01a62e0a03a798d61831311d3aa37fdac7da542ac2cedf248912487f9f6109","2026-08-18T03:05:40.9826077Z","asset"
"godot/assets/art/enemies/ENM001/idle/idle_05.png.import","956","d273eea2840ef3427d4e0bc173c4bea21202cce6b7273a672d42e32d52fc3686","2026-08-18T03:30:24.3390297Z","asset"
"godot/assets/art/enemies/ENM001/idle/idle_06.png","309076","e789fb5d80f462e5aae9c72bd079489dbaffd73ab343d8eb3835c7d747ec94a8","2026-08-18T03:05:41.0868205Z","asset"
"godot/assets/art/enemies/ENM001/idle/idle_06.png.import","956","18247db51f0f3ca60a32e2aa9113a8f59d71e649b9000b4d525c7cc2eaac8fe0","2026-08-18T03:30:24.2910310Z","asset"
"godot/assets/art/enemies/ENM001/idle/idle_07.png","310995","1ac06a997ab0f7d773d2cf6680518e9cc14997a8f412b2462ac3cb6f305716f7","2026-08-18T03:05:41.1947281Z","asset"
"godot/assets/art/enemies/ENM001/idle/idle_07.png.import","956","0f4f055f9dc8b8d7b5fbe80be3011025781401fab6305253a0e0a61dc9f28bc4","2026-08-18T03:30:24.2820321Z","asset"
"godot/assets/art/enemies/ENM001/move/move_00.png","316771","a7acb3c1dcf19790f999c9ad6783a16f159f4ecd34c92a80f2d70854667f394f","2026-08-18T03:05:41.3017359Z","asset"
"godot/assets/art/enemies/ENM001/move/move_00.png.import","955","a7bc91b5ecb699932cfedbcd0529da3e6dcd44d7e31e82d469f21030e3fec9cb","2026-08-18T03:30:24.2820321Z","asset"
"godot/assets/art/enemies/ENM001/move/move_01.png","317998","df6bad252f3fcc512442e38465347a0dbe05a99161ab36359feedc06dba0c60d","2026-08-18T03:05:41.4069144Z","asset"
"godot/assets/art/enemies/ENM001/move/move_01.png.import","955","5d25e2581a8a366470fd4d96ee5e0af24c782b1939b4bfbfb3b2560b429b11e5","2026-08-18T03:30:24.2800314Z","asset"
"godot/assets/art/enemies/ENM001/move/move_02.png","319652","2bd3f28b233ad1e962cda2b9da4a74c33c0c8d9391ca6bdfe4d8020be26c6745","2026-08-18T03:05:41.5129210Z","asset"
"godot/assets/art/enemies/ENM001/move/move_02.png.import","956","5990fbe269036742e1159c59961ccd356d4a81300ecba794c3e719bb787576e6","2026-08-18T03:30:24.2420323Z","asset"
"godot/assets/art/enemies/ENM001/move/move_03.png","320056","6477f7816f5b1945a02d86a36d2b92176f43d727d336e48455be1de0d244a5e9","2026-08-18T03:05:41.6274234Z","asset"
"godot/assets/art/enemies/ENM001/move/move_03.png.import","956","b9bbb3200e040214abcce44d7b492a7080e316784c6ec49339d255e572079b0b","2026-08-18T03:30:24.2300317Z","asset"
"godot/assets/art/enemies/ENM001/move/move_04.png","319079","c6a81cb9f3e1dfcca1abe8e0bad9b5420cd15f8229dd2eacf33ae4152916c028","2026-08-18T03:05:41.7327504Z","asset"
"godot/assets/art/enemies/ENM001/move/move_04.png.import","955","d26946d028a2a31e3e917a882f27038eaac90087333653e4efdad53f477250a3","2026-08-18T03:30:24.1830320Z","asset"
"godot/assets/art/enemies/ENM001/move/move_05.png","317683","8ded55a91cd400cfbaf732bc6e2c534469e518496a8e5c15c33ffaa7624ff0be","2026-08-18T03:05:41.8377502Z","asset"
"godot/assets/art/enemies/ENM001/move/move_05.png.import","956","3eac3167090dca1e92918dcb279799109bcb8500507e13d7d0b8462acab16fb2","2026-08-18T03:30:24.1850321Z","asset"
"godot/assets/art/enemies/ENM001/move/move_06.png","317515","da37f4051b2791257a4f794ea74350b7e5a317daef36f72248ee740c2a6f99cf","2026-08-18T03:05:41.9493447Z","asset"
"godot/assets/art/enemies/ENM001/move/move_06.png.import","956","09d24761a87341b1d4566dd2ca5581476070340f17031a30bd95ca287b064134","2026-08-18T03:30:24.1820319Z","asset"
"godot/assets/art/enemies/ENM001/move/move_07.png","318620","5b4288047eb9013825f744a3a324e1d0a5626ce421ddbe2c8069956e94308a92","2026-08-18T03:05:42.0554270Z","asset"
"godot/assets/art/enemies/ENM001/move/move_07.png.import","956","62a8887647467c5b9744986bcb8ea6762274d751d01a5fa6177fdc5e5d90839c","2026-08-18T03:30:25.0550322Z","asset"
"godot/assets/art/enemies/ENM001/move/move_08.png","319437","84d803b4dfcac5d9bb3c681228b03557cc1bc463eafb4e3f377f99d3f5d23856","2026-08-18T03:05:42.1611732Z","asset"
"godot/assets/art/enemies/ENM001/move/move_08.png.import","956","517398d0cd7a58e5e6a9d4f03e23c2537ac26c209a55cfad0d1eb5c2ce719fa5","2026-08-18T03:30:25.0610295Z","asset"
"godot/assets/art/enemies/ENM001/move/move_09.png","319511","fe26a180a009e306cf53bd9eb5baa5d4025d77a17e8087b5494b3ed53e15fd43","2026-08-18T03:05:42.2671732Z","asset"
"godot/assets/art/enemies/ENM001/move/move_09.png.import","956","3b487b1b8ec23db82ecd21b5c06a7121ca0dc664577545e3041997886aaac362","2026-08-18T03:30:25.0250300Z","asset"
"godot/assets/art/enemies/ENM001/move/move_10.png","317860","e0848349fe67fcc96d499d821b0b1580ddae3b0fc87d145f54bbe850fc61fe1b","2026-08-18T03:05:42.3724006Z","asset"
"godot/assets/art/enemies/ENM001/move/move_10.png.import","956","a3b9750520b170a04edc7095e1f0c0d6b11df2cc2e4491f45b7f76852e6dfcde","2026-08-18T03:30:25.0200337Z","asset"
"godot/assets/art/enemies/ENM001/move/move_11.png","316771","e0293bf1aa5ebaba9150daacb0da22063f815a24bed346944108b6d87ab6286f","2026-08-18T03:05:42.4845989Z","asset"
"godot/assets/art/enemies/ENM001/move/move_11.png.import","955","bfa5713d3c867333a26d58b47bbedad2adfc99ae282f54b3f112bff9f759421e","2026-08-18T03:30:24.9990303Z","asset"
"godot/assets/art/enemies/ENM001/normal_skill/normal_skill_00.png","361591","ad37745e40b003d4433eb354ba7919535f511815cbffa11e4f67469a37907a26","2026-08-18T03:05:43.4715306Z","asset"
"godot/assets/art/enemies/ENM001/normal_skill/normal_skill_00.png.import","988","5694d5df71133581cb0504b10d335e037fc5f4245d621fa8bf0ceef3cf8699f4","2026-08-18T03:30:24.9900304Z","asset"
"godot/assets/art/enemies/ENM001/normal_skill/normal_skill_01.png","362351","8d37a1edd2d188a748e5994960ae68cd290a06db9c3eadacccc3daf963c5b72b","2026-08-18T03:05:43.5864567Z","asset"
"godot/assets/art/enemies/ENM001/normal_skill/normal_skill_01.png.import","986","5ed8ce7e7f7d5f98ed28a3bdcbae21c4c31765411ce7872152de704fa1d66e0e","2026-08-18T03:30:24.9920314Z","asset"
"godot/assets/art/enemies/ENM001/normal_skill/normal_skill_02.png","364262","b7efc4542d150a9152c958469e15fec9944710c2bb6c0cc2026e25c5a994279c","2026-08-18T03:05:43.6926154Z","asset"
"godot/assets/art/enemies/ENM001/normal_skill/normal_skill_02.png.import","988","4f4eff71c187785f660f61601e7f74777a9edda35f13158ff0a5779e35bcce4a","2026-08-18T03:30:24.9580305Z","asset"
"godot/assets/art/enemies/ENM001/normal_skill/normal_skill_03.png","365639","4352a5807f9e3b20fab6e1b4b657c0f441a987f09a1b630a5c7fa7b46080ecd5","2026-08-18T03:05:43.7993292Z","asset"
"godot/assets/art/enemies/ENM001/normal_skill/normal_skill_03.png.import","988","4c235fa3a12cbe8f6808d9bd50a286824b4be0e2b713395d6a0c53285dccfeb0","2026-08-18T03:30:24.9270311Z","asset"
"godot/assets/art/enemies/ENM001/normal_skill/normal_skill_04.png","366326","1aa60166979e93a1794998194665f746f2fb8596c79c51c236ab5587e33a283b","2026-08-18T03:05:43.9047396Z","asset"
"godot/assets/art/enemies/ENM001/normal_skill/normal_skill_04.png.import","988","d4d9c1eac72b497e12fe7502057407952e0d0f2f1007a6c90448e014625d33c9","2026-08-18T03:30:24.9260307Z","asset"
"godot/assets/art/enemies/ENM001/normal_skill/normal_skill_05.png","366941","c23c5d9103f28d1df470b58ec1efbecb474c0e693be4f68811911055e7ab952e","2026-08-18T03:05:44.0135403Z","asset"
"godot/assets/art/enemies/ENM001/normal_skill/normal_skill_05.png.import","988","b00a1a4dc8f6de3a0faca912cab50312c56ae0ee8aba6930b4a6bd339d044fe8","2026-08-18T03:30:24.9230310Z","asset"
"godot/assets/art/enemies/ENM001/normal_skill/normal_skill_06.png","367095","4494671cf13e54b10e3f64a10a425de0a6c30a56567a6b5752b71dbd518c79fc","2026-08-18T03:05:44.1215402Z","asset"
"godot/assets/art/enemies/ENM001/normal_skill/normal_skill_06.png.import","987","471b2d9ba57c8b5b66a84cc0c977642a355492bfb5ecc602a37a5701797f6495","2026-08-18T03:30:24.8810313Z","asset"
"godot/assets/art/enemies/ENM001/normal_skill/normal_skill_07.png","366273","71f59be4bde8e3496d25c5c5bad1f680a125a43f8ff97f622afb2b954b0f9e3e","2026-08-18T03:05:44.2286882Z","asset"
"godot/assets/art/enemies/ENM001/normal_skill/normal_skill_07.png.import","988","42e5924a82952add7795d175d9538b136bc98dead5efb79f227da5b8905fdc3b","2026-08-18T03:30:24.8820303Z","asset"
"godot/assets/art/enemies/ENM001/normal_skill/normal_skill_08.png","365353","ecf8e4af7a9fc9d70fe984c14cadf49cd09017aa6d48889a4145637c179e5e0d","2026-08-18T03:05:44.3349867Z","asset"
"godot/assets/art/enemies/ENM001/normal_skill/normal_skill_08.png.import","988","dd262500f74eb636969a4877f58730a97d1f08706308d8f82a3a08aa3e188569","2026-08-18T03:30:24.8450312Z","asset"
"godot/assets/art/enemies/ENM001/normal_skill/normal_skill_09.png","363731","0606a16d3f4de8b6161a57dd6e101b2e9f88c59c9f50934106d9a97fc02792fc","2026-08-18T03:05:44.4487850Z","asset"
"godot/assets/art/enemies/ENM001/normal_skill/normal_skill_09.png.import","988","f58eaa873b54c5ac227c58ebccff747999cb2b64fa8b166afa152496287c917a","2026-08-18T03:30:24.8320309Z","asset"
"godot/assets/art/enemies/ENM001/normal_skill/normal_skill_10.png","362424","8e674ce84a9b6e2912ab8eedf0633bbf7904407b74154355a861a637c2710b60","2026-08-18T03:05:44.5558172Z","asset"
"godot/assets/art/enemies/ENM001/normal_skill/normal_skill_10.png.import","987","5ff9ff3d2746822b4409586ec98b87c6f8698ba90af775065fb155b197306557","2026-08-18T03:30:24.8420320Z","asset"
"godot/assets/art/enemies/ENM001/normal_skill/normal_skill_11.png","361311","2ec72ffbdd6f3ea91470dddfa9872fe18dc838faea2b7b8027f9e4795d887db7","2026-08-18T03:05:44.6615087Z","asset"
"godot/assets/art/enemies/ENM001/normal_skill/normal_skill_11.png.import","988","c81a6263cf7555dfe5a62d9980b05c90ebb155e1625d33bedff06b7a2523e975","2026-08-18T03:30:24.7940309Z","asset"
"godot/assets/art/enemies/ENM001/ultimate/ultimate_00.png","475941","a1b1aa937d2a2b21761c99229abb71e842eccc8bfcc391f572e152a5556bdb0b","2026-08-18T03:05:44.7815194Z","asset"
"godot/assets/art/enemies/ENM001/ultimate/ultimate_00.png.import","972","e7103688a7f04f4da078f4d1aa7d2d40c6fe8715b9f5dc87419a06cd01967624","2026-08-18T03:30:24.7570297Z","asset"
"godot/assets/art/enemies/ENM001/ultimate/ultimate_01.png","478928","109bc04acda9515e2a1b51b7fa68267f6a28ba8870a508cb7e3257770818a563","2026-08-18T03:05:44.8935245Z","asset"
"godot/assets/art/enemies/ENM001/ultimate/ultimate_01.png.import","971","29ca20ab15940ef15ac8b616539b5d2effbc2a081d68923585b30860989f2b7b","2026-08-18T03:30:24.7580301Z","asset"
"godot/assets/art/enemies/ENM001/ultimate/ultimate_02.png","481538","6648bbc82e80006b79c322081ccd3f5a95b6f06ca8068f55b6b0ad8c9554189f","2026-08-18T03:05:45.0044017Z","asset"
"godot/assets/art/enemies/ENM001/ultimate/ultimate_02.png.import","972","91a16b2dfa06f4738d08cedc44966b857e6728e5afdbd077d3ad23fcc682213d","2026-08-18T03:30:24.7640302Z","asset"
"godot/assets/art/enemies/ENM001/ultimate/ultimate_03.png","483358","67f3f48780f1860b63baaca90120300721b624024d0b243c040cde11505a08db","2026-08-18T03:05:45.1174081Z","asset"
"godot/assets/art/enemies/ENM001/ultimate/ultimate_03.png.import","972","98e467a5d576725b8e2866ee0ed8e9ec6f0554024b8449d66585c93bcd09eb8d","2026-08-18T03:30:24.7280303Z","asset"
"godot/assets/art/enemies/ENM001/ultimate/ultimate_04.png","485790","1fc432614df58bd68a6203e7a0a730223895156bc0e1d637a99abb02fcaeadd2","2026-08-18T03:05:45.2381029Z","asset"
"godot/assets/art/enemies/ENM001/ultimate/ultimate_04.png.import","971","683b75b7abbca5491e5299f1d28d8ad2fb1de1aa973456348daddf09bc5ac2af","2026-08-18T03:30:24.7210308Z","asset"
"godot/assets/art/enemies/ENM001/ultimate/ultimate_05.png","488162","8ef5ea7f16e3e32ee6c04dc99223ca20289bfafa13b654903f0f6c4adc4e4357","2026-08-18T03:05:45.3491382Z","asset"
"godot/assets/art/enemies/ENM001/ultimate/ultimate_05.png.import","972","3910d42772e3c32f1d8389ce741cb177469a511cb0835f40f16d5602b64d65aa","2026-08-18T03:30:24.6830310Z","asset"
"godot/assets/art/enemies/ENM001/ultimate/ultimate_06.png","489929","3d27c2b5fc0a4fdad11366edf95b018df405c4bd9fe72f27dcd30852d1572564","2026-08-18T03:05:45.4706650Z","asset"
"godot/assets/art/enemies/ENM001/ultimate/ultimate_06.png.import","972","f52ff2c6b9b804e97f97757c788f1f7739010d239755e508f97a3b50792a5e82","2026-08-18T03:30:24.6850372Z","asset"
"godot/assets/art/enemies/ENM001/ultimate/ultimate_07.png","491072","1e52a86903ea5922be0f1be67ad9f44d35af8e60f6a24f7625dd282843a731f2","2026-08-18T03:05:45.5830756Z","asset"
"godot/assets/art/enemies/ENM001/ultimate/ultimate_07.png.import","971","23fc4d5669df994083764cdf9fd8dae7223089d0d73a75284e23018cfdba0535","2026-08-18T03:30:24.6690326Z","asset"
"godot/assets/art/enemies/ENM001/ultimate/ultimate_08.png","491490","5be36b0362bec14a8b270b84c9ad945cc4e1b8dd834809bb3cd242a0d98f8852","2026-08-18T03:05:45.7035929Z","asset"
"godot/assets/art/enemies/ENM001/ultimate/ultimate_08.png.import","972","71758d8db4f55331321096bac1a6ecc0d03e0e1d3fcb743fce4f34062b0eb895","2026-08-18T03:30:24.6250297Z","asset"
"godot/assets/art/enemies/ENM001/ultimate/ultimate_09.png","491325","c64a0ed148180e37e676348c601fab08f19832409a1187ee146a168ec9b9ad30","2026-08-18T03:05:45.8144068Z","asset"
"godot/assets/art/enemies/ENM001/ultimate/ultimate_09.png.import","972","24d90cbe9aa0991f8995ba597685756629de3f2c0756b2f2a770a0e2291160a2","2026-08-18T03:30:23.7000352Z","asset"
"godot/assets/art/enemies/ENM001/ultimate/ultimate_10.png","491072","62e23bb2b1ac2cac2925f32cb2956a474ed766490a51947fc76428c3f45278df","2026-08-18T03:05:45.9254622Z","asset"
"godot/assets/art/enemies/ENM001/ultimate/ultimate_10.png.import","971","6d1185b2cffd234dcf16943e9818817f73c864c5fc40d824efdcd0bcbcb1c21f","2026-08-18T03:30:23.6690312Z","asset"
"godot/assets/art/enemies/ENM001/ultimate/ultimate_11.png","490212","cb6dc88586c6cd6a78c726fa218319d6be4f4f085cc2a8bf9e04b1dbbdc39c1f","2026-08-18T03:05:46.0364624Z","asset"
"godot/assets/art/enemies/ENM001/ultimate/ultimate_11.png.import","972","2bc9d8b55db15fd150db63522b89755d8fe36bb396768d0418f93f153e11c696","2026-08-18T03:30:23.6470314Z","asset"
"godot/assets/art/enemies/ENM001/ultimate/ultimate_12.png","488146","de2ee76639ec9b72f4557d04b5d72aea5fe91c8e11638745ff4e9090e337747a","2026-08-18T03:05:46.1570534Z","asset"
"godot/assets/art/enemies/ENM001/ultimate/ultimate_12.png.import","971","a58e89e741d8a3b056b089e6a793e157262a98120d7df3612dbdba683cf7dee0","2026-08-18T03:30:23.6310315Z","asset"
"godot/assets/art/enemies/ENM001/ultimate/ultimate_13.png","485722","babe174919ae62edb56e9518df175ec6471565a70d80d3a48edce29b62fc696a","2026-08-18T03:05:46.2687124Z","asset"
"godot/assets/art/enemies/ENM001/ultimate/ultimate_13.png.import","971","2a295841f3f90b5444c28dd8299530e83ae19e31a7c445a827ef4d7e61bc6d58","2026-08-18T03:30:23.6170309Z","asset"
"godot/assets/art/enemies/ENM001/ultimate/ultimate_14.png","483464","cba87111fea76766e018f084aa5d6249d3c422bf4cadba4243428084e797e2bf","2026-08-18T03:05:46.3800738Z","asset"
"godot/assets/art/enemies/ENM001/ultimate/ultimate_14.png.import","972","adfa76cc774ed9f29bac82eef7f2cc4dfb8a2b98fcb9ae9159accb74b5835334","2026-08-18T03:30:23.6210303Z","asset"
"godot/assets/art/enemies/ENM001/ultimate/ultimate_15.png","481595","0333f94dbbf2d2ebdb8990102c514ae280ab30918f54e4520805bd448eb45039","2026-08-18T03:05:46.4949585Z","asset"
"godot/assets/art/enemies/ENM001/ultimate/ultimate_15.png.import","972","268bf385da9a42ce66e55ab98c6d84fbeb1c309785c872ff9c5468928eaf3d69","2026-08-18T03:30:23.5750304Z","asset"
"godot/assets/art/enemies/ENM001/ultimate/ultimate_16.png","478061","ff755cc3f500ad67e4158da000f1043b66c207267e8ea88103e25c3894cf195b","2026-08-18T03:05:46.6123087Z","asset"
"godot/assets/art/enemies/ENM001/ultimate/ultimate_16.png.import","971","541a953960dea4fdd17d6c8af86419467ac4ba1605f40112fa84935d96ffa7a7","2026-08-18T03:30:23.5430307Z","asset"
"godot/assets/art/enemies/ENM001/ultimate/ultimate_17.png","475347","f56e82065cef8f1f7abefbd8d03e6db4861778a46c0f6a5c1c7a258926471ea8","2026-08-18T03:05:46.7215082Z","asset"
"godot/assets/art/enemies/ENM001/ultimate/ultimate_17.png.import","972","c89e9393815904367b7451b618d060a80582082080abe52b962af03ad1e973bf","2026-08-18T03:30:23.5240338Z","asset"
"godot/assets/art/enemies/ENM001/victory/victory_00.png","397848","7a4680340cdcde65fed3e2bd82613ea038a948bc05b347288fc39a75d5a5dfdd","2026-08-18T03:05:48.0997701Z","asset"
"godot/assets/art/enemies/ENM001/victory/victory_00.png.import","968","4db6d0719d9f6e20d42064045d418b8faa6106afa75b5755ee3b010d9b8d2ecf","2026-08-18T03:30:23.5130305Z","asset"
"godot/assets/art/enemies/ENM001/victory/victory_01.png","402401","69b914b82e0109a1abc9c886bdbbe7d162c60e21dcd9beac02858a0ff96f7c93","2026-08-18T03:05:48.2085828Z","asset"
"godot/assets/art/enemies/ENM001/victory/victory_01.png.import","968","b23e781e066b16a4f28426cb9e2a3026a8f5308e9a596d3d9b87ecddff9b0418","2026-08-18T03:30:23.4900296Z","asset"
"godot/assets/art/enemies/ENM001/victory/victory_02.png","404618","4186c81b8a48a91d60b870ef30187d409039451c23cc731d145fe6ed31a73a7a","2026-08-18T03:05:48.3160262Z","asset"
"godot/assets/art/enemies/ENM001/victory/victory_02.png.import","968","cf36812a8750bb877d7eb6c3482ff7af3cdf69fddf454a5db989507eb200f2ba","2026-08-18T03:30:23.4670297Z","asset"
"godot/assets/art/enemies/ENM001/victory/victory_03.png","404127","355fbcd75a6311ea17f1839152c7ab6ede6f1a98207d69dbeaf6f12b69facc55","2026-08-18T03:05:48.4323190Z","asset"
"godot/assets/art/enemies/ENM001/victory/victory_03.png.import","968","1c53d88cfdc9b941a8e4d47091a58ce634cee46f9537c6751d29022aabd11ff1","2026-08-18T03:30:23.4470306Z","asset"
"godot/assets/art/enemies/ENM001/victory/victory_04.png","400126","c0ca337e36f2a4edaf4e114c89444a11bfd22a8546fde514cc0b63a7579c2c11","2026-08-18T03:05:48.5395853Z","asset"
"godot/assets/art/enemies/ENM001/victory/victory_04.png.import","967","24e71a908c4af6c8f634d29aaf533af8e5d6ec4627ff0b00983839ecb2d8df56","2026-08-18T03:30:23.4460312Z","asset"
"godot/assets/art/enemies/ENM001/victory/victory_05.png","398236","3b7ac909148501d6ef241c370989a3661cfc4122dc1157f06148ba363fbe3136","2026-08-18T03:05:48.6491019Z","asset"
"godot/assets/art/enemies/ENM001/victory/victory_05.png.import","968","e1eeda7bdbd7d52abeccb518140627d1927d192593e583d7c4d8f7cddf6d5a50","2026-08-18T03:30:23.4480305Z","asset"
"godot/assets/art/enemies/ENM001/victory/victory_06.png","399432","d20183b3b86635c9a84c8a3eba5602b1524c1276fe5db338b057835a403efd01","2026-08-18T03:05:48.7650667Z","asset"
"godot/assets/art/enemies/ENM001/victory/victory_06.png.import","968","0d44c17a3a8d66c7d25bb442ff5fc05ccd1a1ae2dac2221f16798d464af4cec7","2026-08-18T03:30:23.4110317Z","asset"
"godot/assets/art/enemies/ENM001/victory/victory_07.png","400139","bb5d3d96fe494375633180c3cf3589c1375a9a2ebb1f3a9b00574720f1d9160c","2026-08-18T03:05:48.8752613Z","asset"
"godot/assets/art/enemies/ENM001/victory/victory_07.png.import","968","efdd1b1f31e6a34bd8cc893fbfa58fc32233660b6751e43cd839ceed28bd82a1","2026-08-18T03:30:23.3620315Z","asset"
"godot/assets/art/enemies/ENM001/victory/victory_08.png","398949","c5f40779c1b2c1775a89d800414f1892e11ccc2bc6c150faec02a47ffa7da84b","2026-08-18T03:05:48.9832679Z","asset"
"godot/assets/art/enemies/ENM001/victory/victory_08.png.import","968","e616cbd38c42a95a888fb94e8acf01600788f366d709fc6e0400033079190605","2026-08-18T03:30:23.3510298Z","asset"
"godot/assets/art/enemies/ENM001/victory/victory_09.png","397848","2a8b290403550c6d68df145b102abb8b68da42c95063d8a919d73efb5315ddff","2026-08-18T03:05:49.0930640Z","asset"
"godot/assets/art/enemies/ENM001/victory/victory_09.png.import","968","cefe35cfe1d84c59f8ae2d52967eb6df51e05b1bbde576c06f618a18280ab66b","2026-08-18T03:30:23.3370306Z","asset"
"godot/assets/art/enemies/ENM007/animation_manifest.json","4643","8ae47e59c92c1a62e4d7b4fdeee9d4d4667e8746fe9f05ca7e7c19fc148207bf","2026-08-18T03:09:48.1929790Z","asset"
"godot/assets/art/enemies/ENM007/basic_attack/basic_attack_00.png","336773","9d73ff6f10dc1009623c2fce6d91c3dbe6a03a6ea36cf73a91cb6b0730528323","2026-08-18T03:05:55.4629394Z","asset"
"godot/assets/art/enemies/ENM007/basic_attack/basic_attack_00.png.import","988","844791bdb6ac50d84e04ecfdda7aa29876ffb8e593eeb8d4ad4f51250c738b5c","2026-08-18T03:30:23.3060313Z","asset"
"godot/assets/art/enemies/ENM007/basic_attack/basic_attack_01.png","337451","1a8d7520092af1cc219a29b20ee5524d5fd6f4410b334784eeeae3852b60ecf8","2026-08-18T03:05:55.5709376Z","asset"
"godot/assets/art/enemies/ENM007/basic_attack/basic_attack_01.png.import","988","d2b08e1921de43de5bbee0827a0eea24cde8d93a4e94ce685fbd0d25b2608eff","2026-08-18T03:30:23.2710302Z","asset"
"godot/assets/art/enemies/ENM007/basic_attack/basic_attack_02.png","337738","7967d21449910697323816f55e10b3d9a2d32fe62a1047d64771ebb73de0cb73","2026-08-18T03:05:55.6857476Z","asset"
"godot/assets/art/enemies/ENM007/basic_attack/basic_attack_02.png.import","988","c5f9ab20f6554fc631c4132cb816ab6d3c170aca12162a80b8a075f73fdff82b","2026-08-18T03:30:23.2710302Z","asset"
"godot/assets/art/enemies/ENM007/basic_attack/basic_attack_03.png","337943","0f7ea3b38e8e6be4aca22c04f02701c5dfd06e4b6d57cb38689f4947b397b336","2026-08-18T03:05:55.7917457Z","asset"
"godot/assets/art/enemies/ENM007/basic_attack/basic_attack_03.png.import","988","ded18bb46babce983f9dfcb7af17580c7c5c0efb181d0d583637d39fc4c6da83","2026-08-18T03:30:23.1950321Z","asset"
"godot/assets/art/enemies/ENM007/basic_attack/basic_attack_04.png","336883","730430fa2a1948fa7b4a976222980ebb99b465954eb6f75e6d86eeedd779596a","2026-08-18T03:05:55.8987461Z","asset"
"godot/assets/art/enemies/ENM007/basic_attack/basic_attack_04.png.import","988","0483b7311f04f9fc01d5c810e6cf87d8654e01825c1488ddce3b35ad404e0b51","2026-08-18T03:30:23.1720305Z","asset"
"godot/assets/art/enemies/ENM007/basic_attack/basic_attack_05.png","336517","871735cb195e6cc0f8331b30a259cf5a1464561edcd9cbd1a9bbcd9ec971ddb4","2026-08-18T03:05:56.0067470Z","asset"
"godot/assets/art/enemies/ENM007/basic_attack/basic_attack_05.png.import","987","d1ad0ab26b92e389bae6f38947dc896dc72b1aa4b3dc7acf855ca4847497168b","2026-08-18T03:30:23.1560314Z","asset"
"godot/assets/art/enemies/ENM007/basic_attack/basic_attack_06.png","336481","050fad71c48f1278a4eeb9292a9297c27a43e560485092dae96fb9a63eecdd51","2026-08-18T03:05:56.1157476Z","asset"
"godot/assets/art/enemies/ENM007/basic_attack/basic_attack_06.png.import","988","d6af87dd7cabf10db459ab701febd0c2b9dd672e618755f63159889af33d440c","2026-08-18T03:30:23.1510303Z","asset"
"godot/assets/art/enemies/ENM007/basic_attack/basic_attack_07.png","336260","219500d715beb76ab95def2bced9812492ec6048cc3ffb4f6d46aab0d77ffaff","2026-08-18T03:05:56.2227469Z","asset"
"godot/assets/art/enemies/ENM007/basic_attack/basic_attack_07.png.import","987","b67ca57480e312be91b10073d5074a83c0e0d798d805cab2ec3e36c226a5ca09","2026-08-18T03:30:24.1410301Z","asset"
"godot/assets/art/enemies/ENM007/down/down_00.png","326126","171cf54d0d03db5095b5bb12c4dd8455c8105f4dcae87664cc0ede1ec04be583","2026-08-18T03:06:00.1654440Z","asset"
"godot/assets/art/enemies/ENM007/down/down_00.png.import","956","783ac9291051f575a86bba19998d563d37fe34faa619df53739da60ed5934d19","2026-08-18T03:30:24.1280301Z","asset"
"godot/assets/art/enemies/ENM007/down/down_01.png","325179","0e529889da3968c2397307031cd2b3367aea6492079af2bda1ef73ab7f3b8cf6","2026-08-18T03:06:00.2724439Z","asset"
"godot/assets/art/enemies/ENM007/down/down_01.png.import","955","9a216847de8e5cc9f3359b6b710fef874a365f65bfbf76712bd1eef39827d832","2026-08-18T03:30:24.1200301Z","asset"
"godot/assets/art/enemies/ENM007/down/down_02.png","324313","d910acab5127505fc902c55ca2c41384870751cb55eab5cc43737eeff47ed8f0","2026-08-18T03:06:00.3784447Z","asset"
"godot/assets/art/enemies/ENM007/down/down_02.png.import","956","e11c826ce1c51336525d465854cf0318cb8ba3e18dc44859698adfdf568ee09a","2026-08-18T03:30:24.1120307Z","asset"
"godot/assets/art/enemies/ENM007/down/down_03.png","323664","4935ae784342be9457f01e67d4256ab2e487104313748f20b4fc250f5340639b","2026-08-18T03:06:00.4864439Z","asset"
"godot/assets/art/enemies/ENM007/down/down_03.png.import","956","7ea84358925aea9e48840bca82f4bf4afbcdd23225c361c9b6c86b6e89f7a246","2026-08-18T03:30:24.0830309Z","asset"
"godot/assets/art/enemies/ENM007/down/down_04.png","322464","c1e8e1e1addde9b5e4eb82f60cc5aed19ddf2f043106a729796b5d81b71cc3cd","2026-08-18T03:06:00.6004521Z","asset"
"godot/assets/art/enemies/ENM007/down/down_04.png.import","955","1e09b050f36cc5143e674cf1cf8d8ef73b339739b94c73fc2d15102b0abdb013","2026-08-18T03:30:24.0700303Z","asset"
"godot/assets/art/enemies/ENM007/down/down_05.png","320910","0ae1a6feb3e743828c2e06199b14e84dec7b1510175f4e84e3456d9215db9d84","2026-08-18T03:06:00.7064520Z","asset"
"godot/assets/art/enemies/ENM007/down/down_05.png.import","955","ca47a2a5caff6286686680d96f65e0733b2d21a09465fe99d0c212db254d5633","2026-08-18T03:30:24.0280302Z","asset"
"godot/assets/art/enemies/ENM007/down/down_06.png","320524","992bfc06c160a473ed794db74cc7e1f43d02e7d53f51e25fde91c56426de8786","2026-08-18T03:06:00.8206560Z","asset"
"godot/assets/art/enemies/ENM007/down/down_06.png.import","956","6236858fc6cff2095919ac6c75b93d572258d7e2e5acbab0b00576c7f08b0da0","2026-08-18T03:30:24.0270299Z","asset"
"godot/assets/art/enemies/ENM007/down/down_07.png","318839","9c4d3c47194f521c39b5df016446341fa08013e271ded3ad957d4f4e6c606577","2026-08-18T03:06:00.9286552Z","asset"
"godot/assets/art/enemies/ENM007/down/down_07.png.import","956","3e0ed49ad970bd79dc7fe5d3181a5a83015d5a57e34b4fe6abacf5c34a2a6a5d","2026-08-18T03:30:24.0220305Z","asset"
"godot/assets/art/enemies/ENM007/hit/hit_00.png","381028","2a3d6ce50c3b24a840d2201ed18d98a1757f82f1b363c7f4d0f601312c7c9645","2026-08-18T03:05:59.7215218Z","asset"
"godot/assets/art/enemies/ENM007/hit/hit_00.png.import","952","b4a054b12bb96b333b7f0c794a3e423c4931bb6b856a561f5f505c397eab6db8","2026-08-18T03:30:23.9930318Z","asset"
"godot/assets/art/enemies/ENM007/hit/hit_01.png","382477","2da42330206f268658e355bf4f736daecb394c29e55393436554a429cd22fd64","2026-08-18T03:05:59.8374429Z","asset"
"godot/assets/art/enemies/ENM007/hit/hit_01.png.import","951","fcd6cdf3e9ff12176d4c8e3eb125efd3354cdd9efa3e03907d1536caacce66e1","2026-08-18T03:30:23.9720314Z","asset"
"godot/assets/art/enemies/ENM007/hit/hit_02.png","381995","d9e93f0f42c362d2b9f9493df4c092aa52cbb00c7de2bf268516652a7bb99d38","2026-08-18T03:05:59.9464443Z","asset"
"godot/assets/art/enemies/ENM007/hit/hit_02.png.import","952","802a0137b7b5c9bb11bab25918da3a289d5ed90b0237cbfa653ad87d6ae216c8","2026-08-18T03:30:23.9650302Z","asset"
"godot/assets/art/enemies/ENM007/hit/hit_03.png","381028","550b0de23ecd17730cb2fb298bd97cda2a025ef7d0d4f03a9f05dcd333223022","2026-08-18T03:06:00.0544459Z","asset"
"godot/assets/art/enemies/ENM007/hit/hit_03.png.import","951","fa68fbcac45feb6d55e908ceb85314c2160c473cceeb0ad999e449e96fa9eca4","2026-08-18T03:30:23.9500302Z","asset"
"godot/assets/art/enemies/ENM007/idle/idle_00.png","301161","797004570d2121a62afec6b5b8f25ffaa40042590e002cbf567cb7237288c35a","2026-08-18T03:05:53.2619216Z","asset"
"godot/assets/art/enemies/ENM007/idle/idle_00.png.import","956","ec36238ac552e7c72ebd9cc97ee7204aa4f13a1b96e5804de31d24889078b473","2026-08-18T03:30:23.9290302Z","asset"
"godot/assets/art/enemies/ENM007/idle/idle_01.png","303062","d70f4789ac721f14d1c2087906072ce74d437d5b4dc3ae9a31a17f05557f08d1","2026-08-18T03:05:53.3799228Z","asset"
"godot/assets/art/enemies/ENM007/idle/idle_01.png.import","956","857f87636022345710b6ddc7ab7683e9c734b94fe661b12e2887e92de57c3cb9","2026-08-18T03:30:23.9110313Z","asset"
"godot/assets/art/enemies/ENM007/idle/idle_02.png","303598","84f0b30f78d1f8031aba18f91ab119464d22944a643e0134911b9fabfeac8b2b","2026-08-18T03:05:53.4939230Z","asset"
"godot/assets/art/enemies/ENM007/idle/idle_02.png.import","955","3398821721fef9585cc2d5d8ffb06d9bcf46dc4d3fd5c1cc5d720586bd835212","2026-08-18T03:30:23.8780410Z","asset"
"godot/assets/art/enemies/ENM007/idle/idle_03.png","302508","6502be16ca1eda10f4f2b3b07dba41f943019c7a268e6f3fec3505eb7f657ad3","2026-08-18T03:05:53.6076777Z","asset"
"godot/assets/art/enemies/ENM007/idle/idle_03.png.import","956","825f900558880d67f843c272517fc32a8c79712e27e9b99915c5b1c549ba82fc","2026-08-18T03:30:23.8630305Z","asset"
"godot/assets/art/enemies/ENM007/idle/idle_04.png","300359","92b0e4d80f0dd13573509b35fc84697a6b42517f27d00294d256e20e0d8f04c7","2026-08-18T03:05:53.7146802Z","asset"
"godot/assets/art/enemies/ENM007/idle/idle_04.png.import","956","c360d8f80402c6b3d12d8f937b1699323f822ea02345b64b92eadb3644278e09","2026-08-18T03:30:23.8630305Z","asset"
"godot/assets/art/enemies/ENM007/idle/idle_05.png","300073","a72103094c955e94dccdb48c788f0f5fc031e47cdcec7beb81e08507a923c8b8","2026-08-18T03:05:53.8222132Z","asset"
"godot/assets/art/enemies/ENM007/idle/idle_05.png.import","956","38b1b72889fe330c7095187f820c501e6b74172859183b7caa65f0e49e98c8d4","2026-08-18T03:30:23.8300306Z","asset"
"godot/assets/art/enemies/ENM007/idle/idle_06.png","299789","fa1d13bbf1514cdb4c6d91722352439afb1ca1453cbaf368937affe2b42140ee","2026-08-18T03:05:53.9282126Z","asset"
"godot/assets/art/enemies/ENM007/idle/idle_06.png.import","956","49f8c2f833378b7f4b693dc5ed4994ed46e832f0aa4717360c2d6cb49bdce0eb","2026-08-18T03:30:23.8020308Z","asset"
"godot/assets/art/enemies/ENM007/idle/idle_07.png","301161","1db226aeda386cd5a9a67e854b8a1ee70af062a1564f608f230bf2ae197fef24","2026-08-18T03:05:54.0332126Z","asset"
"godot/assets/art/enemies/ENM007/idle/idle_07.png.import","955","5466c8310ef6d20ca925b664d844515121604f0c9501311ad0bbc9c761b665c2","2026-08-18T03:30:23.7870318Z","asset"
"godot/assets/art/enemies/ENM007/move/move_00.png","347855","b06d9aba03030e49f176de04fe5392ff7f22c8aa93c725660fa1381c40505add","2026-08-18T03:05:54.1422126Z","asset"
"godot/assets/art/enemies/ENM007/move/move_00.png.import","956","57b89f812aee9b244e09ceb23ba243deae3e9ee461ff2a798ef5ee93626b3722","2026-08-18T03:30:23.7950320Z","asset"
"godot/assets/art/enemies/ENM007/move/move_01.png","349675","3be52dcff35c76cdd6934da21e6e6ee0d003b4cffa1dd4167987522341f18453","2026-08-18T03:05:54.2512122Z","asset"
"godot/assets/art/enemies/ENM007/move/move_01.png.import","956","afa8e55241e2ad0fab0320e333a0a84e6b2b5e32ffa9053f82437bcc882c9111","2026-08-18T03:30:23.7830312Z","asset"
"godot/assets/art/enemies/ENM007/move/move_02.png","351215","a4a551a74c66da0d7d98ccef56cdb2ed728735c865358c49ff48de8514325f6f","2026-08-18T03:05:54.3592126Z","asset"
"godot/assets/art/enemies/ENM007/move/move_02.png.import","956","e1e49b4cbd8181068c649a2b6a8e2d5f68d04af5ed0d88d428144ec90af2fcdd","2026-08-18T03:30:23.7480323Z","asset"
"godot/assets/art/enemies/ENM007/move/move_03.png","351687","7518f9ca4b49025e770e29783aebaaf0e6ae7a8ac069099e3d99d9e6d171e029","2026-08-18T03:05:54.4761588Z","asset"
"godot/assets/art/enemies/ENM007/move/move_03.png.import","956","1c3bc19b44c0479929bdd09f4a66bf722c75d65b1d739237b82e1a12818721c1","2026-08-18T03:30:23.7190312Z","asset"
"godot/assets/art/enemies/ENM007/move/move_04.png","350908","1627f0220f1e4182846201fb3741068612846ff86a95ccb6ef2b10c4311cb6f7","2026-08-18T03:05:54.5831563Z","asset"
"godot/assets/art/enemies/ENM007/move/move_04.png.import","955","32fdb1267c5b00bbae8be7528f861508da211b80cb2a852d2d8896efdae4f901","2026-08-18T03:30:23.6990306Z","asset"
"godot/assets/art/enemies/ENM007/move/move_05.png","348351","ea8c3c26249fa0d052701d75d430882e29f9e2f6297c88310e90de2c22fc5065","2026-08-18T03:05:54.6911557Z","asset"
"godot/assets/art/enemies/ENM007/move/move_05.png.import","955","327db33dc3ab2090664c3b42d7ead2d385b743246db4ec569633df06524a47c1","2026-08-18T03:30:18.1450320Z","asset"
"godot/assets/art/enemies/ENM007/move/move_06.png","348281","14ad142ec69114ed8b76c085112df3db872f9257d82a5b65c41c05d6fa4a02f7","2026-08-18T03:05:54.8077970Z","asset"
"godot/assets/art/enemies/ENM007/move/move_06.png.import","955","3e9142b5f640247c5f1a00224b2e2712bc8423cdebcff3cde9fef35845b2cff7","2026-08-18T03:30:18.1340315Z","asset"
"godot/assets/art/enemies/ENM007/move/move_07.png","349973","cf2ebbfc452c828a510873dccdef247a09dedc9aefd8a3b621a6066382505c60","2026-08-18T03:05:54.9157968Z","asset"
"godot/assets/art/enemies/ENM007/move/move_07.png.import","956","66b2e2be1a6a7ff2f4bc65851fab8e85135f58be9f1c6495b2a398e79d5b4cb3","2026-08-18T03:30:18.1430310Z","asset"
"godot/assets/art/enemies/ENM007/move/move_08.png","351082","ccf867e15c99e0ec56ce343c8cf463b3f7ffbb379c4758ab604fa6b75ff820c5","2026-08-18T03:05:55.0247964Z","asset"
"godot/assets/art/enemies/ENM007/move/move_08.png.import","956","2445f653537d611e660d515d85aacd6d017362531be4043a1add44552138b614","2026-08-18T03:30:18.1340315Z","asset"
"godot/assets/art/enemies/ENM007/move/move_09.png","350478","4904d8f38b333914cf7bb21e1699cdef80069ae3fd86c4631ca03c3c82e96af8","2026-08-18T03:05:55.1317969Z","asset"
"godot/assets/art/enemies/ENM007/move/move_09.png.import","956","b0639f011b652979bb5fcf25c450e610ada3ec3af23db23827dbf13eefa80655","2026-08-18T03:30:18.1290322Z","asset"
"godot/assets/art/enemies/ENM007/move/move_10.png","349422","0ee108a2affc9781653aa5131a70d61e3f07d77a9145b73a30c465566d9a5c1a","2026-08-18T03:05:55.2407969Z","asset"
"godot/assets/art/enemies/ENM007/move/move_10.png.import","955","a5c0e7acfa187df538f2c4814f78486b165c1d9fc482d59f3cd1e142b269f94d","2026-08-18T03:30:18.0130308Z","asset"
"godot/assets/art/enemies/ENM007/move/move_11.png","347855","39b6edc3c6b2f5935f720634a6b66ca2008a737ab75f10d69460e66247228665","2026-08-18T03:05:55.3559389Z","asset"
"godot/assets/art/enemies/ENM007/move/move_11.png.import","956","59390fd75ead8cb90278e3ce8527ce1c8b0f5f9edf8352a1c1b1c86116693fda","2026-08-18T03:30:17.9960319Z","asset"
"godot/assets/art/enemies/ENM007/normal_skill/normal_skill_00.png","361664","c75bbf8f2af907db1586d3f191a4469c8fd59f5895ca94f2dcdbdf1198fe7e76","2026-08-18T03:05:56.3317464Z","asset"
"godot/assets/art/enemies/ENM007/normal_skill/normal_skill_00.png.import","987","5e75f48f36fef6eb977be13aa7e8acf939ecf9fd055ee6fafe4d3d6d44fc7f5a","2026-08-18T03:30:17.9920318Z","asset"
"godot/assets/art/enemies/ENM007/normal_skill/normal_skill_01.png","363048","609c195313aba1adf329a48e33187904de0c15214fcb524b8baae50b16059538","2026-08-18T03:05:56.4492706Z","asset"
"godot/assets/art/enemies/ENM007/normal_skill/normal_skill_01.png.import","988","0332b1adae6272c356fc311f5e7c9da7f264d8b130904959b88107c400aa7e46","2026-08-18T03:30:17.9950292Z","asset"
"godot/assets/art/enemies/ENM007/normal_skill/normal_skill_02.png","364294","cc737d4b415e41b60f043c73119e73024286299c40654874a3763353046be932","2026-08-18T03:05:56.5602716Z","asset"
"godot/assets/art/enemies/ENM007/normal_skill/normal_skill_02.png.import","987","963e9ac222b1721cddc169777054e5c06c37787910e6270dd2537fdda87d33c6","2026-08-18T03:30:17.9840314Z","asset"
"godot/assets/art/enemies/ENM007/normal_skill/normal_skill_03.png","364988","b93f5e563c7af9a66b968d0facbeb53bf30c1de6402164536a1981deb0c40571","2026-08-18T03:05:56.6702716Z","asset"
"godot/assets/art/enemies/ENM007/normal_skill/normal_skill_03.png.import","988","11b8d85cd980853b17be243224927db09d1ecf9e7def0840589bc962ed102567","2026-08-18T03:30:17.9750317Z","asset"
"godot/assets/art/enemies/ENM007/normal_skill/normal_skill_04.png","367130","308ea1e324e61d265242f2aae49e45ca8978fea07d78d81fccc15f11cfad322b","2026-08-18T03:05:56.7812692Z","asset"
"godot/assets/art/enemies/ENM007/normal_skill/normal_skill_04.png.import","988","58e4ba9c5cacb7761d6ab34a7401bebf74c0559f94a00a4ff81baea2aef82ee3","2026-08-18T03:30:17.9780311Z","asset"
"godot/assets/art/enemies/ENM007/normal_skill/normal_skill_05.png","367324","0b48df7f1ed24453baef897470c5b185df2094bc5e8a2e97cbd5fd86bff7b4c3","2026-08-18T03:05:56.8970709Z","asset"
"godot/assets/art/enemies/ENM007/normal_skill/normal_skill_05.png.import","988","09a12da2b4bc23b7c8b9d3ed1397373cbcf9e10e9e7637e74f595a710941bd09","2026-08-18T03:30:17.9740315Z","asset"
"godot/assets/art/enemies/ENM007/normal_skill/normal_skill_06.png","367443","c2754c88fd80dce2309dca8b83599e3db627301fc6ccb1c635eb415fc8374103","2026-08-18T03:05:57.0070701Z","asset"
"godot/assets/art/enemies/ENM007/normal_skill/normal_skill_06.png.import","988","bbfad7565436588d5f8329d4271c7a79e22f3b9b8d0c95824eed350d8218f5c5","2026-08-18T03:30:17.9750317Z","asset"
"godot/assets/art/enemies/ENM007/normal_skill/normal_skill_07.png","367151","99a32ce7566f22b7d70b46767833f322d3bbb51efa317a86390e0895ba7a65b9","2026-08-18T03:05:57.1170716Z","asset"
"godot/assets/art/enemies/ENM007/normal_skill/normal_skill_07.png.import","988","385bf07323de9db05423b09bf275cd90bc131487c665cf8085a7f4c1cd3f5c6c","2026-08-18T03:30:17.8500319Z","asset"
"godot/assets/art/enemies/ENM007/normal_skill/normal_skill_08.png","365012","4dabe5e4e0fa125cffa565c4504f2a790a0919345a280c7915a785dd22557754","2026-08-18T03:05:57.2260133Z","asset"
"godot/assets/art/enemies/ENM007/normal_skill/normal_skill_08.png.import","988","531cd0eef07c34cf8b335d2ca19171f32b2d26dabeb498bdfe867876454a5ce5","2026-08-18T03:30:17.8410366Z","asset"
"godot/assets/art/enemies/ENM007/normal_skill/normal_skill_09.png","364257","bf830f08314cd78aa0e11fe88bf32f99b169c62ab329b1d949780b153a308c13","2026-08-18T03:05:57.3350130Z","asset"
"godot/assets/art/enemies/ENM007/normal_skill/normal_skill_09.png.import","988","5bad6b1079e50925ab7a85879e69db882b522ac4fcf831ccbc0ee35504ab2754","2026-08-18T03:30:17.8390345Z","asset"
"godot/assets/art/enemies/ENM007/normal_skill/normal_skill_10.png","362752","0bfc1f11b330d00046acfe1f1b63b4dfcde8e1f58fb87142df708e2097fdaa2c","2026-08-18T03:05:57.4430156Z","asset"
"godot/assets/art/enemies/ENM007/normal_skill/normal_skill_10.png.import","988","f9abe7dcf48fbea62ca0e594dff4b6eeb8082d211247aeb7854982fe37cde4b5","2026-08-18T03:30:17.8340322Z","asset"
"godot/assets/art/enemies/ENM007/normal_skill/normal_skill_11.png","361357","f4a14471d115e4cd8d13147e9dde9f827bf49dd9fca7a92118823129d05481b7","2026-08-18T03:05:57.5540126Z","asset"
"godot/assets/art/enemies/ENM007/normal_skill/normal_skill_11.png.import","988","a3d7e85b184c57b63bd1ef7bcebb165bf0917ea2c9f0ec65073d2322d7563a0f","2026-08-18T03:30:17.8230315Z","asset"
"godot/assets/art/enemies/ENM007/ultimate/ultimate_00.png","429600","2e63cca60fcbad66dd7153a4ce761f88f18683f41ad9a9fbf121948227cc58ec","2026-08-18T03:05:57.6748065Z","asset"
"godot/assets/art/enemies/ENM007/ultimate/ultimate_00.png.import","972","a59321f5a251b48dbfb6e3c37c14ce0b6029b082d96adaa728609f92e6e5cb64","2026-08-18T03:30:17.8110318Z","asset"
"godot/assets/art/enemies/ENM007/ultimate/ultimate_01.png","432950","d8b1613b6c71f9f8de68bc70a55b43ded406ea235f63cc3c6793e7daeb6fcb13","2026-08-18T03:05:57.7858082Z","asset"
"godot/assets/art/enemies/ENM007/ultimate/ultimate_01.png.import","972","d46fdae41bb55d3d446872303d8fff45f1d40f2a186888c0e7daec9f17b9bae4","2026-08-18T03:30:17.8180316Z","asset"
"godot/assets/art/enemies/ENM007/ultimate/ultimate_02.png","435026","7679adf1015cce2eea260b11c89c08606817ef6695bfbfa25feb3f3eda3bd9d4","2026-08-18T03:05:57.8958082Z","asset"
"godot/assets/art/enemies/ENM007/ultimate/ultimate_02.png.import","972","f6e6aba1a9ad1bf963de2adc5dd0eeacd1e21bc6b82b106bddf14e1debe77f9d","2026-08-18T03:30:17.8070303Z","asset"
"godot/assets/art/enemies/ENM007/ultimate/ultimate_03.png","437929","f4189e053b69ba20a164694c0d93b274b6585b7327ea4fcbef0f56edad1a6414","2026-08-18T03:05:58.0088081Z","asset"
"godot/assets/art/enemies/ENM007/ultimate/ultimate_03.png.import","972","566521b0bce2b95b1d082da602ae6cf12c85c731a021369730c9c1c852679e7a","2026-08-18T03:30:17.8040315Z","asset"
"godot/assets/art/enemies/ENM007/ultimate/ultimate_04.png","440271","f8db070cc981e57864003a9f6c4aaca4de256c5563a284e090f4d469ab28b697","2026-08-18T03:05:58.1285468Z","asset"
"godot/assets/art/enemies/ENM007/ultimate/ultimate_04.png.import","972","51255fc86a3f047c995b18cf4f47a14c03df93c1f06a79d038992014c85486e8","2026-08-18T03:30:17.6840335Z","asset"
"godot/assets/art/enemies/ENM007/ultimate/ultimate_05.png","441461","bcbd33a04d5496272b175415991e05936ff3882b32b0d624134addebac130ccc","2026-08-18T03:05:58.2395471Z","asset"
"godot/assets/art/enemies/ENM007/ultimate/ultimate_05.png.import","972","68f779d7a3fd9b2aaf4740fea4d380aa6cfd60e50b3fd2487cc5263c641b4af8","2026-08-18T03:30:17.6730316Z","asset"
"godot/assets/art/enemies/ENM007/ultimate/ultimate_06.png","442356","b6efdfee2b6ba42fcc86bebba85a2e053600e27f2de48cfbe486237a88035b79","2026-08-18T03:05:58.3590029Z","asset"
"godot/assets/art/enemies/ENM007/ultimate/ultimate_06.png.import","972","d8664163fd13a7c3d40e247f7fb379dce8c938d5f8a36925116bd72246b1195c","2026-08-18T03:30:17.6810320Z","asset"
"godot/assets/art/enemies/ENM007/ultimate/ultimate_07.png","443561","3acab38ad10879fbaefb8c713af842c26bb40ca61bd9708eda00f3e683854350","2026-08-18T03:05:58.4720024Z","asset"
"godot/assets/art/enemies/ENM007/ultimate/ultimate_07.png.import","971","02791a3344f8585577f512a11c2896e5743d5a2bb4c068dd2afb45cba81d9918","2026-08-18T03:30:18.6160319Z","asset"
"godot/assets/art/enemies/ENM007/ultimate/ultimate_08.png","444784","7cec726b13ceb916c0b67b07ab0cbc1b7c6cfa141fa453b25ccfc424a1699820","2026-08-18T03:05:58.5834505Z","asset"
"godot/assets/art/enemies/ENM007/ultimate/ultimate_08.png.import","972","0263a7c277dcc9c07e8095ec80abdc6d25492498ceec987854d9b1257dd59c75","2026-08-18T03:30:18.6200315Z","asset"
"godot/assets/art/enemies/ENM007/ultimate/ultimate_09.png","444839","00527967fb8ac92913b8960e122225df3d2b213818db88c2a40628178943a96c","2026-08-18T03:05:58.6964508Z","asset"
"godot/assets/art/enemies/ENM007/ultimate/ultimate_09.png.import","971","e4283860d9deb707f5fa03aedd82e9b3994b98244e2b88d3e2afbf84176cfb00","2026-08-18T03:30:18.6240314Z","asset"
"godot/assets/art/enemies/ENM007/ultimate/ultimate_10.png","443760","5d96b0c05e4bc6fca6b9923ada6c18fcdcc824f51a620513363f89cd0dea9ea1","2026-08-18T03:05:58.8084476Z","asset"
"godot/assets/art/enemies/ENM007/ultimate/ultimate_10.png.import","972","3a3b9193acde480e19fd108e18f7a300c65d1f483a05dd4ddf349aed61c2c37e","2026-08-18T03:30:18.5970319Z","asset"
"godot/assets/art/enemies/ENM007/ultimate/ultimate_11.png","442292","00e23bdc1fd61108cfe2fc7827f9146628797ce895d6bcf2c98ae2dceccafdf9","2026-08-18T03:05:58.9194495Z","asset"
"godot/assets/art/enemies/ENM007/ultimate/ultimate_11.png.import","972","571ee5471a2e638fa5103ae10c449b2cd468c7736d816211a6f4c695badd0054","2026-08-18T03:30:18.4860317Z","asset"
"godot/assets/art/enemies/ENM007/ultimate/ultimate_12.png","441453","87af4ad14f99fada0023ee734c4c085510097dba531c4c65ed14efbb8b3166f8","2026-08-18T03:05:59.0325126Z","asset"
"godot/assets/art/enemies/ENM007/ultimate/ultimate_12.png.import","971","076f6733434d05bbdd6dd9f69fddaa16ef19688f2545ed680badd4ee26d99ac4","2026-08-18T03:30:18.4840363Z","asset"
"godot/assets/art/enemies/ENM007/ultimate/ultimate_13.png","440043","404bba7ff896038666cdd92ca806ae040fbd9bcb0c785daf63e8cc4117f3d6ed","2026-08-18T03:05:59.1445090Z","asset"
"godot/assets/art/enemies/ENM007/ultimate/ultimate_13.png.import","972","ef3734d93089271b4d51588f962b5259cdc3c5b8636450c052f0ad114f0bb544","2026-08-18T03:30:18.4850322Z","asset"
"godot/assets/art/enemies/ENM007/ultimate/ultimate_14.png","437599","4fc928908ebd726d342eede6571aa4e28768cf74b995b3a29fdc985750635609","2026-08-18T03:05:59.2555104Z","asset"
"godot/assets/art/enemies/ENM007/ultimate/ultimate_14.png.import","972","82e9185b4313356bb23d169e7cd6b09016b11e521db84e1cc7ca6e78137687c9","2026-08-18T03:30:18.4740376Z","asset"
"godot/assets/art/enemies/ENM007/ultimate/ultimate_15.png","435129","892e531fd89c4a2115ff38c32a82aa927f362856d627fe14e7bfa93d3639a9f9","2026-08-18T03:05:59.3735114Z","asset"
"godot/assets/art/enemies/ENM007/ultimate/ultimate_15.png.import","972","3535f8ac878404494ba142316d2f7fcdb9aa3871f720d85c00c222b478ede9e0","2026-08-18T03:30:18.4590312Z","asset"
"godot/assets/art/enemies/ENM007/ultimate/ultimate_16.png","432550","8282063f8ec403165065ef01c0f0487d5c8c730064d42c2f13e68fbf53eccce2","2026-08-18T03:05:59.4955242Z","asset"
"godot/assets/art/enemies/ENM007/ultimate/ultimate_16.png.import","972","5e2aefcf4c8aae8815b1a4abd447b7b5013b2ffa743501f6d87a3a6882242887","2026-08-18T03:30:18.4610322Z","asset"
"godot/assets/art/enemies/ENM007/ultimate/ultimate_17.png","430259","9beea01368858b67b8c8f4cd961b9dc5d6386f1b19413d8f18c4e7622e0e3c56","2026-08-18T03:05:59.6095223Z","asset"
"godot/assets/art/enemies/ENM007/ultimate/ultimate_17.png.import","972","2ee2bd187c1fb65fe2d1ccdd1deb83fb9a715eef010ea63486435e81529227e4","2026-08-18T03:30:18.4520306Z","asset"
"godot/assets/art/enemies/ENM007/victory/victory_00.png","405412","cffb8274c9967a36d47ea4968f462a079a86583aee2585aee3e84968a33e2085","2026-08-18T03:06:01.0396573Z","asset"
"godot/assets/art/enemies/ENM007/victory/victory_00.png.import","968","bb61f7e4706834a0ccd193d3b7fdaa72e8f942ad4fec2d439bacda291e9592e5","2026-08-18T03:30:18.4550310Z","asset"
"godot/assets/art/enemies/ENM007/victory/victory_01.png","410214","c35d10325b25d10e21582cc3243ba0c9dfaae61942a9fc1cded14b7d6b9b9508","2026-08-18T03:06:01.1476550Z","asset"
"godot/assets/art/enemies/ENM007/victory/victory_01.png.import","967","5405b10857cf5ad141b2dc1cfc04f428b3e4fbfa5d4ee5b1323b0212eb01c2ef","2026-08-18T03:30:18.4460309Z","asset"
"godot/assets/art/enemies/ENM007/victory/victory_02.png","413774","2419a34fc22c70ab3592630faf6231309b0c3c2532cc378a59fa9822d472a111","2026-08-18T03:06:01.2576561Z","asset"
"godot/assets/art/enemies/ENM007/victory/victory_02.png.import","968","28f525c31c797050f640bd92581ebea0d41200743e3bb0dede4968801b40a957","2026-08-18T03:30:18.3210317Z","asset"
"godot/assets/art/enemies/ENM007/victory/victory_03.png","412645","873678b78b9e06e01bd61565a147004731b826500f896aad71f32395e69c68de","2026-08-18T03:06:01.3686350Z","asset"
"godot/assets/art/enemies/ENM007/victory/victory_03.png.import","968","ba52e1859080373e3cdd05e4fe0160c16e4f136b8fe039b394cffb7513fde562","2026-08-18T03:30:18.3190316Z","asset"
"godot/assets/art/enemies/ENM007/victory/victory_04.png","408008","ef670805626cb3a26f6c85dc8a16537e3225126e4954b6bedf0f256177a4fd0d","2026-08-18T03:06:01.4786341Z","asset"
"godot/assets/art/enemies/ENM007/victory/victory_04.png.import","968","7817d2a490b83652d9852b4f4392cb08ba4e7f23a72e65bd605d253139acb1aa","2026-08-18T03:30:18.3020344Z","asset"
"godot/assets/art/enemies/ENM007/victory/victory_05.png","406310","cfb110d89f30afe72ae1e75368c9bb320c1f5adf61cec1d0fa7cc5ea127de4be","2026-08-18T03:06:01.5886340Z","asset"
"godot/assets/art/enemies/ENM007/victory/victory_05.png.import","967","85ee4b12bc8616bbfea711009b4b12a9a6edf8308f60bc7446ad6af3f85c0350","2026-08-18T03:30:18.3100308Z","asset"
"godot/assets/art/enemies/ENM007/victory/victory_06.png","408147","cfbe2c78ac904111dbb1272491ef60c701b8c57490061485fc1d82c7d5066606","2026-08-18T03:06:01.7070374Z","asset"
"godot/assets/art/enemies/ENM007/victory/victory_06.png.import","968","b3290b24d260fe20dd20ef29cbe682984a453be3827a92ac4ad5578c276634ac","2026-08-18T03:30:18.3070323Z","asset"
"godot/assets/art/enemies/ENM007/victory/victory_07.png","408272","2162664b89855bbeebd9c5b1644fd681a236ec1243376b54ca77b8468e523cd6","2026-08-18T03:06:01.8170376Z","asset"
"godot/assets/art/enemies/ENM007/victory/victory_07.png.import","968","cd80d1cd2253f88ce5c311174d1c6def200a2eb7791fae95b629d3c554099ef9","2026-08-18T03:30:18.3160318Z","asset"
"godot/assets/art/enemies/ENM007/victory/victory_08.png","407063","7ef917e01502a5c81f291d0ab12139c4b745478af0d113b0bd051601bd25f472","2026-08-18T03:06:01.9260363Z","asset"
"godot/assets/art/enemies/ENM007/victory/victory_08.png.import","967","ef5008c79ce2e05da18ba5a361cff4781b8b0910e09791a31c5bee0172bc9e1a","2026-08-18T03:30:18.3030318Z","asset"
"godot/assets/art/enemies/ENM007/victory/victory_09.png","405412","5ddc1f3b1a894303d6847bdbbd260cc24436771264cd74d6f8afc929df6f32ae","2026-08-18T03:06:02.0360351Z","asset"
"godot/assets/art/enemies/ENM007/victory/victory_09.png.import","967","f5a70164b1f8714b2b4f13d89bb8d6e985409843c220c23beab6d82682eccff9","2026-08-18T03:30:18.3020344Z","asset"
"godot/assets/art/icons/material_break_core.png","131450","15489dea351ac4476bb04f67ba00396987471624b9ba4600d62573a63258fb4a","2026-08-17T23:24:46.1040451Z","asset"
"godot/assets/art/icons/material_break_core.png.import","978","649f264efd20005f3029ff9a998af71b51289e532774a432acceca2737dbdaeb","2026-08-17T23:37:43.3437941Z","asset"
"godot/assets/art/icons/material_catalyst.png","130117","ccb8831a02920b96f2d9fd446a1d49c09ad5b20bfa637346fd618c8ae375e886","2026-08-17T23:24:47.2669718Z","asset"
"godot/assets/art/icons/material_catalyst.png.import","972","0fbe5525b449e4030f52c20be41124a3ecea446ceb7654b07080647ae31fee52","2026-08-17T23:37:43.3527945Z","asset"
"godot/assets/art/icons/material_skill_book.png","134931","48831b02ab8a709f8a6ea73b706c8d1f12b64d7c6619b6e55259d15551faf744","2026-08-17T23:24:46.4910452Z","asset"
"godot/assets/art/icons/material_skill_book.png.import","978","37d6ce00d79826adad016e8d4cf859155e3ab077d834668f8b42d8886744394e","2026-08-17T23:37:43.3367947Z","asset"
"godot/assets/art/icons/material_weapon_ore.png","139854","9ef8c68170d4ba02e7e17b6d1762abedfd9fc5d02ede5f7bb85a433a984ba6e7","2026-08-17T23:24:46.8729712Z","asset"
"godot/assets/art/icons/material_weapon_ore.png.import","978","cf2572599fba2e787a08bd3ef2417ae38ceb961bda69e74f78b89b361a87823e","2026-08-17T23:37:43.3387931Z","asset"
"godot/assets/art/icons/skill_chr001_basic.png","130721","9cb6a4e925c5913ece9b1793a9b9e897ec2d87d7d998f834439b08add5739724","2026-08-17T23:24:43.0028085Z","asset"
"godot/assets/art/icons/skill_chr001_basic.png.import","974","6d3678ffb1cc3f9fea44bb0682fe670ca4114ed8f789272bc7f4a056eb554de4","2026-08-17T23:37:43.3347943Z","asset"
"godot/assets/art/icons/skill_chr001_normal.png","129157","7154d6c9257b6b73c1c9fff7a47d2922eb53b5c11f81467f44d58a83fba3dff6","2026-08-17T23:24:43.3928080Z","asset"
"godot/assets/art/icons/skill_chr001_normal.png.import","978","17970d6d9d3535b7b45c22f6e21502214d5d4dc3f94dc1aa73ca2fe0cc63085f","2026-08-17T23:37:43.3227936Z","asset"
"godot/assets/art/icons/skill_chr001_ultimate.png","132197","e727e4783c8d1267c361ace165f36c1e410bd8f0c6514cf757d8d42fc2fb98b6","2026-08-17T23:24:43.7678083Z","asset"
"godot/assets/art/icons/skill_chr001_ultimate.png.import","984","9c56fe5fc9a415004a96356f3c0ba2fd5509d4698bd420c1d37e3d8703eba052","2026-08-17T23:37:43.3207938Z","asset"
"godot/assets/art/icons/skill_chr008_basic.png","132081","7fc443e6ed0c0570735f473ab39258a003232ef4039d4caec9904d966f8903c1","2026-08-17T23:24:44.1447761Z","asset"
"godot/assets/art/icons/skill_chr008_basic.png.import","975","84cf5e40c7569e4f326a4760cd8d3ff5e2a7f7e288865d0626d5d6f2afb2f42b","2026-08-17T23:37:43.3187938Z","asset"
"godot/assets/art/icons/skill_chr008_normal.png","130924","939ffa26e1351937f096a70142085f84f19a7705e5dd82c7f43dc9060c1d69fa","2026-08-17T23:24:44.5547618Z","asset"
"godot/assets/art/icons/skill_chr008_normal.png.import","978","303ab844d4bc8aa60647da34e69cda4455085ca5bd8bce6a7fb4323dc292739a","2026-08-17T23:37:43.2997940Z","asset"
"godot/assets/art/icons/skill_chr008_ultimate.png","130822","581cfd7c4ff0490fbea3c3cbd20c2c2dda79c0fefabc8174a928dd9ea9fbd850","2026-08-17T23:24:44.9433934Z","asset"
"godot/assets/art/icons/skill_chr008_ultimate.png.import","983","6df8b4aa1c064fc2f3391414d048eac7efa0cb9296209695683c247c605e8cb1","2026-08-17T23:37:43.3057935Z","asset"
"godot/assets/art/icons/status_shield.png","129578","7321a65f63e385534e929852dd9eba6cf7100ed3e29ef9769d5abd6ab9508ece","2026-08-17T23:24:48.8071149Z","asset"
"godot/assets/art/icons/status_shield.png.import","960","6a550b7915b3b06298059d01d8a292dbdd7e8efe814b5cddf9810be89b2c73b9","2026-08-17T23:37:43.2807939Z","asset"
"godot/assets/art/icons/status_silence.png","131917","57b5f73fe15ba745e908be9e071393d8d66c997e7090c3d1e11a7042a9de14c9","2026-08-17T23:24:48.0201160Z","asset"
"godot/assets/art/icons/status_silence.png.import","962","cc6fa326e07740f22ecd9da0cf5341a51894898f1f5afee895f5566bbb662cca","2026-08-17T23:37:43.2807939Z","asset"
"godot/assets/art/icons/status_stun.png","127622","6c213e1f1a7fb5f05f2b92bb3c0eddfec31fd857bd2c38c142e7628e037d723a","2026-08-17T23:24:47.6401712Z","asset"
"godot/assets/art/icons/status_stun.png.import","954","f213465535596c720ed115264aa626937715b86805d11538000f59b0a88479a9","2026-08-17T23:37:43.2707936Z","asset"
"godot/assets/art/icons/status_taunt.png","134175","7a45900bb3a7fac62fc8a62311bc4508663a325d3ae7ad3a24f92b98f175cf05","2026-08-17T23:24:48.4271164Z","asset"
"godot/assets/art/icons/status_taunt.png.import","956","2125dddd6f8880d5a3d13f98c6b4f2800da5593b0c079b6e2543e870c87f39a7","2026-08-17T23:37:43.2527930Z","asset"
"godot/assets/art/icons/weapon_guard_disc.png","131662","8386defe5a425bd2388a829659af2f2d9a4a53582e58aba832973a64bbe320e3","2026-08-17T23:24:45.3583929Z","asset"
"godot/assets/art/icons/weapon_guard_disc.png.import","972","4df06350bbae8af85c4d25afab0eadc95a3255200ea7f61c5d70b7e7b104d147","2026-08-17T23:37:43.2357943Z","asset"
"godot/assets/art/icons/weapon_medic_wand.png","130932","b78dfba81d4758967139cf0bc53edcd05b11676dcff5d49b8421540c8d91308b","2026-08-17T23:24:45.7123945Z","asset"
"godot/assets/art/icons/weapon_medic_wand.png.import","972","bdbb06f884f22468c08a119b57fcc9949899a1e7e309c51784daa60aa19712d1","2026-08-17T23:37:43.1897917Z","asset"
"godot/assets/art/qa/silhouettes/chr001_silhouette_v1.png","275609","ad132e21d405ac30235977bc34aa0b548203bc566a01ad6bb4591e4cd1b60b82","2026-08-17T06:40:02.7202493Z","asset"
"godot/assets/art/qa/silhouettes/chr001_silhouette_v1.png.import","989","746b7bb2c4d2d8814881ea0e553712513e0e2f631a74d56436409eb2245fc378","2026-08-17T06:43:36.2224963Z","asset"
"godot/assets/art/qa/silhouettes/chr001_silhouette_v2.png","278676","717334031647c2f4a6d3c34f271cb6d962774c3a1424c148859184b94033e563","2026-08-17T06:40:03.2045392Z","asset"
"godot/assets/art/qa/silhouettes/chr001_silhouette_v2.png.import","990","c0f41982c01304e77a6f5ea434630230d2e0a5f5473bb4a2196f8530590adbf9","2026-08-17T06:43:36.2035015Z","asset"
"godot/assets/art/qa/silhouettes/chr001_silhouette_v3.png","281624","70dfaa829edb515ffc6e64f6c2cd5e08f8312574f30d08846133696bf9d8641b","2026-08-17T06:40:03.6606144Z","asset"
"godot/assets/art/qa/silhouettes/chr001_silhouette_v3.png.import","989","dbb4167b0e3392d87efab3a5b27c69b9c6c0c88ee0630e43e642e47a9160d834","2026-08-17T06:43:36.1804957Z","asset"
"godot/assets/art/qa/silhouettes/chr008_silhouette_v1.png","277358","f63b8d2d1c96ae53b3bf88f11325a27983aec8936aa0f3189a0f65084b8e418b","2026-08-17T06:40:04.1672014Z","asset"
"godot/assets/art/qa/silhouettes/chr008_silhouette_v1.png.import","990","05319c0af1b5a42626edc21090237a0aed6560b14385d5c9e3aa2360af98ac2a","2026-08-17T06:43:36.1734978Z","asset"
"godot/assets/art/qa/silhouettes/chr008_silhouette_v2.png","280307","88f875200a3550a444cec56603221152afdc28c5cf6a416c3e46a8757f19307d","2026-08-17T06:40:04.6706977Z","asset"
"godot/assets/art/qa/silhouettes/chr008_silhouette_v2.png.import","990","d97cdf398e70e1ad2cfc218550228e0b63175a3e94c8cdcc01a99660f3236624","2026-08-17T06:43:36.1574954Z","asset"
"godot/assets/art/qa/silhouettes/chr008_silhouette_v3.png","283288","6f0ccdfa488f1257743437e0550d3f116dab51ca54d72c829be9a33f8183d905","2026-08-17T06:40:05.1670804Z","asset"
"godot/assets/art/qa/silhouettes/chr008_silhouette_v3.png.import","990","1586a35c35ad860230256a574d41f365d618a9a1ab7ba0fa9b764596100c7a99","2026-08-17T06:43:36.1634973Z","asset"
"godot/assets/art/qa/silhouettes/silhouette_manifest.json","1383","833b345b9273384a56463b6241d8b7f334fcaaaf6cdc18572a4934e689682da5","2026-08-17T06:40:05.1690110Z","asset"
"godot/assets/art/sd/CHR001/animation_manifest.json","4655","3cde4f7db7ab9602d3de017cc8814016a09d42b712f7ae5d5354e1717330247e","2026-08-18T03:09:47.3341021Z","asset"
"godot/assets/art/sd/CHR001/basic_attack/basic_attack_00.png","336655","450cd937ec27735ceb3fa13f97bcc4025acaa01a97cf54d3c9b77e7804c4aa3a","2026-08-18T03:05:06.2725901Z","asset"
"godot/assets/art/sd/CHR001/basic_attack/basic_attack_00.png.import","982","8d1e3a47d3daec2422e14b936b1846d1a800a24f8c472807b1526feb887d9f41","2026-08-18T03:30:18.2790301Z","asset"
"godot/assets/art/sd/CHR001/basic_attack/basic_attack_01.png","338302","82b7d1ecb0c281463f4522414d6c05e9af50c0ff75e85d27360fdb182a018a1a","2026-08-18T03:05:06.3807572Z","asset"
"godot/assets/art/sd/CHR001/basic_attack/basic_attack_01.png.import","983","125bfe0197d157872f008be459f5583c01256de3e639344193b9d86140e6aad7","2026-08-18T03:30:18.1590346Z","asset"
"godot/assets/art/sd/CHR001/basic_attack/basic_attack_02.png","338758","47df72061682a2cdc71d2c9eb0c4e7aae9a9bc7bc9fb834d7d914f095728ce81","2026-08-18T03:05:06.4902312Z","asset"
"godot/assets/art/sd/CHR001/basic_attack/basic_attack_02.png.import","983","820b9b8258815b850055efc31ef404dabe51991c11defc2a7c6835a92cb99565","2026-08-18T03:30:18.1450320Z","asset"
"godot/assets/art/sd/CHR001/basic_attack/basic_attack_03.png","338769","55ed09d794b45dafd0481cab10a6e532728ff10eb3c5e6f8c1be56cd30755488","2026-08-18T03:05:06.5960164Z","asset"
"godot/assets/art/sd/CHR001/basic_attack/basic_attack_03.png.import","982","c66173a18c20409a85ed55dbdc3800e96e53b24f6306242961f546e9ec9cc63d","2026-08-18T03:30:18.1370313Z","asset"
"godot/assets/art/sd/CHR001/basic_attack/basic_attack_04.png","337749","da7c21ef6cace424eb694c8e5b6916b039d2a86712678b9c04acdee489312e15","2026-08-18T03:05:06.7088604Z","asset"
"godot/assets/art/sd/CHR001/basic_attack/basic_attack_04.png.import","983","f1723bf4fd5bd1b80e6510121e8e15be15ca797819a3b3ec6f211935fd7880d9","2026-08-18T03:30:18.1370313Z","asset"
"godot/assets/art/sd/CHR001/basic_attack/basic_attack_05.png","337049","34aebcdc58e1311cd141ac06f57046d1a814457ab49dc7afe2b532291106f6f9","2026-08-18T03:05:06.8158346Z","asset"
"godot/assets/art/sd/CHR001/basic_attack/basic_attack_05.png.import","983","feb5991e54a6f2cd9f714966d212868349835501411c1d69d30057fb669d8f90","2026-08-18T03:30:17.2140310Z","asset"
"godot/assets/art/sd/CHR001/basic_attack/basic_attack_06.png","336983","e8459e7e9cc0bfeb62dfdd76c5b2eb462845e12e630957ee7f3c683c70c7dee0","2026-08-18T03:05:06.9218405Z","asset"
"godot/assets/art/sd/CHR001/basic_attack/basic_attack_06.png.import","983","3dfa7d77bc1b2dc63ce9f0c05c1b6158c7cdc2097e0948eca17b0b9c942dba56","2026-08-18T03:30:17.2170315Z","asset"
"godot/assets/art/sd/CHR001/basic_attack/basic_attack_07.png","336681","1a56e7ad9c9f3ef2124ecfa0f876e02a5a39897b93e8bdbc32e5aeb37d949a68","2026-08-18T03:05:07.0287041Z","asset"
"godot/assets/art/sd/CHR001/basic_attack/basic_attack_07.png.import","982","501ddc2e6eddc4e5b75f1a46c45925e252a9e2dc2d492b0815e3199f6ee4c5b0","2026-08-18T03:30:17.2110316Z","asset"
"godot/assets/art/sd/CHR001/down/down_00.png","255372","0c87e9997db5c1f605ac06d088a254f3cf8eff1cad4d4ee248f65312fbf6581e","2026-08-18T03:05:10.8008457Z","asset"
"godot/assets/art/sd/CHR001/down/down_00.png.import","951","5ad18f53f7c4d5493b09281d02d1276f940596eab935d4ef1362c031d3f6e6b3","2026-08-18T03:30:17.2030304Z","asset"
"godot/assets/art/sd/CHR001/down/down_01.png","254102","f787ac040d5f1a064334bd6343c49788b83ff33fff84b9bfaf1f2b36b23dd118","2026-08-18T03:05:10.9033336Z","asset"
"godot/assets/art/sd/CHR001/down/down_01.png.import","951","efeedce0a97bcc0a580e8021adc96f94a3270e5b3197ebd82628c05053f903f3","2026-08-18T03:30:17.2030304Z","asset"
"godot/assets/art/sd/CHR001/down/down_02.png","253838","6e9c7a2727051c6fc41fde830fb17a8f34877325bd0b74504348a89aef00dfa4","2026-08-18T03:05:11.0082694Z","asset"
"godot/assets/art/sd/CHR001/down/down_02.png.import","951","e4c4e5a8d995b1172de165f195a8e1efa423bf73d0f4cfaa23bdfa0410358e68","2026-08-18T03:30:17.2000328Z","asset"
"godot/assets/art/sd/CHR001/down/down_03.png","252798","2389475843f4e46c587b1fd3ee364c245ef394973f02e2f345f7e895cc89f2ac","2026-08-18T03:05:11.1126069Z","asset"
"godot/assets/art/sd/CHR001/down/down_03.png.import","950","6be9d200809f63c9210f910daced0c7ff787b06de7f787a257b83e98636ce460","2026-08-18T03:30:17.1960308Z","asset"
"godot/assets/art/sd/CHR001/down/down_04.png","251734","896f5364451bedf2e9ab6b8df54fe9a1391a19b9e3fa8137f46ea8d487ee05a5","2026-08-18T03:05:11.2145627Z","asset"
"godot/assets/art/sd/CHR001/down/down_04.png.import","950","a1c9f45c76f13cf98b1c6b7a3055377a2b5798be49ca1c6fa4302d20b2645343","2026-08-18T03:30:17.0580314Z","asset"
"godot/assets/art/sd/CHR001/down/down_05.png","250333","96466c23931a8b1bbfff9f99d1c0c4bd5e1497c4b89da71b6773de837db90b98","2026-08-18T03:05:11.3158959Z","asset"
"godot/assets/art/sd/CHR001/down/down_05.png.import","951","d93df4dc1d7f1470bc1ce74dfadbb6d017626c5464b7e8ac0a773b7aef039c58","2026-08-18T03:30:17.0640308Z","asset"
"godot/assets/art/sd/CHR001/down/down_06.png","249890","950e365040ca7dbd7ebf4aafada8546ee7af1e2dd423814c334bce13ae23df5f","2026-08-18T03:05:11.4254481Z","asset"
"godot/assets/art/sd/CHR001/down/down_06.png.import","951","f691f25a306ff4bf5654036b71809e0c81a4fca2c3079bff27f60688414bc822","2026-08-18T03:30:17.0590305Z","asset"
"godot/assets/art/sd/CHR001/down/down_07.png","248774","7f2e28b5939dfc95aef5bc2c464159b75c7c4160375fd8ddb685c4fc72c23f0a","2026-08-18T03:05:11.5296211Z","asset"
"godot/assets/art/sd/CHR001/down/down_07.png.import","950","c974588058bb4bc05e3265ef843f0d1fa3cf084a4597b6326919eab20a32767a","2026-08-18T03:30:17.0650314Z","asset"
"godot/assets/art/sd/CHR001/hit/hit_00.png","313885","61ee1519a2a3924cc968153eba5f921b4df97e156c6909b4669f56afee6ffd2a","2026-08-18T03:05:10.3718498Z","asset"
"godot/assets/art/sd/CHR001/hit/hit_00.png.import","947","9c879499f4e9c07915ce84d6c13b3928c7808862a4567e23a37a9fd82565f01f","2026-08-18T03:30:17.0650314Z","asset"
"godot/assets/art/sd/CHR001/hit/hit_01.png","315110","61051d78a6c0aa186195bc42fd3c3528b6a8e9a55240a9d2273e66610c141bbf","2026-08-18T03:05:10.4788509Z","asset"
"godot/assets/art/sd/CHR001/hit/hit_01.png.import","947","42365198d290f64b17bb271eee7922ab8d60db9b04e6d88ec6615f6111d4ed62","2026-08-18T03:30:17.0540318Z","asset"
"godot/assets/art/sd/CHR001/hit/hit_02.png","315217","1fdcbbd7a8935310934a5e21d9226ce43b9d9691bc723a84cab2e3c024e600c1","2026-08-18T03:05:10.5826907Z","asset"
"godot/assets/art/sd/CHR001/hit/hit_02.png.import","947","cf7fbd75c586f706634f39bfc3d7bdcfa666fe3d2b5c570e1cc0ee343637e712","2026-08-18T03:30:17.0520325Z","asset"
"godot/assets/art/sd/CHR001/hit/hit_03.png","313885","61ee1519a2a3924cc968153eba5f921b4df97e156c6909b4669f56afee6ffd2a","2026-08-18T03:05:10.6978021Z","asset"
"godot/assets/art/sd/CHR001/hit/hit_03.png.import","947","6d6ba3fc165f86186d722ddd483f9eeae84dc9a9d99880d2899a9e13ec843bac","2026-08-18T03:30:17.0510318Z","asset"
"godot/assets/art/sd/CHR001/idle/idle_00.png","319108","63fae2ead6b3b8c0a1c42b586a4ab61ef8be5da51b5c3c9eeb3da08b17c1659a","2026-08-18T03:05:04.0901574Z","asset"
"godot/assets/art/sd/CHR001/idle/idle_00.png.import","951","344147dd169189b43c0650d39a9c12bfad4ccb7e8975dd029be1e0b6ae80162e","2026-08-18T03:30:17.0500306Z","asset"
"godot/assets/art/sd/CHR001/idle/idle_01.png","320549","8b03703760c9e14ef1775a396603e4412ace8e350d3be9da54667c9e6be72f77","2026-08-18T03:05:04.2049291Z","asset"
"godot/assets/art/sd/CHR001/idle/idle_01.png.import","951","a302564def311ff66d029480dfeb2a77306fccdc14fc5871056667650209768c","2026-08-18T03:30:16.9090321Z","asset"
"godot/assets/art/sd/CHR001/idle/idle_02.png","320925","08e11dec6cbc5e0791f1b78b5911c953c1c0fb6368a29ca558b7941e2084bb9a","2026-08-18T03:05:04.3203851Z","asset"
"godot/assets/art/sd/CHR001/idle/idle_02.png.import","951","ccba8869c5211e2c9e77552309e992cc20e99d37a848459ed91c27e6746f67a2","2026-08-18T03:30:16.9150306Z","asset"
"godot/assets/art/sd/CHR001/idle/idle_03.png","319944","c824a759135ddb9add139cc2a8469e20072a8b8e0f03d290328524a451d95405","2026-08-18T03:05:04.4262928Z","asset"
"godot/assets/art/sd/CHR001/idle/idle_03.png.import","950","6c6d7b6114fcf13e264e36eb4aee67c0f33d023f0c0bbb3751ecaba731d71327","2026-08-18T03:30:16.9130310Z","asset"
"godot/assets/art/sd/CHR001/idle/idle_04.png","318349","71f2cc95b6154b97d9c7de61fa24cd9ce63d10bc15984ac16fa9e3c295180f16","2026-08-18T03:05:04.5350446Z","asset"
"godot/assets/art/sd/CHR001/idle/idle_04.png.import","950","bcb11a2da218990281686a7f1e29ef0b2e53d72e4a0e6d7aa714acd19cc266f2","2026-08-18T03:30:16.9160306Z","asset"
"godot/assets/art/sd/CHR001/idle/idle_05.png","317518","a0902d15af70296f0a86fa82f89fccb76675cd31903918624c6c2d3f2b761029","2026-08-18T03:05:04.6404968Z","asset"
"godot/assets/art/sd/CHR001/idle/idle_05.png.import","951","4719cd47390434cdddf286cd5a53d573428b903415770448dd1042eeb59563e9","2026-08-18T03:30:16.9140308Z","asset"
"godot/assets/art/sd/CHR001/idle/idle_06.png","318146","ef8617f2bcdf92cdd69f188292815e6e4d3adc1235e452367e3577492c06e47f","2026-08-18T03:05:04.7539577Z","asset"
"godot/assets/art/sd/CHR001/idle/idle_06.png.import","951","b2f9c4d0dfc344a8067e44a4a763b5731b32f03f67340a528259367a035dc453","2026-08-18T03:30:16.9030304Z","asset"
"godot/assets/art/sd/CHR001/idle/idle_07.png","319108","03466ee95a2c17e5aef60c2ca461c6ca06aa3d12e1e1a8ee0b55e34da3bfda47","2026-08-18T03:05:04.8600114Z","asset"
"godot/assets/art/sd/CHR001/idle/idle_07.png.import","950","aec3db7958908a67fc808f7fabbb71033c04bbb90f1f10c097aa0e5ba331d499","2026-08-18T03:30:16.9030304Z","asset"
"godot/assets/art/sd/CHR001/move/move_00.png","320471","1033bc98982e13bd014caa6fb28048943eacde3c60bd3f77da431a83564f0620","2026-08-18T03:05:04.9670582Z","asset"
"godot/assets/art/sd/CHR001/move/move_00.png.import","951","6f8f5b8c678fd73b3a5c536b1d5bf703bbfb1895f593e8b21e37df89601790a6","2026-08-18T03:30:16.9150306Z","asset"
"godot/assets/art/sd/CHR001/move/move_01.png","321754","12caa2ffe5cab7ce4b2ebd194c9e55639d084be197ffe9e26f9d827dfad5c236","2026-08-18T03:05:05.0812746Z","asset"
"godot/assets/art/sd/CHR001/move/move_01.png.import","951","41ed81c1dec736b15e6ec3026f03d9b6557fc9559a873dce12390e3e914944ba","2026-08-18T03:30:16.9040313Z","asset"
"godot/assets/art/sd/CHR001/move/move_02.png","322873","5b529498d2a8fdb766871b2cb0ada0070e5d5e6492c86c4540a51e9d314bb675","2026-08-18T03:05:05.1879429Z","asset"
"godot/assets/art/sd/CHR001/move/move_02.png.import","951","c7d07e5e2cd4ad04ab257e8ea6952b1000b75da1f9becfe7647a1e938fef1ba6","2026-08-18T03:30:17.6660317Z","asset"
"godot/assets/art/sd/CHR001/move/move_03.png","323182","d998d60cf6a1510120177b51aaf253961fa3de7fcc5d35cefb78509b6d66bff4","2026-08-18T03:05:05.2929904Z","asset"
"godot/assets/art/sd/CHR001/move/move_03.png.import","950","b6f2335da438d310fe05bd29e5d7e193bb635417ef42538667fe3d94de600c28","2026-08-18T03:30:17.6550327Z","asset"
"godot/assets/art/sd/CHR001/move/move_04.png","322842","4176d243388913a8d0f22a2ef899b6437817f09dae56f8b971b4d515a9f5e5e9","2026-08-18T03:05:05.4053761Z","asset"
"godot/assets/art/sd/CHR001/move/move_04.png.import","951","c77bf0629770ba445057e44d90c9a8dab840fccef453977f8f6aa68617b5eea7","2026-08-18T03:30:17.6530316Z","asset"
"godot/assets/art/sd/CHR001/move/move_05.png","321253","65d610997acf70fc81b44769aef827ab7afcb0d15c01a910a7853c8b844187f7","2026-08-18T03:05:05.5104159Z","asset"
"godot/assets/art/sd/CHR001/move/move_05.png.import","950","874821f0237b013c193a1963e082f3b4ac9daf8df4d08550ba5d7fc7e9e46ecf","2026-08-18T03:30:17.6590337Z","asset"
"godot/assets/art/sd/CHR001/move/move_06.png","321180","16eafb25ba5ea9c56115670ee544303cd2d11d3f4c1e3c490762fe6267ad0656","2026-08-18T03:05:05.6186199Z","asset"
"godot/assets/art/sd/CHR001/move/move_06.png.import","951","8db458e15dd9716b1f2592d33b3c09ab277213659d967276f3872096d9d05ab7","2026-08-18T03:30:17.6530316Z","asset"
"godot/assets/art/sd/CHR001/move/move_07.png","322603","4aeff4a548fea95bff1124656e2dece34f47473d0801ad7fecc2b34365e1d3da","2026-08-18T03:05:05.7239832Z","asset"
"godot/assets/art/sd/CHR001/move/move_07.png.import","951","7c697bbd242e6ee059102d447b0aff68264c48df8498b4125335f933d5450cd2","2026-08-18T03:30:17.6560315Z","asset"
"godot/assets/art/sd/CHR001/move/move_08.png","323002","b19f6bcfa7a4fbb962b9c535873de8930ec0f9b3b400a5516cff1312499230bd","2026-08-18T03:05:05.8287181Z","asset"
"godot/assets/art/sd/CHR001/move/move_08.png.import","951","242cc4cb6ea8d1907376624c67c3d6de92a0a2c2782db599d6d13c1d1232c5e1","2026-08-18T03:30:17.5120308Z","asset"
"godot/assets/art/sd/CHR001/move/move_09.png","322999","aaf65cf6fa256db6d1f82628b2db0e28c95a67501403ce61b82f98f3ee7d0599","2026-08-18T03:05:05.9441374Z","asset"
"godot/assets/art/sd/CHR001/move/move_09.png.import","950","ecf83fc25a971b7db4bb46bf053bfba3023c850ba4b0e2ac3aa976bc4b92ffa3","2026-08-18T03:30:17.5170323Z","asset"
"godot/assets/art/sd/CHR001/move/move_10.png","321832","4221b2b12a913216591aad91e4547d700f4d1e4b87d64ac9e2cc629ef811548b","2026-08-18T03:05:06.0499849Z","asset"
"godot/assets/art/sd/CHR001/move/move_10.png.import","950","4a8462bb69e1650845a418c3a4c4a92410a470fbeccac161d9482e5eddbc6fe3","2026-08-18T03:30:17.5040316Z","asset"
"godot/assets/art/sd/CHR001/move/move_11.png","320471","826cdabbe496a151ef6b8995b879bce3b21be51bfe129c6124c00c33f0690de8","2026-08-18T03:05:06.1573886Z","asset"
"godot/assets/art/sd/CHR001/move/move_11.png.import","951","fc4eebc966a0bc145f1ffdf4d118544ba75ce688783d4d1765c0043e1d3d2f00","2026-08-18T03:30:17.5070314Z","asset"
"godot/assets/art/sd/CHR001/normal_skill/normal_skill_00.png","309141","8988834f6f7b6ffa92a065e353176cb130bc58785e9616113ceb1f7e72bfcfd5","2026-08-18T03:05:07.1443445Z","asset"
"godot/assets/art/sd/CHR001/normal_skill/normal_skill_00.png.import","983","8bbb665b95db1981bd711d5f72a42db3cc88431371d67261abf6361799656a04","2026-08-18T03:30:17.5030322Z","asset"
"godot/assets/art/sd/CHR001/normal_skill/normal_skill_01.png","310547","412ac1f9613df0b015823fec1f7559c8ff1d8fd34198a31c28a8eb923683428f","2026-08-18T03:05:07.2483484Z","asset"
"godot/assets/art/sd/CHR001/normal_skill/normal_skill_01.png.import","983","38cbc4c00d62652d174ec38d2228c955387f2c97b0bda394c794ca06c6e339f3","2026-08-18T03:30:17.5050311Z","asset"
"godot/assets/art/sd/CHR001/normal_skill/normal_skill_02.png","311460","94e0eed0147d61ead68351e8978da93bb60ffba5d37ef119b2033b2788f1ce48","2026-08-18T03:05:07.3544008Z","asset"
"godot/assets/art/sd/CHR001/normal_skill/normal_skill_02.png.import","982","adc534037e4e43445d205ae71ea2f5d8d00c99c647c7a225fa24df033e52daea","2026-08-18T03:30:17.4990320Z","asset"
"godot/assets/art/sd/CHR001/normal_skill/normal_skill_03.png","312385","23de6038191dd74aeee20657d3a7f82b9dc5a6291a74fd4109555014194d2101","2026-08-18T03:05:07.4672031Z","asset"
"godot/assets/art/sd/CHR001/normal_skill/normal_skill_03.png.import","982","5aebf03ec06b07bd7f1e102aa3decb12ea75f10c9ba84b766a888634d51fbeb8","2026-08-18T03:30:17.4960310Z","asset"
"godot/assets/art/sd/CHR001/normal_skill/normal_skill_04.png","313123","6a3e8f6f5bf2cc3ec4965f2c564231b8f6a7fb799accdfe77d07a463f098e2a8","2026-08-18T03:05:07.5740079Z","asset"
"godot/assets/art/sd/CHR001/normal_skill/normal_skill_04.png.import","983","7583f9baf727a1167ad6153044d3623666db8047bf4c48e7c99fdb0a5029bcc8","2026-08-18T03:30:17.4970312Z","asset"
"godot/assets/art/sd/CHR001/normal_skill/normal_skill_05.png","313461","fdc3236a41837737a2134d322dca1195e23ccd24b5dc6e57c584c4400b76a29f","2026-08-18T03:05:07.6781038Z","asset"
"godot/assets/art/sd/CHR001/normal_skill/normal_skill_05.png.import","983","682ba4f6e1ccd9821f16e08ed5d2bc7ccff6c2981323737acd1c00022005429c","2026-08-18T03:30:17.3650316Z","asset"
"godot/assets/art/sd/CHR001/normal_skill/normal_skill_06.png","313489","24736ee7b3679068d1ae56e0f73f014f19ac279fe37804832d9110acdba95382","2026-08-18T03:05:07.7838791Z","asset"
"godot/assets/art/sd/CHR001/normal_skill/normal_skill_06.png.import","982","1b6f221b0dde100a49d5e04a7f443311179350be021fbe633acb15cac72b51e6","2026-08-18T03:30:17.3550312Z","asset"
"godot/assets/art/sd/CHR001/normal_skill/normal_skill_07.png","313080","24e44cbfb9dbff2036f0ae169a238ed3cd92d0786a1c051c1cf477a781d490c7","2026-08-18T03:05:07.8916827Z","asset"
"godot/assets/art/sd/CHR001/normal_skill/normal_skill_07.png.import","983","30a62c707a58df19b6d17ce27e9a85967597e487635b4699789f599e001413bd","2026-08-18T03:30:17.3640308Z","asset"
"godot/assets/art/sd/CHR001/normal_skill/normal_skill_08.png","312418","2a9462ef8ed36cc39739b638641bdbcb49f77604926abcbf118e99edb304a2ff","2026-08-18T03:05:07.9989755Z","asset"
"godot/assets/art/sd/CHR001/normal_skill/normal_skill_08.png.import","983","81c2d1155720f24fd99d4b14e165ee3e9050f49768717585bbd1717be2f19990","2026-08-18T03:30:17.3520314Z","asset"
"godot/assets/art/sd/CHR001/normal_skill/normal_skill_09.png","311670","b1fab933ebf0589f0c60016eee8c9a7714de83db18d5b7757b1b9bd85a6651bf","2026-08-18T03:05:08.1032159Z","asset"
"godot/assets/art/sd/CHR001/normal_skill/normal_skill_09.png.import","983","4a34068b5a90c38a3e82b6ccafa3dc48e3dcc7699db76ebb401d8f424b922b94","2026-08-18T03:30:17.3570307Z","asset"
"godot/assets/art/sd/CHR001/normal_skill/normal_skill_10.png","310553","029bfebc652f35cf4fd73dac3205f29be9b019f96f71baf85e8aec17a2eb55bb","2026-08-18T03:05:08.2090668Z","asset"
"godot/assets/art/sd/CHR001/normal_skill/normal_skill_10.png.import","983","c1fdf152c7b000fd66d4c8e5d6f03fe6d79e9f53cac64b0413a0298aff8b76b0","2026-08-18T03:30:17.3540300Z","asset"
"godot/assets/art/sd/CHR001/normal_skill/normal_skill_11.png","309432","8e03803c1a7f0d5dad8a975750a0d457f91273dcb69be62cf5a371f3e5b80b5c","2026-08-18T03:05:08.3141139Z","asset"
"godot/assets/art/sd/CHR001/normal_skill/normal_skill_11.png.import","982","a494bb8ca5b39fb822f68b2f2372221a1189d46a626e4a25ed126d712738ae5a","2026-08-18T03:30:17.3560313Z","asset"
"godot/assets/art/sd/CHR001/ultimate/ultimate_00.png","329262","e99a90e56df16ef7268f0fe08dee0703750dc766283be691807625f7e1fdaae3","2026-08-18T03:05:08.4196976Z","asset"
"godot/assets/art/sd/CHR001/ultimate/ultimate_00.png.import","967","339c7a66e0e66e63da18b48b2607c4fba9006e46259f3f396160ce3d787ca458","2026-08-18T03:30:17.3520314Z","asset"
"godot/assets/art/sd/CHR001/ultimate/ultimate_01.png","330806","9029dba58742e47dcd5f3cba90e6930e65d854c10dea58e0179088177bc6caf9","2026-08-18T03:05:08.5263951Z","asset"
"godot/assets/art/sd/CHR001/ultimate/ultimate_01.png.import","967","0dc617572f3d1dd6e565eaa640458504a794eaa143a7b08f8d78f398c51076c2","2026-08-18T03:30:17.3430310Z","asset"
"godot/assets/art/sd/CHR001/ultimate/ultimate_02.png","332320","a718d0f853fc5b990781d0e3c167202415564272d4062565508da0551bb32cf9","2026-08-18T03:05:08.6402671Z","asset"
"godot/assets/art/sd/CHR001/ultimate/ultimate_02.png.import","966","5681210866c0f4da657ed9502d6d417c388e7ed63bf217d7b6c0687ed66438cd","2026-08-18T03:30:17.2100315Z","asset"
"godot/assets/art/sd/CHR001/ultimate/ultimate_03.png","333497","46fb5b1cc221669c06955d0ab852d2608ec05d8c38a91663ba91794362e1b8b2","2026-08-18T03:05:08.7462748Z","asset"
"godot/assets/art/sd/CHR001/ultimate/ultimate_03.png.import","965","36be1284dc0b748b1368c77f87db10c09b4ebdbf5f43c57dda50229787241864","2026-08-18T03:30:17.2170315Z","asset"
"godot/assets/art/sd/CHR001/ultimate/ultimate_04.png","335406","15aee4b479f30f18e2849c036efc105e87ed682f224856f4e43c2865818298d9","2026-08-18T03:05:08.8533544Z","asset"
"godot/assets/art/sd/CHR001/ultimate/ultimate_04.png.import","966","7c9410ab31c02444212679a6503a669f3a0f198cc98cf7ef271934a803969e26","2026-08-18T03:30:19.9440318Z","asset"
"godot/assets/art/sd/CHR001/ultimate/ultimate_05.png","336792","3543d7c68c3792791afa46c8f6c89f475c1a6b8798cf315c4169dc8a93244c02","2026-08-18T03:05:08.9580570Z","asset"
"godot/assets/art/sd/CHR001/ultimate/ultimate_05.png.import","967","598864d8ec060adc2d845b143ee4aee86c74b299cc55ad0a9aad001b501e539d","2026-08-18T03:30:19.8550312Z","asset"
"godot/assets/art/sd/CHR001/ultimate/ultimate_06.png","337303","dc008806829ce41523f4aab07ccf24cd04cdfc5786f1e013e2ad26d254465c7d","2026-08-18T03:05:09.0724154Z","asset"
"godot/assets/art/sd/CHR001/ultimate/ultimate_06.png.import","967","1af06f98214502d2eda6b01c4b09be84c65a2d0698db8eabcb8282083687303d","2026-08-18T03:30:19.8400306Z","asset"
"godot/assets/art/sd/CHR001/ultimate/ultimate_07.png","338014","bbd0ef69260214c1dce1d9dd5097f984e179e752e2add0e54ad10bbfe1339424","2026-08-18T03:05:09.1795986Z","asset"
"godot/assets/art/sd/CHR001/ultimate/ultimate_07.png.import","967","41deb88b4e33051277ec600643da6aad837cec949e9c5f13d359c51880c2f1e6","2026-08-18T03:30:19.8460317Z","asset"
"godot/assets/art/sd/CHR001/ultimate/ultimate_08.png","338637","e7e2fa1283816f98ee69a77bf824a9162fbf90b3d6cc72a7676dca4523291cdc","2026-08-18T03:05:09.2841332Z","asset"
"godot/assets/art/sd/CHR001/ultimate/ultimate_08.png.import","967","d14d04829a9eaba154b82bb5a55fc01077d00797528d1ed49d4d8535f015b361","2026-08-18T03:30:19.8270309Z","asset"
"godot/assets/art/sd/CHR001/ultimate/ultimate_09.png","338377","0a82a5a698dc2e31c175d884f1825e92b6f0decda5b6d672e3e352ac2f7016fd","2026-08-18T03:05:09.3904870Z","asset"
"godot/assets/art/sd/CHR001/ultimate/ultimate_09.png.import","967","e6f2f150ac753b11aa1e93ad9a673af0444712923efd4378a208f57309c09ca3","2026-08-18T03:30:19.8290306Z","asset"
"godot/assets/art/sd/CHR001/ultimate/ultimate_10.png","337946","754e7a8027d4d17f643629ab06a24f650683a79dc1c15c8f0d2ed4d195fe1378","2026-08-18T03:05:09.5070173Z","asset"
"godot/assets/art/sd/CHR001/ultimate/ultimate_10.png.import","967","8cd26d7d07b210251a1a0f4c11f71a7a3b6990cd37b8a6d7f6b06f5cf464933c","2026-08-18T03:30:19.8200349Z","asset"
"godot/assets/art/sd/CHR001/ultimate/ultimate_11.png","337250","4b4a94690b7831a3bf1575dcb38569136b599614ffe684662aa2728ce26abc86","2026-08-18T03:05:09.6141065Z","asset"
"godot/assets/art/sd/CHR001/ultimate/ultimate_11.png.import","967","d0acd367c610c8b9f21fcf5e02698b62090e53db3ce9935bf254ae1f17f29338","2026-08-18T03:30:19.8160314Z","asset"
"godot/assets/art/sd/CHR001/ultimate/ultimate_12.png","336748","85191f86dfacdeb0945f87b525f7750088419b011ea5bc50409cf08316ab07ee","2026-08-18T03:05:09.7182391Z","asset"
"godot/assets/art/sd/CHR001/ultimate/ultimate_12.png.import","967","063d90031fcb650df1a8a96c113e26c1241ac2e123531beddd81326e1357c293","2026-08-18T03:30:19.8060303Z","asset"
"godot/assets/art/sd/CHR001/ultimate/ultimate_13.png","335478","acd830b08c0449dab7d02eedba48b3dfb824bba01218c3ab85b9f57bfc14ac63","2026-08-18T03:05:09.8242462Z","asset"
"godot/assets/art/sd/CHR001/ultimate/ultimate_13.png.import","967","35d8bbfa0118c6d4a123db0f08bfda7b5995dfed34998761bfb8fb87a21f5582","2026-08-18T03:30:19.7860308Z","asset"
"godot/assets/art/sd/CHR001/ultimate/ultimate_14.png","333873","b1d2d6caf1c7ea8e26255c30fd5301f48822ca19790bfe233811599fe60643f3","2026-08-18T03:05:09.9372193Z","asset"
"godot/assets/art/sd/CHR001/ultimate/ultimate_14.png.import","967","1f32adf81976292126afaeeeb0ddb1b2094385e16d6b6e28629108744d036eba","2026-08-18T03:30:19.7040317Z","asset"
"godot/assets/art/sd/CHR001/ultimate/ultimate_15.png","332448","bd30750558f6de0c2e7124c5a91071f5161460afb40908214c7685704970ac3c","2026-08-18T03:05:10.0425575Z","asset"
"godot/assets/art/sd/CHR001/ultimate/ultimate_15.png.import","966","a791fbda68d914316dd045a35cfc378d2ce66e158eb39af6484a6823a2eec59d","2026-08-18T03:30:19.6910316Z","asset"
"godot/assets/art/sd/CHR001/ultimate/ultimate_16.png","330833","c4a44ed609814e26b2d62d5016e95e3e128180f260dc30168b9640054ae3746b","2026-08-18T03:05:10.1523346Z","asset"
"godot/assets/art/sd/CHR001/ultimate/ultimate_16.png.import","967","3381edafb827eae325855c92d8ab39835139dd6e8ec831fb0fab6637fb14eba0","2026-08-18T03:30:19.6860312Z","asset"
"godot/assets/art/sd/CHR001/ultimate/ultimate_17.png","329427","3b0c1f02707c9150781a17439f8b56875fc4c4ebce6ca6d71cf6609987334524","2026-08-18T03:05:10.2569722Z","asset"
"godot/assets/art/sd/CHR001/ultimate/ultimate_17.png.import","967","0cc534c9fdcc888ab1560a8b08e6cc92e17de0efb37956ad7a1559450764fc65","2026-08-18T03:30:19.6700316Z","asset"
"godot/assets/art/sd/CHR001/victory/victory_00.png","285295","8188d35084b8cbd8a6df67a019bad6d7a1eb8632f6d2f176517a64a396640264","2026-08-18T03:05:11.6325825Z","asset"
"godot/assets/art/sd/CHR001/victory/victory_00.png.import","963","da07a44d2d5a722bcdfdc9b2034fe1d9fcee2bbba15ae6f6d742eb85ff5ff6b5","2026-08-18T03:30:19.6690310Z","asset"
"godot/assets/art/sd/CHR001/victory/victory_01.png","288496","c8bb68574962d058cf5dc972ddfecd456888a1b53d0aee5c86ecd292806d3c24","2026-08-18T03:05:11.7460748Z","asset"
"godot/assets/art/sd/CHR001/victory/victory_01.png.import","963","d0fcfe60b8f37b46a74c2016a671548ef292733f88a9c6a6bdd6233bec0306af","2026-08-18T03:30:19.6700316Z","asset"
"godot/assets/art/sd/CHR001/victory/victory_02.png","290775","781e8fdab8572e21a5fe1ccfd6de3c81cee449767ac48ddacc5b8775496902d3","2026-08-18T03:05:11.8498740Z","asset"
"godot/assets/art/sd/CHR001/victory/victory_02.png.import","963","4fab77135391838ec41a2050a3d3be479779821a0dbddd82d7f354c4238c9eaa","2026-08-18T03:30:19.6690310Z","asset"
"godot/assets/art/sd/CHR001/victory/victory_03.png","289761","59cd1f6c96737901befd196536af07b41ddab9aa1cfbaad625b2fe95ce1780c2","2026-08-18T03:05:11.9544216Z","asset"
"godot/assets/art/sd/CHR001/victory/victory_03.png.import","963","fac1ccbcc22b5527ae604b066231810acf010990dcbda3e9eab5fb1691bc8093","2026-08-18T03:30:19.6630318Z","asset"
"godot/assets/art/sd/CHR001/victory/victory_04.png","287174","e1c54ee5b7405d0cee9cd176e1ff21c551ccd3cd237916683ac9bb97a47ce0f7","2026-08-18T03:05:12.0616697Z","asset"
"godot/assets/art/sd/CHR001/victory/victory_04.png.import","963","2370ba7cb7c3e1d5fd0b66b860e729b376192a0edbef573123ef5a35c982bb24","2026-08-18T03:30:19.6470316Z","asset"
"godot/assets/art/sd/CHR001/victory/victory_05.png","286377","33862c05b5dbc1185f4f8f0debfaf544c26831ad7cf9163305f778f83f935cdb","2026-08-18T03:05:12.1741373Z","asset"
"godot/assets/art/sd/CHR001/victory/victory_05.png.import","963","6d3776937e309fda7262b69b757f3bf62826c1b7aa481f46bf5bd58b233e0ffd","2026-08-18T03:30:19.5510324Z","asset"
"godot/assets/art/sd/CHR001/victory/victory_06.png","287698","9b94bd6bcc62f5335fa319b75f02e2707a39bf9530ccd46ae90e4a7ad05d0bad","2026-08-18T03:05:12.2780190Z","asset"
"godot/assets/art/sd/CHR001/victory/victory_06.png.import","963","24f2e45515535e02c09e5babab556ee3c14f2f8e15f33ba3de65970ae0ca56af","2026-08-18T03:30:19.5420315Z","asset"
"godot/assets/art/sd/CHR001/victory/victory_07.png","287411","3f976ee123d1d0d1e2435c8fa598ebd480aef4bfee22756fee0cd8f77d213ab7","2026-08-18T03:05:12.3810255Z","asset"
"godot/assets/art/sd/CHR001/victory/victory_07.png.import","963","dc3bc525a00b466376eda555c57af4c83a408d7bcf5416d1dfcb25ec4536b649","2026-08-18T03:30:19.5400322Z","asset"
"godot/assets/art/sd/CHR001/victory/victory_08.png","286363","58342c703271360581d087bbc91aadd87d306bf961de39e5b43c12c3f11308ab","2026-08-18T03:05:12.4879104Z","asset"
"godot/assets/art/sd/CHR001/victory/victory_08.png.import","963","d53311ff241d2c4aaeeae6a458cff530b5392fa24f5ce58bb9245acfd497aefb","2026-08-18T03:30:19.5260312Z","asset"
"godot/assets/art/sd/CHR001/victory/victory_09.png","285295","fc0f9d8920dcfd54d8c1e878ecc52bbcab3494a48efb5b9051961a4e6fa5efc3","2026-08-18T03:05:12.6002704Z","asset"
"godot/assets/art/sd/CHR001/victory/victory_09.png.import","963","3015825ef7a28be8512f8adc8655d47cc1598235bd5b05e895c26dc3c8d222ef","2026-08-18T03:30:19.5220308Z","asset"
"godot/assets/art/sd/CHR008/animation_manifest.json","4655","fda341b093464de975c5ba3a6d042ec2c0316a9ee32f8f52c299ab57c77cf5d8","2026-08-18T03:09:46.4937933Z","asset"
"godot/assets/art/sd/CHR008/basic_attack/basic_attack_00.png","251744","12e588ba66b7051f2de3e892033ef12bbe58c54f997b49231be06437eac3ba2b","2026-08-18T03:05:29.8901515Z","asset"
"godot/assets/art/sd/CHR008/basic_attack/basic_attack_00.png.import","982","51e67a26f5befdf99dc089125b7191034aade1db47b964beb2816f1349f4e88e","2026-08-18T03:30:19.5100312Z","asset"
"godot/assets/art/sd/CHR008/basic_attack/basic_attack_01.png","252485","62c4e52ca2d8a4a5830d97c35177596273e55b174c6e33445f85b53191bcfed6","2026-08-18T03:05:29.9922007Z","asset"
"godot/assets/art/sd/CHR008/basic_attack/basic_attack_01.png.import","983","ead88be276b1251e3aa79d2114b01ccb803c4de8780c8efb35941e6f7a02c6b6","2026-08-18T03:30:19.5160320Z","asset"
"godot/assets/art/sd/CHR008/basic_attack/basic_attack_02.png","252760","97674109d3f01c70297ef33a86fd54c0a1130af630bd0128b36b463f945cc2c2","2026-08-18T03:05:30.0962361Z","asset"
"godot/assets/art/sd/CHR008/basic_attack/basic_attack_02.png.import","982","b309142cb28ebd61f1e0806a7a60ceec96f10f46599dfe099345285f6f938c5d","2026-08-18T03:30:20.3000311Z","asset"
"godot/assets/art/sd/CHR008/basic_attack/basic_attack_03.png","253195","c80c3a26684ab8787ef6994ccc12064bb87d18575e291521be030ca52ac23afa","2026-08-18T03:05:30.2012361Z","asset"
"godot/assets/art/sd/CHR008/basic_attack/basic_attack_03.png.import","983","cab921dfa1b1d24606ad7cefff9a00c42f7927b51dfefb57100713d5543e728a","2026-08-18T03:30:20.2930308Z","asset"
"godot/assets/art/sd/CHR008/basic_attack/basic_attack_04.png","252507","0614a927a6d7994621ca08af91f412dce1f1603185bf72a2a3dca922e93ca1a3","2026-08-18T03:05:30.3143638Z","asset"
"godot/assets/art/sd/CHR008/basic_attack/basic_attack_04.png.import","982","e3aeec1d8ab021cb243aba6a9a812bdd0a4e38b9b7d74172278a2f69387c14dc","2026-08-18T03:30:20.2830309Z","asset"
"godot/assets/art/sd/CHR008/basic_attack/basic_attack_05.png","251935","598c7111489e3b46447e0cdb5b1c68271cac910f24c406fd177fccf446a515cc","2026-08-18T03:05:30.4196880Z","asset"
"godot/assets/art/sd/CHR008/basic_attack/basic_attack_05.png.import","982","e37b556a55f7c8b1eac9bab4bc26d1a8fa93567dae99ab0e1aa0ac1b77578b39","2026-08-18T03:30:20.2680309Z","asset"
"godot/assets/art/sd/CHR008/basic_attack/basic_attack_06.png","251747","a9a8ff3bdef00130496bc9f67f6708957876ad667228976570ecb3c55d803870","2026-08-18T03:05:30.5231757Z","asset"
"godot/assets/art/sd/CHR008/basic_attack/basic_attack_06.png.import","983","9427b44e29f9e3b9c07ec1b2c4538b4f21587dfd7146bfc624625210ff7fe8ed","2026-08-18T03:30:20.2620312Z","asset"
"godot/assets/art/sd/CHR008/basic_attack/basic_attack_07.png","251926","ee3b5d5b9d1ed38b363bb25306815ded87c4e8b7da5e3f2492a5fcd562cc4f85","2026-08-18T03:05:30.6269256Z","asset"
"godot/assets/art/sd/CHR008/basic_attack/basic_attack_07.png.import","983","18d942cec313699b09f0c439a51e76af1c304fb8aaad35d5cc182ac0cba76c54","2026-08-18T03:30:20.2610304Z","asset"
"godot/assets/art/sd/CHR008/down/down_00.png","228992","ad02901e1eb81d131a2af49d1906d5a356dd8b13cc89345afbd5fb1f4c5d90f9","2026-08-18T03:05:34.4041155Z","asset"
"godot/assets/art/sd/CHR008/down/down_00.png.import","951","ea416f21776f647c2ca465ce1b7ba816eba53493f1c6cb4e94ba3db1e3a2f3f7","2026-08-18T03:30:20.2480325Z","asset"
"godot/assets/art/sd/CHR008/down/down_01.png","228142","94465b8b316ff68e4c6eb23232421e4a1bb57b1f2f3be511d42ffa4dbc9187f2","2026-08-18T03:05:34.5062387Z","asset"
"godot/assets/art/sd/CHR008/down/down_01.png.import","951","04d73fb407519c34ba3fdf0c01e2b4f97746f60f38be0685f784de7fe9cd23a2","2026-08-18T03:30:20.2490319Z","asset"
"godot/assets/art/sd/CHR008/down/down_02.png","227602","9ec43a53857e9d9a206d5eaca59d6eab3cf5c77d8731c9ff4001d1f29d309c42","2026-08-18T03:05:34.6155649Z","asset"
"godot/assets/art/sd/CHR008/down/down_02.png.import","950","162ef05736d91151624c021def657b441015a0429b970dfef709c31074489f2b","2026-08-18T03:30:20.2340310Z","asset"
"godot/assets/art/sd/CHR008/down/down_03.png","227233","954ed9a857e156a8f735d93589f200ddcd7d292a64cff8e4327263311f96c03a","2026-08-18T03:05:34.7160415Z","asset"
"godot/assets/art/sd/CHR008/down/down_03.png.import","951","48b2910e658d0980bc848076d0fbb353cd5ef872d7ef345209ef43ec54341ca8","2026-08-18T03:30:20.1540311Z","asset"
"godot/assets/art/sd/CHR008/down/down_04.png","226222","d90565aa53a496216adb89c6602026716ae1bffbcbfd85da966bcf4e7aa55819","2026-08-18T03:05:34.8183411Z","asset"
"godot/assets/art/sd/CHR008/down/down_04.png.import","950","4f6dfe97d4e9eca48b42821561b2076f59d59de3b516746ed81a8f28704290a1","2026-08-18T03:30:20.1440312Z","asset"
"godot/assets/art/sd/CHR008/down/down_05.png","225825","adbec34f2d8afb32397d9ac30294814ec1c7dde3bd7ab221205367d4b2745d03","2026-08-18T03:05:34.9203943Z","asset"
"godot/assets/art/sd/CHR008/down/down_05.png.import","951","2de44dfe41d5f304a4aae4bacc56263cf488386ea801c7b8e1b7acc61d6adf5a","2026-08-18T03:30:20.1340309Z","asset"
"godot/assets/art/sd/CHR008/down/down_06.png","225180","56b20d277b19bcd73fe8dfc11cd39323bd666d4df42234ff634c8e1e86c1ea15","2026-08-18T03:05:35.0311363Z","asset"
"godot/assets/art/sd/CHR008/down/down_06.png.import","951","702c62de4fb88cd08e35e5289945fae5ba50223698359fd896a58ff5bd254c57","2026-08-18T03:30:20.1220308Z","asset"
"godot/assets/art/sd/CHR008/down/down_07.png","224923","af39bc05a297124aa4ff7eda4858fe50f3b32b57b492202fa9e2887828c9037c","2026-08-18T03:05:35.1341465Z","asset"
"godot/assets/art/sd/CHR008/down/down_07.png.import","951","8b86b67602bf3e73dd641ca86db30e83b524a30934f71ba6506e0ff28764d6ca","2026-08-18T03:30:20.1150316Z","asset"
"godot/assets/art/sd/CHR008/hit/hit_00.png","255739","49f22cc8a9613428ec33a510d15f43930a2964af07681f9d61b456dfc14ce841","2026-08-18T03:05:33.9801036Z","asset"
"godot/assets/art/sd/CHR008/hit/hit_00.png.import","947","932dedb811ac17eee88fd69ac237674697fbc29ace429c1ea6b55e2defa52a62","2026-08-18T03:30:20.1120314Z","asset"
"godot/assets/art/sd/CHR008/hit/hit_01.png","257131","f79b85f2323de8c1817635dd7424521ef764ef1b31e3f4c25b9294726803f6ed","2026-08-18T03:05:34.0851593Z","asset"
"godot/assets/art/sd/CHR008/hit/hit_01.png.import","947","7da7d4cafb659f6b948cb31b41a95ebfca6273531214bccbc952489233823406","2026-08-18T03:30:20.1070306Z","asset"
"godot/assets/art/sd/CHR008/hit/hit_02.png","256970","b076140cefe0b2080b018d55e3c28a65d48e6bbb9b31c77710ceb877700ead3e","2026-08-18T03:05:34.1885632Z","asset"
"godot/assets/art/sd/CHR008/hit/hit_02.png.import","947","748be732cbf3ee4d093267cda9099869ab2b2af483a490ccf0ed6caa965e62ea","2026-08-18T03:30:20.1020303Z","asset"
"godot/assets/art/sd/CHR008/hit/hit_03.png","255739","0a176e703db2d0d0c30d0457835ccf409a243d216652bf1dedb4f45a44d03e13","2026-08-18T03:05:34.2988152Z","asset"
"godot/assets/art/sd/CHR008/hit/hit_03.png.import","946","dcd607f6a14dce36dd093b6f990c8d83843b5d95e610e656ad555c404d6e1782","2026-08-18T03:30:20.0990315Z","asset"
"godot/assets/art/sd/CHR008/idle/idle_00.png","277513","523c42c44363d4aadeffa12a092f014feb17791834c1035b009593d61c239b04","2026-08-18T03:05:27.7276551Z","asset"
"godot/assets/art/sd/CHR008/idle/idle_00.png.import","951","11e2852d24aa76f484136d40dc4d55a2cfe084eeff13123b9fa9ed01529bcae8","2026-08-18T03:30:20.0100316Z","asset"
"godot/assets/art/sd/CHR008/idle/idle_01.png","278999","4e34d83564fae53253e2843d278b4062222f42be84415306cc48d21bcd77d0e3","2026-08-18T03:05:27.8869232Z","asset"
"godot/assets/art/sd/CHR008/idle/idle_01.png.import","951","c1e219e2404f72e491e5529881eaa825a2618f5d0610d21ae866c73bba23fac9","2026-08-18T03:30:19.9960303Z","asset"
"godot/assets/art/sd/CHR008/idle/idle_02.png","279197","c1384e91dc251416ef1b3447e2e951d6f3736044ce6c46ce06688d187ed6e8b2","2026-08-18T03:05:27.9992317Z","asset"
"godot/assets/art/sd/CHR008/idle/idle_02.png.import","951","c5aa4ad5274568ba9f7e38eaa30d191a96253ee7cb79045e63c20e7403e372d1","2026-08-18T03:30:19.9850318Z","asset"
"godot/assets/art/sd/CHR008/idle/idle_03.png","278110","a5586cf7321be5ab15adb44a5b0a9629f6409614e1ff76ffff419f8ee64aa680","2026-08-18T03:05:28.1030349Z","asset"
"godot/assets/art/sd/CHR008/idle/idle_03.png.import","950","bfdf6b006169ebc03dd121fe1de47dff9bff57be118e5c37a8e849040a3e33f5","2026-08-18T03:30:19.9810314Z","asset"
"godot/assets/art/sd/CHR008/idle/idle_04.png","277042","192cb73b92a882183d4bb4b9ce0f4aba7bd71181f415a016a6b0807f0865a83e","2026-08-18T03:05:28.2068459Z","asset"
"godot/assets/art/sd/CHR008/idle/idle_04.png.import","951","699efa1052659f9f86b08711c335c8a521d1d35e8d2dafc672b19157c6197bbe","2026-08-18T03:30:19.9760307Z","asset"
"godot/assets/art/sd/CHR008/idle/idle_05.png","275376","57bd43d921ab1ac22b4366cceea7d1d5d06729f1c3839fdc9a6c0082d1a23fde","2026-08-18T03:05:28.3116252Z","asset"
"godot/assets/art/sd/CHR008/idle/idle_05.png.import","951","88b43983a71e642f0c5bd00689154be4d6f6d067f18d6e9a9ecfafee05421031","2026-08-18T03:30:19.9700316Z","asset"
"godot/assets/art/sd/CHR008/idle/idle_06.png","276298","56ce30a77677c92e2cc41f31107334e554848b7c03b983193b64babda8e94bb1","2026-08-18T03:05:28.4155354Z","asset"
"godot/assets/art/sd/CHR008/idle/idle_06.png.import","951","8228aaa9ee3bd5308c4d13357b3b418b685ef609c02f1e3795b9f829c518f3b9","2026-08-18T03:30:19.9630312Z","asset"
"godot/assets/art/sd/CHR008/idle/idle_07.png","277513","3566bf538117cb47778b5b4d60d2c49d4371e4fd1971f7eaf11731005ace1441","2026-08-18T03:05:28.5193298Z","asset"
"godot/assets/art/sd/CHR008/idle/idle_07.png.import","951","0112dc677e6fa0d0338335f7f8296949fb6485385d8a9f3bc6c008eac7fd653d","2026-08-18T03:30:19.9570305Z","asset"
"godot/assets/art/sd/CHR008/move/move_00.png","252357","1dc00cc3f1a732401162d6c92465a8bb6918f9d4cb2ded1ce34300e06e33df1e","2026-08-18T03:05:28.6233857Z","asset"
"godot/assets/art/sd/CHR008/move/move_00.png.import","951","7923d6cfd5e45362c0b1afca5b43960c98ea9820bfe393dcb0839b81fc2126cc","2026-08-18T03:30:19.0670304Z","asset"
"godot/assets/art/sd/CHR008/move/move_01.png","253309","29868c2c31c65985a00273e51fbcaa767f655c252d08dd9c43de814801b47f0f","2026-08-18T03:05:28.7277455Z","asset"
"godot/assets/art/sd/CHR008/move/move_01.png.import","951","31ccecadfc7a6ad407f9138b68b941c518a88d5433003c56a00257c53ad6ff34","2026-08-18T03:30:19.0680321Z","asset"
"godot/assets/art/sd/CHR008/move/move_02.png","253824","5476d5689f756d0cc74d51dec22b3e7a0af2f9e6b46bcbc735ca2e387f634e51","2026-08-18T03:05:28.8320183Z","asset"
"godot/assets/art/sd/CHR008/move/move_02.png.import","950","78af94c9849563ce3e6d9d35f6366baffff1d142f15461dcbb46fd7986365556","2026-08-18T03:30:19.0370315Z","asset"
"godot/assets/art/sd/CHR008/move/move_03.png","254006","a9921870791c6ca5c8e5141561a65cd2f0547d3a8af1a73d720cd321f9328f8d","2026-08-18T03:05:28.9350685Z","asset"
"godot/assets/art/sd/CHR008/move/move_03.png.import","950","73e153b400eeeec5db83ecb414c7c512354ec41520bc7d086530217dec76aefa","2026-08-18T03:30:18.9260317Z","asset"
"godot/assets/art/sd/CHR008/move/move_04.png","253518","025a306b4c583ca670487defc08078d3ace1c7d04632f688b4ae93cbba3d37da","2026-08-18T03:05:29.0380556Z","asset"
"godot/assets/art/sd/CHR008/move/move_04.png.import","951","0315747b9a2fc4d8e393e24e3dad42170b9a8429a330ac44cd0e2327eac55418","2026-08-18T03:30:18.9270310Z","asset"
"godot/assets/art/sd/CHR008/move/move_05.png","252552","43e20d1d78bc2730f087c017c15f5d8f81221a05d5903126835b43af4cc65945","2026-08-18T03:05:29.1491478Z","asset"
"godot/assets/art/sd/CHR008/move/move_05.png.import","951","c107496521f5d573d78f710c0f5b19aa8d4bc6e6f82aabdcc4c10105eb640b8c","2026-08-18T03:30:18.9320309Z","asset"
"godot/assets/art/sd/CHR008/move/move_06.png","252864","2413ea34a7c7d1c98bd4e5d8669844e498e70a148fe7407792391620cbe0c584","2026-08-18T03:05:29.2531475Z","asset"
"godot/assets/art/sd/CHR008/move/move_06.png.import","950","c9c6a16f7cbd3741eea3520d4bd51333611c1072e6ca4ade91cb3955b65f299a","2026-08-18T03:30:18.9340319Z","asset"
"godot/assets/art/sd/CHR008/move/move_07.png","253398","723d43f9b6e389f1db0c05e6672415231e8b795aaeac5e24691dc02ff72f0b46","2026-08-18T03:05:29.3571477Z","asset"
"godot/assets/art/sd/CHR008/move/move_07.png.import","951","aab238c768d1ce71fd6cdae1d364522deb8b731bf6141e88b19e756bb9e5eeaf","2026-08-18T03:30:18.9240312Z","asset"
"godot/assets/art/sd/CHR008/move/move_08.png","254246","48a0f181ab5efa1166bf60039c5b3d624c2dc66928dab93661931d5c0e913d86","2026-08-18T03:05:29.4594479Z","asset"
"godot/assets/art/sd/CHR008/move/move_08.png.import","951","5585ccf3f59f59ce272d1aa578ab40860daea304a8aa41e6e61b90c86f23542f","2026-08-18T03:30:18.9140311Z","asset"
"godot/assets/art/sd/CHR008/move/move_09.png","253889","b3c4f6a2ff7e8301c079a27d2881632112c2940f818377e82b339b08144c3bb5","2026-08-18T03:05:29.5725718Z","asset"
"godot/assets/art/sd/CHR008/move/move_09.png.import","950","b369b26981fcaf5febf1c830d9d4f0a6527ab13c15c7b53a3fab9c1258b022c9","2026-08-18T03:30:18.9190319Z","asset"
"godot/assets/art/sd/CHR008/move/move_10.png","253299","abde0a0d8015b2fab3827cf658899be6844033e2563e42cbdc1379cfcb4af2a1","2026-08-18T03:05:29.6755788Z","asset"
"godot/assets/art/sd/CHR008/move/move_10.png.import","951","bc46e52a783a3712d00110402942442d45dbad36d2911a1ef416ddae0c4dea3b","2026-08-18T03:30:18.9150306Z","asset"
"godot/assets/art/sd/CHR008/move/move_11.png","252357","634293fe8e0013989e7b1c4cbbab3b9428abe62ad66a28db490d2de173da9322","2026-08-18T03:05:29.7785789Z","asset"
"godot/assets/art/sd/CHR008/move/move_11.png.import","950","51118814043501ad5bd24355cbf98dbd7d8efeda43234333fb2cbdc203f587e4","2026-08-18T03:30:18.8890318Z","asset"
"godot/assets/art/sd/CHR008/normal_skill/normal_skill_00.png","306569","00122ff61a7f9c91ee7651f81c455a83a6047bef28f168dcb0915999502817f5","2026-08-18T03:05:30.7415254Z","asset"
"godot/assets/art/sd/CHR008/normal_skill/normal_skill_00.png.import","983","ad24384c50e0210c87de625be27b138b70c36b2df8387e10a21f27c3c7ee4898","2026-08-18T03:30:18.7890316Z","asset"
"godot/assets/art/sd/CHR008/normal_skill/normal_skill_01.png","307872","78ea9c63fc91174cf9a9147222ae2fdbd3f5dbd0b1d1d77e16150d27a86c7e73","2026-08-18T03:05:30.8474785Z","asset"
"godot/assets/art/sd/CHR008/normal_skill/normal_skill_01.png.import","983","4817c46893c5ff9cfc2b8a2a53efeb5ee9d8a4036bc12d5f51a56546873230fa","2026-08-18T03:30:18.7860315Z","asset"
"godot/assets/art/sd/CHR008/normal_skill/normal_skill_02.png","309184","42231f36526c517d4928d4290d741e2cf2c1114e172ba5dd006a622edbd70f5d","2026-08-18T03:05:30.9536392Z","asset"
"godot/assets/art/sd/CHR008/normal_skill/normal_skill_02.png.import","982","c59068869ca9c7ce22f49799116505390a18d8b6e753872a12b20409ff1bd561","2026-08-18T03:30:18.7820302Z","asset"
"godot/assets/art/sd/CHR008/normal_skill/normal_skill_03.png","309810","636374719e8288464ac58777d0560081235272caaa9b98b2d3df270001ca7ca9","2026-08-18T03:05:31.0671269Z","asset"
"godot/assets/art/sd/CHR008/normal_skill/normal_skill_03.png.import","983","58be3306dfb6577390172d588156ea500dc108229c277c720f365e3861844831","2026-08-18T03:30:18.7820302Z","asset"
"godot/assets/art/sd/CHR008/normal_skill/normal_skill_04.png","310680","5b29a11ceff5b309776ab5b8c8734fffe5fef9a544ef8472e212b4aa45de5198","2026-08-18T03:05:31.1730531Z","asset"
"godot/assets/art/sd/CHR008/normal_skill/normal_skill_04.png.import","982","8ca54d80150671455e014934c4fba3f2ce707293ace5263078ee9d6da77bd9b6","2026-08-18T03:30:18.7700312Z","asset"
"godot/assets/art/sd/CHR008/normal_skill/normal_skill_05.png","311173","cadc12148f191f21a1c08e8422d6973f6e137b6b950ce70203f26ac468cfd17a","2026-08-18T03:05:31.2817261Z","asset"
"godot/assets/art/sd/CHR008/normal_skill/normal_skill_05.png.import","982","f2669bd75aa76e34f894f74cfe5e49733c1d5aa91291c5f40a7eaf199c8b0f42","2026-08-18T03:30:18.7730319Z","asset"
"godot/assets/art/sd/CHR008/normal_skill/normal_skill_06.png","311131","c9a4f8d940d5194c313f131cceffaa56c8b8dfa53c80cf605a87b38e3ec0e5c6","2026-08-18T03:05:31.3872046Z","asset"
"godot/assets/art/sd/CHR008/normal_skill/normal_skill_06.png.import","983","e681c5e26847a650df489556fe9f88efde10a03eb605a006d65f2be2de6435ab","2026-08-18T03:30:18.7710301Z","asset"
"godot/assets/art/sd/CHR008/normal_skill/normal_skill_07.png","311055","b63d072876ce1be16e344a33fdbb21b53797cb2536d18cce8eb72e2f171fd79d","2026-08-18T03:05:31.4942032Z","asset"
"godot/assets/art/sd/CHR008/normal_skill/normal_skill_07.png.import","983","35b7a743a95e2a86f135e2870cd7a95542d3b4a85f0ca28e1d135830241e063f","2026-08-18T03:30:18.7700312Z","asset"
"godot/assets/art/sd/CHR008/normal_skill/normal_skill_08.png","309551","91645aded660fa3d93ce7ebb6dc917eba4f201645b4943ee8d4bd7f9660cf27d","2026-08-18T03:05:31.6004583Z","asset"
"godot/assets/art/sd/CHR008/normal_skill/normal_skill_08.png.import","982","9674f0921f072a9ff842f08c91d042976b14955795f6a5ed0b8e86405db0e74f","2026-08-18T03:30:18.7480307Z","asset"
"godot/assets/art/sd/CHR008/normal_skill/normal_skill_09.png","308925","7946167f6af9c0b3899c774758676e546799cd92a61f9dd58dae63dd44427e60","2026-08-18T03:05:31.7069469Z","asset"
"godot/assets/art/sd/CHR008/normal_skill/normal_skill_09.png.import","983","94bb143158eb3028e32d40518e4d2bd0481528a3e3e12e7286bcfd6cd634fafd","2026-08-18T03:30:18.6350314Z","asset"
"godot/assets/art/sd/CHR008/normal_skill/normal_skill_10.png","307867","8e923f92aef466f3af462592ebea245ef244997d627d65cc53d6e355eb226dff","2026-08-18T03:05:31.8133389Z","asset"
"godot/assets/art/sd/CHR008/normal_skill/normal_skill_10.png.import","983","6c47fdd4713eb409b12c051a011a077d686288b3b4a3c09816c5968176a43e7e","2026-08-18T03:30:18.6400320Z","asset"
"godot/assets/art/sd/CHR008/normal_skill/normal_skill_11.png","306445","3d9d54d1595c6850faa5864e0f43d7d01fa19ea6d6a609c610fe60445145612b","2026-08-18T03:05:31.9259031Z","asset"
"godot/assets/art/sd/CHR008/normal_skill/normal_skill_11.png.import","983","e1d2b26b4871b6d4b67233b9d0f9e9fe84e028bdeb07c277598e7cb86a2b0ed4","2026-08-18T03:30:18.6340308Z","asset"
"godot/assets/art/sd/CHR008/ultimate/ultimate_00.png","312616","d7c4c9477d9678cf79f88f8b3ac2b6c692ce283425ec7b2ce95a4dfd574d8c8b","2026-08-18T03:05:32.0334085Z","asset"
"godot/assets/art/sd/CHR008/ultimate/ultimate_00.png.import","967","da98138403db10f20a0b710f752741c41b499bf3bb02b81ed2201d0d93456579","2026-08-18T03:30:18.6370318Z","asset"
"godot/assets/art/sd/CHR008/ultimate/ultimate_01.png","314049","d9588659d97570681a5c02159fa36d04e8c948fde6014c0a1f7e28a7bd8a306b","2026-08-18T03:05:32.1384825Z","asset"
"godot/assets/art/sd/CHR008/ultimate/ultimate_01.png.import","967","bfb306164336046f76ff9c4ff3e65a5f7fbee926a902b077bee686971221db3d","2026-08-18T03:30:18.6310313Z","asset"
"godot/assets/art/sd/CHR008/ultimate/ultimate_02.png","315020","67721942b8b9ac9e55a5679ef24088e35afbb83a729e8cead3b829a339850213","2026-08-18T03:05:32.2544740Z","asset"
"godot/assets/art/sd/CHR008/ultimate/ultimate_02.png.import","967","6b868821be9c5064012a8bbdf2a7e717905bd7e3bcf3ee418cee7400aa9f5935","2026-08-18T03:30:19.5200302Z","asset"
"godot/assets/art/sd/CHR008/ultimate/ultimate_03.png","316934","af987840c2d5fc9831a325001259940b4e55f59be3ee429412e3d1c42250711c","2026-08-18T03:05:32.3605413Z","asset"
"godot/assets/art/sd/CHR008/ultimate/ultimate_03.png.import","966","831f3e83efc0b616df91b48d3eb3ae18546ec28b931149f97756f3d740b2267f","2026-08-18T03:30:19.4910317Z","asset"
"godot/assets/art/sd/CHR008/ultimate/ultimate_04.png","317684","c3f5b7d59a83d2d5a2234e836c2f5e79f74bfd43e20edac52cbdbad5faffa717","2026-08-18T03:05:32.4652486Z","asset"
"godot/assets/art/sd/CHR008/ultimate/ultimate_04.png.import","967","3d7bb92cf2fd60046a8e63f495166cd208d0accc74c2d03af5c72d1b6e29319d","2026-08-18T03:30:19.3980312Z","asset"
"godot/assets/art/sd/CHR008/ultimate/ultimate_05.png","318710","90d69fefaeac0b22f8c813aeabda9a9fc7970e20f503a1ebff1f9f6d8e7ab776","2026-08-18T03:05:32.5738353Z","asset"
"godot/assets/art/sd/CHR008/ultimate/ultimate_05.png.import","967","909ed532c173ef6e6981c31ac1943f185cec2f389ee04c44828afe0fc6430942","2026-08-18T03:30:19.3940312Z","asset"
"godot/assets/art/sd/CHR008/ultimate/ultimate_06.png","319530","6c2cc70e9a36547ca0247d27f622f63ac448238b11b3ad315d6d8798db993869","2026-08-18T03:05:32.6871559Z","asset"
"godot/assets/art/sd/CHR008/ultimate/ultimate_06.png.import","967","88c2a3cd12a3106b612be5956455e76b7dddaebcf2b3181bbfc12436af19f1f9","2026-08-18T03:30:19.3930303Z","asset"
"godot/assets/art/sd/CHR008/ultimate/ultimate_07.png","320436","ae24888921249504f632a89ff65c8a901e12f09f750dfaf9ef57b543b3c96202","2026-08-18T03:05:32.7921263Z","asset"
"godot/assets/art/sd/CHR008/ultimate/ultimate_07.png.import","967","e2c4dc46145f42c535d200f6c259ce653ec313d3584e152008f6e155eaac94ec","2026-08-18T03:30:19.3790305Z","asset"
"godot/assets/art/sd/CHR008/ultimate/ultimate_08.png","321105","ad4bebb13868f7c2559a00e700b32a4ee4c7bba008810a17e21d8370dc1a4f3d","2026-08-18T03:05:32.8981337Z","asset"
"godot/assets/art/sd/CHR008/ultimate/ultimate_08.png.import","967","bd5c5b84c49b9d87168d6ad09cac78849f1a98c676a16bbcc1fbd4670050c471","2026-08-18T03:30:19.3770300Z","asset"
"godot/assets/art/sd/CHR008/ultimate/ultimate_09.png","321167","1933e9e5b5e8030f45372da2d0a3bda56eafb776cdd76061e1f07a53abe3bf9f","2026-08-18T03:05:33.0021396Z","asset"
"godot/assets/art/sd/CHR008/ultimate/ultimate_09.png.import","967","51febdc0af7f27569477398e6ed4f16728dbfbb08768cfd3e6d0c9a668a69d1f","2026-08-18T03:30:19.3670327Z","asset"
"godot/assets/art/sd/CHR008/ultimate/ultimate_10.png","320519","8b643e5795756a393ad159b6fb3f91620a14b01e227b99f88bc979dc37ca40eb","2026-08-18T03:05:33.1166556Z","asset"
"godot/assets/art/sd/CHR008/ultimate/ultimate_10.png.import","966","92bdcd67cf7f279662271eecd0bdccdb88deaa52c3857085169af7873f7dc6db","2026-08-18T03:30:19.3650307Z","asset"
"godot/assets/art/sd/CHR008/ultimate/ultimate_11.png","319497","a02c2f1e2f369d7f2febca6c02f1556467a79fbe12e88d6fac05998e0e7ba98d","2026-08-18T03:05:33.2217569Z","asset"
"godot/assets/art/sd/CHR008/ultimate/ultimate_11.png.import","967","db2848da63a24c22864c99c858fa9d09ec766675b8112199b47e1ca850328577","2026-08-18T03:30:19.3560302Z","asset"
"godot/assets/art/sd/CHR008/ultimate/ultimate_12.png","318773","40609c50707ebb3a304afc6dc92bae580385f7755bb226c151f90ad5477d0b0c","2026-08-18T03:05:33.3276366Z","asset"
"godot/assets/art/sd/CHR008/ultimate/ultimate_12.png.import","966","d80c9c6dbd296e96c2433b5d45bf2af3c4b1fa384c645bfb694891c186c5c014","2026-08-18T03:30:19.3400316Z","asset"
"godot/assets/art/sd/CHR008/ultimate/ultimate_13.png","317802","bf89b7c330344f053c1581dc5d82bfbfff6e4bc9eb7076d734df8750b3adb7b4","2026-08-18T03:05:33.4347939Z","asset"
"godot/assets/art/sd/CHR008/ultimate/ultimate_13.png.import","967","bfb8639876489855fb5aeab3132ea190e5ed0b43a77d75c78cb74f1485e944c4","2026-08-18T03:30:19.2420324Z","asset"
"godot/assets/art/sd/CHR008/ultimate/ultimate_14.png","316563","3c01126a0edef121e00c4b4816af45608484e51cf4b0bb6f008076e9f753c35c","2026-08-18T03:05:33.5480049Z","asset"
"godot/assets/art/sd/CHR008/ultimate/ultimate_14.png.import","967","90f502077e7efc099a5ac12462c46f1e11a3eb596061a9f05f975cef5022ff89","2026-08-18T03:30:19.2360301Z","asset"
"godot/assets/art/sd/CHR008/ultimate/ultimate_15.png","315664","6a376bddbbc88546fd0827b1c676ae08bade3805dbbc5a41c0a7ac3e25d0f76c","2026-08-18T03:05:33.6533204Z","asset"
"godot/assets/art/sd/CHR008/ultimate/ultimate_15.png.import","967","cf89ad009eb220d37459e130ea6c699123d53c31b0dc698af3d970b3c330ee4c","2026-08-18T03:30:19.2420324Z","asset"
"godot/assets/art/sd/CHR008/ultimate/ultimate_16.png","314231","e041607906cdfbce055ab6771b8908a37d10536a88bdb1ecb8d221b6b804d617","2026-08-18T03:05:33.7630477Z","asset"
"godot/assets/art/sd/CHR008/ultimate/ultimate_16.png.import","967","0d69f2650145479e0741d861dae9b1ab0c6c8e8187fdd702c5de46bee30ac9cd","2026-08-18T03:30:19.2240314Z","asset"
"godot/assets/art/sd/CHR008/ultimate/ultimate_17.png","312864","74d34a5ede771b2d79c4bf8106680227d684694784f48dad4109a1189be03c8a","2026-08-18T03:05:33.8670907Z","asset"
"godot/assets/art/sd/CHR008/ultimate/ultimate_17.png.import","966","9396eed0c6e0989ab955dd0bd6f8ecd1b8cb8928f4533d1066ad94e1e0d11b06","2026-08-18T03:30:19.2360301Z","asset"
"godot/assets/art/sd/CHR008/victory/victory_00.png","277098","75d6f137b5efd73987582a51f120689cffac13aa3047646ab4a502d56dd0e122","2026-08-18T03:05:35.2381000Z","asset"
"godot/assets/art/sd/CHR008/victory/victory_00.png.import","963","95c230ea4fed0d4b29e7538b60870541162618a742e92a5d7e79f0329d2d03a2","2026-08-18T03:30:19.2180307Z","asset"
"godot/assets/art/sd/CHR008/victory/victory_01.png","279854","b75abd8f5e081a310593f0aa3c9d050c34e454271faceb42b78bfd4f0bf64e5c","2026-08-18T03:05:35.3513976Z","asset"
"godot/assets/art/sd/CHR008/victory/victory_01.png.import","963","5153cfff8b501cbbd2cf305f361adb4d26f5bf8c99b594b8d7bd557dc9c30cc8","2026-08-18T03:30:19.2140309Z","asset"
"godot/assets/art/sd/CHR008/victory/victory_02.png","281618","f4680409ec20f09c253376684172384172621a402b457bbd6a0a553b0225690a","2026-08-18T03:05:35.4554054Z","asset"
"godot/assets/art/sd/CHR008/victory/victory_02.png.import","962","9070b21e151e58ae4b2f88a1b706128634b7d6384d38e70142c317ca7a9aee30","2026-08-18T03:30:19.2120305Z","asset"
"godot/assets/art/sd/CHR008/victory/victory_03.png","281114","f1886383b7b09df42bdb7575506dc3c7a4f7aaac6879a5fa9c68afde51a75a14","2026-08-18T03:05:35.5610593Z","asset"
"godot/assets/art/sd/CHR008/victory/victory_03.png.import","963","4a219ddb2276dfd1ab43f35c3ad7c190ad99c3caa527c11c79f175dde14f1543","2026-08-18T03:30:19.1880305Z","asset"
"godot/assets/art/sd/CHR008/victory/victory_04.png","278671","d0dc4f0d0acbe095e10e224fc99288aa032cd60a80c23017b675f50a622e9efb","2026-08-18T03:05:35.6650426Z","asset"
"godot/assets/art/sd/CHR008/victory/victory_04.png.import","962","d9f1f11e21c421ca6d5b7631692ce2c0fcdb386e12d5f4cd8ae51bc6008ac23f","2026-08-18T03:30:19.0730316Z","asset"
"godot/assets/art/sd/CHR008/victory/victory_05.png","277638","fd60e2322bf04082ff1c94d247e28fd3df62d9e672d6dbd8a284832e8725a8e7","2026-08-18T03:05:35.7767989Z","asset"
"godot/assets/art/sd/CHR008/victory/victory_05.png.import","962","ca5cfd7ff0b5feb4e3fba6601a9327c56a0709f72be6eba7e3563ea69f29f849","2026-08-18T03:30:19.0790314Z","asset"
"godot/assets/art/sd/CHR008/victory/victory_06.png","278773","0961898b6dc7d24f63e415998a488bb373ee76314b294608fbe8aba853035c29","2026-08-18T03:05:35.8821732Z","asset"
"godot/assets/art/sd/CHR008/victory/victory_06.png.import","963","1339c17855dcbe452409ff3d27452c9d893895e704a8d6e323a09455e3ca362d","2026-08-18T03:30:19.0780308Z","asset"
"godot/assets/art/sd/CHR008/victory/victory_07.png","278622","625a66e8f3faf7d7617a52aa531814a899131265be4f14a056f38c471c12af56","2026-08-18T03:05:35.9881737Z","asset"
"godot/assets/art/sd/CHR008/victory/victory_07.png.import","963","0bd19a883048288f0719403b2600cad3562d08189749ca7fa93d4f11d0e08bdd","2026-08-18T03:30:19.0720304Z","asset"
"godot/assets/art/sd/CHR008/victory/victory_08.png","278148","40f5234589ca6a590f3c338ba0edb2744f5babead390e55c6c6ed66e7bcf3c31","2026-08-18T03:05:36.0941730Z","asset"
"godot/assets/art/sd/CHR008/victory/victory_08.png.import","963","08bbe40c21aba4dd8e728b37daac3e348b443dcd1654bb798eba13f998f389e4","2026-08-18T03:30:19.0790314Z","asset"
"godot/assets/art/sd/CHR008/victory/victory_09.png","277098","eeb4fcc6ec47d0ac1885edfe7b81b3a2ef87be07cdd4b5981a97c64a64428bbc","2026-08-18T03:05:36.2081046Z","asset"
"godot/assets/art/sd/CHR008/victory/victory_09.png.import","963","093b02a52cf29ec72b81b5bc25a637ec24e40b4f7e93c7d86b2b66c076aa958e","2026-08-18T03:30:19.0700316Z","asset"
"godot/assets/art/vfx/vfx_chr001_basic/vfx_chr001_basic_00.png","302778","1234701b1efd80686c85c556b0a341ad2a62bc8412ec87d4e42b420e3f2590a9","2026-08-18T00:09:59.6840704Z","asset"
"godot/assets/art/vfx/vfx_chr001_basic/vfx_chr001_basic_00.png.import","992","a0fa9ddee5df1256ebdb96aa436330f09cd1ab42fb0e71a8b224d22edb3c2010","2026-08-18T00:14:23.6608826Z","asset"
"godot/assets/art/vfx/vfx_chr001_basic/vfx_chr001_basic_01.png","333931","10580fc402ade7eab4a4d41b1393cd0bd0bac10b9a0e4e6c2ebf74b4325fe452","2026-08-18T00:09:59.8454961Z","asset"
"godot/assets/art/vfx/vfx_chr001_basic/vfx_chr001_basic_01.png.import","992","c5fa658cc567face8d7861d71e9b01bde2df0a48040c8f2e861a9011c3eeb61e","2026-08-18T00:14:23.6608826Z","asset"
"godot/assets/art/vfx/vfx_chr001_basic/vfx_chr001_basic_02.png","363235","a49eba292bc2e1379a74187fdbd504db31714bef7899379b0d41abe5aff4618c","2026-08-18T00:10:00.0104961Z","asset"
"godot/assets/art/vfx/vfx_chr001_basic/vfx_chr001_basic_02.png.import","993","c022565c2f6664a142131820ff528ff4272d919a70ff0b0868baa3c382e481b0","2026-08-18T00:14:23.6718876Z","asset"
"godot/assets/art/vfx/vfx_chr001_basic/vfx_chr001_basic_03.png","390047","997845ecc2e16b99b5c1a934b0ec2191eadc2a70488ad4a90e259045c301792f","2026-08-18T00:10:00.1959880Z","asset"
"godot/assets/art/vfx/vfx_chr001_basic/vfx_chr001_basic_03.png.import","992","50373f060cbc7ed3b70e7d27d567241435dedeee7ead6894088be40ee8c1ffe9","2026-08-18T00:14:23.6688846Z","asset"
"godot/assets/art/vfx/vfx_chr001_basic/vfx_chr001_basic_04.png","408963","59ab5104cfeefa91817978bdf96c7546109cf5c75ccc495f2c2f07ee78b1910c","2026-08-18T00:10:00.3789882Z","asset"
"godot/assets/art/vfx/vfx_chr001_basic/vfx_chr001_basic_04.png.import","993","09f473ca9db971f364d72eba2aef29450ec9a9853f23c12aa607ef2a50e6100f","2026-08-18T00:14:23.6528834Z","asset"
"godot/assets/art/vfx/vfx_chr001_basic/vfx_chr001_basic_05.png","417693","8b688d7e4242a91070d587f42a3789d1e890a8c3fe93acfa13164fc43d15cfe0","2026-08-18T00:10:00.5720444Z","asset"
"godot/assets/art/vfx/vfx_chr001_basic/vfx_chr001_basic_05.png.import","993","e604f2fd80eacaf884ed1055453efce7069e36146e6da70d1a8d2d6c59ee9b7c","2026-08-18T00:14:23.6108838Z","asset"
"godot/assets/art/vfx/vfx_chr001_basic/vfx_chr001_basic_06.png","417734","1e83437849c9dfaecc67413d10531b0046e5cc555f713e6d976d3073628c015a","2026-08-18T00:10:00.7580461Z","asset"
"godot/assets/art/vfx/vfx_chr001_basic/vfx_chr001_basic_06.png.import","993","3d8be166deb0744de2804e235dd197bab327b78039e53864354c5a5b9360e688","2026-08-18T00:14:23.5818818Z","asset"
"godot/assets/art/vfx/vfx_chr001_basic/vfx_chr001_basic_07.png","408929","9f67f98583e996091bdcb71b8cc8d37f687073f7f71992af8837a785463f3245","2026-08-18T00:10:00.9440448Z","asset"
"godot/assets/art/vfx/vfx_chr001_basic/vfx_chr001_basic_07.png.import","993","eeda17605fa56a923fc5ad5878002daad7db8d34256d760d566ee5080c019e70","2026-08-18T00:14:23.5568830Z","asset"
"godot/assets/art/vfx/vfx_chr001_basic/vfx_chr001_basic_08.png","390102","c9314d83b392ae0d2bcca0f6464f0ea18a6ba931d147f28e2819ccd1e13d13b7","2026-08-18T00:10:01.1180455Z","asset"
"godot/assets/art/vfx/vfx_chr001_basic/vfx_chr001_basic_08.png.import","993","5723c98a9244a0ef9f491ca6e185fc598ddde1c5379404c067000a46dad647eb","2026-08-18T00:14:23.5568830Z","asset"
"godot/assets/art/vfx/vfx_chr001_basic/vfx_chr001_basic_09.png","363255","9bb63763208711366c2c2a78d32ced48d3de98546c31536f4d3ae769d46e9716","2026-08-18T00:10:01.3090242Z","asset"
"godot/assets/art/vfx/vfx_chr001_basic/vfx_chr001_basic_09.png.import","993","e2bd632b2881b747eee7dd2d9224e40e4241dd0de3fe94cc983368fde408f62c","2026-08-18T00:14:23.5288836Z","asset"
"godot/assets/art/vfx/vfx_chr001_basic/vfx_chr001_basic_10.png","333939","1430f19e4361126eda202c1be7080ce3c5c6e25f734578992930892e9b789c0e","2026-08-18T00:10:01.4620220Z","asset"
"godot/assets/art/vfx/vfx_chr001_basic/vfx_chr001_basic_10.png.import","993","49c8167b833d4c5e5ec75bd6e578637a6d26b704c5afa60e0fe567d96a0594eb","2026-08-18T00:14:23.5118828Z","asset"
"godot/assets/art/vfx/vfx_chr001_basic/vfx_chr001_basic_11.png","302520","6ff347477efd861a5ad93d9bb085b4234799dbabd4293fe1b9a878cdce754c37","2026-08-18T00:10:01.6036273Z","asset"
"godot/assets/art/vfx/vfx_chr001_basic/vfx_chr001_basic_11.png.import","993","d995e3b5aa5f713a5a5d3eca258ef4f7497d77674a43a3de887aedc7ee4fb2f8","2026-08-18T00:14:22.4778816Z","asset"
"godot/assets/art/vfx/vfx_chr001_normal/vfx_chr001_normal_00.png","357884","357152fe34d30bd4378ebeb1988855f3fa5cb013c16f0201e6d217cab1d4296d","2026-08-18T00:10:03.4373610Z","asset"
"godot/assets/art/vfx/vfx_chr001_normal/vfx_chr001_normal_00.png.import","997","af7b3473accf08b467ae718381cfa17d7f8f1bf0df86990657d8ff36f9e38415","2026-08-18T00:14:22.4618829Z","asset"
"godot/assets/art/vfx/vfx_chr001_normal/vfx_chr001_normal_01.png","395861","78175634295d9f378b19678852a9ce73e3a5680faf7ace908a97ec17e6ddfaca","2026-08-18T00:10:03.5933614Z","asset"
"godot/assets/art/vfx/vfx_chr001_normal/vfx_chr001_normal_01.png.import","997","f6668c1a70915b145b998560a027c3b0897bf5835c4af115928f6ce60203f7b8","2026-08-18T00:14:22.4398812Z","asset"
"godot/assets/art/vfx/vfx_chr001_normal/vfx_chr001_normal_02.png","431554","259792c8e408dbb2199e112b2ca691e29568be145d51683aefbeae390c9d7608","2026-08-18T00:10:03.7603635Z","asset"
"godot/assets/art/vfx/vfx_chr001_normal/vfx_chr001_normal_02.png.import","997","b34670127eb272ebffb0758363da3c76caa7b0a3d9cecaf92118bace174576d2","2026-08-18T00:14:22.4468846Z","asset"
"godot/assets/art/vfx/vfx_chr001_normal/vfx_chr001_normal_03.png","463244","e6e7c1f8366f27664f33985d6db7aae656ff88ea349bf19addb90bc71bf2dfc8","2026-08-18T00:10:03.9453033Z","asset"
"godot/assets/art/vfx/vfx_chr001_normal/vfx_chr001_normal_03.png.import","997","e3c035a0265479a13570e4034fa6e161392a9f940d104287a1831c4fed9761c9","2026-08-18T00:14:22.3868835Z","asset"
"godot/assets/art/vfx/vfx_chr001_normal/vfx_chr001_normal_04.png","484904","cef6bbff2822381216f441c5e4dffe4cb2b9e386c56b4890077e50b087b3cc06","2026-08-18T00:10:04.1313448Z","asset"
"godot/assets/art/vfx/vfx_chr001_normal/vfx_chr001_normal_04.png.import","996","5968e1b5f7714e3b807b0fbcd55b00a330c5ee042dc2eff785abbc92079fbb7a","2026-08-18T00:14:22.3898815Z","asset"
"godot/assets/art/vfx/vfx_chr001_normal/vfx_chr001_normal_05.png","494844","9ff0617040afb619bc79ea5b6bdcc4c60e44d8264b2cd5024b4c37e1c3c4a1e4","2026-08-18T00:10:04.3363446Z","asset"
"godot/assets/art/vfx/vfx_chr001_normal/vfx_chr001_normal_05.png.import","997","f8e953271312387417f7b6b7dadd3cc419dd32ba67fae8a5a7925736bd2d6aaf","2026-08-18T00:14:22.3768831Z","asset"
"godot/assets/art/vfx/vfx_chr001_normal/vfx_chr001_normal_06.png","494844","9ff0617040afb619bc79ea5b6bdcc4c60e44d8264b2cd5024b4c37e1c3c4a1e4","2026-08-18T00:10:04.5223443Z","asset"
"godot/assets/art/vfx/vfx_chr001_normal/vfx_chr001_normal_06.png.import","997","2b596ef46020d5c1971aca24cc6bec4e947f2de9216bea08bd89495b749f7dab","2026-08-18T00:14:22.3588838Z","asset"
"godot/assets/art/vfx/vfx_chr001_normal/vfx_chr001_normal_07.png","484904","cef6bbff2822381216f441c5e4dffe4cb2b9e386c56b4890077e50b087b3cc06","2026-08-18T00:10:04.7188905Z","asset"
"godot/assets/art/vfx/vfx_chr001_normal/vfx_chr001_normal_07.png.import","996","a4a9fbd2c65a98c867d68af215610d2425edc122af5cd76a29cb8d0c2a2960b0","2026-08-18T00:14:22.3258832Z","asset"
"godot/assets/art/vfx/vfx_chr001_normal/vfx_chr001_normal_08.png","463244","e6e7c1f8366f27664f33985d6db7aae656ff88ea349bf19addb90bc71bf2dfc8","2026-08-18T00:10:04.8958921Z","asset"
"godot/assets/art/vfx/vfx_chr001_normal/vfx_chr001_normal_08.png.import","997","4d0d3e27350232026e76e0edf087c389eba7f4a339b3acc6f878bcfb107ce51a","2026-08-18T00:14:22.3228824Z","asset"
"godot/assets/art/vfx/vfx_chr001_normal/vfx_chr001_normal_09.png","431554","259792c8e408dbb2199e112b2ca691e29568be145d51683aefbeae390c9d7608","2026-08-18T00:10:05.0638906Z","asset"
"godot/assets/art/vfx/vfx_chr001_normal/vfx_chr001_normal_09.png.import","997","e3ca9b62cc09fe83f34b74a03c96da643f955fae83f5ac2dd71fb35019ca3112","2026-08-18T00:14:22.2978826Z","asset"
"godot/assets/art/vfx/vfx_chr001_normal/vfx_chr001_normal_10.png","395861","78175634295d9f378b19678852a9ce73e3a5680faf7ace908a97ec17e6ddfaca","2026-08-18T00:10:05.2218903Z","asset"
"godot/assets/art/vfx/vfx_chr001_normal/vfx_chr001_normal_10.png.import","996","e9bab70646f2327e8ab720a1dec778dc8cfc4a2928ff0f2f42d16596968e9ae6","2026-08-18T00:14:22.2918821Z","asset"
"godot/assets/art/vfx/vfx_chr001_normal/vfx_chr001_normal_11.png","357884","357152fe34d30bd4378ebeb1988855f3fa5cb013c16f0201e6d217cab1d4296d","2026-08-18T00:10:05.3739469Z","asset"
"godot/assets/art/vfx/vfx_chr001_normal/vfx_chr001_normal_11.png.import","997","cebdabbb2a0a1ed05e622d27d218f700b2e7eebe44edcd284f67c53d82ec9171","2026-08-18T00:14:22.2888839Z","asset"
"godot/assets/art/vfx/vfx_chr001_ultimate/vfx_chr001_ultimate_00.png","282282","043bf091299476c5532ae1d31e94117499537a2932143b7362223b69e408a288","2026-08-18T00:10:07.2228873Z","asset"
"godot/assets/art/vfx/vfx_chr001_ultimate/vfx_chr001_ultimate_00.png.import","1005","4bc2da2baf062581862e8d4240348bbb983370851cff242bee568ccd334810f2","2026-08-18T00:14:22.2318842Z","asset"
"godot/assets/art/vfx/vfx_chr001_ultimate/vfx_chr001_ultimate_01.png","331374","2fd0bbb6af2f2c074e8c2b133bcf2fc4dfde8a82367f14a814ea37bed472b954","2026-08-18T00:10:07.3724980Z","asset"
"godot/assets/art/vfx/vfx_chr001_ultimate/vfx_chr001_ultimate_01.png.import","1004","e78d4ed78cd5790130e99975294ca9aa79533019ae624659d951e8da07714a03","2026-08-18T00:14:22.2248832Z","asset"
"godot/assets/art/vfx/vfx_chr001_ultimate/vfx_chr001_ultimate_02.png","379169","9abed48d5501365073e0bca538aba7f23a5251bb31540e2297c22894a1bb50f3","2026-08-18T00:10:07.5285002Z","asset"
"godot/assets/art/vfx/vfx_chr001_ultimate/vfx_chr001_ultimate_02.png.import","1004","b0806e28319d9eb6c8df5041081d1ad01ff8e45af75e0a8e5d1437cdfaaaf7ac","2026-08-18T00:14:22.2258835Z","asset"
"godot/assets/art/vfx/vfx_chr001_ultimate/vfx_chr001_ultimate_03.png","422882","797248c9f8ce773704a31a3ada61601d8020d7f7931f278631613a4bb4ed9b25","2026-08-18T00:10:07.6994979Z","asset"
"godot/assets/art/vfx/vfx_chr001_ultimate/vfx_chr001_ultimate_03.png.import","1005","53d9ea7404d41d6a5cfd15b822edcabd733c5345e5012a9d5b56a2437e271b58","2026-08-18T00:14:22.2188822Z","asset"
"godot/assets/art/vfx/vfx_chr001_ultimate/vfx_chr001_ultimate_04.png","452880","82e54da4d0143791102d4a4cc9378b9236531a6a797abcbde3643f3fbffa9837","2026-08-18T00:10:07.8888696Z","asset"
"godot/assets/art/vfx/vfx_chr001_ultimate/vfx_chr001_ultimate_04.png.import","1005","45826bc7f84ed705e86c9456dc5484c30f6f9f6166a8a360cdfe128fa6f526ff","2026-08-18T00:14:22.1748847Z","asset"
"godot/assets/art/vfx/vfx_chr001_ultimate/vfx_chr001_ultimate_05.png","468697","5ede422a0f17b34d48b5ee9a9e05df105490a80569b7316b51368bdeb8797fce","2026-08-18T00:10:08.0762831Z","asset"
"godot/assets/art/vfx/vfx_chr001_ultimate/vfx_chr001_ultimate_05.png.import","1005","e01dcb5f6f25abbd6f8c8467220c4746e1bbcb72a1f9f453597c9f72071297cd","2026-08-18T00:14:22.1598838Z","asset"
"godot/assets/art/vfx/vfx_chr001_ultimate/vfx_chr001_ultimate_06.png","468697","5ede422a0f17b34d48b5ee9a9e05df105490a80569b7316b51368bdeb8797fce","2026-08-18T00:10:08.2622833Z","asset"
"godot/assets/art/vfx/vfx_chr001_ultimate/vfx_chr001_ultimate_06.png.import","1005","4da299d0926065216354371808d1f6f14e482320245c07ab165cc39f26e0936e","2026-08-18T00:14:22.1538825Z","asset"
"godot/assets/art/vfx/vfx_chr001_ultimate/vfx_chr001_ultimate_07.png","452880","82e54da4d0143791102d4a4cc9378b9236531a6a797abcbde3643f3fbffa9837","2026-08-18T00:10:08.4451524Z","asset"
"godot/assets/art/vfx/vfx_chr001_ultimate/vfx_chr001_ultimate_07.png.import","1005","3f2dd8e406fc3f71ca3074c855053f8d66efa0ae6c75c861d85841236b15d976","2026-08-18T00:14:22.1468877Z","asset"
"godot/assets/art/vfx/vfx_chr001_ultimate/vfx_chr001_ultimate_08.png","422882","797248c9f8ce773704a31a3ada61601d8020d7f7931f278631613a4bb4ed9b25","2026-08-18T00:10:08.6161522Z","asset"
"godot/assets/art/vfx/vfx_chr001_ultimate/vfx_chr001_ultimate_08.png.import","1004","f62422cbb790a344e7403e684d0fd383a505d874905e1aa5c26fe192c0c29e32","2026-08-18T00:14:22.1288817Z","asset"
"godot/assets/art/vfx/vfx_chr001_ultimate/vfx_chr001_ultimate_09.png","379169","9abed48d5501365073e0bca538aba7f23a5251bb31540e2297c22894a1bb50f3","2026-08-18T00:10:08.7828497Z","asset"
"godot/assets/art/vfx/vfx_chr001_ultimate/vfx_chr001_ultimate_09.png.import","1005","385a38910bbe64f1b380fa3c04d0afa5fbc114e492e7625e3a21826a1af207a0","2026-08-18T00:14:22.1008835Z","asset"
"godot/assets/art/vfx/vfx_chr001_ultimate/vfx_chr001_ultimate_10.png","331374","2fd0bbb6af2f2c074e8c2b133bcf2fc4dfde8a82367f14a814ea37bed472b954","2026-08-18T00:10:08.9268501Z","asset"
"godot/assets/art/vfx/vfx_chr001_ultimate/vfx_chr001_ultimate_10.png.import","1004","9d485acd8ef45febc8709fef5d40b51b6d4ca2965bdba6abbc293fd9b829c3e6","2026-08-18T00:14:22.0868821Z","asset"
"godot/assets/art/vfx/vfx_chr001_ultimate/vfx_chr001_ultimate_11.png","282282","043bf091299476c5532ae1d31e94117499537a2932143b7362223b69e408a288","2026-08-18T00:10:09.0548490Z","asset"
"godot/assets/art/vfx/vfx_chr001_ultimate/vfx_chr001_ultimate_11.png.import","1005","f908cb617119e4b0ba12c0afd98950c89c46d299c0e1b1c45a443fe5d05660ea","2026-08-18T00:14:22.0768819Z","asset"
"godot/assets/art/vfx/vfx_chr008_basic/vfx_chr008_basic_00.png","137039","25d11e281bd019669468f1aee2c7c3327e040a7307ba5157d95d2324f762d16a","2026-08-18T00:10:10.7514411Z","asset"
"godot/assets/art/vfx/vfx_chr008_basic/vfx_chr008_basic_00.png.import","992","562af99c831feda15cc2a5fbd910abc4f5a8578bc00db108b1daf9dc2fcddff7","2026-08-18T00:14:22.0688823Z","asset"
"godot/assets/art/vfx/vfx_chr008_basic/vfx_chr008_basic_01.png","150405","abd435ec1e2b57107cf52b08cba012fc358ff8ca51a5436dcd9dab518c3ee53e","2026-08-18T00:10:10.8964414Z","asset"
"godot/assets/art/vfx/vfx_chr008_basic/vfx_chr008_basic_01.png.import","993","0be3edb2dc0999c71e0c48e23c9df7d12c44efd485b5e8b6710b8ba22923a67a","2026-08-18T00:14:22.0258841Z","asset"
"godot/assets/art/vfx/vfx_chr008_basic/vfx_chr008_basic_02.png","164047","ef21241fc32235797d9c877eecee07e0b54eafeef4cde801f4c8fe15df8c7724","2026-08-18T00:10:11.0544411Z","asset"
"godot/assets/art/vfx/vfx_chr008_basic/vfx_chr008_basic_02.png.import","993","79f6067b9a526e507e1503a275c4bc5de3718590c4f8e66df93dea5d666c2a73","2026-08-18T00:14:22.0028827Z","asset"
"godot/assets/art/vfx/vfx_chr008_basic/vfx_chr008_basic_03.png","175775","89602e2d253a4ac219350a6ea8b96011a2e5140137437bdbf3a425f02b6603d1","2026-08-18T00:10:11.2313623Z","asset"
"godot/assets/art/vfx/vfx_chr008_basic/vfx_chr008_basic_03.png.import","993","198b4b4978a8fa3ad94b6f9e2700839572c1959ac1e6c21d4d85c36537abcb00","2026-08-18T00:14:22.0038822Z","asset"
"godot/assets/art/vfx/vfx_chr008_basic/vfx_chr008_basic_04.png","184030","0c0521020e86c3a92f6cbb306b0c351ccef179a45071d0c698ac4222d83e5be5","2026-08-18T00:10:11.4033627Z","asset"
"godot/assets/art/vfx/vfx_chr008_basic/vfx_chr008_basic_04.png.import","993","7330ee5bd5b3a50731df8f8dfc229f3534d8afa5affeafd9562368582d324883","2026-08-18T00:14:22.0018825Z","asset"
"godot/assets/art/vfx/vfx_chr008_basic/vfx_chr008_basic_05.png","186649","84da8bc0467c09ade8a910201a41d6d33d24ea5a6fb89e3976fc4fa0058e8967","2026-08-18T00:10:11.5893930Z","asset"
"godot/assets/art/vfx/vfx_chr008_basic/vfx_chr008_basic_05.png.import","993","076222572f5b898e9830755dc1feabf3c11390222d9351ebbc0ad434ec464469","2026-08-18T00:14:22.9748821Z","asset"
"godot/assets/art/vfx/vfx_chr008_basic/vfx_chr008_basic_06.png","186610","4d22eb70ae22c0005e638b5ecd7fdaefb48ad37188982d61e3f2e2c215677a74","2026-08-18T00:10:11.7633928Z","asset"
"godot/assets/art/vfx/vfx_chr008_basic/vfx_chr008_basic_06.png.import","992","6c47518f1417254b9d309c6aa764f4e048aae36c31cd91fd243eff02fffb4e47","2026-08-18T00:14:22.9718814Z","asset"
"godot/assets/art/vfx/vfx_chr008_basic/vfx_chr008_basic_07.png","184002","6067bf5cac26776b50dea22909ae01c1ea44476b94ab045eea5ef2d1e4972a68","2026-08-18T00:10:11.9423421Z","asset"
"godot/assets/art/vfx/vfx_chr008_basic/vfx_chr008_basic_07.png.import","993","cc9f32ca112d841864b35383e8a71c2cbd186c8721a612c6443af7a9ece51a86","2026-08-18T00:14:22.9648832Z","asset"
"godot/assets/art/vfx/vfx_chr008_basic/vfx_chr008_basic_08.png","175778","080b5269f3c4606449d05eeaf92de315143b8733e15617e24a12eca18081909e","2026-08-18T00:10:12.1083416Z","asset"
"godot/assets/art/vfx/vfx_chr008_basic/vfx_chr008_basic_08.png.import","992","9a22781bec0c994576ee0cd701485aa86debe6528fc578cfede57409b11c8e00","2026-08-18T00:14:22.9398821Z","asset"
"godot/assets/art/vfx/vfx_chr008_basic/vfx_chr008_basic_09.png","164105","7db002f1434fc29f3ed39f98b8c8d56fbe1dc237f824069d0e43f3cf7bb2922d","2026-08-18T00:10:12.2743418Z","asset"
"godot/assets/art/vfx/vfx_chr008_basic/vfx_chr008_basic_09.png.import","993","884de8e9d0c21944e7d3dd0f128dcaaf83faf029bfa126252fde1a9636a451b9","2026-08-18T00:14:22.9218833Z","asset"
"godot/assets/art/vfx/vfx_chr008_basic/vfx_chr008_basic_10.png","150400","3184cbd39bd54d9e9630c4d049885638f47503af102466b736b440f66df70f58","2026-08-18T00:10:12.4203418Z","asset"
"godot/assets/art/vfx/vfx_chr008_basic/vfx_chr008_basic_10.png.import","993","b8712cbec8c352f0050ad4662ad1453b9b398653e86eba69a8591a8964ef08d7","2026-08-18T00:14:22.9118817Z","asset"
"godot/assets/art/vfx/vfx_chr008_basic/vfx_chr008_basic_11.png","136921","825f72e9aaa7457c04a67e1d1f6b187ce781153b860e58ca985809bfc068870b","2026-08-18T00:10:12.5557985Z","asset"
"godot/assets/art/vfx/vfx_chr008_basic/vfx_chr008_basic_11.png.import","992","c0fd794e40d2a54ed29dfd509a59f464665cbc87be550b3b5d349c704f099813","2026-08-18T00:14:22.9098820Z","asset"
"godot/assets/art/vfx/vfx_chr008_normal/vfx_chr008_normal_00.png","281452","da9e40cf9467831cd0f0c965570c6a57cb529085930f19dc5d58f8c3335f44fb","2026-08-18T00:10:14.3515826Z","asset"
"godot/assets/art/vfx/vfx_chr008_normal/vfx_chr008_normal_00.png.import","997","d5a15a80aaa93c304cdccd2f1fd14efc454551f8325c4ab11170d060fd755c92","2026-08-18T00:14:22.9088823Z","asset"
"godot/assets/art/vfx/vfx_chr008_normal/vfx_chr008_normal_01.png","311058","3b346ef3bb05b506ea37bf5929315f18070a12bd9db9905bee60cd87f5bd0fe5","2026-08-18T00:10:14.5126475Z","asset"
"godot/assets/art/vfx/vfx_chr008_normal/vfx_chr008_normal_01.png.import","997","7ea990f534615e264c42f1a8aba995232d9a5351f089389052a5875ea6df496e","2026-08-18T00:14:22.8858823Z","asset"
"godot/assets/art/vfx/vfx_chr008_normal/vfx_chr008_normal_02.png","339099","16d8653d250265a03ab5146b3758b7ab7472834a3dd44d546445e828cb86a67f","2026-08-18T00:10:14.6786488Z","asset"
"godot/assets/art/vfx/vfx_chr008_normal/vfx_chr008_normal_02.png.import","997","300196c2a740950c9650bb1325bc7de050e2bec12c19129d202cdb2120565bc6","2026-08-18T00:14:22.8338835Z","asset"
"godot/assets/art/vfx/vfx_chr008_normal/vfx_chr008_normal_03.png","363333","99b1370ff237218d72c732633abe18be1c678130dc30d4a3a7e4020070f2f1f1","2026-08-18T00:10:14.8516476Z","asset"
"godot/assets/art/vfx/vfx_chr008_normal/vfx_chr008_normal_03.png.import","996","de5f479a439512ac281ba2632330bf5d11fec9e175dd422a291f4c1ed985cf15","2026-08-18T00:14:22.8348830Z","asset"
"godot/assets/art/vfx/vfx_chr008_normal/vfx_chr008_normal_04.png","381138","1c40e445ec6c1f9196c67b14149923dc0688e9cdc007d756352fd6706482bcfc","2026-08-18T00:10:15.0398014Z","asset"
"godot/assets/art/vfx/vfx_chr008_normal/vfx_chr008_normal_04.png.import","997","e090fbf3fc12d85100decce54682921efd53f879f8053768c58b443a85b0ec00","2026-08-18T00:14:22.8258837Z","asset"
"godot/assets/art/vfx/vfx_chr008_normal/vfx_chr008_normal_05.png","388934","9c2c7b75a83be00492000bd05bd6f463b4d7fad4635ee4747d4b3f91c1b61ea5","2026-08-18T00:10:15.2266449Z","asset"
"godot/assets/art/vfx/vfx_chr008_normal/vfx_chr008_normal_05.png.import","997","05b3d372558b05c8f36869bd34064551a136c0b1d970f1e9831e0673d3710568","2026-08-18T00:14:22.8058828Z","asset"
"godot/assets/art/vfx/vfx_chr008_normal/vfx_chr008_normal_06.png","388934","9c2c7b75a83be00492000bd05bd6f463b4d7fad4635ee4747d4b3f91c1b61ea5","2026-08-18T00:10:15.4116446Z","asset"
"godot/assets/art/vfx/vfx_chr008_normal/vfx_chr008_normal_06.png.import","997","9270bdbd06011c6b6259c0ea280e94cd68fa86ab591b91590bce23fa9b507347","2026-08-18T00:14:22.7888820Z","asset"
"godot/assets/art/vfx/vfx_chr008_normal/vfx_chr008_normal_07.png","381138","1c40e445ec6c1f9196c67b14149923dc0688e9cdc007d756352fd6706482bcfc","2026-08-18T00:10:15.5936465Z","asset"
"godot/assets/art/vfx/vfx_chr008_normal/vfx_chr008_normal_07.png.import","997","5e657051c9a79b4e7ab033ab97874de3e4ce7840664acc63fd1814e15f765b5f","2026-08-18T00:14:22.7748829Z","asset"
"godot/assets/art/vfx/vfx_chr008_normal/vfx_chr008_normal_08.png","363333","99b1370ff237218d72c732633abe18be1c678130dc30d4a3a7e4020070f2f1f1","2026-08-18T00:10:15.7706450Z","asset"
"godot/assets/art/vfx/vfx_chr008_normal/vfx_chr008_normal_08.png.import","997","8a82f25d7bbc52a2edeb2f2dfcbe295f2b42d9bdcd87de751800ec61b7c0f5da","2026-08-18T00:14:22.7768833Z","asset"
"godot/assets/art/vfx/vfx_chr008_normal/vfx_chr008_normal_09.png","339099","16d8653d250265a03ab5146b3758b7ab7472834a3dd44d546445e828cb86a67f","2026-08-18T00:10:15.9419285Z","asset"
"godot/assets/art/vfx/vfx_chr008_normal/vfx_chr008_normal_09.png.import","997","28593c1e59f3078c41dc1d0c5d7da605c9ac6a11a62d25fbaf68329f6511e075","2026-08-18T00:14:22.7618820Z","asset"
"godot/assets/art/vfx/vfx_chr008_normal/vfx_chr008_normal_10.png","311058","3b346ef3bb05b506ea37bf5929315f18070a12bd9db9905bee60cd87f5bd0fe5","2026-08-18T00:10:16.0949286Z","asset"
"godot/assets/art/vfx/vfx_chr008_normal/vfx_chr008_normal_10.png.import","996","d35188339b0af189cbfd455315c22db481a7304ca67526e7fb2ee349365be5ee","2026-08-18T00:14:22.7238826Z","asset"
"godot/assets/art/vfx/vfx_chr008_normal/vfx_chr008_normal_11.png","281452","da9e40cf9467831cd0f0c965570c6a57cb529085930f19dc5d58f8c3335f44fb","2026-08-18T00:10:16.2439290Z","asset"
"godot/assets/art/vfx/vfx_chr008_normal/vfx_chr008_normal_11.png.import","996","160c6725997c5668a4a5465695e221a7e5c1e92eb4ce4e0f37837639aaa519d1","2026-08-18T00:14:22.6888820Z","asset"
"godot/assets/art/vfx/vfx_chr008_ultimate/vfx_chr008_ultimate_00.png","261158","e3794464f24ef13cb7fa54fcb3997bdb6623edca2bba7c79d425abcb302868a5","2026-08-18T00:10:18.0701991Z","asset"
"godot/assets/art/vfx/vfx_chr008_ultimate/vfx_chr008_ultimate_00.png.import","1005","f2750f6df50e885d4b8319a7ef2d03fc9af94a279a76d860407fd692542ee28c","2026-08-18T00:14:22.6808839Z","asset"
"godot/assets/art/vfx/vfx_chr008_ultimate/vfx_chr008_ultimate_01.png","304999","9898974f13d92b4f5cf33eeb38c804a8758c0a151e0b4f429f2f332d520aefb4","2026-08-18T00:10:18.2131986Z","asset"
"godot/assets/art/vfx/vfx_chr008_ultimate/vfx_chr008_ultimate_01.png.import","1004","3e255c834bd87b94734455697d4b91ae039aba3d551f1ee9fd3a4200d99be010","2026-08-18T00:14:22.6738820Z","asset"
"godot/assets/art/vfx/vfx_chr008_ultimate/vfx_chr008_ultimate_02.png","348494","246bde1fb623b294e6e13247d78f879672a17ff1d88073fc777d49c95780aa76","2026-08-18T00:10:18.3712008Z","asset"
"godot/assets/art/vfx/vfx_chr008_ultimate/vfx_chr008_ultimate_02.png.import","1005","76ecff3c39c2ef087c64f5b96d9220c333541d2e71940e5910ecd31e171974e5","2026-08-18T00:14:22.6428833Z","asset"
"godot/assets/art/vfx/vfx_chr008_ultimate/vfx_chr008_ultimate_03.png","386941","275153b1dfba3e194859ccb92e5ba8eab99df6bd8dcb6e8190de1e57922eb8ea","2026-08-18T00:10:18.5502161Z","asset"
"godot/assets/art/vfx/vfx_chr008_ultimate/vfx_chr008_ultimate_03.png.import","1005","0621448b80c7759b17ef5f45b78743d6827c5f97697ef12ef8603fd29133e74b","2026-08-18T00:14:22.6358828Z","asset"
"godot/assets/art/vfx/vfx_chr008_ultimate/vfx_chr008_ultimate_04.png","414892","2399fa2b9b16d2f25a157c7cec5e2a2da264c6f3aefb2bc4614dae0161aa932f","2026-08-18T00:10:18.7312151Z","asset"
"godot/assets/art/vfx/vfx_chr008_ultimate/vfx_chr008_ultimate_04.png.import","1005","da5250ceb99422d643d5a2f779fe5a90df65e995194983f9cfc5c64112c6d7b0","2026-08-18T00:14:22.6248832Z","asset"
"godot/assets/art/vfx/vfx_chr008_ultimate/vfx_chr008_ultimate_05.png","427795","28901391d05d32d4645c5d9ea5ce355bd4767828b8505c4ad27644a13b92e26a","2026-08-18T00:10:18.9162157Z","asset"
"godot/assets/art/vfx/vfx_chr008_ultimate/vfx_chr008_ultimate_05.png.import","1004","d22c42c979445a0395dd603638de1e888dcf5ef155857a3dfe62efd3e9ca8bae","2026-08-18T00:14:22.6088831Z","asset"
"godot/assets/art/vfx/vfx_chr008_ultimate/vfx_chr008_ultimate_06.png","427795","28901391d05d32d4645c5d9ea5ce355bd4767828b8505c4ad27644a13b92e26a","2026-08-18T00:10:19.1022154Z","asset"
"godot/assets/art/vfx/vfx_chr008_ultimate/vfx_chr008_ultimate_06.png.import","1005","fd8c9f2ae00059023eed1bb736c2d4d96a16469b70977514e46d3f18d2fb0160","2026-08-18T00:14:22.6218827Z","asset"
"godot/assets/art/vfx/vfx_chr008_ultimate/vfx_chr008_ultimate_07.png","414892","2399fa2b9b16d2f25a157c7cec5e2a2da264c6f3aefb2bc4614dae0161aa932f","2026-08-18T00:10:19.2920779Z","asset"
"godot/assets/art/vfx/vfx_chr008_ultimate/vfx_chr008_ultimate_07.png.import","1004","b43bf596e41a1d772f57d408516dd1dae8f7795867d9f52f0e0b90abe4eddbab","2026-08-18T00:14:22.5728834Z","asset"
"godot/assets/art/vfx/vfx_chr008_ultimate/vfx_chr008_ultimate_08.png","386941","275153b1dfba3e194859ccb92e5ba8eab99df6bd8dcb6e8190de1e57922eb8ea","2026-08-18T00:10:19.4630786Z","asset"
"godot/assets/art/vfx/vfx_chr008_ultimate/vfx_chr008_ultimate_08.png.import","1005","e2ffb0d3bb4178f362c2fcc7059044cf0f3350710012274dc068c568c21b3e2e","2026-08-18T00:14:22.5338831Z","asset"
"godot/assets/art/vfx/vfx_chr008_ultimate/vfx_chr008_ultimate_09.png","348494","246bde1fb623b294e6e13247d78f879672a17ff1d88073fc777d49c95780aa76","2026-08-18T00:10:19.6200818Z","asset"
"godot/assets/art/vfx/vfx_chr008_ultimate/vfx_chr008_ultimate_09.png.import","1005","c6410e88684c3a8fe2389a5b6e5b6e6a74537f793825e83ea24a97f0bdce7438","2026-08-18T00:14:22.5348830Z","asset"
"godot/assets/art/vfx/vfx_chr008_ultimate/vfx_chr008_ultimate_10.png","304999","9898974f13d92b4f5cf33eeb38c804a8758c0a151e0b4f429f2f332d520aefb4","2026-08-18T00:10:19.7630781Z","asset"
"godot/assets/art/vfx/vfx_chr008_ultimate/vfx_chr008_ultimate_10.png.import","1005","45bd335feacfd4cecced7f1093d6742883cd03dd1cdb686f32206c218deb2f40","2026-08-18T00:14:22.5288845Z","asset"
"godot/assets/art/vfx/vfx_chr008_ultimate/vfx_chr008_ultimate_11.png","261158","e3794464f24ef13cb7fa54fcb3997bdb6623edca2bba7c79d425abcb302868a5","2026-08-18T00:10:19.8977550Z","asset"
"godot/assets/art/vfx/vfx_chr008_ultimate/vfx_chr008_ultimate_11.png.import","1004","97a4042a77873c9d39c3199f3bece662ac14b58ce6a56ea4d3c18169719f9fc7","2026-08-18T00:14:22.4938821Z","asset"
"godot/assets/fonts/NotoSansKR-OFL.txt","4463","00d730e0a8f0965d89f5b26fa6f4864771bba2edc0ec5a987a86a0545feb5830","2026-08-17T09:34:41.8617524Z","asset"
"godot/assets/fonts/NotoSansKR-VF.ttf","10415532","018174e8cdd366aff67c8d366c7dc806a7babbe7f2819fc23b00d59f7b8353d0","2025-10-12T07:28:09.1726015Z","asset"
"godot/assets/fonts/NotoSansKR-VF.ttf.import","777","dcf2b7f547042d97216dc5bb04046757de6582b07e936f3a9cb58234e150cc3a","2026-08-17T09:36:56.6855170Z","asset"
"godot/assets/generated_import/attribution.md","26815","025e39461e38c011ec83b12e917c52ea07db07f37438183ddf8499453617ef0f","2026-08-17T14:07:58.1304672Z","asset"
"godot/assets/generated_import/characters/sd_chr001_maeru_combat_r26_dev/animation_manifest.json","22232","11fe73fa3b600a7a32ff715644601c124b3fbf88288ba90e560b0b273f098029","2026-08-17T11:57:02.2003292Z","asset"
"godot/assets/generated_import/characters/sd_chr001_maeru_combat_r26_dev/basic_attack_sheet_01.png","1295046","1df9b8a396564df86f90d93ca2ada0186a74fba28ca04b9a7ab0a1770e0f00b3","2026-08-17T11:41:02.2115380Z","asset"
"godot/assets/generated_import/characters/sd_chr001_maeru_combat_r26_dev/basic_attack_sheet_01.png.import","1033","cf6c30a38bcf77ced85ff5da613f0e686b87a0d96186c01ac2d89c47c6af009a","2026-08-17T11:58:00.1827334Z","asset"
"godot/assets/generated_import/characters/sd_chr001_maeru_combat_r26_dev/basic_attack/basic_attack_000.png","162933","5774d5e8c06ee2687e4938664db7af1aa7484a2d1476ad73b8039be66a1b53d2","2026-08-17T11:41:01.2995697Z","asset"
"godot/assets/generated_import/characters/sd_chr001_maeru_combat_r26_dev/basic_attack/basic_attack_000.png.import","1031","069d949511e818627cc90c6c40294f8990dce1d63461fd94e1d14b70011942b8","2026-08-17T11:58:00.6287356Z","asset"
"godot/assets/generated_import/characters/sd_chr001_maeru_combat_r26_dev/basic_attack/basic_attack_001.png","164001","678a1d65bb30aa5f905f80456a6dcec02e438bfa2ad74c8760ef11f3ac0c56a5","2026-08-17T11:41:01.3645734Z","asset"
"godot/assets/generated_import/characters/sd_chr001_maeru_combat_r26_dev/basic_attack/basic_attack_001.png.import","1031","3e1a5b34a38b1bc34d08523e6d126e8b4a614650982fa55197d956b8be15776a","2026-08-17T11:58:00.6227324Z","asset"
"godot/assets/generated_import/characters/sd_chr001_maeru_combat_r26_dev/basic_attack/basic_attack_002.png","165126","86e9075a9aec19f760935b93efab6e81675720295d9c8a22a558190d358151a7","2026-08-17T11:41:01.4275691Z","asset"
"godot/assets/generated_import/characters/sd_chr001_maeru_combat_r26_dev/basic_attack/basic_attack_002.png.import","1031","dc42383e14aa3315835a1633a1eae74334d38197d4f904ff75952d3e5b5a6836","2026-08-17T11:58:00.6167332Z","asset"
"godot/assets/generated_import/characters/sd_chr001_maeru_combat_r26_dev/basic_attack/basic_attack_003.png","163309","a51221398f8f74dec32a37da620d6e4aaae163df72c1455e904213a6bbed2bb0","2026-08-17T11:41:01.4915690Z","asset"
"godot/assets/generated_import/characters/sd_chr001_maeru_combat_r26_dev/basic_attack/basic_attack_003.png.import","1030","35bbcf81e3ee85da058a5c41efd773132d6ce1423a15d37cf0f1e5c51d9760ac","2026-08-17T11:58:00.5837336Z","asset"
"godot/assets/generated_import/characters/sd_chr001_maeru_combat_r26_dev/basic_attack/basic_attack_004.png","165025","2adfac7cbedfd660e78d884981a5cc88bfbd60680a72bc06a2ba86435cf2718e","2026-08-17T11:41:01.5545697Z","asset"
"godot/assets/generated_import/characters/sd_chr001_maeru_combat_r26_dev/basic_attack/basic_attack_004.png.import","1031","695ece07d2d9b9ea26f2adef43f6fffb6827c6d75a57dded26f55524baba8556","2026-08-17T11:58:00.5767326Z","asset"
"godot/assets/generated_import/characters/sd_chr001_maeru_combat_r26_dev/basic_attack/basic_attack_005.png","163904","5502be1fc102032801040d803ee6355ad5b89b3c8965bc41db15bd0f1a64bc90","2026-08-17T11:41:01.6175698Z","asset"
"godot/assets/generated_import/characters/sd_chr001_maeru_combat_r26_dev/basic_attack/basic_attack_005.png.import","1031","5472b995ba85e5048a0a2b7589924ca6c5d7759fd02fd8472cf8f9c509e1f8da","2026-08-17T11:58:00.5707326Z","asset"
"godot/assets/generated_import/characters/sd_chr001_maeru_combat_r26_dev/basic_attack/basic_attack_006.png","163121","4bd44c2ce977dee1769ef27935bfb90241e7cd99ea09f99372ae93014c4309c0","2026-08-17T11:41:01.6825697Z","asset"
"godot/assets/generated_import/characters/sd_chr001_maeru_combat_r26_dev/basic_attack/basic_attack_006.png.import","1031","aae2532913e8e40d24a8aa422e7f851e6d0ccfc4caa471eb3bf775bf5c4edb6d","2026-08-17T11:58:00.5327332Z","asset"
"godot/assets/generated_import/characters/sd_chr001_maeru_combat_r26_dev/basic_attack/basic_attack_007.png","161150","2d748cb5e434381dc8ed82e9e13ec032ec5058663c34c7a4ffd246bd676a08c8","2026-08-17T11:41:01.7465390Z","asset"
"godot/assets/generated_import/characters/sd_chr001_maeru_combat_r26_dev/basic_attack/basic_attack_007.png.import","1031","129d0b50cb934438784b1a1a5af88ddaea0870448e76e1733f69017eff1c1130","2026-08-17T11:58:00.5237330Z","asset"
"godot/assets/generated_import/characters/sd_chr001_maeru_combat_r26_dev/combat_base_512.png","161097","9f6ee48d8923ee5e409104d6fac6a2bb5acd1de341d930ab3542d426705a4546","2026-08-17T11:40:58.7327944Z","asset"
"godot/assets/generated_import/characters/sd_chr001_maeru_combat_r26_dev/combat_base_512.png.import","1015","26b1770825b8ef828d1640ee8ed3389916b8b0117494f9848dcee0340cd8d5a9","2026-08-17T11:57:58.8118899Z","asset"
"godot/assets/generated_import/characters/sd_chr001_maeru_combat_r26_dev/down_sheet_01.png","1061081","ca5544ab9c15e82a60841db6786b225227abe4220fe817c9ac7bee008985ba38","2026-08-17T11:41:07.5618926Z","asset"
"godot/assets/generated_import/characters/sd_chr001_maeru_combat_r26_dev/down_sheet_01.png.import","1009","447a383c65fa3ea110ab036c9b24d3f22d8bdb4ef4402434e134caec573cafa3","2026-08-17T11:58:00.0377341Z","asset"
"godot/assets/generated_import/characters/sd_chr001_maeru_combat_r26_dev/down/down_000.png","161150","2d748cb5e434381dc8ed82e9e13ec032ec5058663c34c7a4ffd246bd676a08c8","2026-08-17T11:41:06.7895809Z","asset"
"godot/assets/generated_import/characters/sd_chr001_maeru_combat_r26_dev/down/down_000.png.import","998","190b60dd677eab739ced05f17bf3bbdee3ad75307b908614151dd07e4c3720b4","2026-08-17T11:58:00.5097334Z","asset"
"godot/assets/generated_import/characters/sd_chr001_maeru_combat_r26_dev/down/down_001.png","161648","1ec359701fe4f61d97ce3dcf8bf766cbe6e68798af83376b42d6312b67d35acc","2026-08-17T11:41:06.8555806Z","asset"
"godot/assets/generated_import/characters/sd_chr001_maeru_combat_r26_dev/down/down_001.png.import","999","9149cad3a1593825a5f7efdfcb93dd9f310a66db3cc3f34c53129e8325b238e0","2026-08-17T11:58:00.4837328Z","asset"
"godot/assets/generated_import/characters/sd_chr001_maeru_combat_r26_dev/down/down_002.png","159995","b9ad728165d1348bcf8550805ca0bdd70ca82125e30ec26e7959b1a3e5e26599","2026-08-17T11:41:06.9175812Z","asset"
"godot/assets/generated_import/characters/sd_chr001_maeru_combat_r26_dev/down/down_002.png.import","999","c6c5a9603cedfc6d519dca40d0bbbfa3a883cc2c555a404eaa0e8a2fdbed5d51","2026-08-17T11:58:00.4837328Z","asset"
"godot/assets/generated_import/characters/sd_chr001_maeru_combat_r26_dev/down/down_003.png","145222","207702d550e0d4db60b399136177d3b86fccaa34580b7eb96b3e289483d7e68d","2026-08-17T11:41:06.9755809Z","asset"
"godot/assets/generated_import/characters/sd_chr001_maeru_combat_r26_dev/down/down_003.png.import","999","c527398dffc048906a0de2e75d9b4aa3482ddc1b8fa84569c837ecf21feff4d8","2026-08-17T11:58:00.4807330Z","asset"
"godot/assets/generated_import/characters/sd_chr001_maeru_combat_r26_dev/down/down_004.png","127367","55e3b82f4bf5f0eeb3e6e402dd7fbdaa2c41e062de439860e408f1606f32f89a","2026-08-17T11:41:07.0295810Z","asset"
"godot/assets/generated_import/characters/sd_chr001_maeru_combat_r26_dev/down/down_004.png.import","999","50e31b9ffa8cc05836dff0e17e545386150d3f1a7b2055c2a7530a01068003bc","2026-08-17T11:58:00.4597354Z","asset"
"godot/assets/generated_import/characters/sd_chr001_maeru_combat_r26_dev/down/down_005.png","111449","ecef5bb62ade3d8d8e7c196b3058ee8c61191f85c873604412e7835055ad38fd","2026-08-17T11:41:07.0785801Z","asset"
"godot/assets/generated_import/characters/sd_chr001_maeru_combat_r26_dev/down/down_005.png.import","999","06a4235bbae1d899291c7325ba22fa2a2c152aedd2089b618cfcf3667f96da69","2026-08-17T11:58:00.4447326Z","asset"
"godot/assets/generated_import/characters/sd_chr001_maeru_combat_r26_dev/down/down_006.png","100042","97692b58e77b4b352e9ff9503de7fe146fe732aced8b2e8294b325bd42a874ae","2026-08-17T11:41:07.1225840Z","asset"
"godot/assets/generated_import/characters/sd_chr001_maeru_combat_r26_dev/down/down_006.png.import","999","6956522d7e427dc74cd59455d3a3b49dbc41b12f8c54678f4b44fcbffb16caa6","2026-08-17T11:58:00.4357324Z","asset"
"godot/assets/generated_import/characters/sd_chr001_maeru_combat_r26_dev/down/down_007.png","85490","5ee09e04129fa7db167d91d78591344f0e9559a9179eeab7488ff4b0745efc3e","2026-08-17T11:41:07.1605835Z","asset"
"godot/assets/generated_import/characters/sd_chr001_maeru_combat_r26_dev/down/down_007.png.import","999","0932cd27f7f6ea6d618369500bc732f1a795980cc6229b737274124dbb7c236c","2026-08-17T11:58:00.3957330Z","asset"
"godot/assets/generated_import/characters/sd_chr001_maeru_combat_r26_dev/hit_sheet_01.png","511406","5886b0465842006657e25b3b796eab89a11cb14c0d85b91b8e0f1e366ec5826d","2026-08-17T11:41:06.7255816Z","asset"
"godot/assets/generated_import/characters/sd_chr001_maeru_combat_r26_dev/hit_sheet_01.png.import","1005","8734c06ef54532d464b10596539658003d6050880e8ec5e7f4018b8e2fb8d1ea","2026-08-17T11:58:00.0047343Z","asset"
"godot/assets/generated_import/characters/sd_chr001_maeru_combat_r26_dev/hit/hit_000.png","161150","2d748cb5e434381dc8ed82e9e13ec032ec5058663c34c7a4ffd246bd676a08c8","2026-08-17T11:41:06.3165811Z","asset"
"godot/assets/generated_import/characters/sd_chr001_maeru_combat_r26_dev/hit/hit_000.png.import","995","9fc48ff298382f2a679200aa0a3723308ddcebb2cf3e6a370ead876791743a59","2026-08-17T11:58:00.3967351Z","asset"
"godot/assets/generated_import/characters/sd_chr001_maeru_combat_r26_dev/hit/hit_001.png","166590","870c34324e33dbe18265f99450529d9991c4e9d7246320a5aa46c601b1f280a8","2026-08-17T11:41:06.3805816Z","asset"
"godot/assets/generated_import/characters/sd_chr001_maeru_combat_r26_dev/hit/hit_001.png.import","995","cac3ca00ef6478b9255bdc280bd935c17061c1add2a0368912cc611c9f17f881","2026-08-17T11:58:00.3777341Z","asset"
"godot/assets/generated_import/characters/sd_chr001_maeru_combat_r26_dev/hit/hit_002.png","165032","fb1fd29faed14fd86647d6c8f4ba257d112c6f66e2bc0f1f2d632afbebc83ecf","2026-08-17T11:41:06.4445814Z","asset"
"godot/assets/generated_import/characters/sd_chr001_maeru_combat_r26_dev/hit/hit_002.png.import","995","ee47c639a9a12f44b6714b7b4623d6057d34d49de38ab3cf3133b16442b231d6","2026-08-17T11:58:00.3617334Z","asset"
"godot/assets/generated_import/characters/sd_chr001_maeru_combat_r26_dev/hit/hit_003.png","161150","2d748cb5e434381dc8ed82e9e13ec032ec5058663c34c7a4ffd246bd676a08c8","2026-08-17T11:41:06.5075814Z","asset"
"godot/assets/generated_import/characters/sd_chr001_maeru_combat_r26_dev/hit/hit_003.png.import","995","fd63f1c6b61b177175c256cfc2a7d554f66bdadc7d27e041099f5ab3abc70e3a","2026-08-17T11:58:00.3407347Z","asset"
"godot/assets/generated_import/characters/sd_chr001_maeru_combat_r26_dev/idle_sheet_01.png","1224354","18c6cb7a812994b505e7f735699938ff520d851380bf7536abe774f83b998363","2026-08-17T11:40:59.7073186Z","asset"
"godot/assets/generated_import/characters/sd_chr001_maeru_combat_r26_dev/idle_sheet_01.png.import","1009","f0e61d133f6d7a4907fe7900a033ef9647fe4433fb223174a6cac6d282dcdb35","2026-08-17T11:58:00.1257329Z","asset"
"godot/assets/generated_import/characters/sd_chr001_maeru_combat_r26_dev/idle/idle_000.png","161147","93d7ff5941fbf4c5a21ff736a8d4a939d797a895e1e4b7f4f7284bc9c3ebaebb","2026-08-17T11:40:58.7967948Z","asset"
"godot/assets/generated_import/characters/sd_chr001_maeru_combat_r26_dev/idle/idle_000.png.import","999","5a0ef39e9a94d2af5be14e943d99de569f9aa6d26a1d74b2629af86be12b2a24","2026-08-17T11:58:00.3367337Z","asset"
"godot/assets/generated_import/characters/sd_chr001_maeru_combat_r26_dev/idle/idle_001.png","160676","532f17b84e08af1fb419aba46a59663e1fe394ffa3574c16b3259cabc268281b","2026-08-17T11:40:58.8657944Z","asset"
"godot/assets/generated_import/characters/sd_chr001_maeru_combat_r26_dev/idle/idle_001.png.import","998","985155dafa077baf1b2dbb966da3fa5ef02825dcbc8e169d9ae701fd88fbd396","2026-08-17T11:58:00.3227337Z","asset"
"godot/assets/generated_import/characters/sd_chr001_maeru_combat_r26_dev/idle/idle_002.png","161090","2030d445d9e10611c36903feafa835cd9010f3f6df4f7125e7696d093c2657f1","2026-08-17T11:40:58.9347943Z","asset"
"godot/assets/generated_import/characters/sd_chr001_maeru_combat_r26_dev/idle/idle_002.png.import","998","4e9af90b1f9708f87405085fabbf5bff01bbfb2891024efdbecfacfa52bd1363","2026-08-17T11:58:00.9797347Z","asset"
"godot/assets/generated_import/characters/sd_chr001_maeru_combat_r26_dev/idle/idle_003.png","159787","939984b0d8d9f6ec30eca28ebd8489fa21d0c5b13a713311b6368c20aeb6384f","2026-08-17T11:40:59.0027950Z","asset"
"godot/assets/generated_import/characters/sd_chr001_maeru_combat_r26_dev/idle/idle_003.png.import","998","41f5319e19fe8ef874b45e7a6cb7e8082afc3e23932d6d50919228701ac711f0","2026-08-17T11:58:00.9517353Z","asset"
"godot/assets/generated_import/characters/sd_chr001_maeru_combat_r26_dev/idle/idle_004.png","160032","6e6d5917c0437dc2cca9281a0c65c6d178135d0e983877d4a1d16adef40d9022","2026-08-17T11:40:59.0713178Z","asset"
"godot/assets/generated_import/characters/sd_chr001_maeru_combat_r26_dev/idle/idle_004.png.import","999","e2e6f0bd6483324473117a6780ef489d9155809d2860797d691339fb7c2b8851","2026-08-17T11:58:00.9167358Z","asset"
"godot/assets/generated_import/characters/sd_chr001_maeru_combat_r26_dev/idle/idle_005.png","160794","3932c84843d70df1b8c9715bfaf1090d53dfa07f95603670bd38e8858d38ee45","2026-08-17T11:40:59.1413186Z","asset"
"godot/assets/generated_import/characters/sd_chr001_maeru_combat_r26_dev/idle/idle_005.png.import","999","53a20f3bbfa3aee6f58245cee00cd334144d5666f1146f17d8ca052acb797c39","2026-08-17T11:58:00.9187350Z","asset"
"godot/assets/generated_import/characters/sd_chr001_maeru_combat_r26_dev/idle/idle_006.png","160313","25d5ff2b019fedb33aa161a18029c3f4c25a163e112159a0c104583fa6f14458","2026-08-17T11:40:59.2103190Z","asset"
"godot/assets/generated_import/characters/sd_chr001_maeru_combat_r26_dev/idle/idle_006.png.import","999","4cc42b77b64b983d4d708acfc6c9008110f326ecec3a7fd01fa40c740083f3b0","2026-08-17T11:58:00.9217344Z","asset"
"godot/assets/generated_import/characters/sd_chr001_maeru_combat_r26_dev/idle/idle_007.png","161147","93d7ff5941fbf4c5a21ff736a8d4a939d797a895e1e4b7f4f7284bc9c3ebaebb","2026-08-17T11:40:59.2743182Z","asset"
"godot/assets/generated_import/characters/sd_chr001_maeru_combat_r26_dev/idle/idle_007.png.import","999","1ad3f1bb63c19129d0d15614a474689490ed7c884ab2f86c9bdd78fd311e27d7","2026-08-17T11:58:00.9117338Z","asset"
"godot/assets/generated_import/characters/sd_chr001_maeru_combat_r26_dev/move_sheet_01.png","1928046","932cb19623bcf8316bb42f058d80608dfd9a72a15df51d71f21609728d34a698","2026-08-17T11:41:01.2345694Z","asset"
"godot/assets/generated_import/characters/sd_chr001_maeru_combat_r26_dev/move_sheet_01.png.import","1009","33157b0b4292b0877d0fc3c28e5efccc321ce994aa8f26c4e0420dce5b6b9c2e","2026-08-17T11:57:59.9467337Z","asset"
"godot/assets/generated_import/characters/sd_chr001_maeru_combat_r26_dev/move/move_000.png","163710","81a38e8a6de4e9534aec51856f5cd650a5d6cb229d532e3b87e93a77391ac0f4","2026-08-17T11:40:59.7763183Z","asset"
"godot/assets/generated_import/characters/sd_chr001_maeru_combat_r26_dev/move/move_000.png.import","999","166d5daa2651c122df94d00dd28a4f218ad1fe86dd3b69ee1989eb3c13ac9f53","2026-08-17T11:58:00.8917335Z","asset"
"godot/assets/generated_import/characters/sd_chr001_maeru_combat_r26_dev/move/move_001.png","163190","34d49643274abd75ea80b33eff82e5ce9c87a53a4ac20e3167ebaa976cde6187","2026-08-17T11:40:59.8463186Z","asset"
"godot/assets/generated_import/characters/sd_chr001_maeru_combat_r26_dev/move/move_001.png.import","999","6e0383a0f9ebbaf774550de0f06005bc367eed9805ecc1185fc5e86ad2168efa","2026-08-17T11:58:00.8737331Z","asset"
"godot/assets/generated_import/characters/sd_chr001_maeru_combat_r26_dev/move/move_002.png","163151","a309122ec88e3b2f2bdd190fa4c64fd26b8eda94ad8deadb77d20aefa8c98d13","2026-08-17T11:40:59.9153193Z","asset"
"godot/assets/generated_import/characters/sd_chr001_maeru_combat_r26_dev/move/move_002.png.import","999","014610ab8c5f6f191c40e6077ca4771d85363250ab0b103b4083c95513d105d0","2026-08-17T11:58:00.8607330Z","asset"
"godot/assets/generated_import/characters/sd_chr001_maeru_combat_r26_dev/move/move_003.png","163157","f99348191d6384bdaac72b595416f11c23663f8a4133e73212c5652f044efccc","2026-08-17T11:40:59.9845577Z","asset"
"godot/assets/generated_import/characters/sd_chr001_maeru_combat_r26_dev/move/move_003.png.import","998","3519aaf0870734ed142227223afec208392d8f29cf0cd49304aad07fef92d0f1","2026-08-17T11:58:00.8677343Z","asset"
"godot/assets/generated_import/characters/sd_chr001_maeru_combat_r26_dev/move/move_004.png","163017","57c17366395a47eaa99133169bec298e3408f47cf30a632bc9075428365c441a","2026-08-17T11:41:00.0545577Z","asset"
"godot/assets/generated_import/characters/sd_chr001_maeru_combat_r26_dev/move/move_004.png.import","999","8df98d4b2f29145567577b4009c62450e8aed10bb80e33dd6c4d0eb6d1e10ece","2026-08-17T11:58:00.8227327Z","asset"
"godot/assets/generated_import/characters/sd_chr001_maeru_combat_r26_dev/move/move_005.png","163576","77f852162e6ef7441ab308e45ca071bd4752aa39bf192307015e6d7f0d289d7e","2026-08-17T11:41:00.1235585Z","asset"
"godot/assets/generated_import/characters/sd_chr001_maeru_combat_r26_dev/move/move_005.png.import","999","6f34d02679d66b9908193a9b5767c585363bbd1be19eff67ace3bf22e1fd0689","2026-08-17T11:58:00.7957356Z","asset"
"godot/assets/generated_import/characters/sd_chr001_maeru_combat_r26_dev/move/move_006.png","163703","826e439824cb14836bfe022f827382d174bee1bd58c55a14fc699b0e863ccdd9","2026-08-17T11:41:00.1925576Z","asset"
"godot/assets/generated_import/characters/sd_chr001_maeru_combat_r26_dev/move/move_006.png.import","999","ed16ca1368be38a8c9e19d13dd5b9f3d1218f7bedeb1fd8a57bb4921ea8d3bad","2026-08-17T11:58:00.7767342Z","asset"
"godot/assets/generated_import/characters/sd_chr001_maeru_combat_r26_dev/move/move_007.png","164032","5c801ba17b0b461435d283b9e7c4505c4641403b076c747db727d2009b295700","2026-08-17T11:41:00.2605575Z","asset"
"godot/assets/generated_import/characters/sd_chr001_maeru_combat_r26_dev/move/move_007.png.import","999","d1253888bd2450a7cb75144963b69263064e9571cc1bfb6dea8c5ad60ff246cf","2026-08-17T11:58:00.7747347Z","asset"
"godot/assets/generated_import/characters/sd_chr001_maeru_combat_r26_dev/move/move_008.png","164412","39f5a2b536b79dd4fcd31ff6ceaf359d8ddb7dc923b1199b85c72a6e7d836b46","2026-08-17T11:41:00.3285576Z","asset"
"godot/assets/generated_import/characters/sd_chr001_maeru_combat_r26_dev/move/move_008.png.import","999","f7a91af3ce4c36cdf8fd5dbf986ce1f8bc8f28125fe4336e4ac2d108a1d51355","2026-08-17T11:58:00.7707342Z","asset"
"godot/assets/generated_import/characters/sd_chr001_maeru_combat_r26_dev/move/move_009.png","164356","4742d4b310cb27ea92a973e768af38e1d4550172d29475d52a948478b5671342","2026-08-17T11:41:00.3964202Z","asset"
"godot/assets/generated_import/characters/sd_chr001_maeru_combat_r26_dev/move/move_009.png.import","999","715764314ce37498bd023f0df6ef1bf4e84e075aa130a4dbba4806a8970ba880","2026-08-17T11:58:00.7457324Z","asset"
"godot/assets/generated_import/characters/sd_chr001_maeru_combat_r26_dev/move/move_010.png","164091","75931610ffdfcd8c4be8111bd743015fb9a4ea1e57625058df32a1dd73cab73d","2026-08-17T11:41:00.4664190Z","asset"
"godot/assets/generated_import/characters/sd_chr001_maeru_combat_r26_dev/move/move_010.png.import","998","5249f3abe576b55f489593062e5aa46d04a5ff2cbf29e38d221f81194d85cffe","2026-08-17T11:58:00.7567342Z","asset"
"godot/assets/generated_import/characters/sd_chr001_maeru_combat_r26_dev/move/move_011.png","163710","81a38e8a6de4e9534aec51856f5cd650a5d6cb229d532e3b87e93a77391ac0f4","2026-08-17T11:41:00.5364202Z","asset"
"godot/assets/generated_import/characters/sd_chr001_maeru_combat_r26_dev/move/move_011.png.import","999","8b81391075fe5eb4a1c6c5253364efe573fd42e755f69fa24d3aa934188147c0","2026-08-17T11:58:00.7247345Z","asset"
"godot/assets/generated_import/characters/sd_chr001_maeru_combat_r26_dev/normal_skill_sheet_01.png","2023040","029c565cefa932be802b1830fabb3ffec7dcb23cdfe35562870a0b2fa72c82f5","2026-08-17T11:41:03.8031600Z","asset"
"godot/assets/generated_import/characters/sd_chr001_maeru_combat_r26_dev/normal_skill_sheet_01.png.import","1032","096b97b04f38b235ed18b2404aa9e9c6a01ad64243a1c59b0af4b1f9545d357c","2026-08-17T11:58:00.0347347Z","asset"
"godot/assets/generated_import/characters/sd_chr001_maeru_combat_r26_dev/normal_skill/normal_skill_000.png","164643","32b26f51e3a87421a6a927c38aa3ee9532e65c331c35cb5a123a92eb5506a373","2026-08-17T11:41:02.2765407Z","asset"
"godot/assets/generated_import/characters/sd_chr001_maeru_combat_r26_dev/normal_skill/normal_skill_000.png.import","1031","eddbdde5a074bf828cfa93d2536b371ac30d93565c5a0683c3b05b0493ee4790","2026-08-17T11:58:00.6987339Z","asset"
"godot/assets/generated_import/characters/sd_chr001_maeru_combat_r26_dev/normal_skill/normal_skill_001.png","167239","5abf8e4f4855f9cb2b00ab00e8df06152850084a8e25520fe539cf6230a9d8b8","2026-08-17T11:41:02.3475369Z","asset"
"godot/assets/generated_import/characters/sd_chr001_maeru_combat_r26_dev/normal_skill/normal_skill_001.png.import","1031","ba639866e666a8835d0fb48237e153d35b61708ba663498b7b3c42bd8318456d","2026-08-17T11:58:00.7117339Z","asset"
"godot/assets/generated_import/characters/sd_chr001_maeru_combat_r26_dev/normal_skill/normal_skill_002.png","169682","cc622c073c35e146e83b6c0a2d67b12c05daaa31025fa9b89d6d45f84e33ee11","2026-08-17T11:41:02.4185369Z","asset"
"godot/assets/generated_import/characters/sd_chr001_maeru_combat_r26_dev/normal_skill/normal_skill_002.png.import","1031","62b24dabceba47deee7a95bb8071917129c44cc426ad90e208605f29c9a5ded9","2026-08-17T11:58:00.6567353Z","asset"
"godot/assets/generated_import/characters/sd_chr001_maeru_combat_r26_dev/normal_skill/normal_skill_003.png","170773","f005e86aeb0923ade4c61ad581042a351aed2f1d9382c2892b2e27e7fd7a453f","2026-08-17T11:41:02.4915369Z","asset"
"godot/assets/generated_import/characters/sd_chr001_maeru_combat_r26_dev/normal_skill/normal_skill_003.png.import","1030","e3cbf6d74a4f0bba911ca488139277d9fdf229d0fa88095dd7e554754413c263","2026-08-17T11:58:00.6547347Z","asset"
"godot/assets/generated_import/characters/sd_chr001_maeru_combat_r26_dev/normal_skill/normal_skill_004.png","172835","d500a4e82a7bc96a0c2207ca43783fff6e4e0db44653319bf02ed221b9bb89f4","2026-08-17T11:41:02.5665369Z","asset"
"godot/assets/generated_import/characters/sd_chr001_maeru_combat_r26_dev/normal_skill/normal_skill_004.png.import","1031","bd069f0581ddbdbc46a7abdf1d8956ef77e098f4ad310f4fd8a4de246a3cf9f4","2026-08-17T11:58:00.6367347Z","asset"
"godot/assets/generated_import/characters/sd_chr001_maeru_combat_r26_dev/normal_skill/normal_skill_005.png","172612","0a7325dac8b7e5ab2405b114fefdcc062c22578b562f278e2b02f14cbc2f9949","2026-08-17T11:41:02.6415374Z","asset"
"godot/assets/generated_import/characters/sd_chr001_maeru_combat_r26_dev/normal_skill/normal_skill_005.png.import","1031","f25d7a4e90d40f24160a454c2eabda4aa3de336d2959fb5f676ff1a493b71aff","2026-08-17T11:57:58.6858900Z","asset"
"godot/assets/generated_import/characters/sd_chr001_maeru_combat_r26_dev/normal_skill/normal_skill_006.png","172695","fdde4cf33986bc7a8b3af5cf5b5c6b16e010afc433109c90227acf34b1e2f7be","2026-08-17T11:41:02.7155368Z","asset"
"godot/assets/generated_import/characters/sd_chr001_maeru_combat_r26_dev/normal_skill/normal_skill_006.png.import","1030","1efa15bfb889f978d0f12930dab18f242685e8805940b106606ba6ad2695e818","2026-08-17T11:57:58.6848900Z","asset"
"godot/assets/generated_import/characters/sd_chr001_maeru_combat_r26_dev/normal_skill/normal_skill_007.png","172939","16cc70977cad0a79c3fe6c3be6a90d587dad5e3bcc53d8155354edc6b162309b","2026-08-17T11:41:02.7905368Z","asset"
"godot/assets/generated_import/characters/sd_chr001_maeru_combat_r26_dev/normal_skill/normal_skill_007.png.import","1030","4828247faea0b4e14ce7fa635868c0a0775d73e5e84a99bf1d83448be132ebf7","2026-08-17T11:57:58.6858900Z","asset"
"godot/assets/generated_import/characters/sd_chr001_maeru_combat_r26_dev/normal_skill/normal_skill_008.png","171068","c00c30cdb6a44768e5af39ba94843c91e270b2148f4df968a145f514753367c7","2026-08-17T11:41:02.8645368Z","asset"
"godot/assets/generated_import/characters/sd_chr001_maeru_combat_r26_dev/normal_skill/normal_skill_008.png.import","1031","a361cae59c135bc14fe2867100c581aea7ecdc841c8f328d024fa2f94da8e86b","2026-08-17T11:57:58.6808898Z","asset"
"godot/assets/generated_import/characters/sd_chr001_maeru_combat_r26_dev/normal_skill/normal_skill_009.png","169381","85858d12331782f5cfc5c30f9f6923d7600ea88040c0a6d5282f6ba597c8ee1a","2026-08-17T11:41:02.9375374Z","asset"
"godot/assets/generated_import/characters/sd_chr001_maeru_combat_r26_dev/normal_skill/normal_skill_009.png.import","1031","b61e2afb3503f8c21027377e7471981e44fdd62787361abdb28ab10484da0095","2026-08-17T11:57:58.5808914Z","asset"
"godot/assets/generated_import/characters/sd_chr001_maeru_combat_r26_dev/normal_skill/normal_skill_010.png","167193","3cf85e4ca2f24a10704dbf57e8aa306d5ee41a30af28188985f27e147e2f90bc","2026-08-17T11:41:03.0085368Z","asset"
"godot/assets/generated_import/characters/sd_chr001_maeru_combat_r26_dev/normal_skill/normal_skill_010.png.import","1031","29f84947caa0dbab97c76db30bc83488df6020aad878bf94d784a1fd22e90164","2026-08-17T11:57:58.5608902Z","asset"
"godot/assets/generated_import/characters/sd_chr001_maeru_combat_r26_dev/normal_skill/normal_skill_011.png","164448","a773800e36f244d62d732a7b7f9d94686c87eba6b8200dae6ca03488f711959d","2026-08-17T11:41:03.0715371Z","asset"
"godot/assets/generated_import/characters/sd_chr001_maeru_combat_r26_dev/normal_skill/normal_skill_011.png.import","1031","e8614aa3c45cdfb4040d0b64083dd25cd26999bc59b41338c5bf25ba6c5fc633","2026-08-17T11:57:58.5668910Z","asset"
"godot/assets/generated_import/characters/sd_chr001_maeru_combat_r26_dev/ultimate_sheet_01.png","2720746","2b689c71dea93a05232fa2ce8b13941f79cbff5117dffb10ae816525386a6a95","2026-08-17T11:41:06.0925806Z","asset"
"godot/assets/generated_import/characters/sd_chr001_maeru_combat_r26_dev/ultimate_sheet_01.png.import","1021","7fc801ec1a13d794ad8067d9f984f5d7850c78e9e84c7b9f08f4f179976e08ec","2026-08-17T11:58:00.0827346Z","asset"
"godot/assets/generated_import/characters/sd_chr001_maeru_combat_r26_dev/ultimate_sheet_02.png","355450","da540e3a7b1a653204d28ab2a8457169bb5cda32483de764090a6235bd9a533b","2026-08-17T11:41:06.2515815Z","asset"
"godot/assets/generated_import/characters/sd_chr001_maeru_combat_r26_dev/ultimate_sheet_02.png.import","1020","852786e4fda9777fe655b993386f7dcffcf22269ca02b4c271100bec8857f4b3","2026-08-17T11:57:59.9097356Z","asset"
"godot/assets/generated_import/characters/sd_chr001_maeru_combat_r26_dev/ultimate/ultimate_000.png","165609","a79efec4e87752715e5dda531485d2c599f8cb2b454da58027d8be881a529305","2026-08-17T11:41:03.8671612Z","asset"
"godot/assets/generated_import/characters/sd_chr001_maeru_combat_r26_dev/ultimate/ultimate_000.png.import","1015","3fa6cf435325901dad2c5a1a7145909132a69aef9ce9394a17de47cd95bed6b4","2026-08-17T11:57:58.5618915Z","asset"
"godot/assets/generated_import/characters/sd_chr001_maeru_combat_r26_dev/ultimate/ultimate_001.png","167567","dc61e0397dfe28492998d8b029493400f7023cd1e92930f1c9bc3e0db472c13e","2026-08-17T11:41:03.9381605Z","asset"
"godot/assets/generated_import/characters/sd_chr001_maeru_combat_r26_dev/ultimate/ultimate_001.png.import","1014","54e59991947b8b0858d57a339e788c1d550859cf7f884b746fb37ce6d3c7c546","2026-08-17T11:57:58.5628907Z","asset"
"godot/assets/generated_import/characters/sd_chr001_maeru_combat_r26_dev/ultimate/ultimate_002.png","168962","26403fcefcb98fc13ee5c61faf587902fdcaaaa359c26ff56a13bac40c2d50bd","2026-08-17T11:41:04.0101600Z","asset"
"godot/assets/generated_import/characters/sd_chr001_maeru_combat_r26_dev/ultimate/ultimate_002.png.import","1015","3f16c0871ce65e6f17da75867dfa1df63098d0d90eb217185ecdabad1eaae4d3","2026-08-17T11:57:58.5488910Z","asset"
"godot/assets/generated_import/characters/sd_chr001_maeru_combat_r26_dev/ultimate/ultimate_003.png","170402","b50e10ffaa2fa9a12caecd013bbb1d1841c3b363caca76718ca1b05237d749e7","2026-08-17T11:41:04.0841601Z","asset"
"godot/assets/generated_import/characters/sd_chr001_maeru_combat_r26_dev/ultimate/ultimate_003.png.import","1015","d6bf9ce79fa063ab64fe66245ef427f99de8a801f0f109e4f9181b9394c00898","2026-08-17T11:57:58.5478926Z","asset"
"godot/assets/generated_import/characters/sd_chr001_maeru_combat_r26_dev/ultimate/ultimate_004.png","171935","699980a3314f40fe9c8872eac87ec051425c1e35d31a761af684f944483508fe","2026-08-17T11:41:04.1601602Z","asset"
"godot/assets/generated_import/characters/sd_chr001_maeru_combat_r26_dev/ultimate/ultimate_004.png.import","1015","bf3faf722181e2e69895fc8fc641f58d788f90d9ed93f9fcd8a55743a009affa","2026-08-17T11:57:58.5458920Z","asset"
"godot/assets/generated_import/characters/sd_chr001_maeru_combat_r26_dev/ultimate/ultimate_005.png","173121","215ec2f020e0abda93247da81e0958ca0ad3692d90eb1a7e82763486707a58c2","2026-08-17T11:41:04.2361611Z","asset"
"godot/assets/generated_import/characters/sd_chr001_maeru_combat_r26_dev/ultimate/ultimate_005.png.import","1014","20ae232abf86bb4e2322309cca1f8cbe0616777cd4473a7d919f9bff5130c02f","2026-08-17T11:57:58.5498924Z","asset"
"godot/assets/generated_import/characters/sd_chr001_maeru_combat_r26_dev/ultimate/ultimate_006.png","173593","5f694680f3d38cfbf692e2c5360a505ead1ff0238696d768c26b25d3b88686bc","2026-08-17T11:41:04.3141614Z","asset"
"godot/assets/generated_import/characters/sd_chr001_maeru_combat_r26_dev/ultimate/ultimate_006.png.import","1015","9b017268a5790ad645cb885c2c841c219c85d5c5fc64dae8fa40d96dddc9d4df","2026-08-17T11:57:58.4208916Z","asset"
"godot/assets/generated_import/characters/sd_chr001_maeru_combat_r26_dev/ultimate/ultimate_007.png","173978","0e274c9b9c7d6f31097e00dd59736622d6b8da055db3a9d74fde4a468b2dcf9a","2026-08-17T11:41:04.3971601Z","asset"
"godot/assets/generated_import/characters/sd_chr001_maeru_combat_r26_dev/ultimate/ultimate_007.png.import","1015","1ba10e8e0fe67e1240f10bf08faf5d9c8afbab424eb32a92ef21cc16c591b666","2026-08-17T11:57:58.4208916Z","asset"
"godot/assets/generated_import/characters/sd_chr001_maeru_combat_r26_dev/ultimate/ultimate_008.png","173855","437c6ef1a24112e7edade7629802c8b59edc6aeffe019be162147ad6722b4763","2026-08-17T11:41:04.4746339Z","asset"
"godot/assets/generated_import/characters/sd_chr001_maeru_combat_r26_dev/ultimate/ultimate_008.png.import","1013","c43eaea642e5f7358c7e992c5e44fb5f7b326bca787d183c58dc27acee2cc98f","2026-08-17T11:57:58.4188921Z","asset"
"godot/assets/generated_import/characters/sd_chr001_maeru_combat_r26_dev/ultimate/ultimate_009.png","174548","2125e59bae3302e5de99f11ce301350ff3d00d3c8d7022e11b1ee6ec79b24247","2026-08-17T11:41:04.5537123Z","asset"
"godot/assets/generated_import/characters/sd_chr001_maeru_combat_r26_dev/ultimate/ultimate_009.png.import","1015","546b1c8f8c9b0898bd84315621d235002e1677f0b84d394e670ba8131617485f","2026-08-17T11:57:58.4258922Z","asset"
"godot/assets/generated_import/characters/sd_chr001_maeru_combat_r26_dev/ultimate/ultimate_010.png","174663","92574f54f20b915e5664e331b52eebe3d2c02f8a973d1cb373855cb561440717","2026-08-17T11:41:04.6307122Z","asset"
"godot/assets/generated_import/characters/sd_chr001_maeru_combat_r26_dev/ultimate/ultimate_010.png.import","1015","9a9e2bd2d7cfa0297cca64c062fa284bf887444b15999042bf3a43feb7a2a052","2026-08-17T11:57:58.4348904Z","asset"
"godot/assets/generated_import/characters/sd_chr001_maeru_combat_r26_dev/ultimate/ultimate_011.png","174155","31722f79cc54b22d53750688b05e9afe534cae449a52043c9d191558007beba0","2026-08-17T11:41:04.7087158Z","asset"
"godot/assets/generated_import/characters/sd_chr001_maeru_combat_r26_dev/ultimate/ultimate_011.png.import","1015","2f8a629e664c1ba2d0cd7d90697163a3d4ac4722dd365a09c09f5809dbb4f294","2026-08-17T11:57:58.4198919Z","asset"
"godot/assets/generated_import/characters/sd_chr001_maeru_combat_r26_dev/ultimate/ultimate_012.png","173481","9cb223685f34875423c7336f66f44c8b9ba9973c8a45685206175083f1e4bc6a","2026-08-17T11:41:04.7837120Z","asset"
"godot/assets/generated_import/characters/sd_chr001_maeru_combat_r26_dev/ultimate/ultimate_012.png.import","1015","8c657b74a86e068b9a6c259327cbda3109d105d2b5c7195fcd3cbff807a8b924","2026-08-17T11:57:58.4488930Z","asset"
"godot/assets/generated_import/characters/sd_chr001_maeru_combat_r26_dev/ultimate/ultimate_013.png","172432","be87f13f5fc491021ddabad62cee64bc65d15bb95e35bbde2af6942dc3f74354","2026-08-17T11:41:04.8597128Z","asset"
"godot/assets/generated_import/characters/sd_chr001_maeru_combat_r26_dev/ultimate/ultimate_013.png.import","1014","dfc6c9ed1b302d4c824f580f77c7e849a5bf130b6be455811d81c185c03a502c","2026-08-17T11:57:58.4318909Z","asset"
"godot/assets/generated_import/characters/sd_chr001_maeru_combat_r26_dev/ultimate/ultimate_014.png","170752","494f9b19a17a690623efb6af26e8ffa458c949d06a8233996e1640fecf06d423","2026-08-17T11:41:04.9327120Z","asset"
"godot/assets/generated_import/characters/sd_chr001_maeru_combat_r26_dev/ultimate/ultimate_014.png.import","1015","ab2cc9af1e9a7a9e5909e96c7d340be98ffa9e75a923b25ac9f2dae9423a6fbd","2026-08-17T11:57:58.4208916Z","asset"
"godot/assets/generated_import/characters/sd_chr001_maeru_combat_r26_dev/ultimate/ultimate_015.png","169646","2c15323bacc88e7d24eb13b93580957a689f874686b457e73851246d04985084","2026-08-17T11:41:05.0118214Z","asset"
"godot/assets/generated_import/characters/sd_chr001_maeru_combat_r26_dev/ultimate/ultimate_015.png.import","1015","cbfae95fd7f14bbef0e48f98a907de5e479696e03311004da4d381bfe5093542","2026-08-17T11:58:00.3207338Z","asset"
"godot/assets/generated_import/characters/sd_chr001_maeru_combat_r26_dev/ultimate/ultimate_016.png","167608","c795780fad4282f7e75aa97e973f3cb93685bcce0df35fb926d978698f241f05","2026-08-17T11:41:05.0808212Z","asset"
"godot/assets/generated_import/characters/sd_chr001_maeru_combat_r26_dev/ultimate/ultimate_016.png.import","1014","0eaa78a376415df6f65a5ff20889d3f953a900c18c1ca7323fc2e0f5172151e3","2026-08-17T11:58:00.3167351Z","asset"
"godot/assets/generated_import/characters/sd_chr001_maeru_combat_r26_dev/ultimate/ultimate_017.png","165648","23928a50432f7018eabf4e2f6b1b59aca149ddfac38cd67f746779779d7a8746","2026-08-17T11:41:05.1438208Z","asset"
"godot/assets/generated_import/characters/sd_chr001_maeru_combat_r26_dev/ultimate/ultimate_017.png.import","1015","0a4d76df8ae536cfd1b8efa73afc942f38a76f3ec9fcbe1e95bae515723d644f","2026-08-17T11:58:00.2807338Z","asset"
"godot/assets/generated_import/characters/sd_chr001_maeru_combat_r26_dev/victory_sheet_01.png","1674810","66f06215734153ad2dd9da81293cbd6b0973695fa8a527b27cc24126a54edfbc","2026-08-17T11:41:08.9057068Z","asset"
"godot/assets/generated_import/characters/sd_chr001_maeru_combat_r26_dev/victory_sheet_01.png.import","1018","1db7d79a851f37fe0e14844caa32978aee516250ad905f3935af5e4b6390910c","2026-08-17T11:58:00.0427353Z","asset"
"godot/assets/generated_import/characters/sd_chr001_maeru_combat_r26_dev/victory/victory_000.png","161150","2d748cb5e434381dc8ed82e9e13ec032ec5058663c34c7a4ffd246bd676a08c8","2026-08-17T11:41:07.6278930Z","asset"
"godot/assets/generated_import/characters/sd_chr001_maeru_combat_r26_dev/victory/victory_000.png.import","1011","a81929fd49b464d7a23707067d42dbe8c32c12f1aff1375c0e26e06d4ecf4415","2026-08-17T11:58:00.2647346Z","asset"
"godot/assets/generated_import/characters/sd_chr001_maeru_combat_r26_dev/victory/victory_001.png","167875","78bb71e530cd9bb039387e013e97864880a658e04498f353ce51d41e9378a979","2026-08-17T11:41:07.6998962Z","asset"
"godot/assets/generated_import/characters/sd_chr001_maeru_combat_r26_dev/victory/victory_001.png.import","1011","15308ba8a421c2ea9754c0127427a5861067e9c72ae2dc0e356411a11735bedc","2026-08-17T11:58:00.2317350Z","asset"
"godot/assets/generated_import/characters/sd_chr001_maeru_combat_r26_dev/victory/victory_002.png","171029","1612e729045e2f30265f619c3d04fd2ee1c098415fae4b99f215761142aed9cd","2026-08-17T11:41:07.7758928Z","asset"
"godot/assets/generated_import/characters/sd_chr001_maeru_combat_r26_dev/victory/victory_002.png.import","1010","2b49ee61ae146befcb9683abf5d9cde98feab25d29fd3f22bf22d201a292ba4b","2026-08-17T11:58:00.2227344Z","asset"
"godot/assets/generated_import/characters/sd_chr001_maeru_combat_r26_dev/victory/victory_003.png","170114","0d1698a765344696c10168e3839fa0a27a76ba5cb89bd851b7fa68a0d8715f3f","2026-08-17T11:41:07.8488947Z","asset"
"godot/assets/generated_import/characters/sd_chr001_maeru_combat_r26_dev/victory/victory_003.png.import","1011","4671190397204635de26b0d402d31f1927a1f56118cc5d3ef2bedac4b6df938b","2026-08-17T11:58:00.2057335Z","asset"
"godot/assets/generated_import/characters/sd_chr001_maeru_combat_r26_dev/victory/victory_004.png","165370","341ad4d83b4f90ff6195acb52ee4315bf68a83f81dc65c3abd4b2b4dbdecbd97","2026-08-17T11:41:07.9208927Z","asset"
"godot/assets/generated_import/characters/sd_chr001_maeru_combat_r26_dev/victory/victory_004.png.import","1011","fd511f1f1c4e26227531fc1fdb4737ab2c1e971d8e33dae9b94a8fe53ba25645","2026-08-17T11:58:00.2017340Z","asset"
"godot/assets/generated_import/characters/sd_chr001_maeru_combat_r26_dev/victory/victory_005.png","165248","d9d60de7b297cc22eabaf18b2a03331ce13cb948b021bfb325bbc80fffad4f22","2026-08-17T11:41:07.9938934Z","asset"
"godot/assets/generated_import/characters/sd_chr001_maeru_combat_r26_dev/victory/victory_005.png.import","1011","9b942d6160fdb07ef984cff1de7869c461760694e58ceab7f2fd76298699ab23","2026-08-17T11:58:00.1777325Z","asset"
"godot/assets/generated_import/characters/sd_chr001_maeru_combat_r26_dev/victory/victory_006.png","170094","826af18a4c5555991835420a6fd16dd8302c356f5d6004079b2ef99bea134855","2026-08-17T11:41:08.0658945Z","asset"
"godot/assets/generated_import/characters/sd_chr001_maeru_combat_r26_dev/victory/victory_006.png.import","1011","48e55f44e60418c5132833dfcffd1959d8dddc78fa31263e659e58f692ae601c","2026-08-17T11:58:00.1787347Z","asset"
"godot/assets/generated_import/characters/sd_chr001_maeru_combat_r26_dev/victory/victory_007.png","171167","bc54f622f45a55fd8f3ee8197b368c239def2116d8981a6aa656401663b9d406","2026-08-17T11:41:08.1408928Z","asset"
"godot/assets/generated_import/characters/sd_chr001_maeru_combat_r26_dev/victory/victory_007.png.import","1011","cf0ec83f25d9a783e9be1390d0b4c9e436673f791dcf26d5dbf004f7d27a2f4e","2026-08-17T11:58:00.1427325Z","asset"
"godot/assets/generated_import/characters/sd_chr001_maeru_combat_r26_dev/victory/victory_008.png","167874","72e4a3328fee5dbb43bcaa9b463c5b75e516684e5f61bf8f8b46658578cfa041","2026-08-17T11:41:08.2178933Z","asset"
"godot/assets/generated_import/characters/sd_chr001_maeru_combat_r26_dev/victory/victory_008.png.import","1011","a35e68f838d85588ef85f03ddc896e3175327674395666fbe62a04dfe8c6e084","2026-08-17T11:58:00.0897343Z","asset"
"godot/assets/generated_import/characters/sd_chr001_maeru_combat_r26_dev/victory/victory_009.png","161150","2d748cb5e434381dc8ed82e9e13ec032ec5058663c34c7a4ffd246bd676a08c8","2026-08-17T11:41:08.2838916Z","asset"
"godot/assets/generated_import/characters/sd_chr001_maeru_combat_r26_dev/victory/victory_009.png.import","1010","b1982c07587808cd07f370136648982d714d36d7cdee7f8c6e16caa33f56d418","2026-08-17T11:58:00.0497343Z","asset"
"godot/assets/generated_import/characters/sd_chr001_maeru_combat_r27_dev/animation_manifest.json","22269","b71e1a06559d9eff63c2ab5687a5c7cf1d90b4db01f42c79afce4f2f7e4dbe2c","2026-08-17T12:15:00.1047117Z","asset"
"godot/assets/generated_import/characters/sd_chr001_maeru_combat_r27_dev/basic_attack_sheet_01.png","1852250","b7baf0c2fd50f62719149b74456c2486baa4824de0ee20a56ddde181ad188c4e","2026-08-17T12:14:51.6197075Z","asset"
"godot/assets/generated_import/characters/sd_chr001_maeru_combat_r27_dev/basic_attack_sheet_01.png.import","1033","5d2fddbad1a8128f572d5a545a9886dac3f5ff013c21318bde4ac8d55407bb8e","2026-08-17T12:19:50.8087534Z","asset"
"godot/assets/generated_import/characters/sd_chr001_maeru_combat_r27_dev/basic_attack/basic_attack_000.png","230870","6f384e811d50cd7eaa5f39bc8fa4563708cd37886678a7f92519e4d04d7f69e8","2026-08-17T12:14:50.4627020Z","asset"
"godot/assets/generated_import/characters/sd_chr001_maeru_combat_r27_dev/basic_attack/basic_attack_000.png.import","1031","7553e28b474ec9fc59c6ad2739717c7ec6c44bc40861408f0e7cff96ce23b873","2026-08-17T12:19:52.1152785Z","asset"
"godot/assets/generated_import/characters/sd_chr001_maeru_combat_r27_dev/basic_attack/basic_attack_001.png","230846","656082fac55da58cc8752d2f08e6511a2fd4a3a512e4152ef85b53b6db3dc041","2026-08-17T12:14:50.5587022Z","asset"
"godot/assets/generated_import/characters/sd_chr001_maeru_combat_r27_dev/basic_attack/basic_attack_001.png.import","1030","05b803db2002b78c6b9bf0e24f4fb93e223d9d9c71d4f1af4fe1a1eed3da44db","2026-08-17T12:19:52.1368226Z","asset"
"godot/assets/generated_import/characters/sd_chr001_maeru_combat_r27_dev/basic_attack/basic_attack_002.png","231324","56ff069a9dfbc537bb1d0618b9ef1b56c1da2084053f55f270232ac60882e3aa","2026-08-17T12:14:50.6557035Z","asset"
"godot/assets/generated_import/characters/sd_chr001_maeru_combat_r27_dev/basic_attack/basic_attack_002.png.import","1030","e7b5a5e98d8439c4d2fb265916ecd772008781497daa2ed9ce219d93570db1f1","2026-08-17T12:19:52.0752087Z","asset"
"godot/assets/generated_import/characters/sd_chr001_maeru_combat_r27_dev/basic_attack/basic_attack_003.png","227917","95cdddf16da64f1d81159699e73b8d62552be969d77fe2c848ae37749585a164","2026-08-17T12:14:50.7257054Z","asset"
"godot/assets/generated_import/characters/sd_chr001_maeru_combat_r27_dev/basic_attack/basic_attack_003.png.import","1031","3b3d04726888bf66910e65489d5b5b6acd34aa015125ffd45f3920912c46662d","2026-08-17T12:19:51.9955269Z","asset"
"godot/assets/generated_import/characters/sd_chr001_maeru_combat_r27_dev/basic_attack/basic_attack_004.png","235527","2f5f9aef088893c17aace172cfafb9c0f1d6ddc72c8e9b583f61ac30b76621c4","2026-08-17T12:14:50.8247047Z","asset"
"godot/assets/generated_import/characters/sd_chr001_maeru_combat_r27_dev/basic_attack/basic_attack_004.png.import","1031","4e88422aab90dd8a0133192e4e26ec4a7c031f5df6ce3b2a58c27f3d8f471b48","2026-08-17T12:19:51.9629623Z","asset"
"godot/assets/generated_import/characters/sd_chr001_maeru_combat_r27_dev/basic_attack/basic_attack_005.png","234454","27e19f77628eff5d3c0305d471f20527828c4e954372b12c17c93ba9b6ddcc5d","2026-08-17T12:14:50.9197078Z","asset"
"godot/assets/generated_import/characters/sd_chr001_maeru_combat_r27_dev/basic_attack/basic_attack_005.png.import","1030","a2a1277d6681a5c7fe5196e09295e463707f5a7e70e4215c2658cf06308aca47","2026-08-17T12:19:51.9499349Z","asset"
"godot/assets/generated_import/characters/sd_chr001_maeru_combat_r27_dev/basic_attack/basic_attack_006.png","232284","394087b3676a965060f773ee3e741aaf264100de91be35ba72c889cf6668c11e","2026-08-17T12:14:51.0207022Z","asset"
"godot/assets/generated_import/characters/sd_chr001_maeru_combat_r27_dev/basic_attack/basic_attack_006.png.import","1030","195b904e76106ce4e7fb224659128793f9e43f83b808b3304a363242baa7ac92","2026-08-17T12:19:51.8336980Z","asset"
"godot/assets/generated_import/characters/sd_chr001_maeru_combat_r27_dev/basic_attack/basic_attack_007.png","225671","bd61faff2fa7c2f01f3d0e1119aea283bef6cabb3a8c2f198b0ee8307108dacd","2026-08-17T12:14:51.0967074Z","asset"
"godot/assets/generated_import/characters/sd_chr001_maeru_combat_r27_dev/basic_attack/basic_attack_007.png.import","1031","756fc22a721ca03b4302a5718613cfb9262c2e31602f3fa8be2fb9173b580daa","2026-08-17T12:19:51.8026230Z","asset"
"godot/assets/generated_import/characters/sd_chr001_maeru_combat_r27_dev/combat_base_512.png","225647","63c17775e9ec8577305f3bf13ffcd9a8b56d02c14baf3b47730dab43656e2fd5","2026-08-17T12:14:47.2427038Z","asset"
"godot/assets/generated_import/characters/sd_chr001_maeru_combat_r27_dev/combat_base_512.png.import","1015","f6aa2ce5fd4ddfee5200feb120eb30419184e7a687d12812ed60fe85dd3459a3","2026-08-17T12:19:49.4482484Z","asset"
"godot/assets/generated_import/characters/sd_chr001_maeru_combat_r27_dev/down_sheet_01.png","1443691","ab416441967e4fecd598158de1fd9d51fbf7574120ff7af46aae448454db0124","2026-08-17T12:14:58.6557035Z","asset"
"godot/assets/generated_import/characters/sd_chr001_maeru_combat_r27_dev/down_sheet_01.png.import","1008","1b72d2b265bf668957269779697de712ba46f89252c51fde74d920220031db42","2026-08-17T12:19:50.7771988Z","asset"
"godot/assets/generated_import/characters/sd_chr001_maeru_combat_r27_dev/down/down_000.png","225671","bd61faff2fa7c2f01f3d0e1119aea283bef6cabb3a8c2f198b0ee8307108dacd","2026-08-17T12:14:57.7627036Z","asset"
"godot/assets/generated_import/characters/sd_chr001_maeru_combat_r27_dev/down/down_000.png.import","999","d35d94a7d2f915a11497aac7ae4a16b4a6e8e4c3266c1cd47f76255f9b31bbea","2026-08-17T12:19:51.7951137Z","asset"
"godot/assets/generated_import/characters/sd_chr001_maeru_combat_r27_dev/down/down_001.png","218388","affb27c5e4bb3841b6832925449e02a8e158c21fc257ef83c23bc37d7120e0bc","2026-08-17T12:14:57.8407081Z","asset"
"godot/assets/generated_import/characters/sd_chr001_maeru_combat_r27_dev/down/down_001.png.import","999","5ee31137442bc8a85e83c9ef683b3cab071fec4e763c0a0e780a69ae28b65369","2026-08-17T12:19:51.6974230Z","asset"
"godot/assets/generated_import/characters/sd_chr001_maeru_combat_r27_dev/down/down_002.png","211697","5ebe2c3adf5976a123320260f968d40fa1f0f6bedbd9429f08820542062b9e28","2026-08-17T12:14:57.9127099Z","asset"
"godot/assets/generated_import/characters/sd_chr001_maeru_combat_r27_dev/down/down_002.png.import","999","b826b334f0cbf63f2735ff08baf1e2cee1a22ade6f7b9560fce677bf9c24a0f0","2026-08-17T12:19:51.6563578Z","asset"
"godot/assets/generated_import/characters/sd_chr001_maeru_combat_r27_dev/down/down_003.png","199938","97799c69c6212f4825fd48632d291f341b01e2d82e7b79b024365dc378fe9ddc","2026-08-17T12:14:57.9817030Z","asset"
"godot/assets/generated_import/characters/sd_chr001_maeru_combat_r27_dev/down/down_003.png.import","999","9da8215925e3ab2492fbb85c1ea3ec40ce6dc64ef6ed10367375da5ee5fc966f","2026-08-17T12:19:51.6393265Z","asset"
"godot/assets/generated_import/characters/sd_chr001_maeru_combat_r27_dev/down/down_004.png","174332","c0e1ae6f13eda0277799df9ba9c1df565e7c2f4649e4b691927f04e03b163265","2026-08-17T12:14:58.0427091Z","asset"
"godot/assets/generated_import/characters/sd_chr001_maeru_combat_r27_dev/down/down_004.png.import","999","d6ec090ad6bcd7c4194a3dc69e2935c8e1e2eaf91db3810b5e54a167571cd386","2026-08-17T12:19:51.5576874Z","asset"
"godot/assets/generated_import/characters/sd_chr001_maeru_combat_r27_dev/down/down_005.png","150069","f3f8d0e9c20b45094715b6b7e23b33c7211d708738cf392407078a049299126e","2026-08-17T12:14:58.1017025Z","asset"
"godot/assets/generated_import/characters/sd_chr001_maeru_combat_r27_dev/down/down_005.png.import","998","f26439ab4deacae2b56d618f7e7f2e709f6561d00ac3c59198fad6e05eecaa4b","2026-08-17T12:19:51.5291323Z","asset"
"godot/assets/generated_import/characters/sd_chr001_maeru_combat_r27_dev/down/down_006.png","131751","42388552b7718662c2d8c63aceef011a8dc80b82812c90b7045728f018c97912","2026-08-17T12:14:58.1577091Z","asset"
"godot/assets/generated_import/characters/sd_chr001_maeru_combat_r27_dev/down/down_006.png.import","998","b11bba432884abc519b38eb56809b3b6d5b126c0487e38386117ac1cb249d732","2026-08-17T12:19:51.4895623Z","asset"
"godot/assets/generated_import/characters/sd_chr001_maeru_combat_r27_dev/down/down_007.png","114419","6cc54deb85a26b236490f2a8c814c4c8468df43e3aaa57dd69de31102fe9fb7e","2026-08-17T12:14:58.2037131Z","asset"
"godot/assets/generated_import/characters/sd_chr001_maeru_combat_r27_dev/down/down_007.png.import","998","0cf31b1ad4793757acaf2523f738e22efd07c88db34a4c05b746dad9f6a7bb2c","2026-08-17T12:19:51.4229373Z","asset"
"godot/assets/generated_import/characters/sd_chr001_maeru_combat_r27_dev/hit_sheet_01.png","705188","aa4c8ba8564e1be52e8bbbb9700d6ca711a6b716ed68620f47457e8b10012258","2026-08-17T12:14:57.6917028Z","asset"
"godot/assets/generated_import/characters/sd_chr001_maeru_combat_r27_dev/hit_sheet_01.png.import","1005","5a0adc2e355c334f281639a85239900808c4c407de0034bd98aac03000c958cd","2026-08-17T12:19:50.5721672Z","asset"
"godot/assets/generated_import/characters/sd_chr001_maeru_combat_r27_dev/hit/hit_000.png","225671","bd61faff2fa7c2f01f3d0e1119aea283bef6cabb3a8c2f198b0ee8307108dacd","2026-08-17T12:14:57.2057045Z","asset"
"godot/assets/generated_import/characters/sd_chr001_maeru_combat_r27_dev/hit/hit_000.png.import","995","8a88ae8546e86f6460139687fa688cc11cf3529be740f34221f1ee6646fdd142","2026-08-17T12:19:51.3813603Z","asset"
"godot/assets/generated_import/characters/sd_chr001_maeru_combat_r27_dev/hit/hit_001.png","228373","32a1f66dd75d1492d56c28f209e6c69c6c61fb02b837259dd8cf5e02f0a46c8d","2026-08-17T12:14:57.2797020Z","asset"
"godot/assets/generated_import/characters/sd_chr001_maeru_combat_r27_dev/hit/hit_001.png.import","995","fe3648626a1ca3534beb7532b1e5a6b36fc6050a90bda0f74a60ad93b9b304db","2026-08-17T12:19:51.3708400Z","asset"
"godot/assets/generated_import/characters/sd_chr001_maeru_combat_r27_dev/hit/hit_002.png","228974","14d7f2b068fe044d56d80cd326da163f9fc5bcaa626583af19aa178048eb5588","2026-08-17T12:14:57.3617026Z","asset"
"godot/assets/generated_import/characters/sd_chr001_maeru_combat_r27_dev/hit/hit_002.png.import","995","523724399cd24edb606ceabfa5ec28920764e5ad9aee54914012ced213d50446","2026-08-17T12:19:51.2846969Z","asset"
"godot/assets/generated_import/characters/sd_chr001_maeru_combat_r27_dev/hit/hit_003.png","225671","bd61faff2fa7c2f01f3d0e1119aea283bef6cabb3a8c2f198b0ee8307108dacd","2026-08-17T12:14:57.4347081Z","asset"
"godot/assets/generated_import/characters/sd_chr001_maeru_combat_r27_dev/hit/hit_003.png.import","995","34d922826241d13ad3f467540c553f10ce0ef6f3ad0f71deb56a8cb5c1119157","2026-08-17T12:19:51.2391084Z","asset"
"godot/assets/generated_import/characters/sd_chr001_maeru_combat_r27_dev/idle_sheet_01.png","1759567","c3c248ce56a0293aabc630c9f20c7325ecae5a2510aa58b5908c6684149f5bf2","2026-08-17T12:14:48.4087029Z","asset"
"godot/assets/generated_import/characters/sd_chr001_maeru_combat_r27_dev/idle_sheet_01.png.import","1008","84df93c76d2b263852dd47cb421ad7df2d5fa2073f413846336e38544cd8f944","2026-08-17T12:19:52.1012457Z","asset"
"godot/assets/generated_import/characters/sd_chr001_maeru_combat_r27_dev/idle/idle_000.png","225666","86f85682e76938c6aae56076ca97afff5cc91c06b4c6d80e55622861977f57e7","2026-08-17T12:14:47.3207039Z","asset"
"godot/assets/generated_import/characters/sd_chr001_maeru_combat_r27_dev/idle/idle_000.png.import","998","e60fc3b89e97ac0b812447dcfdfcbb34c7b38a6a9c0ce14527012f76ee177b2e","2026-08-17T12:19:51.2275952Z","asset"
"godot/assets/generated_import/characters/sd_chr001_maeru_combat_r27_dev/idle/idle_001.png","222941","7d5e854b4c20a74ab3237143212f748fa8ed14fc162b8c968c485a6c921bfd4b","2026-08-17T12:14:47.4057045Z","asset"
"godot/assets/generated_import/characters/sd_chr001_maeru_combat_r27_dev/idle/idle_001.png.import","999","a964494887abb1ccc6f506b2e91bd017c31e11cdb33237ffda0a3ccef507773c","2026-08-17T12:19:51.1394257Z","asset"
"godot/assets/generated_import/characters/sd_chr001_maeru_combat_r27_dev/idle/idle_002.png","223499","e857ae5ef57a815984d0a86ab3901b8d52f89387d82152e050c2335fa1ac8b01","2026-08-17T12:14:47.4887148Z","asset"
"godot/assets/generated_import/characters/sd_chr001_maeru_combat_r27_dev/idle/idle_002.png.import","999","795d73bed838ea9c49a4dfd820fa8964ebe9e0d03f572fd8c648754eeb30d4dc","2026-08-17T12:19:51.0869207Z","asset"
"godot/assets/generated_import/characters/sd_chr001_maeru_combat_r27_dev/idle/idle_003.png","220974","94fe299a81f8868fd9d43fa5e66263f35b5ce1191e65863ddad9debaaac959a2","2026-08-17T12:14:47.5727114Z","asset"
"godot/assets/generated_import/characters/sd_chr001_maeru_combat_r27_dev/idle/idle_003.png.import","998","2e70ce96b12435e4edd9949d02b09cf76f94a7b689e8215f9f7d01ecd43c55bd","2026-08-17T12:19:51.0726872Z","asset"
"godot/assets/generated_import/characters/sd_chr001_maeru_combat_r27_dev/idle/idle_004.png","220892","c4bb982cd5b5beade57f6e94f7d11b59a0d9f57e34a64040ca39b71dc323c97b","2026-08-17T12:14:47.6547110Z","asset"
"godot/assets/generated_import/characters/sd_chr001_maeru_combat_r27_dev/idle/idle_004.png.import","999","80bc7597ec4b5a4cb11ff7fdb0d418ce4f65aace0d419531f6a62da2fceeaedf","2026-08-17T12:19:50.9920615Z","asset"
"godot/assets/generated_import/characters/sd_chr001_maeru_combat_r27_dev/idle/idle_005.png","222247","19b6531c1b2395f6b41b1df52aa96813fa81645f571d85ca7ba120b40ea1e1bb","2026-08-17T12:14:47.7397032Z","asset"
"godot/assets/generated_import/characters/sd_chr001_maeru_combat_r27_dev/idle/idle_005.png.import","999","f497967114968e43d7535c58dcfab3cbb948875e8030d1fe3f48c5853031e45d","2026-08-17T12:19:50.9455003Z","asset"
"godot/assets/generated_import/characters/sd_chr001_maeru_combat_r27_dev/idle/idle_006.png","222878","b12ca47e7f168b4693e04710d9723974ed06a9ce4c2c57bef72ce14ac8a669db","2026-08-17T12:14:47.8207023Z","asset"
"godot/assets/generated_import/characters/sd_chr001_maeru_combat_r27_dev/idle/idle_006.png.import","999","29bda43e4e1ab4b7467f23e917fc97a8b8c71112a737536ed4c1cb3b9a02409e","2026-08-17T12:19:50.9294883Z","asset"
"godot/assets/generated_import/characters/sd_chr001_maeru_combat_r27_dev/idle/idle_007.png","225666","86f85682e76938c6aae56076ca97afff5cc91c06b4c6d80e55622861977f57e7","2026-08-17T12:14:47.8987024Z","asset"
"godot/assets/generated_import/characters/sd_chr001_maeru_combat_r27_dev/idle/idle_007.png.import","999","f39fc4b55b677221ac80eba54df10851f85753db86a32bd9f9e34b263215236e","2026-08-17T12:19:50.8257889Z","asset"
"godot/assets/generated_import/characters/sd_chr001_maeru_combat_r27_dev/move_sheet_01.png","2722559","26c346fbc8bfa5bd80dc93a0602f7f6a5b1bbf7a2b2f9ff722c6c91e1e3baaef","2026-08-17T12:14:50.3657034Z","asset"
"godot/assets/generated_import/characters/sd_chr001_maeru_combat_r27_dev/move_sheet_01.png.import","1008","27d1dab97fdb7176c884772cbf8fa989d6c60e5ada49da7b3b04128710a13eb4","2026-08-17T12:19:52.0666928Z","asset"
"godot/assets/generated_import/characters/sd_chr001_maeru_combat_r27_dev/move/move_000.png","225000","68c1f01d443f8d250927fd9789a7ab4530009e336b33cf36165b294686628f6b","2026-08-17T12:14:48.4887027Z","asset"
"godot/assets/generated_import/characters/sd_chr001_maeru_combat_r27_dev/move/move_000.png.import","999","c752d1232259f15edcdc24dfba3faaf40590c8a6458f517aea216f2ee588b6a0","2026-08-17T12:19:52.6923891Z","asset"
"godot/assets/generated_import/characters/sd_chr001_maeru_combat_r27_dev/move/move_001.png","227712","0265d0b68ed70258592c58f7babdbcdb69061d8dc35491793ffaa687bce14247","2026-08-17T12:14:48.5897027Z","asset"
"godot/assets/generated_import/characters/sd_chr001_maeru_combat_r27_dev/move/move_001.png.import","999","54d83a8e2d0c1a847a45a4b83ad6ffec33967e9cddc272ee47505cc90daa9496","2026-08-17T12:19:52.6678470Z","asset"
"godot/assets/generated_import/characters/sd_chr001_maeru_combat_r27_dev/move/move_002.png","228004","ca29e91157e37a8e52550547246a1c4154eb05a89c3f37fa0f993422be4c8436","2026-08-17T12:14:48.6967097Z","asset"
"godot/assets/generated_import/characters/sd_chr001_maeru_combat_r27_dev/move/move_002.png.import","999","1aa3eec00d66a134653b78c3ee5ada3e307069e52c6bbb082336ae9718e745de","2026-08-17T12:19:52.6362918Z","asset"
"godot/assets/generated_import/characters/sd_chr001_maeru_combat_r27_dev/move/move_003.png","228356","c8830fa93ae8ca78d10a01d93ee4e6c3b2a5a669601ef4eb52ee1697d6bcfb56","2026-08-17T12:14:48.8027026Z","asset"
"godot/assets/generated_import/characters/sd_chr001_maeru_combat_r27_dev/move/move_003.png.import","999","d58a5ccad0af85cd71dc18483ad08e3f8d8771e4ed0bdb64257a72a8b09a3017","2026-08-17T12:19:52.6307586Z","asset"
"godot/assets/generated_import/characters/sd_chr001_maeru_combat_r27_dev/move/move_004.png","229299","8bc306469e636ed1df9e2004aa1cc915f2ef749fbef52483b53fdda623e187c2","2026-08-17T12:14:48.9067029Z","asset"
"godot/assets/generated_import/characters/sd_chr001_maeru_combat_r27_dev/move/move_004.png.import","998","e3157a3b44612117be1048e400ebe01568823a4d99aed30c8f09142ab4a076a6","2026-08-17T12:19:52.6112153Z","asset"
"godot/assets/generated_import/characters/sd_chr001_maeru_combat_r27_dev/move/move_005.png","228399","5382e2867c12f5fe1bc814100d84239957b83d7b13ff1a279577a54b63fa774c","2026-08-17T12:14:49.0067110Z","asset"
"godot/assets/generated_import/characters/sd_chr001_maeru_combat_r27_dev/move/move_005.png.import","999","2ca28cf6f1a039bd4a7f85af96c1418344e0740c68dc601bd19af1d76a7eb2ab","2026-08-17T12:19:52.5996999Z","asset"
"godot/assets/generated_import/characters/sd_chr001_maeru_combat_r27_dev/move/move_006.png","228021","c7e66e39c42cf074aa618993e531e2449c7bc67d6722b2135bcb9a79344c554c","2026-08-17T12:14:49.1047019Z","asset"
"godot/assets/generated_import/characters/sd_chr001_maeru_combat_r27_dev/move/move_006.png.import","999","dbc9d756022aa029e83e2d580d415aa4b43fb5fc754692f6a9d4a5cdc9b425b8","2026-08-17T12:19:52.5881792Z","asset"
"godot/assets/generated_import/characters/sd_chr001_maeru_combat_r27_dev/move/move_007.png","228048","08d738e986c6c9a462480db37d529daf0c0db49d2fa47ab50bd08b8e369f7e8d","2026-08-17T12:14:49.2127119Z","asset"
"godot/assets/generated_import/characters/sd_chr001_maeru_combat_r27_dev/move/move_007.png.import","999","4c6d137b6003db39292edcabf3b513d4b7f290e43eeb77317a93fd46e5d01b17","2026-08-17T12:19:52.5606302Z","asset"
"godot/assets/generated_import/characters/sd_chr001_maeru_combat_r27_dev/move/move_008.png","228261","10bf701b0265ec8fca07c6b2a6a11f4968b8f49e69961d7a0a8ee6cc9f1a94d9","2026-08-17T12:14:49.3197036Z","asset"
"godot/assets/generated_import/characters/sd_chr001_maeru_combat_r27_dev/move/move_008.png.import","999","34bec2ca3a92cfbe3fbac3887c1dc735f78ced37628cb04bfc2d5629449e2f56","2026-08-17T12:19:52.4990047Z","asset"
"godot/assets/generated_import/characters/sd_chr001_maeru_combat_r27_dev/move/move_009.png","228572","c933bd358e92c60d1812e7a958d4f3e5c6ced89a367a21a881803b39c71d0a80","2026-08-17T12:14:49.4197072Z","asset"
"godot/assets/generated_import/characters/sd_chr001_maeru_combat_r27_dev/move/move_009.png.import","999","bf569435c3c1024e7b928c8b1b85da1a1e8b12102f8b1c371439ec041c436d19","2026-08-17T12:19:52.5010049Z","asset"
"godot/assets/generated_import/characters/sd_chr001_maeru_combat_r27_dev/move/move_010.png","228764","3f0716a06ad9bd0c9fcd17c57e94b5b37309fa5957f133c2d95bf23f7e823c05","2026-08-17T12:14:49.5177041Z","asset"
"godot/assets/generated_import/characters/sd_chr001_maeru_combat_r27_dev/move/move_010.png.import","998","4a5ac38444c560180a6bf0702252e11c136660e8b6961f735c1eb078672d1b0d","2026-08-17T12:19:52.4930005Z","asset"
"godot/assets/generated_import/characters/sd_chr001_maeru_combat_r27_dev/move/move_011.png","225000","68c1f01d443f8d250927fd9789a7ab4530009e336b33cf36165b294686628f6b","2026-08-17T12:14:49.6027116Z","asset"
"godot/assets/generated_import/characters/sd_chr001_maeru_combat_r27_dev/move/move_011.png.import","999","37118f94974879da49b90f9f71c8bf24903a16f38a86e2492a8a946e57f19c39","2026-08-17T12:19:52.4970048Z","asset"
"godot/assets/generated_import/characters/sd_chr001_maeru_combat_r27_dev/normal_skill_sheet_01.png","2860390","17ab7398b79b63fea32a5f02f8158fa2524424e380780fbca70f9a8c100418c2","2026-08-17T12:14:53.6837119Z","asset"
"godot/assets/generated_import/characters/sd_chr001_maeru_combat_r27_dev/normal_skill_sheet_01.png.import","1033","79603f4c9df1e8d816db791b0048c285a18ed14b95c9f1295e31aa4049260833","2026-08-17T12:19:52.2880954Z","asset"
"godot/assets/generated_import/characters/sd_chr001_maeru_combat_r27_dev/normal_skill/normal_skill_000.png","231250","05b6bde2c691f4e07cd07b3c7144bf587c439172626ebb58e1b2d3d2a9e95886","2026-08-17T12:14:51.7197083Z","asset"
"godot/assets/generated_import/characters/sd_chr001_maeru_combat_r27_dev/normal_skill/normal_skill_000.png.import","1031","8e148c0773f4f9c1e48d6f2a5d27748e6571e09e6458330db2db944eb91063a3","2026-08-17T12:19:52.5160487Z","asset"
"godot/assets/generated_import/characters/sd_chr001_maeru_combat_r27_dev/normal_skill/normal_skill_001.png","232027","80d2b2e50b8164663d940fa21ac8014fa1c068bd631f791b328c96886f1b7aca","2026-08-17T12:14:51.8337027Z","asset"
"godot/assets/generated_import/characters/sd_chr001_maeru_combat_r27_dev/normal_skill/normal_skill_001.png.import","1031","c23a2ba04df0413e6587ad0bed39afed70120b40719aae722a09b0a99c9d6416","2026-08-17T12:19:52.4549424Z","asset"
"godot/assets/generated_import/characters/sd_chr001_maeru_combat_r27_dev/normal_skill/normal_skill_002.png","236147","3e1d90e65ed970739de00ce57355796111db595b845529926e595fc0fa2e562e","2026-08-17T12:14:51.9357035Z","asset"
"godot/assets/generated_import/characters/sd_chr001_maeru_combat_r27_dev/normal_skill/normal_skill_002.png.import","1031","5eac485470bc82b90c608f28e0d5467535aee66008339ead2bc19706a2f06aa8","2026-08-17T12:19:52.4378847Z","asset"
"godot/assets/generated_import/characters/sd_chr001_maeru_combat_r27_dev/normal_skill/normal_skill_003.png","239523","61116bc60446b652c82a73f20ea4a0a9966ebb385954179aae502f35ded6f6fc","2026-08-17T12:14:52.0407074Z","asset"
"godot/assets/generated_import/characters/sd_chr001_maeru_combat_r27_dev/normal_skill/normal_skill_003.png.import","1031","e4998e8f29e6bfebc830e75311ed3668973a932b6bff6bbd2004bcb42fa12635","2026-08-17T12:19:52.4273630Z","asset"
"godot/assets/generated_import/characters/sd_chr001_maeru_combat_r27_dev/normal_skill/normal_skill_004.png","241569","b94e11b0452b49e0b9bc5fbd925093a8e009e97028b6f313cbd52ffe3e4f094c","2026-08-17T12:14:52.1507027Z","asset"
"godot/assets/generated_import/characters/sd_chr001_maeru_combat_r27_dev/normal_skill/normal_skill_004.png.import","1030","7b65ffdbd5bca360f02b9a909d2f2e279d2383dbcbed08bf8a8c1ef9fcf92af0","2026-08-17T12:19:52.3907851Z","asset"
"godot/assets/generated_import/characters/sd_chr001_maeru_combat_r27_dev/normal_skill/normal_skill_005.png","242788","315202420afdd3d06c1d77fe3d0d2cc657f385c6d84bb7889b27f87ee9a430f9","2026-08-17T12:14:52.2607089Z","asset"
"godot/assets/generated_import/characters/sd_chr001_maeru_combat_r27_dev/normal_skill/normal_skill_005.png.import","1030","958df4c67f06bdec539438e10e6c29e204f6d588221959764a9e6cefbd8e2184","2026-08-17T12:19:52.3522186Z","asset"
"godot/assets/generated_import/characters/sd_chr001_maeru_combat_r27_dev/normal_skill/normal_skill_006.png","243573","995e7d786bd4bc9e3bff11e0299b56e481bc77d1f477f85caa6d2562e21a359d","2026-08-17T12:14:52.3717016Z","asset"
"godot/assets/generated_import/characters/sd_chr001_maeru_combat_r27_dev/normal_skill/normal_skill_006.png.import","1030","3b1180539cd1a64fe6ad6162937ac44f80744462cc045b703b3fd3ad30654893","2026-08-17T12:19:52.3156550Z","asset"
"godot/assets/generated_import/characters/sd_chr001_maeru_combat_r27_dev/normal_skill/normal_skill_007.png","243471","b02f0698d23f69afe03e8d469db6c8e93432bb5ddd78f190929a781182e96d36","2026-08-17T12:14:52.4747076Z","asset"
"godot/assets/generated_import/characters/sd_chr001_maeru_combat_r27_dev/normal_skill/normal_skill_007.png.import","1031","7baa7a28d8179d82c74afe73f278d1d5c6343ce3d7af397ad86ccd8b557eb12a","2026-08-17T12:19:52.3552306Z","asset"
"godot/assets/generated_import/characters/sd_chr001_maeru_combat_r27_dev/normal_skill/normal_skill_008.png","242187","5001b934f5a6b69f1d826a2b75676553e3fa68ceb08010dfde7457f4f89dd7ab","2026-08-17T12:14:52.5877080Z","asset"
"godot/assets/generated_import/characters/sd_chr001_maeru_combat_r27_dev/normal_skill/normal_skill_008.png.import","1030","bf4ae1d24582b43bcaa21fbe458ca25f838215cb849a87809915f37a426ad975","2026-08-17T12:19:52.2976125Z","asset"
"godot/assets/generated_import/characters/sd_chr001_maeru_combat_r27_dev/normal_skill/normal_skill_009.png","239854","2a022f980c2bbb060d44a5c48b6ba37763085b4bd63ebc3c2a9dbb3fec308f07","2026-08-17T12:14:52.6937032Z","asset"
"godot/assets/generated_import/characters/sd_chr001_maeru_combat_r27_dev/normal_skill/normal_skill_009.png.import","1030","5f72dd825db5a7d1e93ad06806641593239e0d065118dcab7a624c9ef805b3fe","2026-08-17T12:19:52.3381920Z","asset"
"godot/assets/generated_import/characters/sd_chr001_maeru_combat_r27_dev/normal_skill/normal_skill_010.png","236635","bcf7c641e4b01dfcbb5348e1d38a245c01219c2d9a6ead744709c18f57cc19a7","2026-08-17T12:14:52.8107115Z","asset"
"godot/assets/generated_import/characters/sd_chr001_maeru_combat_r27_dev/normal_skill/normal_skill_010.png.import","1031","dcbf301b6aa6ec45361544842e89fdfde49164da27f210487d6c736cffd40997","2026-08-17T12:19:52.2765704Z","asset"
"godot/assets/generated_import/characters/sd_chr001_maeru_combat_r27_dev/normal_skill/normal_skill_011.png","236847","6dfe9df007103717d6400d5b5dde3dae8e3a4bf1a1d0f9fa04f716e066681989","2026-08-17T12:14:52.9067096Z","asset"
"godot/assets/generated_import/characters/sd_chr001_maeru_combat_r27_dev/normal_skill/normal_skill_011.png.import","1031","ac1ed7adf44af50e350be55eabd41d7572d40ca7055b03c85a80c336036041ef","2026-08-17T12:19:52.2585390Z","asset"
"godot/assets/generated_import/characters/sd_chr001_maeru_combat_r27_dev/ultimate_sheet_01.png","3863491","703d1079a4863a088dc2e54dcfb273a3181ba6cc427ad8eb1886d806e7c480e7","2026-08-17T12:14:56.9457049Z","asset"
"godot/assets/generated_import/characters/sd_chr001_maeru_combat_r27_dev/ultimate_sheet_01.png.import","1020","58c44646ce2261becb9fd7b865a47a474ce897bb23a3f2bc4e8471e01cc1afa5","2026-08-17T12:19:52.1283060Z","asset"
"godot/assets/generated_import/characters/sd_chr001_maeru_combat_r27_dev/ultimate_sheet_02.png","499142","67144a07d8a35aca5e19e910c0ee5bac33f23248af4ee17a37c9ef2773401b34","2026-08-17T12:14:57.1267038Z","asset"
"godot/assets/generated_import/characters/sd_chr001_maeru_combat_r27_dev/ultimate_sheet_02.png.import","1020","9859a469ae84f01f0d17d4468fa8e49890ac55b336896fa57a978a556aca829c","2026-08-17T12:19:51.9008203Z","asset"
"godot/assets/generated_import/characters/sd_chr001_maeru_combat_r27_dev/ultimate/ultimate_000.png","231238","8ee3f04c07c4bbe7938fc91cf330ee8d9e313087b3847ab6550590064c02f914","2026-08-17T12:14:53.7817210Z","asset"
"godot/assets/generated_import/characters/sd_chr001_maeru_combat_r27_dev/ultimate/ultimate_000.png.import","1015","94bf4a798e0e929b692deba773b273ebfc217e38fa51fca3d82ebdde7fea9085","2026-08-17T12:19:52.2450240Z","asset"
"godot/assets/generated_import/characters/sd_chr001_maeru_combat_r27_dev/ultimate/ultimate_001.png","231238","b8f7281fea34dea3bf9f5e025529be1c8bd3ffbb6b848eae5b8d43344a23f713","2026-08-17T12:14:53.9087038Z","asset"
"godot/assets/generated_import/characters/sd_chr001_maeru_combat_r27_dev/ultimate/ultimate_001.png.import","1015","4b811d96884b5cceab7640b07f7d5667b70236ee85528aa802d6d323b839d2fd","2026-08-17T12:19:52.2044571Z","asset"
"godot/assets/generated_import/characters/sd_chr001_maeru_combat_r27_dev/ultimate/ultimate_002.png","234906","e01b5760185e2374f0c1d7ba729b8b661507a8a758b6f1f3dea0e277e9e2c6b7","2026-08-17T12:14:54.0467041Z","asset"
"godot/assets/generated_import/characters/sd_chr001_maeru_combat_r27_dev/ultimate/ultimate_002.png.import","1015","2250f5a09aed5e7f5bce4ff18b43ddec6cfcdf6cd6812f62396d12b9df103ecc","2026-08-17T12:19:52.1643753Z","asset"
"godot/assets/generated_import/characters/sd_chr001_maeru_combat_r27_dev/ultimate/ultimate_003.png","238479","6431c1174517edebd1167746c0035514e362db39ef61d78568fe5a585849dfb0","2026-08-17T12:14:54.1797026Z","asset"
"godot/assets/generated_import/characters/sd_chr001_maeru_combat_r27_dev/ultimate/ultimate_003.png.import","1015","d0777c4525945986a005d7d2cf5342f0025ef53752a632d0371718e40e63dad7","2026-08-17T12:19:52.1538513Z","asset"
"godot/assets/generated_import/characters/sd_chr001_maeru_combat_r27_dev/ultimate/ultimate_004.png","240854","7d9a845c2b50562943cad757a4e56fa0bee6a749930207a0cd1cf108b0aa6554","2026-08-17T12:14:54.2967029Z","asset"
"godot/assets/generated_import/characters/sd_chr001_maeru_combat_r27_dev/ultimate/ultimate_004.png.import","1015","5680dbc6bc7377e24c6d338cd706b494544c75c23fabbfc45f8af12342deac29","2026-08-17T12:19:50.0805834Z","asset"
"godot/assets/generated_import/characters/sd_chr001_maeru_combat_r27_dev/ultimate/ultimate_005.png","243495","36f5164be242eac854f15505bba4ee9c8fa131e92be4405d5f6229020507d883","2026-08-17T12:14:54.4167040Z","asset"
"godot/assets/generated_import/characters/sd_chr001_maeru_combat_r27_dev/ultimate/ultimate_005.png.import","1014","9b4570435d963b61dcc7df91c63459f6ec33604355ffa569ea5d9c0355e6d763","2026-08-17T12:19:50.0755784Z","asset"
"godot/assets/generated_import/characters/sd_chr001_maeru_combat_r27_dev/ultimate/ultimate_006.png","245554","6a830f4bad78f257d8e099eb53481a8e61a5b93ca31c57d02eb03aacca101c74","2026-08-17T12:14:54.5407027Z","asset"
"godot/assets/generated_import/characters/sd_chr001_maeru_combat_r27_dev/ultimate/ultimate_006.png.import","1014","cb9aed75b54a979688c7570519d1831489e83b22939ca8d9ea301cb7bbc02cdc","2026-08-17T12:19:50.0335068Z","asset"
"godot/assets/generated_import/characters/sd_chr001_maeru_combat_r27_dev/ultimate/ultimate_007.png","245929","d291f87cf400c4ea4396a81dec753fa1f79cbf51ca96c3161ee72a9900440cc3","2026-08-17T12:14:54.6537096Z","asset"
"godot/assets/generated_import/characters/sd_chr001_maeru_combat_r27_dev/ultimate/ultimate_007.png.import","1015","7b91a2a6e3e120478335468bbd46541b7017e1afe64f7110df045ae589a2c181","2026-08-17T12:19:50.0660622Z","asset"
"godot/assets/generated_import/characters/sd_chr001_maeru_combat_r27_dev/ultimate/ultimate_008.png","247006","5ee3273d86ee4c2819850b2d5353c341d90649c4c9da768f33647dcd9c2f2466","2026-08-17T12:14:54.7837029Z","asset"
"godot/assets/generated_import/characters/sd_chr001_maeru_combat_r27_dev/ultimate/ultimate_008.png.import","1015","6149a5bbeb3c2297dc05bc773b9334a25485931b381f7c5e7deec4976ed81595","2026-08-17T12:19:50.0129373Z","asset"
"godot/assets/generated_import/characters/sd_chr001_maeru_combat_r27_dev/ultimate/ultimate_009.png","248071","7c23eb50f26942a8dad39dc4937b2096efedd9e36929650a1dac21f1c20dfaa5","2026-08-17T12:14:54.9237027Z","asset"
"godot/assets/generated_import/characters/sd_chr001_maeru_combat_r27_dev/ultimate/ultimate_009.png.import","1015","348e9b527971e7381f9f82a021d8dc74f566131a1b53176fa4189e79907108ae","2026-08-17T12:19:49.9378143Z","asset"
"godot/assets/generated_import/characters/sd_chr001_maeru_combat_r27_dev/ultimate/ultimate_010.png","247775","63f7395f59422ca3b5cf72c858e5baa08b2e46159d932326a03ac5070af7537d","2026-08-17T12:14:55.0617031Z","asset"
"godot/assets/generated_import/characters/sd_chr001_maeru_combat_r27_dev/ultimate/ultimate_010.png.import","1015","bb87141338d1a9ae2a5f53ecc861c3c82ad85726e495a647bcdea8b3292469ca","2026-08-17T12:19:49.8922074Z","asset"
"godot/assets/generated_import/characters/sd_chr001_maeru_combat_r27_dev/ultimate/ultimate_011.png","248111","7d05304a9561690c2846cd66936dcde8bef6138d0cce5abb7039de374367fc18","2026-08-17T12:14:55.2157046Z","asset"
"godot/assets/generated_import/characters/sd_chr001_maeru_combat_r27_dev/ultimate/ultimate_011.png.import","1014","f7746097d4f792044b579c94875cca5d297d7fb78ee780ee5ca9d032d6b5be27","2026-08-17T12:19:49.8972184Z","asset"
"godot/assets/generated_import/characters/sd_chr001_maeru_combat_r27_dev/ultimate/ultimate_012.png","247038","34884fcc392ed02be15a85d920bf3be9378df922517435f0718fa27edc82af65","2026-08-17T12:14:55.3267046Z","asset"
"godot/assets/generated_import/characters/sd_chr001_maeru_combat_r27_dev/ultimate/ultimate_012.png.import","1015","e44adeeb0f25090e0032f46a48ec22d26b62ae9bffa528fdbe1be4029b1035a9","2026-08-17T12:19:49.8816191Z","asset"
"godot/assets/generated_import/characters/sd_chr001_maeru_combat_r27_dev/ultimate/ultimate_013.png","245903","bd388d27847bf968d7305f6a881640242497e00e84fc251e372122f929e9c719","2026-08-17T12:14:55.4367049Z","asset"
"godot/assets/generated_import/characters/sd_chr001_maeru_combat_r27_dev/ultimate/ultimate_013.png.import","1015","cdd6fb427cb769724851117f37da5a8f5f0eb840746e8db5f49cdec395a1625a","2026-08-17T12:19:49.8444500Z","asset"
"godot/assets/generated_import/characters/sd_chr001_maeru_combat_r27_dev/ultimate/ultimate_014.png","243967","3ab444d3ea46c8bca9a15a77e8bd06f3a268afb17fa6a700d2dec1237502839d","2026-08-17T12:14:55.5407133Z","asset"
"godot/assets/generated_import/characters/sd_chr001_maeru_combat_r27_dev/ultimate/ultimate_014.png.import","1015","152513d36a76c5443b23f392f10d1b1a3b1e20721875bf8edf64a78144ff4106","2026-08-17T12:19:49.8539639Z","asset"
"godot/assets/generated_import/characters/sd_chr001_maeru_combat_r27_dev/ultimate/ultimate_015.png","241273","8bacf1769ba41d2ee6c63d0fed9e1cbb09775e126bb66b264f5b786dafbd76a4","2026-08-17T12:14:55.6467052Z","asset"
"godot/assets/generated_import/characters/sd_chr001_maeru_combat_r27_dev/ultimate/ultimate_015.png.import","1015","15e602333bfb5cfceb4ac40c52be3b94bcedfc834a24d68bdf1ef8cdf5cb6ee8","2026-08-17T12:19:49.7643320Z","asset"
"godot/assets/generated_import/characters/sd_chr001_maeru_combat_r27_dev/ultimate/ultimate_016.png","237793","750387e9f841221f6002b65767e1974f5a6c5c4bdb25988970d44283e7a1e9b2","2026-08-17T12:14:55.7497022Z","asset"
"godot/assets/generated_import/characters/sd_chr001_maeru_combat_r27_dev/ultimate/ultimate_016.png.import","1015","046a2b575d17c7a5f8943c6c6d1b1db64c211cd34eb5169f0ed4ae1bb2b0dabc","2026-08-17T12:19:49.7527975Z","asset"
"godot/assets/generated_import/characters/sd_chr001_maeru_combat_r27_dev/ultimate/ultimate_017.png","238224","dc537094fa2cae7eb0f64170d8c4d9c364844ec7c671a8d9fe29ca2f97847377","2026-08-17T12:14:55.8457034Z","asset"
"godot/assets/generated_import/characters/sd_chr001_maeru_combat_r27_dev/ultimate/ultimate_017.png.import","1015","1b1e5b4a378bdfb702c2311f052bfe8cb82fcef0e662ad40bca8117c71a22941","2026-08-17T12:19:49.7327621Z","asset"
"godot/assets/generated_import/characters/sd_chr001_maeru_combat_r27_dev/victory_sheet_01.png","2319304","e901a8b1a57cd36a924f6c2a0b7b30a49639065476fa9e331e3f097bb2676810","2026-08-17T12:15:00.0997070Z","asset"
"godot/assets/generated_import/characters/sd_chr001_maeru_combat_r27_dev/victory_sheet_01.png.import","1018","52aac7cf0d8bea556da295474f80183dc6e51c818451c792e1b35bf2d359b94c","2026-08-17T12:19:52.0110402Z","asset"
"godot/assets/generated_import/characters/sd_chr001_maeru_combat_r27_dev/victory/victory_000.png","225671","bd61faff2fa7c2f01f3d0e1119aea283bef6cabb3a8c2f198b0ee8307108dacd","2026-08-17T12:14:58.7317021Z","asset"
"godot/assets/generated_import/characters/sd_chr001_maeru_combat_r27_dev/victory/victory_000.png.import","1011","0b8db9d8149b37fb90856c8e0d7057b5dde01abfc15010490cb677e8c5ba9095","2026-08-17T12:19:49.7082142Z","asset"
"godot/assets/generated_import/characters/sd_chr001_maeru_combat_r27_dev/victory/victory_001.png","231392","2633ca1cb4fa68348ec6845ce7fb31abdfcbd1ef41ef5d98e51a68ead1ed6aa8","2026-08-17T12:14:58.8127127Z","asset"
"godot/assets/generated_import/characters/sd_chr001_maeru_combat_r27_dev/victory/victory_001.png.import","1011","868ec59c6bde32c53f5d9ec9e7f539abcb235c75e7c24dc401a108fdd46a0af7","2026-08-17T12:19:49.6911827Z","asset"
"godot/assets/generated_import/characters/sd_chr001_maeru_combat_r27_dev/victory/victory_002.png","235612","b2116be58e07b6e2aa5c4822497bb7f678ee6f0588cec02b8daa479f06059ed8","2026-08-17T12:14:58.9037027Z","asset"
"godot/assets/generated_import/characters/sd_chr001_maeru_combat_r27_dev/victory/victory_002.png.import","1011","4419308b97aeca57049c31d035072f2132a1ae7e9961b70adea282fa06b45ef0","2026-08-17T12:19:49.6736326Z","asset"
"godot/assets/generated_import/characters/sd_chr001_maeru_combat_r27_dev/victory/victory_003.png","233557","6fa84e12bce7472d8e6befc56e1b26b5714ef002eab429632270db971b477fe2","2026-08-17T12:14:58.9807075Z","asset"
"godot/assets/generated_import/characters/sd_chr001_maeru_combat_r27_dev/victory/victory_003.png.import","1011","63d8e6e996d801d448b2d6498110e6316ad1847cb21af5eca90a3108d90ac45b","2026-08-17T12:19:49.6100207Z","asset"
"godot/assets/generated_import/characters/sd_chr001_maeru_combat_r27_dev/victory/victory_004.png","227514","351621ebbec9256fd692181139a40d26dc823427e5bcb267d65eadce776bae7b","2026-08-17T12:14:59.0607040Z","asset"
"godot/assets/generated_import/characters/sd_chr001_maeru_combat_r27_dev/victory/victory_004.png.import","1011","55281869041dbd6a0f7c4ac3fa5afd1fdd5ffe897bd177a06d98870ed075088b","2026-08-17T12:19:49.5859884Z","asset"
"godot/assets/generated_import/characters/sd_chr001_maeru_combat_r27_dev/victory/victory_005.png","227471","6d3bba8020975f2818aed14a9d7f1ca80aee9a50ee8648f0ded6da9e8920343f","2026-08-17T12:14:59.1367128Z","asset"
"godot/assets/generated_import/characters/sd_chr001_maeru_combat_r27_dev/victory/victory_005.png.import","1011","00932da02d922af3aeaf2b36b43fa04a1f6d48854df4fd06f7fc74cd7e027477","2026-08-17T12:19:49.5534275Z","asset"
"godot/assets/generated_import/characters/sd_chr001_maeru_combat_r27_dev/victory/victory_006.png","232649","64725f5c08827f6b9b8449fb4fd81d542643a6cbd148fbfdda3fabdc07517e24","2026-08-17T12:14:59.2127038Z","asset"
"godot/assets/generated_import/characters/sd_chr001_maeru_combat_r27_dev/victory/victory_006.png.import","1011","3f6099e1d6cc7a7913b4131768b17596311fdef6f52403922ef797c54bf5f8dd","2026-08-17T12:19:49.5649486Z","asset"
"godot/assets/generated_import/characters/sd_chr001_maeru_combat_r27_dev/victory/victory_007.png","234633","77ded745f12c6ae6feefdd807d303c464b7f6f5d12f8648d1674ecbe06f5b0f9","2026-08-17T12:14:59.2947070Z","asset"
"godot/assets/generated_import/characters/sd_chr001_maeru_combat_r27_dev/victory/victory_007.png.import","1010","f628aec8f8c8839c29fe9d5f2ab4707a14949de806c304976da49f0e86a37bbd","2026-08-17T12:19:49.5103389Z","asset"
"godot/assets/generated_import/characters/sd_chr001_maeru_combat_r27_dev/victory/victory_008.png","230515","5bde9219689c1e08b9f576cb84fed26a01ebdcfb40507b2ce8c4bc9187803d4e","2026-08-17T12:14:59.3757032Z","asset"
"godot/assets/generated_import/characters/sd_chr001_maeru_combat_r27_dev/victory/victory_008.png.import","1010","c30278b512c14934494ec800d5647903251a6cfb9d7d8664046df42b784ca613","2026-08-17T12:19:49.4722742Z","asset"
"godot/assets/generated_import/characters/sd_chr001_maeru_combat_r27_dev/victory/victory_009.png","225671","bd61faff2fa7c2f01f3d0e1119aea283bef6cabb3a8c2f198b0ee8307108dacd","2026-08-17T12:14:59.4447032Z","asset"
"godot/assets/generated_import/characters/sd_chr001_maeru_combat_r27_dev/victory/victory_009.png.import","1011","c343e127bd390f86e3cfb18df10363f3e2888ed825eefc47b851a5de0ab0a61f","2026-08-17T12:19:49.4807911Z","asset"
"godot/assets/generated_import/characters/sd_chr002_roan_combat_r27_dev/animation_manifest.json","22267","c3ad18b30d32d6b9385f0b82c6d1a6eb3de669d79a0d3b75ce71998ed228b867","2026-08-17T12:14:58.8177066Z","asset"
"godot/assets/generated_import/characters/sd_chr002_roan_combat_r27_dev/basic_attack_sheet_01.png","1596467","2a924e3f8b738db184efe606e6838c7160cf85c182434a370098541a535af4f5","2026-08-17T12:14:51.0827097Z","asset"
"godot/assets/generated_import/characters/sd_chr002_roan_combat_r27_dev/basic_attack_sheet_01.png.import","1032","704c15c3f835c9150ff1bc9483c0930bb5b2f3c33f445c4e63a9fc9175d95e7c","2026-08-17T12:19:54.3870948Z","asset"
"godot/assets/generated_import/characters/sd_chr002_roan_combat_r27_dev/basic_attack/basic_attack_000.png","195757","0b9ed651bca2473cb921cccd0cbf7741e71aaa975befffd8fbef1137ac5a98ba","2026-08-17T12:14:50.0397088Z","asset"
"godot/assets/generated_import/characters/sd_chr002_roan_combat_r27_dev/basic_attack/basic_attack_000.png.import","1029","4a0a4a84fc7042350fb1ffda84c878413273c55d85d152decb52a4111e3b6f63","2026-08-17T12:19:50.7029362Z","asset"
"godot/assets/generated_import/characters/sd_chr002_roan_combat_r27_dev/basic_attack/basic_attack_001.png","202141","6758cf9ef054600089f4e32248f7671c507d7620580596ca64842f4b6dbbe687","2026-08-17T12:14:50.1247039Z","asset"
"godot/assets/generated_import/characters/sd_chr002_roan_combat_r27_dev/basic_attack/basic_attack_001.png.import","1029","6babb890e5e809c1db6f8efde870dd0e0e24a44d8384c3608b3cb9e1a2023663","2026-08-17T12:19:50.6733741Z","asset"
"godot/assets/generated_import/characters/sd_chr002_roan_combat_r27_dev/basic_attack/basic_attack_002.png","204700","f78cb6033fccecf05ef2f42ae18130db2af57f629e0baa5bcd7b7b824ff62e5d","2026-08-17T12:14:50.2107033Z","asset"
"godot/assets/generated_import/characters/sd_chr002_roan_combat_r27_dev/basic_attack/basic_attack_002.png.import","1030","ffa43a57556a5c302360fbfbd3c5309ccb2fdc71e8099b52616946a10a97a5d8","2026-08-17T12:19:50.6322839Z","asset"
"godot/assets/generated_import/characters/sd_chr002_roan_combat_r27_dev/basic_attack/basic_attack_003.png","200610","4112069990e31bd724ad4a2892569e26b2afa4009a26faea36aa892792d947e7","2026-08-17T12:14:50.2957051Z","asset"
"godot/assets/generated_import/characters/sd_chr002_roan_combat_r27_dev/basic_attack/basic_attack_003.png.import","1030","348e945b1f9ebbbe34fb165832dbe032d7a4ef6d186c22e1ae224990a94b3d23","2026-08-17T12:19:50.6182620Z","asset"
"godot/assets/generated_import/characters/sd_chr002_roan_combat_r27_dev/basic_attack/basic_attack_004.png","197664","149624e354307e2f375bae1935c1fbb34aa6fee31cd116c167dd13b05c1c4dc3","2026-08-17T12:14:50.3827043Z","asset"
"godot/assets/generated_import/characters/sd_chr002_roan_combat_r27_dev/basic_attack/basic_attack_004.png.import","1030","3e083a0d49fc4433d72c33d5e7c06c0be37e50d5bbe547ade302188346eb470b","2026-08-17T12:19:50.6087456Z","asset"
"godot/assets/generated_import/characters/sd_chr002_roan_combat_r27_dev/basic_attack/basic_attack_005.png","197380","3037015dbf21c6f9dce64cdcf3b54af942e992bfeb48e96cb7d4fb6c3924493c","2026-08-17T12:14:50.4707037Z","asset"
"godot/assets/generated_import/characters/sd_chr002_roan_combat_r27_dev/basic_attack/basic_attack_005.png.import","1030","8eb0661b94aebb78c373daad0d2328fbda5c8f2978115a276eec3fe193092941","2026-08-17T12:19:50.6342970Z","asset"
"godot/assets/generated_import/characters/sd_chr002_roan_combat_r27_dev/basic_attack/basic_attack_006.png","196640","41b286eedbed5fc4404aa7c0327c8ee81eda44e02f2de817a3dd7b44dedfaa5b","2026-08-17T12:14:50.5627033Z","asset"
"godot/assets/generated_import/characters/sd_chr002_roan_combat_r27_dev/basic_attack/basic_attack_006.png.import","1030","dd54ba5ec0befbc1831eddba93ef7e297bc3d2e1c1072b0886735d0318a2e25c","2026-08-17T12:19:50.5541418Z","asset"
"godot/assets/generated_import/characters/sd_chr002_roan_combat_r27_dev/basic_attack/basic_attack_007.png","193919","39b75139e4ae9bc2c623697453fe4d7b3e4caaab991fc9ce25ac497140093f38","2026-08-17T12:14:50.6267034Z","asset"
"godot/assets/generated_import/characters/sd_chr002_roan_combat_r27_dev/basic_attack/basic_attack_007.png.import","1029","4a6cadeef0310e0527062126aedf9443e681eadce4f1032cf3cf0cf6a1471975","2026-08-17T12:19:50.4800110Z","asset"
"godot/assets/generated_import/characters/sd_chr002_roan_combat_r27_dev/combat_base_512.png","193904","5755903f6390370ac74b607de8d1632e6043f89d6028ba754b50e776bcdda031","2026-08-17T12:14:47.1267036Z","asset"
"godot/assets/generated_import/characters/sd_chr002_roan_combat_r27_dev/combat_base_512.png.import","1014","f411b349a5d79a74d57913f94caeb4bf72c88246e898df1f6f1c9ee1a32075fc","2026-08-17T12:19:53.1053150Z","asset"
"godot/assets/generated_import/characters/sd_chr002_roan_combat_r27_dev/down_sheet_01.png","1176390","6e2d2c6b63d3a0d894cf9d98dc4777387a1059eb2d580b5365021056e8b39ff1","2026-08-17T12:14:57.4707123Z","asset"
"godot/assets/generated_import/characters/sd_chr002_roan_combat_r27_dev/down_sheet_01.png.import","1008","6b32df1eddd98c7f167ba72ca83919033b33da32c5603e4cca0d29727465e080","2026-08-17T12:19:54.1897237Z","asset"
"godot/assets/generated_import/characters/sd_chr002_roan_combat_r27_dev/down/down_000.png","193919","39b75139e4ae9bc2c623697453fe4d7b3e4caaab991fc9ce25ac497140093f38","2026-08-17T12:14:56.6517037Z","asset"
"godot/assets/generated_import/characters/sd_chr002_roan_combat_r27_dev/down/down_000.png.import","998","d1c4f4451f47c626513fc4bdcd222a490c80e5fa3d7be1e1532203a6acf3056c","2026-08-17T12:19:50.4674847Z","asset"
"godot/assets/generated_import/characters/sd_chr002_roan_combat_r27_dev/down/down_001.png","184959","60789835853ddadbf2865ec457bbbc4f74bac4c1ec1f9a8c12f31509fda9a099","2026-08-17T12:14:56.7227032Z","asset"
"godot/assets/generated_import/characters/sd_chr002_roan_combat_r27_dev/down/down_001.png.import","998","e5e51da49b1075827c7eca67fb8b61d07e91d706e16dfefbf4e08a743ba4a184","2026-08-17T12:19:50.4694856Z","asset"
"godot/assets/generated_import/characters/sd_chr002_roan_combat_r27_dev/down/down_002.png","173252","35294fbcedcde1a84b14d9bbf08bd7331e8a818a63f936a836d0e3117d4e7227","2026-08-17T12:14:56.8027094Z","asset"
"godot/assets/generated_import/characters/sd_chr002_roan_combat_r27_dev/down/down_002.png.import","997","4c5a9bceae4217ea22e2b5121c2269b3caa178d0b4a03f3dd8088fb8ac225b48","2026-08-17T12:19:50.4113321Z","asset"
"godot/assets/generated_import/characters/sd_chr002_roan_combat_r27_dev/down/down_003.png","158664","8edcac2e10524233b2d0ac327bde6977238081cb7758a172088b83ae2c598ac9","2026-08-17T12:14:56.8677029Z","asset"
"godot/assets/generated_import/characters/sd_chr002_roan_combat_r27_dev/down/down_003.png.import","997","d0955eea039e34115353bceacc307679d09ad40e596ef791936edb61c6d7458a","2026-08-17T12:19:50.4389218Z","asset"
"godot/assets/generated_import/characters/sd_chr002_roan_combat_r27_dev/down/down_004.png","141237","b527d7916e5648ca72fde2fbf572b7889d7e80bdb57d7872970b634af81f9095","2026-08-17T12:14:56.9217026Z","asset"
"godot/assets/generated_import/characters/sd_chr002_roan_combat_r27_dev/down/down_004.png.import","997","6b9fa16b455a08f1b3a5826926285e611e5a073d10ee0eefa53910e3b2fa0453","2026-08-17T12:19:50.3662668Z","asset"
"godot/assets/generated_import/characters/sd_chr002_roan_combat_r27_dev/down/down_005.png","120911","49b2b04560a280644b044c3c4fe9391360f578322148cf2340b3b4b66c8df55a","2026-08-17T12:14:56.9697126Z","asset"
"godot/assets/generated_import/characters/sd_chr002_roan_combat_r27_dev/down/down_005.png.import","997","2d66094af40d250e474b4a7e25019e7ff13d80c734f50b592496549c57d39c30","2026-08-17T12:19:50.3136840Z","asset"
"godot/assets/generated_import/characters/sd_chr002_roan_combat_r27_dev/down/down_006.png","102792","3c911d9f29ad1663ef401a85f1189de0025158165528182e3986d37a3557d580","2026-08-17T12:14:57.0147047Z","asset"
"godot/assets/generated_import/characters/sd_chr002_roan_combat_r27_dev/down/down_006.png.import","998","8789b279b3528af210f3aac8c5d244c92801f3d766edd14f96e423a5f5b4c2ae","2026-08-17T12:19:50.3031675Z","asset"
"godot/assets/generated_import/characters/sd_chr002_roan_combat_r27_dev/down/down_007.png","86875","21551e3e2379022af9d90f12919ac3dea8b5b35ed4274ebdb76890fe32ca64fb","2026-08-17T12:14:57.0537139Z","asset"
"godot/assets/generated_import/characters/sd_chr002_roan_combat_r27_dev/down/down_007.png.import","998","5d32fcc8db1d6fc51b1f84cd1b1990ec12cb745502884233391ef3e1fb923429","2026-08-17T12:19:50.2700937Z","asset"
"godot/assets/generated_import/characters/sd_chr002_roan_combat_r27_dev/hit_sheet_01.png","605770","c806d8af04c02f63d4fa078949335dd2faf7135e5de9742a2c432d5c2f31636b","2026-08-17T12:14:56.5807109Z","asset"
"godot/assets/generated_import/characters/sd_chr002_roan_combat_r27_dev/hit_sheet_01.png.import","1005","ddea2a52c2f5646bf7c39421c5d03c4a37d1f1f8245a71c671dbe9b2a139a77b","2026-08-17T12:19:54.2202679Z","asset"
"godot/assets/generated_import/characters/sd_chr002_roan_combat_r27_dev/hit/hit_000.png","193919","39b75139e4ae9bc2c623697453fe4d7b3e4caaab991fc9ce25ac497140093f38","2026-08-17T12:14:56.1587023Z","asset"
"godot/assets/generated_import/characters/sd_chr002_roan_combat_r27_dev/hit/hit_000.png.import","994","f4b6329ce39eaa716e49761d6b91c3d0045e2c29a0a390044e9d7c867d0c60cb","2026-08-17T12:19:50.2861304Z","asset"
"godot/assets/generated_import/characters/sd_chr002_roan_combat_r27_dev/hit/hit_001.png","196776","e55e4a89acb7f29cc1c0969d2b521e315a5e62f780d017b731bbb5f9318509f4","2026-08-17T12:14:56.2277116Z","asset"
"godot/assets/generated_import/characters/sd_chr002_roan_combat_r27_dev/hit/hit_001.png.import","993","d62d12671b00134b8b58333e4717eae8b1e03413221820905e3dcf0ef466c6fb","2026-08-17T12:19:50.2200000Z","asset"
"godot/assets/generated_import/characters/sd_chr002_roan_combat_r27_dev/hit/hit_002.png","195067","8b1727a6e3f49818db3ecb23a3ff92e15d9d148ec177f1476c6fcbe8b6a000a7","2026-08-17T12:14:56.2967048Z","asset"
"godot/assets/generated_import/characters/sd_chr002_roan_combat_r27_dev/hit/hit_002.png.import","993","953a4d8d9461cac0c7fdbf8299cd4f197718e67842f93c8651163958ba77fe70","2026-08-17T12:19:50.2710948Z","asset"
"godot/assets/generated_import/characters/sd_chr002_roan_combat_r27_dev/hit/hit_003.png","193919","39b75139e4ae9bc2c623697453fe4d7b3e4caaab991fc9ce25ac497140093f38","2026-08-17T12:14:56.3617085Z","asset"
"godot/assets/generated_import/characters/sd_chr002_roan_combat_r27_dev/hit/hit_003.png.import","994","6aede77cb43c9fd64dd4a94cf57dd63d77bb609c8017dd467e55f1a3f1db4848","2026-08-17T12:19:50.1648473Z","asset"
"godot/assets/generated_import/characters/sd_chr002_roan_combat_r27_dev/idle_sheet_01.png","1510811","f9bff2c0aaa71917dae5e65e074b624d992cc1e060e75ed83a8c155b60d09e06","2026-08-17T12:14:48.1767115Z","asset"
"godot/assets/generated_import/characters/sd_chr002_roan_combat_r27_dev/idle_sheet_01.png.import","1007","7aca6c28cabb04e999b6175463045ce74abb4c808def4c2e90e4d496329cb0bc","2026-08-17T12:19:54.1932348Z","asset"
"godot/assets/generated_import/characters/sd_chr002_roan_combat_r27_dev/idle/idle_000.png","193919","49d429d9d159765c4a72f54cd703deee432be5ca9735f6bc9c5783a24b67784f","2026-08-17T12:14:47.1967046Z","asset"
"godot/assets/generated_import/characters/sd_chr002_roan_combat_r27_dev/idle/idle_000.png.import","998","896e4ea809a0ed1f7ce90e09e617c1c3a03f449890d35fe12ad47bf004427942","2026-08-17T12:19:50.1608278Z","asset"
"godot/assets/generated_import/characters/sd_chr002_roan_combat_r27_dev/idle/idle_001.png","191141","b916528b019b9441a65de61d4eb1e2cdd9e7ee6f057554f3786eb7b031021c4f","2026-08-17T12:14:47.2717029Z","asset"
"godot/assets/generated_import/characters/sd_chr002_roan_combat_r27_dev/idle/idle_001.png.import","998","64519432a50ca0728edd888b65331fca3fcbedde9fba01c03677988a9cd6916d","2026-08-17T12:19:50.0710619Z","asset"
"godot/assets/generated_import/characters/sd_chr002_roan_combat_r27_dev/idle/idle_002.png","191396","40679d6a9dcfc168e640c97465b5d39c64aec9fda08fe271cc2102afce62b185","2026-08-17T12:14:47.3467133Z","asset"
"godot/assets/generated_import/characters/sd_chr002_roan_combat_r27_dev/idle/idle_002.png.import","997","46d0a784828f8f99dd7356e38c61261bdea2330019f11f7aacd7efca6987e50c","2026-08-17T12:19:55.2782236Z","asset"
"godot/assets/generated_import/characters/sd_chr002_roan_combat_r27_dev/idle/idle_003.png","190044","616b7684302525c07ede3764ae1bd25bd008af9181bb42535ff51c98fbd4b752","2026-08-17T12:14:47.4227023Z","asset"
"godot/assets/generated_import/characters/sd_chr002_roan_combat_r27_dev/idle/idle_003.png.import","998","441c667218aa5d7981c4f86f17143612fc3f0db9fc811256ca7de9460b2fafac","2026-08-17T12:19:55.2521608Z","asset"
"godot/assets/generated_import/characters/sd_chr002_roan_combat_r27_dev/idle/idle_004.png","189608","057382beef91642d341965b3d25c53171fabdf6135fda44bd5a5cf50b8351950","2026-08-17T12:14:47.5027096Z","asset"
"godot/assets/generated_import/characters/sd_chr002_roan_combat_r27_dev/idle/idle_004.png.import","998","3e04c7916476dceac918613fb49ad7f73bac6d9d30cf6c9ffdb7c1ff402a843b","2026-08-17T12:19:55.2371388Z","asset"
"godot/assets/generated_import/characters/sd_chr002_roan_combat_r27_dev/idle/idle_005.png","191156","725575a682950817233c21bf3de381cb5157567d380f49e81e80df0886b91576","2026-08-17T12:14:47.5737112Z","asset"
"godot/assets/generated_import/characters/sd_chr002_roan_combat_r27_dev/idle/idle_005.png.import","997","d7380a7fed59eedf098c0b8f9330a0e7581a2a47de691af01efe66a353e1fca2","2026-08-17T12:19:55.2045844Z","asset"
"godot/assets/generated_import/characters/sd_chr002_roan_combat_r27_dev/idle/idle_006.png","191385","8a7a06617bc0c22d295b6d96e213582cd11463b2109a147a7035346be7335b0b","2026-08-17T12:14:47.6487100Z","asset"
"godot/assets/generated_import/characters/sd_chr002_roan_combat_r27_dev/idle/idle_006.png.import","998","8102d9c686f7c21981a80ceebff5776675560f8d2d9c25af6c9e62b92358c215","2026-08-17T12:19:55.2085853Z","asset"
"godot/assets/generated_import/characters/sd_chr002_roan_combat_r27_dev/idle/idle_007.png","193919","49d429d9d159765c4a72f54cd703deee432be5ca9735f6bc9c5783a24b67784f","2026-08-17T12:14:47.7197022Z","asset"
"godot/assets/generated_import/characters/sd_chr002_roan_combat_r27_dev/idle/idle_007.png.import","998","9f946753c64abbd907cc76c0a05ae25e313fe4c13c85532dff8e1b18ea0f0662","2026-08-17T12:19:55.1655235Z","asset"
"godot/assets/generated_import/characters/sd_chr002_roan_combat_r27_dev/move_sheet_01.png","2332772","eb77eab65127f24e79a580d192283f63644458eb0e27edea3d91bc626794048b","2026-08-17T12:14:49.9727024Z","asset"
"godot/assets/generated_import/characters/sd_chr002_roan_combat_r27_dev/move_sheet_01.png.import","1007","56b2b1cdf224c1c725c4003728490c66a3a3e7991bbe1182ef28e5f747cae55d","2026-08-17T12:19:54.2277862Z","asset"
"godot/assets/generated_import/characters/sd_chr002_roan_combat_r27_dev/move/move_000.png","192357","94897379d75ab97defc292414a6b8f98f5f5c76ef0ef8b827195b496cf369d55","2026-08-17T12:14:48.2477027Z","asset"
"godot/assets/generated_import/characters/sd_chr002_roan_combat_r27_dev/move/move_000.png.import","998","2c2178d14b4a4fade7649d0bcc7d747a991cbc3872ea250f4ff66d6c7c8db460","2026-08-17T12:19:55.1314540Z","asset"
"godot/assets/generated_import/characters/sd_chr002_roan_combat_r27_dev/move/move_001.png","196251","d2801e7532b68644448d0cbfca8265f03b8b7b18379cf12520e664bbb0a47426","2026-08-17T12:14:48.3527021Z","asset"
"godot/assets/generated_import/characters/sd_chr002_roan_combat_r27_dev/move/move_001.png.import","997","210723f6206f35290f2c00fe5abe20a8051a7655cc2e60b3a9a7d220308b3063","2026-08-17T12:19:55.1289428Z","asset"
"godot/assets/generated_import/characters/sd_chr002_roan_combat_r27_dev/move/move_002.png","196014","57288298e9f1494795c5538817c31dfd858513daea9630324c75ddfaedc68f4b","2026-08-17T12:14:48.4487039Z","asset"
"godot/assets/generated_import/characters/sd_chr002_roan_combat_r27_dev/move/move_002.png.import","997","e53bd7c88700c63626a55c9f0603a24e6b78669355043185c39763251879aa9b","2026-08-17T12:19:55.1289428Z","asset"
"godot/assets/generated_import/characters/sd_chr002_roan_combat_r27_dev/move/move_003.png","195294","9639c67b8256a9a219c6a2e47793696b68f97b219c620579ec7acb6dd72da324","2026-08-17T12:14:48.5427092Z","asset"
"godot/assets/generated_import/characters/sd_chr002_roan_combat_r27_dev/move/move_003.png.import","998","36b90fb65ab6e3e76b314078b673f9b7ff206746743e07d61eec6a438a3cc418","2026-08-17T12:19:55.1259459Z","asset"
"godot/assets/generated_import/characters/sd_chr002_roan_combat_r27_dev/move/move_004.png","195308","2af71c7621df12449130d33339b5d90aa4a6370748e0f91fce5da623a32151d5","2026-08-17T12:14:48.6457030Z","asset"
"godot/assets/generated_import/characters/sd_chr002_roan_combat_r27_dev/move/move_004.png.import","998","e86e3eb5e153883113dc8bae4e505cd9c2fc5b29a8ae106b322507ca90a6d26b","2026-08-17T12:19:55.0898735Z","asset"
"godot/assets/generated_import/characters/sd_chr002_roan_combat_r27_dev/move/move_005.png","195576","a1596676fb9db767e904968770cca062f7af1844142ddfe343883ac2e582bd1a","2026-08-17T12:14:48.7367043Z","asset"
"godot/assets/generated_import/characters/sd_chr002_roan_combat_r27_dev/move/move_005.png.import","997","a40d287ead1e9dd5d61892bc366cb88575d864c6c48f99ec8e21893fa0e51b89","2026-08-17T12:19:55.0813581Z","asset"
"godot/assets/generated_import/characters/sd_chr002_roan_combat_r27_dev/move/move_006.png","195881","c74797f7eab2367a8e0ae8f1b4d074cedfeba0b0205dcdb5884e839511870a1d","2026-08-17T12:14:48.8377081Z","asset"
"godot/assets/generated_import/characters/sd_chr002_roan_combat_r27_dev/move/move_006.png.import","997","8fbae547ef56f175003cb2155b03577d701d08caada6d6fa7d9552a91038a2f9","2026-08-17T12:19:55.0708420Z","asset"
"godot/assets/generated_import/characters/sd_chr002_roan_combat_r27_dev/move/move_007.png","196528","2a95dbd39a0ba03361096a7dbf3ca416f11cf64e540ace055a27006500f38e2b","2026-08-17T12:14:48.9377099Z","asset"
"godot/assets/generated_import/characters/sd_chr002_roan_combat_r27_dev/move/move_007.png.import","998","40a07d6011b3ff3f7132acccc1114e6b3eb0986be3a2600d7d73008dfb2ea6a7","2026-08-17T12:19:55.0763585Z","asset"
"godot/assets/generated_import/characters/sd_chr002_roan_combat_r27_dev/move/move_008.png","195600","aec5e4df89dbbfc7a8a51c101a6297108aa9f00647d7e2379f82af64fb0e16fe","2026-08-17T12:14:49.0397024Z","asset"
"godot/assets/generated_import/characters/sd_chr002_roan_combat_r27_dev/move/move_008.png.import","998","2c61e23d9f9cc75fd11b3711610b85baa35c33bb7ed4fe797825c2c6eb63a50a","2026-08-17T12:19:55.0207645Z","asset"
"godot/assets/generated_import/characters/sd_chr002_roan_combat_r27_dev/move/move_009.png","195384","1c89a3e8d147118efac3072a0aec87f956056b058088321bc51f7b53ed5e09e9","2026-08-17T12:14:49.1337033Z","asset"
"godot/assets/generated_import/characters/sd_chr002_roan_combat_r27_dev/move/move_009.png.import","998","1488d654e3e0a812f3abbb414f637e79c195103a415bb64f3c0acfe020ffe557","2026-08-17T12:19:54.9366299Z","asset"
"godot/assets/generated_import/characters/sd_chr002_roan_combat_r27_dev/move/move_010.png","195495","8d948008d4599ad349ce489a8db0c73e7de109fdf0a9a3099d47e374e93b09a6","2026-08-17T12:14:49.2327082Z","asset"
"godot/assets/generated_import/characters/sd_chr002_roan_combat_r27_dev/move/move_010.png.import","997","ecf585f9e0d128319bfbb9355c99ead3669b8cd96924e19f0358e4547f7d4f48","2026-08-17T12:19:54.9346306Z","asset"
"godot/assets/generated_import/characters/sd_chr002_roan_combat_r27_dev/move/move_011.png","192357","94897379d75ab97defc292414a6b8f98f5f5c76ef0ef8b827195b496cf369d55","2026-08-17T12:14:49.3037026Z","asset"
"godot/assets/generated_import/characters/sd_chr002_roan_combat_r27_dev/move/move_011.png.import","998","3aabd2080c090702de0e0696074288672984f764348101b1192bf0e8473980f4","2026-08-17T12:19:54.9285969Z","asset"
"godot/assets/generated_import/characters/sd_chr002_roan_combat_r27_dev/normal_skill_sheet_01.png","2446033","975878fee93c12926b7e8efdd94f710af61d7887553ad6f040fc7ad745db8e3c","2026-08-17T12:14:52.9517122Z","asset"
"godot/assets/generated_import/characters/sd_chr002_roan_combat_r27_dev/normal_skill_sheet_01.png.import","1032","89e856ca510e6bb1a41918d4dca086d47dd5f7d34eb5bc5b4f83073e0851f429","2026-08-17T12:19:54.2408141Z","asset"
"godot/assets/generated_import/characters/sd_chr002_roan_combat_r27_dev/normal_skill/normal_skill_000.png","203685","5e44bec81c5db2b21c9211ddbb0b834213033cfd5ecd9445a86a2e61d8c034d5","2026-08-17T12:14:51.1697137Z","asset"
"godot/assets/generated_import/characters/sd_chr002_roan_combat_r27_dev/normal_skill/normal_skill_000.png.import","1029","353064801fd9f382a4ae42741c759c1c6f407ea50d6143d0f3642802de705d6a","2026-08-17T12:19:54.9621684Z","asset"
"godot/assets/generated_import/characters/sd_chr002_roan_combat_r27_dev/normal_skill/normal_skill_001.png","203822","f0d26e2cb9c34591be5df78bafc2fe983a8f8fd72cd9e4cc8b613d396ca45ec4","2026-08-17T12:14:51.2607114Z","asset"
"godot/assets/generated_import/characters/sd_chr002_roan_combat_r27_dev/normal_skill/normal_skill_001.png.import","1030","8c7cc2a2ff5475b005818202aa118f0918674f7248e20f63a726e3561b2ed422","2026-08-17T12:19:54.9225842Z","asset"
"godot/assets/generated_import/characters/sd_chr002_roan_combat_r27_dev/normal_skill/normal_skill_002.png","206328","9e887ea563dea448ac8a66a048c38c81d9dfbdfa242a8059a3e28dd6bca7531f","2026-08-17T12:14:51.3607031Z","asset"
"godot/assets/generated_import/characters/sd_chr002_roan_combat_r27_dev/normal_skill/normal_skill_002.png.import","1030","335d86bd99917bf85be4f972e62542260f4fbd137f71543905ae0929f313ad6b","2026-08-17T12:19:54.9095633Z","asset"
"godot/assets/generated_import/characters/sd_chr002_roan_combat_r27_dev/normal_skill/normal_skill_003.png","208169","461d4eb082e8cd09828638406a363fe8c4f816e8d91e4cb8b78c45a9b9dac641","2026-08-17T12:14:51.4717079Z","asset"
"godot/assets/generated_import/characters/sd_chr002_roan_combat_r27_dev/normal_skill/normal_skill_003.png.import","1030","9b071926b46d4475df37b5dae943b0ee25050fdea652d9c23e3c3d7cdd25ed94","2026-08-17T12:19:54.9000481Z","asset"
"godot/assets/generated_import/characters/sd_chr002_roan_combat_r27_dev/normal_skill/normal_skill_004.png","208958","4ecffde3db0bf9cc4f3aef9f0e3fd8ce03a78bdb09e7f37fb62c3c0867afbff8","2026-08-17T12:14:51.5657041Z","asset"
"godot/assets/generated_import/characters/sd_chr002_roan_combat_r27_dev/normal_skill/normal_skill_004.png.import","1030","900cc0d83eca6a949bc345998036837544828b3d0a26f17d5e8af50a31dd789d","2026-08-17T12:19:54.8940391Z","asset"
"godot/assets/generated_import/characters/sd_chr002_roan_combat_r27_dev/normal_skill/normal_skill_005.png","208788","9ee2c26e1268317aadd3b0167a071aecd313766d0822d0e2182a543b92ad7065","2026-08-17T12:14:51.6697039Z","asset"
"godot/assets/generated_import/characters/sd_chr002_roan_combat_r27_dev/normal_skill/normal_skill_005.png.import","1030","2d62a6496fe49f2bc0a004dcf3bfa9a566f16cd010ab859396be0a56b828badc","2026-08-17T12:19:54.8685015Z","asset"
"godot/assets/generated_import/characters/sd_chr002_roan_combat_r27_dev/normal_skill/normal_skill_006.png","208175","7259b75c5b52b7e7afdf8bdd40669ad184202d2b3eba339c895228fc59909e87","2026-08-17T12:14:51.7737103Z","asset"
"godot/assets/generated_import/characters/sd_chr002_roan_combat_r27_dev/normal_skill/normal_skill_006.png.import","1030","02f25b6d73291ad2c3d53aafb47f39005c0e742099ddaae3ba3d2097e783c8e7","2026-08-17T12:19:54.8174155Z","asset"
"godot/assets/generated_import/characters/sd_chr002_roan_combat_r27_dev/normal_skill/normal_skill_007.png","206795","8d000c9bc8881979df4709938b23d923a75029e95c835c45162ddd9aba196c55","2026-08-17T12:14:51.8787073Z","asset"
"godot/assets/generated_import/characters/sd_chr002_roan_combat_r27_dev/normal_skill/normal_skill_007.png.import","1029","e3f11961e11c9ea64da6bf7ed32750239afd09104a7ef4c0c7c331a98d595f5f","2026-08-17T12:19:54.8013809Z","asset"
"godot/assets/generated_import/characters/sd_chr002_roan_combat_r27_dev/normal_skill/normal_skill_008.png","205046","11d78f2f585e0dbd46ae4bcb50e294afd8f2bf38463fa09a5965a2645f2c85c3","2026-08-17T12:14:51.9737028Z","asset"
"godot/assets/generated_import/characters/sd_chr002_roan_combat_r27_dev/normal_skill/normal_skill_008.png.import","1030","892565cc5a8505cab1312a646ab9fc7a65ed4d5d0c80898205f29a80cc24ae55","2026-08-17T12:19:54.7813490Z","asset"
"godot/assets/generated_import/characters/sd_chr002_roan_combat_r27_dev/normal_skill/normal_skill_009.png","201763","5a9803d21900d87c34c08f92d3eb585db91e203605069a3d5c0d8e82b0bfc872","2026-08-17T12:14:52.0747078Z","asset"
"godot/assets/generated_import/characters/sd_chr002_roan_combat_r27_dev/normal_skill/normal_skill_009.png.import","1030","b01f07edd93687491196ccac443a7cbc01dca4610b5b6fd46eebe938ea7d0c9d","2026-08-17T12:19:54.7763483Z","asset"
"godot/assets/generated_import/characters/sd_chr002_roan_combat_r27_dev/normal_skill/normal_skill_010.png","198480","675598a4dc18eecf7a26086297d9dbc9bc60235f01e0b5b37515f5359b212bac","2026-08-17T12:14:52.1747086Z","asset"
"godot/assets/generated_import/characters/sd_chr002_roan_combat_r27_dev/normal_skill/normal_skill_010.png.import","1030","84e80d74fe3bb4eb043167c1d3f7f01cc58b67b5ad7d78d9aff598315c597a4d","2026-08-17T12:19:55.7260523Z","asset"
"godot/assets/generated_import/characters/sd_chr002_roan_combat_r27_dev/normal_skill/normal_skill_011.png","197615","c2f32c8bd872b6047f678b1ea2171dec879673dd0151b95cd52e8efe95ec8ff1","2026-08-17T12:14:52.2647089Z","asset"
"godot/assets/generated_import/characters/sd_chr002_roan_combat_r27_dev/normal_skill/normal_skill_011.png.import","1030","68a881ebbe0fd8c64b7ac11aa3b77777d9d5d342a5dcd9e9d31ae0a6a984135e","2026-08-17T12:19:55.7110154Z","asset"
"godot/assets/generated_import/characters/sd_chr002_roan_combat_r27_dev/ultimate_sheet_01.png","3315815","b9a6a7f60e606c163a817d0877077f52bc8f016d1ced1d43eb1913224960a6a7","2026-08-17T12:14:55.9257045Z","asset"
"godot/assets/generated_import/characters/sd_chr002_roan_combat_r27_dev/ultimate_sheet_01.png.import","1020","342765df3ed7bcc1966b6a83708c4b4e9adacb3e636be17066725d22b983ac40","2026-08-17T12:19:54.3159582Z","asset"
"godot/assets/generated_import/characters/sd_chr002_roan_combat_r27_dev/ultimate_sheet_02.png","416672","24187b8c2028b7356fdadf8cd5007f59087c1d7227b7130e255c6ca62934f29c","2026-08-17T12:14:56.0867105Z","asset"
"godot/assets/generated_import/characters/sd_chr002_roan_combat_r27_dev/ultimate_sheet_02.png.import","1020","6eb6010e68e5f398065d74bf5a2df8798def01c56868c0d368442209cdcecd2e","2026-08-17T12:19:54.0929890Z","asset"
"godot/assets/generated_import/characters/sd_chr002_roan_combat_r27_dev/ultimate/ultimate_000.png","205814","49139389b79589d48ff9d7e78ee19c3bd6832dad5e68e166fd74b6a6345087f4","2026-08-17T12:14:53.0427081Z","asset"
"godot/assets/generated_import/characters/sd_chr002_roan_combat_r27_dev/ultimate/ultimate_000.png.import","1014","ec5de5165be584dd1ae3441e7e30fd6e47e55db467cd1e0d3cc3f5f52aed0a65","2026-08-17T12:19:55.6934926Z","asset"
"godot/assets/generated_import/characters/sd_chr002_roan_combat_r27_dev/ultimate/ultimate_001.png","205625","1d912bb5d8b5bc8b9c9d804325ad07a9616ef4376868c9586cce07ab8aab3b32","2026-08-17T12:14:53.1407028Z","asset"
"godot/assets/generated_import/characters/sd_chr002_roan_combat_r27_dev/ultimate/ultimate_001.png.import","1014","1fe60ce1b50a3c363e039481c3c8d26a269e2cddb87554ab4e4f77e45e8b9ce1","2026-08-17T12:19:55.7100165Z","asset"
"godot/assets/generated_import/characters/sd_chr002_roan_combat_r27_dev/ultimate/ultimate_002.png","207741","64459994ee6b60d07bb03515efd28ef1529e54f5ab581dee94f351227ece8743","2026-08-17T12:14:53.2337133Z","asset"
"godot/assets/generated_import/characters/sd_chr002_roan_combat_r27_dev/ultimate/ultimate_002.png.import","1013","ff52b27b59d7a2b6f3da1744d2486e79d48d01fe1e62a9684a851129fba01efe","2026-08-17T12:19:55.6804355Z","asset"
"godot/assets/generated_import/characters/sd_chr002_roan_combat_r27_dev/ultimate/ultimate_003.png","209802","b46f339e39e152b80b9e81a51321075303d8c82664ff2230e3afa33e5887c772","2026-08-17T12:14:53.3327128Z","asset"
"godot/assets/generated_import/characters/sd_chr002_roan_combat_r27_dev/ultimate/ultimate_003.png.import","1014","14ccc436925f68655aa34e33a573ca122564cbeeb39794c6621f6e8860afe6c2","2026-08-17T12:19:55.6669207Z","asset"
"godot/assets/generated_import/characters/sd_chr002_roan_combat_r27_dev/ultimate/ultimate_004.png","211199","8c122cbe6a170de2ddbc6f7e0c8432a64b78846bb4364f9457a831bb1db0243c","2026-08-17T12:14:53.4307032Z","asset"
"godot/assets/generated_import/characters/sd_chr002_roan_combat_r27_dev/ultimate/ultimate_004.png.import","1014","7a42634ffc10eac2c538a2166d4d10f35bded97635e02c8c25379c52910cacd5","2026-08-17T12:19:55.6829436Z","asset"
"godot/assets/generated_import/characters/sd_chr002_roan_combat_r27_dev/ultimate/ultimate_005.png","212197","067ae44ee96c356df5598022ed2f1b089d935844bf1cfe8125366df44804393b","2026-08-17T12:14:53.5287021Z","asset"
"godot/assets/generated_import/characters/sd_chr002_roan_combat_r27_dev/ultimate/ultimate_005.png.import","1014","7ef6ffa2d1046cc18224f549a0b19bf72c5df8fce85482ae954ab28b7c8bfd93","2026-08-17T12:19:55.6804355Z","asset"
"godot/assets/generated_import/characters/sd_chr002_roan_combat_r27_dev/ultimate/ultimate_006.png","212452","1843682698862630f03e47b36afc1371b6127573f74819fefdfa506954685df2","2026-08-17T12:14:53.6247019Z","asset"
"godot/assets/generated_import/characters/sd_chr002_roan_combat_r27_dev/ultimate/ultimate_006.png.import","1014","8e9b890b096aab19019e994ef2e5d3744a08eb7256a0eb4916b1517a9684a5e8","2026-08-17T12:19:55.5712469Z","asset"
"godot/assets/generated_import/characters/sd_chr002_roan_combat_r27_dev/ultimate/ultimate_007.png","211946","152ba038de2b223114e4c5c4b7797ea8fb9d83b469e1152392491b8a879a42c5","2026-08-17T12:14:53.7287098Z","asset"
"godot/assets/generated_import/characters/sd_chr002_roan_combat_r27_dev/ultimate/ultimate_007.png.import","1014","a2cda0ada2cf893b13129c8c4d21bf446d93574b1ed78dc7c045aadd6c47cafb","2026-08-17T12:19:55.5722462Z","asset"
"godot/assets/generated_import/characters/sd_chr002_roan_combat_r27_dev/ultimate/ultimate_008.png","211727","59252f1072f1ea38dee252d2ce33155ee7b5a7f7d2ca7bd49f8b7c5481077d83","2026-08-17T12:14:53.8377040Z","asset"
"godot/assets/generated_import/characters/sd_chr002_roan_combat_r27_dev/ultimate/ultimate_008.png.import","1013","f47fb7b819634322a3ac87887f1b1638749900bde47809f7b6584e7f6f918fa2","2026-08-17T12:19:55.6574049Z","asset"
"godot/assets/generated_import/characters/sd_chr002_roan_combat_r27_dev/ultimate/ultimate_009.png","211327","b425a7cd603d8d07b2a2e22f26fb06876a64670aa84617d14f5cabb5094c1306","2026-08-17T12:14:53.9677047Z","asset"
"godot/assets/generated_import/characters/sd_chr002_roan_combat_r27_dev/ultimate/ultimate_009.png.import","1014","d7b3b113a793f60b9d4543b853b844b2fac02e18d2df7447e248854ba86f01e5","2026-08-17T12:19:55.5482104Z","asset"
"godot/assets/generated_import/characters/sd_chr002_roan_combat_r27_dev/ultimate/ultimate_010.png","210491","9a778e9012ce6c33076b58a066e4c76de0b8d91e5fad1e23b15146bc903424b8","2026-08-17T12:14:54.1087027Z","asset"
"godot/assets/generated_import/characters/sd_chr002_roan_combat_r27_dev/ultimate/ultimate_010.png.import","1014","234edbfa260f309614bfd2d44232f03e1436a6cf43a1a6d7a0643848b57196ad","2026-08-17T12:19:55.5336892Z","asset"
"godot/assets/generated_import/characters/sd_chr002_roan_combat_r27_dev/ultimate/ultimate_011.png","209758","44057f4d27a30d330043b330799290882addd11bd5ab8104dbcd567e33c3b8b9","2026-08-17T12:14:54.2257033Z","asset"
"godot/assets/generated_import/characters/sd_chr002_roan_combat_r27_dev/ultimate/ultimate_011.png.import","1014","b86b42bbd62c9997630b76c6a66ce02dbc14afe400f9d0f3c1760f0f8316ae0c","2026-08-17T12:19:55.5221514Z","asset"
"godot/assets/generated_import/characters/sd_chr002_roan_combat_r27_dev/ultimate/ultimate_012.png","208293","18712268b7a4fa7c36ae7e0cd7b61d0f221c7113451ed8b3ed51584f9d9a8ee3","2026-08-17T12:14:54.3367042Z","asset"
"godot/assets/generated_import/characters/sd_chr002_roan_combat_r27_dev/ultimate/ultimate_012.png.import","1013","84bb9770a410a352985754015b966f7776b7bb68e25aa20efcbc6bf8c80dde96","2026-08-17T12:19:55.5076318Z","asset"
"godot/assets/generated_import/characters/sd_chr002_roan_combat_r27_dev/ultimate/ultimate_013.png","205950","cc69f1d1ec6ce9526061a7a2206cfa4b8497c6e45a085795b09e77e8cc192ac5","2026-08-17T12:14:54.4487056Z","asset"
"godot/assets/generated_import/characters/sd_chr002_roan_combat_r27_dev/ultimate/ultimate_013.png.import","1014","718ec7e78d2a2f9931977da04bb66ba61aa3b2c878d20839be3910f88436680c","2026-08-17T12:19:55.5011136Z","asset"
"godot/assets/generated_import/characters/sd_chr002_roan_combat_r27_dev/ultimate/ultimate_014.png","203760","6fd4155c912a1e4b1f27a00f462359363ec0ba9b445f43c6ffc3a0ec6c8a5540","2026-08-17T12:14:54.5517033Z","asset"
"godot/assets/generated_import/characters/sd_chr002_roan_combat_r27_dev/ultimate/ultimate_014.png.import","1014","18d5980440bee97e499b761509c74be527c1307f1f3bcdad7775c77b8d4e165e","2026-08-17T12:19:55.4360130Z","asset"
"godot/assets/generated_import/characters/sd_chr002_roan_combat_r27_dev/ultimate/ultimate_015.png","200850","4da6de95dc968f20ea9ef1154056e6a32cba0ce5cd08c8124ee40d3a081e4420","2026-08-17T12:14:54.6527087Z","asset"
"godot/assets/generated_import/characters/sd_chr002_roan_combat_r27_dev/ultimate/ultimate_015.png.import","1014","84c1e3e5eac690548844264b7c06a83035b87fcf9a11b4a3a4b1cbf662df9f2e","2026-08-17T12:19:55.4320019Z","asset"
"godot/assets/generated_import/characters/sd_chr002_roan_combat_r27_dev/ultimate/ultimate_016.png","198285","1823d250fb669c62d33d493727bba8ab3af5f4459558ff5c369ea327c626101b","2026-08-17T12:14:54.7587038Z","asset"
"godot/assets/generated_import/characters/sd_chr002_roan_combat_r27_dev/ultimate/ultimate_016.png.import","1013","d4e7301a201afa176ba933ccfa0c07262d41a0db12bfadc3e25f09f2ea38509e","2026-08-17T12:19:55.4625489Z","asset"
"godot/assets/generated_import/characters/sd_chr002_roan_combat_r27_dev/ultimate/ultimate_017.png","197826","a2edf3e4c9e8cec074214ea6fa23bcfa4a91f320db5ca30ba9fde5e69cc76a36","2026-08-17T12:14:54.8767042Z","asset"
"godot/assets/generated_import/characters/sd_chr002_roan_combat_r27_dev/ultimate/ultimate_017.png.import","1014","a76f5f8479cbae1db26969fc95e9944546d7e5ee481ae1b1edfa248185e7dff1","2026-08-17T12:19:55.4039563Z","asset"
"godot/assets/generated_import/characters/sd_chr002_roan_combat_r27_dev/victory_sheet_01.png","1979370","912bc0ade705478a9b1e519ced656ee1d75f71690e8c8eeff295d57732e16ef0","2026-08-17T12:14:58.8117028Z","asset"
"godot/assets/generated_import/characters/sd_chr002_roan_combat_r27_dev/victory_sheet_01.png.import","1017","aac848254909d1cc716eae9a6adff8ed39db4a5a77729e4dc319d72f2ece59ef","2026-08-17T12:19:54.1376095Z","asset"
"godot/assets/generated_import/characters/sd_chr002_roan_combat_r27_dev/victory/victory_000.png","193919","39b75139e4ae9bc2c623697453fe4d7b3e4caaab991fc9ce25ac497140093f38","2026-08-17T12:14:57.5387093Z","asset"
"godot/assets/generated_import/characters/sd_chr002_roan_combat_r27_dev/victory/victory_000.png.import","1010","bdb5610b3327063e3e6196f9250fe12e52acf37f8017f1f1f5ed4c06b1e00336","2026-08-17T12:19:55.4174933Z","asset"
"godot/assets/generated_import/characters/sd_chr002_roan_combat_r27_dev/victory/victory_001.png","196741","194e7fa95d7742a25cad7c5cb94ffc561776c062f7a5f7db99553f49b723a104","2026-08-17T12:14:57.6117098Z","asset"
"godot/assets/generated_import/characters/sd_chr002_roan_combat_r27_dev/victory/victory_001.png.import","1010","9564f00cd88cae9fa67982617f47294e6510368011aa1023a987065c9486f9cb","2026-08-17T12:19:55.3879233Z","asset"
"godot/assets/generated_import/characters/sd_chr002_roan_combat_r27_dev/victory/victory_002.png","199654","469d61ef43f0a43bfe391d8071c2489009f5d863777b5cea39ca52172b92902a","2026-08-17T12:14:57.6907023Z","asset"
"godot/assets/generated_import/characters/sd_chr002_roan_combat_r27_dev/victory/victory_002.png.import","1010","b1c7017dd2e74897f13846db500893beb677dd2decd38d2c2e2d4ebefd0b9235","2026-08-17T12:19:55.3829137Z","asset"
"godot/assets/generated_import/characters/sd_chr002_roan_combat_r27_dev/victory/victory_003.png","198708","31e67a96369bec2bd46f1e6cf21364363af9fc5d0e2f103e10ae470844fb8368","2026-08-17T12:14:57.7677028Z","asset"
"godot/assets/generated_import/characters/sd_chr002_roan_combat_r27_dev/victory/victory_003.png.import","1010","bfc0ec55f34030123fbceb978de213d6e4d2a4359af4202ee5040461a1189cf0","2026-08-17T12:19:55.3458572Z","asset"
"godot/assets/generated_import/characters/sd_chr002_roan_combat_r27_dev/victory/victory_004.png","193920","830538e460959745fa7c6112e659c4ac8ca98a2a212624a6a26f08def4cdce7f","2026-08-17T12:14:57.8407081Z","asset"
"godot/assets/generated_import/characters/sd_chr002_roan_combat_r27_dev/victory/victory_004.png.import","1009","fa80045beb4928d700b35ba8d69d5f05f0036a71a00fdd00c469bb613fd914a2","2026-08-17T12:19:55.3313306Z","asset"
"godot/assets/generated_import/characters/sd_chr002_roan_combat_r27_dev/victory/victory_005.png","194389","b66ccc7d43f0f4e21310d2a0e1ec522331d72f86b0e0780c3ca46c01210ae409","2026-08-17T12:14:57.9117022Z","asset"
"godot/assets/generated_import/characters/sd_chr002_roan_combat_r27_dev/victory/victory_005.png.import","1010","31e6652a78a4823e89eaf259ccaa37b0751df4b2e7f48abb758320c513a80487","2026-08-17T12:19:55.2907464Z","asset"
"godot/assets/generated_import/characters/sd_chr002_roan_combat_r27_dev/victory/victory_006.png","199718","de746b963cc3e41405aa1bf151ab4890a8ebb6c931313bc9a9ad6360ab945657","2026-08-17T12:14:57.9857042Z","asset"
"godot/assets/generated_import/characters/sd_chr002_roan_combat_r27_dev/victory/victory_006.png.import","1010","21f4482912dc1e0e060f75c73d0c8da9aeaeff2b75bb5e4b63e688eafdce9862","2026-08-17T12:19:55.2686903Z","asset"
"godot/assets/generated_import/characters/sd_chr002_roan_combat_r27_dev/victory/victory_007.png","201193","52fad286b3b957b947b2902bb80abddd79949c451bded9a85067147b12819cff","2026-08-17T12:14:58.0587029Z","asset"
"godot/assets/generated_import/characters/sd_chr002_roan_combat_r27_dev/victory/victory_007.png.import","1010","de4e2ced0ae497f654ff26198cc09f329b444cbb7f1730a1be1eb56a650cd362","2026-08-17T12:19:55.2601745Z","asset"
"godot/assets/generated_import/characters/sd_chr002_roan_combat_r27_dev/victory/victory_008.png","197608","4a8a651537f69a2bbb76718503b61fa0c24f6fd4cba631cdf057eb8772140120","2026-08-17T12:14:58.1467038Z","asset"
"godot/assets/generated_import/characters/sd_chr002_roan_combat_r27_dev/victory/victory_008.png.import","1010","e5f0d59e3360cb4b15ceb2bf8929fd4d82a7ce55946d5b2e03921718d03caf87","2026-08-17T12:19:55.2782236Z","asset"
"godot/assets/generated_import/characters/sd_chr002_roan_combat_r27_dev/victory/victory_009.png","193919","39b75139e4ae9bc2c623697453fe4d7b3e4caaab991fc9ce25ac497140093f38","2026-08-17T12:14:58.2187144Z","asset"
"godot/assets/generated_import/characters/sd_chr002_roan_combat_r27_dev/victory/victory_009.png.import","1009","5bd2127c5dedd8b449bcfd42201bfc43221b7869a4fab7a60bdf84dc5673fa3c","2026-08-17T12:19:54.2623509Z","asset"
"godot/assets/generated_import/characters/sd_chr003_narin_combat_r27_dev/animation_manifest.json","22267","e5aa931b41432023ab6ad94aee6e1541408dcb6c8461746111956addc323e2fa","2026-08-17T12:14:59.5077032Z","asset"
"godot/assets/generated_import/characters/sd_chr003_narin_combat_r27_dev/basic_attack_sheet_01.png","1603096","244e9db29083b815a48cb7fca69c7e54ad200f20241c64666be8b177c18493e3","2026-08-17T12:14:51.7547035Z","asset"
"godot/assets/generated_import/characters/sd_chr003_narin_combat_r27_dev/basic_attack_sheet_01.png.import","1033","0f6554d515de6de675aaad6ba5e8efa05ffd86c0ef5589e781e7cbb0056f3e23","2026-08-17T12:19:44.7109437Z","asset"
"godot/assets/generated_import/characters/sd_chr003_narin_combat_r27_dev/basic_attack/basic_attack_000.png","203558","43f24aef2e405cd74fe8647555c85ac5e523c9f95786f258d1c70219bd667481","2026-08-17T12:14:50.6837033Z","asset"
"godot/assets/generated_import/characters/sd_chr003_narin_combat_r27_dev/basic_attack/basic_attack_000.png.import","1030","c1c8d7acade5d5f9ec99637b1549807e4955c0b3dcbd753a96ae4be26094f80f","2026-08-17T12:19:52.9613736Z","asset"
"godot/assets/generated_import/characters/sd_chr003_narin_combat_r27_dev/basic_attack/basic_attack_001.png","204356","4b1ee6ee04b59b4e036ee1c8cad6bb7e2aeb88f069de6447f3ddca64a866e4b5","2026-08-17T12:14:50.7507024Z","asset"
"godot/assets/generated_import/characters/sd_chr003_narin_combat_r27_dev/basic_attack/basic_attack_001.png.import","1031","af018c3e3086071377950ed3563ed73cd6da76f650db326a622a004f49d825c3","2026-08-17T12:19:52.9428435Z","asset"
"godot/assets/generated_import/characters/sd_chr003_narin_combat_r27_dev/basic_attack/basic_attack_002.png","207087","f3dd29aae2364952f8c221d0a19788d1bb09d46f216ae81f4783c082984267be","2026-08-17T12:14:50.8427037Z","asset"
"godot/assets/generated_import/characters/sd_chr003_narin_combat_r27_dev/basic_attack/basic_attack_002.png.import","1031","45303d7c75addae8abd263ff12955ec35657da5ad627cd8c6f4f9a6f890ddf21","2026-08-17T12:19:52.9448547Z","asset"
"godot/assets/generated_import/characters/sd_chr003_narin_combat_r27_dev/basic_attack/basic_attack_003.png","204329","c3df5f697184d6fc473f4ae3e82b3c1dfe1839bb01c5c7964936b1b5a63751e7","2026-08-17T12:14:50.9247086Z","asset"
"godot/assets/generated_import/characters/sd_chr003_narin_combat_r27_dev/basic_attack/basic_attack_003.png.import","1030","cbd25904b05825e54ebb778f8f6fd340cb88700eb1133d7485ef3b5afc5c702b","2026-08-17T12:19:52.9032769Z","asset"
"godot/assets/generated_import/characters/sd_chr003_narin_combat_r27_dev/basic_attack/basic_attack_004.png","217278","1ed7e1de991554717c1fb214cd26b52f4bdf5ff0a9f1e245361c0c45884120fe","2026-08-17T12:14:51.0337078Z","asset"
"godot/assets/generated_import/characters/sd_chr003_narin_combat_r27_dev/basic_attack/basic_attack_004.png.import","1030","b886a8fc5f183fa701673a847444bdbe4c426d29a788f90c220d035ce9a46cc1","2026-08-17T12:19:52.9032769Z","asset"
"godot/assets/generated_import/characters/sd_chr003_narin_combat_r27_dev/basic_attack/basic_attack_005.png","214346","73a6964e7750b4d7ff206487b3a82d388cf9e7bbd5ce3b8dbb84f9554377c02e","2026-08-17T12:14:51.1417027Z","asset"
"godot/assets/generated_import/characters/sd_chr003_narin_combat_r27_dev/basic_attack/basic_attack_005.png.import","1031","993e843b322a2c64aa14dc5bd19cf06d8cd5cc6d5e0f602139744d612a9052ce","2026-08-17T12:19:52.8862503Z","asset"
"godot/assets/generated_import/characters/sd_chr003_narin_combat_r27_dev/basic_attack/basic_attack_006.png","206685","1289dec2b8d210ea8c35288d90659e9aeca8b07ec6d4fd9f361297e8a58ded2f","2026-08-17T12:14:51.2337109Z","asset"
"godot/assets/generated_import/characters/sd_chr003_narin_combat_r27_dev/basic_attack/basic_attack_006.png.import","1031","2bc690b6739c8443717b10aa4cd48916663124c8c4e14f3c2a547f61e4faa9b4","2026-08-17T12:19:52.8356581Z","asset"
"godot/assets/generated_import/characters/sd_chr003_narin_combat_r27_dev/basic_attack/basic_attack_007.png","203558","43f24aef2e405cd74fe8647555c85ac5e523c9f95786f258d1c70219bd667481","2026-08-17T12:14:51.3057050Z","asset"
"godot/assets/generated_import/characters/sd_chr003_narin_combat_r27_dev/basic_attack/basic_attack_007.png.import","1030","0c7d409f89c74ad89de81b13abd4d061973f3ed4c1b02567b150883fd1c498f9","2026-08-17T12:19:52.8221122Z","asset"
"godot/assets/generated_import/characters/sd_chr003_narin_combat_r27_dev/combat_base_512.png","203567","36053b6ed6fe1c76760f14eedeebbe82148305f239c5a8186a97d12306d3cecd","2026-08-17T12:14:47.7867050Z","asset"
"godot/assets/generated_import/characters/sd_chr003_narin_combat_r27_dev/combat_base_512.png.import","1014","5b606862d868111489d25ed8011582ea111174fdf0ab8c3a5704e25d1de24b3b","2026-08-17T12:19:43.3793479Z","asset"
"godot/assets/generated_import/characters/sd_chr003_narin_combat_r27_dev/down_sheet_01.png","1203177","f383cad1fd052e9eed16a54220651b4e910c016560b9d63a2e0d364d0e52a8c6","2026-08-17T12:14:58.2077076Z","asset"
"godot/assets/generated_import/characters/sd_chr003_narin_combat_r27_dev/down_sheet_01.png.import","1008","0e9af15b56d98f061e5471a14c7ce11ba15a022328fc3766b3782e88d415302b","2026-08-17T12:19:44.6012390Z","asset"
"godot/assets/generated_import/characters/sd_chr003_narin_combat_r27_dev/down/down_000.png","203558","43f24aef2e405cd74fe8647555c85ac5e523c9f95786f258d1c70219bd667481","2026-08-17T12:14:57.4107096Z","asset"
"godot/assets/generated_import/characters/sd_chr003_narin_combat_r27_dev/down/down_000.png.import","999","99fdd07e3c8158b81843d88a3fd07722a503fd68ac5aec86866614ea67b0355a","2026-08-17T12:19:52.8256262Z","asset"
"godot/assets/generated_import/characters/sd_chr003_narin_combat_r27_dev/down/down_001.png","194835","792519feb4958b996b6e31e6ecb6b04e2aa3ce75f8fb7573f994841e4b0c3ca5","2026-08-17T12:14:57.4877031Z","asset"
"godot/assets/generated_import/characters/sd_chr003_narin_combat_r27_dev/down/down_001.png.import","999","f5634a5edfd2defe0b2962cfb1013af5b5ea31574e5e9ecbe0b9e613eb55bc96","2026-08-17T12:19:52.8336525Z","asset"
"godot/assets/generated_import/characters/sd_chr003_narin_combat_r27_dev/down/down_002.png","187787","82647b5b8b243983e580167a18d662350b8a1874e0eaf7a4fd574fafa437bf04","2026-08-17T12:14:57.5537019Z","asset"
"godot/assets/generated_import/characters/sd_chr003_narin_combat_r27_dev/down/down_002.png.import","999","3cb6b3ded89800b09fc3766f6f3ec425c8a26a8287f944d73e24bce6e9a4e726","2026-08-17T12:19:52.7705333Z","asset"
"godot/assets/generated_import/characters/sd_chr003_narin_combat_r27_dev/down/down_003.png","164778","312bf49ae24c22dfc592dc38b7ed565a586caa6c2fe1bd3ca9b342053b9d11d3","2026-08-17T12:14:57.6197031Z","asset"
"godot/assets/generated_import/characters/sd_chr003_narin_combat_r27_dev/down/down_003.png.import","999","d9523206451b4eb3849ae2db7d95aba247f16cc03578cd0525f44068b206552b","2026-08-17T12:19:52.7665330Z","asset"
"godot/assets/generated_import/characters/sd_chr003_narin_combat_r27_dev/down/down_004.png","141583","d71024737e92d495afa5f0b600dd6037f5cbac6b7a7661c939abc9d7d52532e3","2026-08-17T12:14:57.6777087Z","asset"
"godot/assets/generated_import/characters/sd_chr003_narin_combat_r27_dev/down/down_004.png.import","999","5fb49c7d661cc864245f470e5db90b972e6561776404f6fb0e2462bae451bd07","2026-08-17T12:19:52.7750483Z","asset"
"godot/assets/generated_import/characters/sd_chr003_narin_combat_r27_dev/down/down_005.png","118081","4d46fe348a51cb930aa797c25eae8cd7d973f8977d0820002611d4385bebe9b2","2026-08-17T12:14:57.7217046Z","asset"
"godot/assets/generated_import/characters/sd_chr003_narin_combat_r27_dev/down/down_005.png.import","999","c6e73e00fc69fb195de8ad68aafbd469ff829417dea4ac252ce4b49bdfd70c92","2026-08-17T12:19:52.7349844Z","asset"
"godot/assets/generated_import/characters/sd_chr003_narin_combat_r27_dev/down/down_006.png","98410","0efa28166d9556918dffe64289772311f9146c32c2c422d406b3d09c255f103f","2026-08-17T12:14:57.7667038Z","asset"
"godot/assets/generated_import/characters/sd_chr003_narin_combat_r27_dev/down/down_006.png.import","998","dadfd557f07f62a8ba77c16cc6b16d05e4de6ac9643e3f461556875f4b9088ee","2026-08-17T12:19:52.7530121Z","asset"
"godot/assets/generated_import/characters/sd_chr003_narin_combat_r27_dev/down/down_007.png","82333","4948d38877e6e550c3353ec2266129ed643bf934aa9a8e708f869ea984fc3bd5","2026-08-17T12:14:57.8047032Z","asset"
"godot/assets/generated_import/characters/sd_chr003_narin_combat_r27_dev/down/down_007.png.import","999","00f865cc9a80d7d29cc88c868ae0704f5ebee0efa46707a5be3c4f220c6eef55","2026-08-17T12:19:52.6933962Z","asset"
"godot/assets/generated_import/characters/sd_chr003_narin_combat_r27_dev/hit_sheet_01.png","636374","9f7a565cb3204d63f9fd7eff3a9a8b88078e2936f3fffaa4255d37f3ba484748","2026-08-17T12:14:57.3477096Z","asset"
"godot/assets/generated_import/characters/sd_chr003_narin_combat_r27_dev/hit_sheet_01.png.import","1006","06a1c70159e0dc908034864f9b0beb84a47025ccc8a23a98f16d3e4eb650d853","2026-08-17T12:19:44.4684874Z","asset"
"godot/assets/generated_import/characters/sd_chr003_narin_combat_r27_dev/hit/hit_000.png","203558","43f24aef2e405cd74fe8647555c85ac5e523c9f95786f258d1c70219bd667481","2026-08-17T12:14:56.9257037Z","asset"
"godot/assets/generated_import/characters/sd_chr003_narin_combat_r27_dev/hit/hit_000.png.import","995","3896fc6a53700a98745fae8af29bbcabee1f92ea42e8bd5e8090c0686fea8e12","2026-08-17T12:19:52.6908807Z","asset"
"godot/assets/generated_import/characters/sd_chr003_narin_combat_r27_dev/hit/hit_001.png","207455","d20c6431e83bfae184eb572b1ca7d5c75046e0730a5d35118a745607ef481671","2026-08-17T12:14:56.9877030Z","asset"
"godot/assets/generated_import/characters/sd_chr003_narin_combat_r27_dev/hit/hit_001.png.import","994","f42ce98b25cb77512fcdd46a0c280f1cabfb9b587e21b245f02ec3c1b915ca74","2026-08-17T12:19:54.7828512Z","asset"
"godot/assets/generated_import/characters/sd_chr003_narin_combat_r27_dev/hit/hit_002.png","204518","47c11da5f44ac6c80bfa48024300ba52566c53ec91bd165a14e775ec1f341488","2026-08-17T12:14:57.0577031Z","asset"
"godot/assets/generated_import/characters/sd_chr003_narin_combat_r27_dev/hit/hit_002.png.import","995","ac21d62f7c61d6d581a133654444cdc0358bb7d6794c533891bd7025ec366770","2026-08-17T12:19:54.7888612Z","asset"
"godot/assets/generated_import/characters/sd_chr003_narin_combat_r27_dev/hit/hit_003.png","203558","43f24aef2e405cd74fe8647555c85ac5e523c9f95786f258d1c70219bd667481","2026-08-17T12:14:57.1227090Z","asset"
"godot/assets/generated_import/characters/sd_chr003_narin_combat_r27_dev/hit/hit_003.png.import","995","5d6c8daa7b172d62567cfb8e069c0cc4c74a130ac7b82fa4c6f755d98a83ec3f","2026-08-17T12:19:54.7402785Z","asset"
"godot/assets/generated_import/characters/sd_chr003_narin_combat_r27_dev/idle_sheet_01.png","1599323","9245884ac108bc97c3a1d6150df402706923e1bd3f44e2991ef56118ff6628a9","2026-08-17T12:14:48.8117020Z","asset"
"godot/assets/generated_import/characters/sd_chr003_narin_combat_r27_dev/idle_sheet_01.png.import","1009","5e52d9fde35374e85030369d28089c411355da6c568e0e87ddf1b687993008db","2026-08-17T12:19:44.4800066Z","asset"
"godot/assets/generated_import/characters/sd_chr003_narin_combat_r27_dev/idle/idle_000.png","203554","17bfec76c6c9eec8a10815236fd98ae1014b7b7a6f3f5c662415f72b3a9ca0a3","2026-08-17T12:14:47.8577093Z","asset"
"godot/assets/generated_import/characters/sd_chr003_narin_combat_r27_dev/idle/idle_000.png.import","999","32cc9744c5784805bede04fe2534b10cccb58aee7037e917c17354070a1140c0","2026-08-17T12:19:54.7322667Z","asset"
"godot/assets/generated_import/characters/sd_chr003_narin_combat_r27_dev/idle/idle_001.png","201581","3d036545e22cde1752916de14e0ef86af146c52591203f02f6e6d71c5de8c15b","2026-08-17T12:14:47.9307043Z","asset"
"godot/assets/generated_import/characters/sd_chr003_narin_combat_r27_dev/idle/idle_001.png.import","999","e360a13dc21065360d7aaf129b02feaaac85f7869c19b316dff051893b47202c","2026-08-17T12:19:54.7307619Z","asset"
"godot/assets/generated_import/characters/sd_chr003_narin_combat_r27_dev/idle/idle_002.png","201640","be3f8bd7b0bed77938a370b8ebccc31b3281f35873aa8d222298d2698afb4644","2026-08-17T12:14:48.0017083Z","asset"
"godot/assets/generated_import/characters/sd_chr003_narin_combat_r27_dev/idle/idle_002.png.import","999","9ae4b325d23f058ca1cda4dee0630905a3c394c062979d316e330adab76ed61e","2026-08-17T12:19:54.6721468Z","asset"
"godot/assets/generated_import/characters/sd_chr003_narin_combat_r27_dev/idle/idle_003.png","199467","371e920fc1f8588dc996fdeb27f4590e3a842ca4d079bc8a0128a6e48a927673","2026-08-17T12:14:48.0777022Z","asset"
"godot/assets/generated_import/characters/sd_chr003_narin_combat_r27_dev/idle/idle_003.png.import","998","7364ff967b2c44073db198a49deab66f928a692e137639b11f711dd1a4aae9b4","2026-08-17T12:19:54.6806609Z","asset"
"godot/assets/generated_import/characters/sd_chr003_narin_combat_r27_dev/idle/idle_004.png","199408","7a8c92496d44f8e0974a1c14600f4805ea4d154c4faf4a780086cb9be47ab3fb","2026-08-17T12:14:48.1567035Z","asset"
"godot/assets/generated_import/characters/sd_chr003_narin_combat_r27_dev/idle/idle_004.png.import","999","cc4091e386ff31d3a6e21286c2e5a8d0fc7f5b4e0759a5c8e3ff2c84343b6158","2026-08-17T12:19:54.6376040Z","asset"
"godot/assets/generated_import/characters/sd_chr003_narin_combat_r27_dev/idle/idle_005.png","200876","3f8b7680215875a1c183d8ff88f92eb2d8a21e66500d4a9145b3fa21f80b9237","2026-08-17T12:14:48.2237038Z","asset"
"godot/assets/generated_import/characters/sd_chr003_narin_combat_r27_dev/idle/idle_005.png.import","999","9343b80535111ef3916cd9da57f233517c07cfae3cbdeec4c605417e2081785f","2026-08-17T12:19:54.6335890Z","asset"
"godot/assets/generated_import/characters/sd_chr003_narin_combat_r27_dev/idle/idle_006.png","201162","782e26fed7b98c2f8065c00c4cd723aeb38c99b15570e934c345ca5afc61901b","2026-08-17T12:14:48.2987032Z","asset"
"godot/assets/generated_import/characters/sd_chr003_narin_combat_r27_dev/idle/idle_006.png.import","999","6a9c8c0671a18f567bab5392213fc22642db0bf65421527e3fbd7ae8c3400027","2026-08-17T12:19:54.6335890Z","asset"
"godot/assets/generated_import/characters/sd_chr003_narin_combat_r27_dev/idle/idle_007.png","203554","17bfec76c6c9eec8a10815236fd98ae1014b7b7a6f3f5c662415f72b3a9ca0a3","2026-08-17T12:14:48.3657042Z","asset"
"godot/assets/generated_import/characters/sd_chr003_narin_combat_r27_dev/idle/idle_007.png.import","998","f9e77f22e38a1ca958aea5dc31612658d9da32cf88ee2931dcf84049fa15734d","2026-08-17T12:19:54.6180510Z","asset"
"godot/assets/generated_import/characters/sd_chr003_narin_combat_r27_dev/move_sheet_01.png","2440509","b72b105364a0a181f3e1ff0b3e5e1639e1e2f0b1a08ccf1de7bf5b28683e085a","2026-08-17T12:14:50.6167044Z","asset"
"godot/assets/generated_import/characters/sd_chr003_narin_combat_r27_dev/move_sheet_01.png.import","1009","0030e478c91055ca65c2488f962e2c4d77acf1bcf0950ff8703cab908ce120db","2026-08-17T12:19:44.6723748Z","asset"
"godot/assets/generated_import/characters/sd_chr003_narin_combat_r27_dev/move/move_000.png","202593","ca3bffe6217c5acd02f367a5f5e40c7758dedfe72a70b9d981608bee80850f24","2026-08-17T12:14:48.8837019Z","asset"
"godot/assets/generated_import/characters/sd_chr003_narin_combat_r27_dev/move/move_000.png.import","999","8febf02cd2311436e545bbeeb14179405a49ff9edf9e92adb197dfdd980a0f77","2026-08-17T12:19:54.6020135Z","asset"
"godot/assets/generated_import/characters/sd_chr003_narin_combat_r27_dev/move/move_001.png","205277","b7cd233b5a2ca710473a297d9355c7e2d8d9e30155ba1443711fbd8c9b2df875","2026-08-17T12:14:48.9777036Z","asset"
"godot/assets/generated_import/characters/sd_chr003_narin_combat_r27_dev/move/move_001.png.import","999","d13bfb1ed94e0d7a634b6103fa1e9f6e13a511ac3d0713ae76c70e32b4635349","2026-08-17T12:19:54.5704627Z","asset"
"godot/assets/generated_import/characters/sd_chr003_narin_combat_r27_dev/move/move_002.png","204871","f7ccdf9d671681d72db342ed77214257ccad3d3ec2f314269a044d6effef6c66","2026-08-17T12:14:49.0837096Z","asset"
"godot/assets/generated_import/characters/sd_chr003_narin_combat_r27_dev/move/move_002.png.import","999","df57be3e2db0b4c74df796663f84383a126a78e031233786249bbf4d7aa83fe4","2026-08-17T12:19:54.5434283Z","asset"
"godot/assets/generated_import/characters/sd_chr003_narin_combat_r27_dev/move/move_003.png","203979","1810b46d279a8eef19251b5e41742723ed3fb77c7519be65114164afdb9e2482","2026-08-17T12:14:49.1847120Z","asset"
"godot/assets/generated_import/characters/sd_chr003_narin_combat_r27_dev/move/move_003.png.import","999","38fa951a2bafe21a038d2ec9c09c520e293b49bc817a207e6a44274d394c23fb","2026-08-17T12:19:54.5228746Z","asset"
"godot/assets/generated_import/characters/sd_chr003_narin_combat_r27_dev/move/move_004.png","204477","9e61ba52302d87d82b0d48e6f22599a5579a3c3513525c5f7f64e6f8dcd4e434","2026-08-17T12:14:49.2787071Z","asset"
"godot/assets/generated_import/characters/sd_chr003_narin_combat_r27_dev/move/move_004.png.import","999","66934609e383892518092d38daa847f7daab0baab44efbcbf9ffa0879a435792","2026-08-17T12:19:54.5143668Z","asset"
"godot/assets/generated_import/characters/sd_chr003_narin_combat_r27_dev/move/move_005.png","204241","52a6910debdea8c4b2fe6f843c94e32fd4a3114e151f4e5f43a279f4fe62f131","2026-08-17T12:14:49.3717087Z","asset"
"godot/assets/generated_import/characters/sd_chr003_narin_combat_r27_dev/move/move_005.png.import","999","947c54e22f49dc25dd22b1a6fdf1776a85adc7e32cec06c1afdff9869b966a63","2026-08-17T12:19:54.5108516Z","asset"
"godot/assets/generated_import/characters/sd_chr003_narin_combat_r27_dev/move/move_006.png","204539","580079c9abf0dd110a943a92adf4f75b5656174af8e902fd089b58e6e4934c3d","2026-08-17T12:14:49.4707024Z","asset"
"godot/assets/generated_import/characters/sd_chr003_narin_combat_r27_dev/move/move_006.png.import","999","cddc5e94fd8de0b2a479c6f5e82ff921121bf58a1bf4923e03e86acbd7184002","2026-08-17T12:19:54.4993344Z","asset"
"godot/assets/generated_import/characters/sd_chr003_narin_combat_r27_dev/move/move_007.png","205519","fc42898c516ff8e928044c9bde5be4899fa886bce2059dee315d273c5109c16b","2026-08-17T12:14:49.5687037Z","asset"
"godot/assets/generated_import/characters/sd_chr003_narin_combat_r27_dev/move/move_007.png.import","999","a63607a10a0bf14ea9d63ea4e3f1a38dea6bdb5b23d373e3711a4bfeec8e9079","2026-08-17T12:19:54.4878110Z","asset"
"godot/assets/generated_import/characters/sd_chr003_narin_combat_r27_dev/move/move_008.png","204463","4b9f1f12ffbe62b6f1ba4658a8ab6978204c07787a8715f122ab8c6ffcc5f69d","2026-08-17T12:14:49.6707023Z","asset"
"godot/assets/generated_import/characters/sd_chr003_narin_combat_r27_dev/move/move_008.png.import","999","3776e42e6f6993a88e68b294482e1f48eea33cbc0af019870e468e9ec29271bb","2026-08-17T12:19:54.4752805Z","asset"
"godot/assets/generated_import/characters/sd_chr003_narin_combat_r27_dev/move/move_009.png","204503","c5532d7fcefd3a5c0c3eca0840f429b3b1d015b7eb37afee349d877cdb5fc7d8","2026-08-17T12:14:49.7727028Z","asset"
"godot/assets/generated_import/characters/sd_chr003_narin_combat_r27_dev/move/move_009.png.import","999","4fffc673262a1afa0a43e0144244a86b2c99f1d7a29037321031548cdd4ea563","2026-08-17T12:19:54.4146617Z","asset"
"godot/assets/generated_import/characters/sd_chr003_narin_combat_r27_dev/move/move_010.png","204333","b7f12e68f07247cefa24539c858b26b200029c473d9127ae0ce18aecd3443c29","2026-08-17T12:14:49.8677025Z","asset"
"godot/assets/generated_import/characters/sd_chr003_narin_combat_r27_dev/move/move_010.png.import","998","2ad9cd884d3edd2a37f22a3c9e7014cb64fc3a6de0189004320a57d7ebf36a01","2026-08-17T12:19:54.4231824Z","asset"
"godot/assets/generated_import/characters/sd_chr003_narin_combat_r27_dev/move/move_011.png","202593","ca3bffe6217c5acd02f367a5f5e40c7758dedfe72a70b9d981608bee80850f24","2026-08-17T12:14:49.9377111Z","asset"
"godot/assets/generated_import/characters/sd_chr003_narin_combat_r27_dev/move/move_011.png.import","999","9428af53ccb0b40a100c18157932de23adb1bd39b5dbbfe59ef930ccd79031ec","2026-08-17T12:19:54.3795793Z","asset"
"godot/assets/generated_import/characters/sd_chr003_narin_combat_r27_dev/normal_skill_sheet_01.png","2558146","1e7ce2b3e27179d77cde8bfe3c5bc0d7d596fc73721ea9cc6d154b356b106b86","2026-08-17T12:14:53.6407082Z","asset"
"godot/assets/generated_import/characters/sd_chr003_narin_combat_r27_dev/normal_skill_sheet_01.png.import","1032","1fb7a4f5a6045208bb5fb20975c10fdd3f591247ee420a4f81835cd9c203e1fb","2026-08-17T12:19:44.4760067Z","asset"
"godot/assets/generated_import/characters/sd_chr003_narin_combat_r27_dev/normal_skill/normal_skill_000.png","213300","1a9f61ff7f20f5a3e1cdc8b66810b96ed2d394d74adc5d33710d6627d1efd29a","2026-08-17T12:14:51.8507223Z","asset"
"godot/assets/generated_import/characters/sd_chr003_narin_combat_r27_dev/normal_skill/normal_skill_000.png.import","1031","05b10ff18c9a7c8ca495adaaeed24c549d0a3d5848d29fb5231b591f559ee606","2026-08-17T12:19:54.3795793Z","asset"
"godot/assets/generated_import/characters/sd_chr003_narin_combat_r27_dev/normal_skill/normal_skill_001.png","213525","6c8949988816a82186e0ca22809033169a008b353968d924d474080d8a226802","2026-08-17T12:14:51.9427074Z","asset"
"godot/assets/generated_import/characters/sd_chr003_narin_combat_r27_dev/normal_skill/normal_skill_001.png.import","1031","bd3bb3d95cfff9dac253366d36d511156462e31c9bd96a5c806e5ecf56703a55","2026-08-17T12:19:54.4081307Z","asset"
"godot/assets/generated_import/characters/sd_chr003_narin_combat_r27_dev/normal_skill/normal_skill_002.png","215855","cd98ca274bdc3c9495768301755600a66bca2fa527c81214ec389dce95b260d3","2026-08-17T12:14:52.0437113Z","asset"
"godot/assets/generated_import/characters/sd_chr003_narin_combat_r27_dev/normal_skill/normal_skill_002.png.import","1031","4e49f78abc88f4d8690a0ad41da540315d72ac82e310907bf4dfef25e0428d9b","2026-08-17T12:19:54.3555447Z","asset"
"godot/assets/generated_import/characters/sd_chr003_narin_combat_r27_dev/normal_skill/normal_skill_003.png","217438","90dcee07cea14e497fa562960fb04986d624e013e28cf34a4ca319420632ddf5","2026-08-17T12:14:52.1427088Z","asset"
"godot/assets/generated_import/characters/sd_chr003_narin_combat_r27_dev/normal_skill/normal_skill_003.png.import","1031","3dc0df622395bb763d6612eceb9875bbdad69acda4021b25d3e6320f73f58ac8","2026-08-17T12:19:54.3309889Z","asset"
"godot/assets/generated_import/characters/sd_chr003_narin_combat_r27_dev/normal_skill/normal_skill_004.png","217888","3699debd778681eee9febb6ece96d68c2d4d397e75b791c1f884fc222c9c9f68","2026-08-17T12:14:52.2467028Z","asset"
"godot/assets/generated_import/characters/sd_chr003_narin_combat_r27_dev/normal_skill/normal_skill_004.png.import","1031","3e5beaca19e54545d3f1e9c80393840c087a1441e073a473f213a7754792c28f","2026-08-17T12:19:54.2798908Z","asset"
"godot/assets/generated_import/characters/sd_chr003_narin_combat_r27_dev/normal_skill/normal_skill_005.png","217199","f68a19d96f82e8a669a0c70b77872a7446a0d5f4c1133a4aad9200fad51149bb","2026-08-17T12:14:52.3427035Z","asset"
"godot/assets/generated_import/characters/sd_chr003_narin_combat_r27_dev/normal_skill/normal_skill_005.png.import","1030","38e4c58828639cd0031662aa7e301d9348746f97ffa0b94526db6a3fa0fc8c95","2026-08-17T12:19:43.0658087Z","asset"
"godot/assets/generated_import/characters/sd_chr003_narin_combat_r27_dev/normal_skill/normal_skill_006.png","216534","8a9bd0e65489af0b4f84242ce6b023a121e9b0f7283715e842aabec7ec1a9cb0","2026-08-17T12:14:52.4467040Z","asset"
"godot/assets/generated_import/characters/sd_chr003_narin_combat_r27_dev/normal_skill/normal_skill_006.png.import","1031","230182714d12e92cf7eaab8a115b1ac0a16e51ff96f77c84dc291896ce1bcad7","2026-08-17T12:19:43.0257489Z","asset"
"godot/assets/generated_import/characters/sd_chr003_narin_combat_r27_dev/normal_skill/normal_skill_007.png","218556","10f84a7e3a7e303a8f36589a0a661b6f36a7720ea773136c6049e875a08f205a","2026-08-17T12:14:52.5587020Z","asset"
"godot/assets/generated_import/characters/sd_chr003_narin_combat_r27_dev/normal_skill/normal_skill_007.png.import","1031","7e53b1ed873af4678f510249c3305e6a0fa5fe8144c9bb320dc2a9a119a0220f","2026-08-17T12:19:43.0042060Z","asset"
"godot/assets/generated_import/characters/sd_chr003_narin_combat_r27_dev/normal_skill/normal_skill_008.png","212881","73e10e3d586a476996b6dcd761fe7e68ab56c65e72d14bf4ef17a0f692b02630","2026-08-17T12:14:52.6577103Z","asset"
"godot/assets/generated_import/characters/sd_chr003_narin_combat_r27_dev/normal_skill/normal_skill_008.png.import","1031","7840a9c950e3ed7e7ae7bd8805e0ed38ac7a84b38fe345e286553972e8280dc8","2026-08-17T12:19:42.9911672Z","asset"
"godot/assets/generated_import/characters/sd_chr003_narin_combat_r27_dev/normal_skill/normal_skill_009.png","209788","2a42619101141d54c47c7d62ffd913cd2c8fe05e7554542c37a944472b230fde","2026-08-17T12:14:52.7617081Z","asset"
"godot/assets/generated_import/characters/sd_chr003_narin_combat_r27_dev/normal_skill/normal_skill_009.png.import","1031","105183b2ba7fb4ce3561d16295c796869acdc81a9e75168e3ca28e8ecdee479d","2026-08-17T12:19:42.9335743Z","asset"
"godot/assets/generated_import/characters/sd_chr003_narin_combat_r27_dev/normal_skill/normal_skill_010.png","206478","fa43734e2979fec1fb5b00b3e633bcf325d6b647df7d360b5162b9804fa5a7af","2026-08-17T12:14:52.8617098Z","asset"
"godot/assets/generated_import/characters/sd_chr003_narin_combat_r27_dev/normal_skill/normal_skill_010.png.import","1031","1a0370a3467cc2eddbb18129999e2e6e00dbfa942fe618c69de81ce30809641d","2026-08-17T12:19:42.9110287Z","asset"
"godot/assets/generated_import/characters/sd_chr003_narin_combat_r27_dev/normal_skill/normal_skill_011.png","204868","085e46dabc1f1e8b46f834c4fec017017eb68e6e25fe717b2c33fb885e9d5af3","2026-08-17T12:14:52.9537213Z","asset"
"godot/assets/generated_import/characters/sd_chr003_narin_combat_r27_dev/normal_skill/normal_skill_011.png.import","1031","13569b6b89048fa99ad4dcc4b3549b6dbfac107f18a96a5d9e1721b3a9ffd8ef","2026-08-17T12:19:42.9300620Z","asset"
"godot/assets/generated_import/characters/sd_chr003_narin_combat_r27_dev/ultimate_sheet_01.png","3471233","94b215766ba206cc05d0b013fbbc495f15dc74e496891f7588d951a4383da69f","2026-08-17T12:14:56.6847019Z","asset"
"godot/assets/generated_import/characters/sd_chr003_narin_combat_r27_dev/ultimate_sheet_01.png.import","1021","f5f5e7034324e32991e2c7670654a3898c47d26b530fcff3ba3949300a4220f7","2026-08-17T12:19:44.6383106Z","asset"
"godot/assets/generated_import/characters/sd_chr003_narin_combat_r27_dev/ultimate_sheet_02.png","433240","d0ea834c34dfcd01b0840792f7668b56664a4cf391e44ce71f336a312e6e4817","2026-08-17T12:14:56.8617096Z","asset"
"godot/assets/generated_import/characters/sd_chr003_narin_combat_r27_dev/ultimate_sheet_02.png.import","1021","d1ba593ce7666a6d24ce8aabc8ee7346480b4e0ca07c910e56d677445ebca14f","2026-08-17T12:19:44.3887933Z","asset"
"godot/assets/generated_import/characters/sd_chr003_narin_combat_r27_dev/ultimate/ultimate_000.png","216058","e90b7089cc209f3e1a847e6c9a8d960b5039cca2c30fdef358d78d607b0f6468","2026-08-17T12:14:53.7347083Z","asset"
"godot/assets/generated_import/characters/sd_chr003_narin_combat_r27_dev/ultimate/ultimate_000.png.import","1015","944e2d34681dce126e14e0accfb3eeed622cdc506b482c15a1fa1e8612df5cfa","2026-08-17T12:19:42.9085190Z","asset"
"godot/assets/generated_import/characters/sd_chr003_narin_combat_r27_dev/ultimate/ultimate_001.png","215407","90c5ed3e4d0c14503f86c62e7b3be8e1ae382a4e7e16d5a1d5476db1fabf44ca","2026-08-17T12:14:53.8417043Z","asset"
"godot/assets/generated_import/characters/sd_chr003_narin_combat_r27_dev/ultimate/ultimate_001.png.import","1014","36bfd5b946dab3304b3227f41176e8bfa3146282b7d935a9049830effe0b5cbe","2026-08-17T12:19:42.8979999Z","asset"
"godot/assets/generated_import/characters/sd_chr003_narin_combat_r27_dev/ultimate/ultimate_002.png","217745","90cb2dc22c8c83bc0706e876192a8de1781f655162bf93042d44a49a6621a22e","2026-08-17T12:14:53.9717077Z","asset"
"godot/assets/generated_import/characters/sd_chr003_narin_combat_r27_dev/ultimate/ultimate_002.png.import","1014","6cdbcc6b896d9e847a3efa0e64b77c82c978dee8e31ba9ef39b2000cfa588460","2026-08-17T12:19:42.9100225Z","asset"
"godot/assets/generated_import/characters/sd_chr003_narin_combat_r27_dev/ultimate/ultimate_003.png","219850","7da563a9371c3e5212138caa1ace348ea13b4addc0ed41f1f04aba0b2a8f3185","2026-08-17T12:14:54.1107073Z","asset"
"godot/assets/generated_import/characters/sd_chr003_narin_combat_r27_dev/ultimate/ultimate_003.png.import","1015","49ec85bdf5efcb5e3144649a723dea242b6c148b77ec0e897eb7b8c842c12924","2026-08-17T12:19:42.8864827Z","asset"
"godot/assets/generated_import/characters/sd_chr003_narin_combat_r27_dev/ultimate/ultimate_004.png","221041","520e4b908397f004a5158a9019e54fd0b6f196e3d214ca3cbeceabeec38802dd","2026-08-17T12:14:54.2287093Z","asset"
"godot/assets/generated_import/characters/sd_chr003_narin_combat_r27_dev/ultimate/ultimate_004.png.import","1014","3cfbae3960eb81ab5c0a2c654610cafe50c0a1be058c7ac37675f58056090041","2026-08-17T12:19:42.8444196Z","asset"
"godot/assets/generated_import/characters/sd_chr003_narin_combat_r27_dev/ultimate/ultimate_005.png","221913","087e8088fb13830dbe60c688ca1b3ce2b59c2a599d0ae090e9b0888e039a9760","2026-08-17T12:14:54.3357036Z","asset"
"godot/assets/generated_import/characters/sd_chr003_narin_combat_r27_dev/ultimate/ultimate_005.png.import","1014","c694d2f78d8de30c4cec5e6e068203ee4a60f54f3f2fccd120d674af4123f099","2026-08-17T12:19:42.8283861Z","asset"
"godot/assets/generated_import/characters/sd_chr003_narin_combat_r27_dev/ultimate/ultimate_006.png","222244","2f2c80e5d8452d1d86c1984d69da678f60e5338a72c116de6f9163a55fb3c58f","2026-08-17T12:14:54.4427030Z","asset"
"godot/assets/generated_import/characters/sd_chr003_narin_combat_r27_dev/ultimate/ultimate_006.png.import","1015","4bb15cd69161ee92b2e393197e883c4f085c8658957cde4ddac5b796c7255a8c","2026-08-17T12:19:42.7878132Z","asset"
"godot/assets/generated_import/characters/sd_chr003_narin_combat_r27_dev/ultimate/ultimate_007.png","221203","b684341e7f7752422f2efad328a53b20c88e634dc4135c0e3b3bb6eeeca3d5b4","2026-08-17T12:14:54.5617083Z","asset"
"godot/assets/generated_import/characters/sd_chr003_narin_combat_r27_dev/ultimate/ultimate_007.png.import","1014","b439b3408a6230b21821b508dca9ce5b9b5ca24aaca0807f7812fc863bd8b921","2026-08-17T12:19:42.7677731Z","asset"
"godot/assets/generated_import/characters/sd_chr003_narin_combat_r27_dev/ultimate/ultimate_008.png","220770","662d80472934edf4d024888ead14994b4d7686eb50d5eca6e3b366805d633d6c","2026-08-17T12:14:54.6757053Z","asset"
"godot/assets/generated_import/characters/sd_chr003_narin_combat_r27_dev/ultimate/ultimate_008.png.import","1015","301dc965524e1a80d51c1e49697ebf862cb1d8f8bd9fec04bf135eeb7eb195d4","2026-08-17T12:19:42.7522426Z","asset"
"godot/assets/generated_import/characters/sd_chr003_narin_combat_r27_dev/ultimate/ultimate_009.png","220046","3528c4b999fbadda11b335c1de73a2e71d6cd64f2443523f1e6cb9c174220596","2026-08-17T12:14:54.8027032Z","asset"
"godot/assets/generated_import/characters/sd_chr003_narin_combat_r27_dev/ultimate/ultimate_009.png.import","1015","a78864ad87dd00c3d82d0cfe8baf3b3de3e660ff5d56166757e46d6f50e0a7be","2026-08-17T12:19:42.7477377Z","asset"
"godot/assets/generated_import/characters/sd_chr003_narin_combat_r27_dev/ultimate/ultimate_010.png","218897","2296225967b60668b755885ff5c0d6c36ba7082d858f0e03da62c5e21488f593","2026-08-17T12:14:54.9357038Z","asset"
"godot/assets/generated_import/characters/sd_chr003_narin_combat_r27_dev/ultimate/ultimate_010.png.import","1015","3b32bfa81aa1d120543e19358ac65f9854103433aed5996e6c6689b03de2c688","2026-08-17T12:19:42.7382224Z","asset"
"godot/assets/generated_import/characters/sd_chr003_narin_combat_r27_dev/ultimate/ultimate_011.png","221369","7a5a6a81f15c7a5a11a382f13872c2c525fb8c02cf3aa25fdea134d20d7a6b57","2026-08-17T12:14:55.0837037Z","asset"
"godot/assets/generated_import/characters/sd_chr003_narin_combat_r27_dev/ultimate/ultimate_011.png.import","1015","87bce6587d610d2dbb93bdbb2216841c47aa466198bf0bc37680986dd3591920","2026-08-17T12:19:42.7427281Z","asset"
"godot/assets/generated_import/characters/sd_chr003_narin_combat_r27_dev/ultimate/ultimate_012.png","216463","3b231b33e17f57cc845a7984a53c71deadfcc1bd7e2f5b809ddc376557bd5686","2026-08-17T12:14:55.2137078Z","asset"
"godot/assets/generated_import/characters/sd_chr003_narin_combat_r27_dev/ultimate/ultimate_012.png.import","1014","2754dff46cb59416a711a5a1f6d930c4332d2c6499e629a544625e95be7ea2f1","2026-08-17T12:19:42.6901241Z","asset"
"godot/assets/generated_import/characters/sd_chr003_narin_combat_r27_dev/ultimate/ultimate_013.png","214168","96d4741808634b33a905af0173f17f14e0c44d389395c750bda2784eef6ef92a","2026-08-17T12:14:55.3197091Z","asset"
"godot/assets/generated_import/characters/sd_chr003_narin_combat_r27_dev/ultimate/ultimate_013.png.import","1015","f37cfdd90ee4ea20e01e734799051e712f3f7a9f8e2b1a295a94003b894ac167","2026-08-17T12:19:42.6480593Z","asset"
"godot/assets/generated_import/characters/sd_chr003_narin_combat_r27_dev/ultimate/ultimate_014.png","212031","ca00e3da51687473b62601a7baa271c9f70df251dbec5c1da097f7a7ca671e05","2026-08-17T12:14:55.4167038Z","asset"
"godot/assets/generated_import/characters/sd_chr003_narin_combat_r27_dev/ultimate/ultimate_014.png.import","1014","7fa31f6f88472a911956dc848f9c9c0b27b948324e31adc42d32bb68969e00a1","2026-08-17T12:19:42.6796070Z","asset"
"godot/assets/generated_import/characters/sd_chr003_narin_combat_r27_dev/ultimate/ultimate_015.png","209143","85013b3a01436dd8adaa908dac4b082d8a9100f3f0ae2ebd7b98b32fa8b56305","2026-08-17T12:14:55.5167097Z","asset"
"godot/assets/generated_import/characters/sd_chr003_narin_combat_r27_dev/ultimate/ultimate_015.png.import","1015","6482c728cb3f8644f7f9477ca0fd15551c1f286689e5e48ae807e58edf324b19","2026-08-17T12:19:42.6841253Z","asset"
"godot/assets/generated_import/characters/sd_chr003_narin_combat_r27_dev/ultimate/ultimate_016.png","206309","dc356f99ed472ab27783efbe9e29d58414db1fc543b4db656a632d38142d8473","2026-08-17T12:14:55.6217111Z","asset"
"godot/assets/generated_import/characters/sd_chr003_narin_combat_r27_dev/ultimate/ultimate_016.png.import","1015","05b714743b6201fe6795954f5294f67f4af5f48f9dfbfbcfabb5ea9b46331508","2026-08-17T12:19:42.6054794Z","asset"
"godot/assets/generated_import/characters/sd_chr003_narin_combat_r27_dev/ultimate/ultimate_017.png","206015","ab90caf1acc472a0f93f41a410be2da3c71dd276db53b32ba7693520113f5185","2026-08-17T12:14:55.7117090Z","asset"
"godot/assets/generated_import/characters/sd_chr003_narin_combat_r27_dev/ultimate/ultimate_017.png.import","1014","69bc7c095f3d6c1faa16dc56e1439fd5fef2ecc097ea96b4f29e6efab0b4347f","2026-08-17T12:19:42.5789237Z","asset"
"godot/assets/generated_import/characters/sd_chr003_narin_combat_r27_dev/victory_sheet_01.png","2079866","cb229443304b64140e3daf64616f32e10d0e2d1cf2ab78f94f042c79750f4c33","2026-08-17T12:14:59.5027075Z","asset"
"godot/assets/generated_import/characters/sd_chr003_narin_combat_r27_dev/victory_sheet_01.png.import","1018","f2b0c72057d774278fd44e8ce8addd0d9ad85d5fb1c1995b3ccb993cad460d39","2026-08-17T12:19:44.3867877Z","asset"
"godot/assets/generated_import/characters/sd_chr003_narin_combat_r27_dev/victory/victory_000.png","203558","43f24aef2e405cd74fe8647555c85ac5e523c9f95786f258d1c70219bd667481","2026-08-17T12:14:58.2737097Z","asset"
"godot/assets/generated_import/characters/sd_chr003_narin_combat_r27_dev/victory/victory_000.png.import","1011","ae9902f8bfa5414ad071303ab94ff0bf24eaa24e726c8ffadc41e065fa9dd3a7","2026-08-17T12:19:42.5919465Z","asset"
"godot/assets/generated_import/characters/sd_chr003_narin_combat_r27_dev/victory/victory_001.png","206647","a7b9b4cd2970d5390f9d833649838dc58204225f687bf3937fa18c4dcf321cd5","2026-08-17T12:14:58.3497027Z","asset"
"godot/assets/generated_import/characters/sd_chr003_narin_combat_r27_dev/victory/victory_001.png.import","1011","b72aeb18a0fdcadf0011789467ab0c74efb3132b77d294b786849ad602bdd70a","2026-08-17T12:19:42.5949590Z","asset"
"godot/assets/generated_import/characters/sd_chr003_narin_combat_r27_dev/victory/victory_002.png","209527","3bb127bd007d5143c0a332af38d4c4bfe9cc5c3bd17fe575b5d1bd3dcee41138","2026-08-17T12:14:58.4227094Z","asset"
"godot/assets/generated_import/characters/sd_chr003_narin_combat_r27_dev/victory/victory_002.png.import","1010","173c61fcb0004f54468cde443935a417a3ea43d7e2059585406557c1c17abbea","2026-08-17T12:19:42.6024672Z","asset"
"godot/assets/generated_import/characters/sd_chr003_narin_combat_r27_dev/victory/victory_003.png","208573","cd72317fe8ba28dcc779e95f1884a55a2a0b21a69370fd0415ff4615a7aa76b9","2026-08-17T12:14:58.4957053Z","asset"
"godot/assets/generated_import/characters/sd_chr003_narin_combat_r27_dev/victory/victory_003.png.import","1011","b3da2c417e0a414d6c80034983e1f4228a5b6d0c257ad4d2c871450bacda0f4d","2026-08-17T12:19:44.7004212Z","asset"
"godot/assets/generated_import/characters/sd_chr003_narin_combat_r27_dev/victory/victory_004.png","203523","426764481a2b6bf82382524ba22f4117b7afe8115f4637e713e121c7321f911a","2026-08-17T12:14:58.5737079Z","asset"
"godot/assets/generated_import/characters/sd_chr003_narin_combat_r27_dev/victory/victory_004.png.import","1010","b351bb83db87ed635de9f1db9f281a3156fa6594f76e05fb79f3aa9246e5b56c","2026-08-17T12:19:44.6648696Z","asset"
"godot/assets/generated_import/characters/sd_chr003_narin_combat_r27_dev/victory/victory_005.png","204370","287966d747a47c8ff962d8e3855e05be7c1046a27fc9def8bacc794c0b43d5ab","2026-08-17T12:14:58.6447020Z","asset"
"godot/assets/generated_import/characters/sd_chr003_narin_combat_r27_dev/victory/victory_005.png.import","1011","1c6b7c0a0d23bec2bdf1b11159944636378c6e442f1f78f796c6ed953a5602c1","2026-08-17T12:19:44.7279834Z","asset"
"godot/assets/generated_import/characters/sd_chr003_narin_combat_r27_dev/victory/victory_006.png","210587","d58656a44f749c47a263506672bef4f2ffca8765148c28e13493aae64ab63b1a","2026-08-17T12:14:58.7137079Z","asset"
"godot/assets/generated_import/characters/sd_chr003_narin_combat_r27_dev/victory/victory_006.png.import","1011","b78ed06e4099efd2b96789cda20088252b7b8a07c6a39c0facb522b493fe3605","2026-08-17T12:19:44.6247965Z","asset"
"godot/assets/generated_import/characters/sd_chr003_narin_combat_r27_dev/victory/victory_007.png","211667","0266cffcd3d6f2e0d65cf0f48ea43d4a05781836cf967471d2991f45a22cf652","2026-08-17T12:14:58.7887036Z","asset"
"godot/assets/generated_import/characters/sd_chr003_narin_combat_r27_dev/victory/victory_007.png.import","1011","e574811dda78311fefd9a6a07fda68fa00634a70c7c1c2ba0ac2192161221af4","2026-08-17T12:19:44.6533439Z","asset"
"godot/assets/generated_import/characters/sd_chr003_narin_combat_r27_dev/victory/victory_008.png","207925","4d0ccfdb4ad96864ea17f4580937d2fc81eee692af5149e21f88b27585e719da","2026-08-17T12:14:58.8647038Z","asset"
"godot/assets/generated_import/characters/sd_chr003_narin_combat_r27_dev/victory/victory_008.png.import","1010","7f2e1d22218bba1c009332a215450c42e16328ac9a2b681f750589b70a5d14bb","2026-08-17T12:19:44.5476402Z","asset"
"godot/assets/generated_import/characters/sd_chr003_narin_combat_r27_dev/victory/victory_009.png","203558","43f24aef2e405cd74fe8647555c85ac5e523c9f95786f258d1c70219bd667481","2026-08-17T12:14:58.9297020Z","asset"
"godot/assets/generated_import/characters/sd_chr003_narin_combat_r27_dev/victory/victory_009.png.import","1011","199378dd27c80a04befa72a97a86defaf3af0c672653663f8b1a0c623ee22073","2026-08-17T12:19:44.5266024Z","asset"
"godot/assets/generated_import/characters/sd_chr004_eda_combat_r27_dev/animation_manifest.json","22263","521c8f2b29a56659f5d62e6e7ff0bfe2c5e117fd01a2cdbd8e37e70c7799fec0","2026-08-17T12:15:00.1807036Z","asset"
"godot/assets/generated_import/characters/sd_chr004_eda_combat_r27_dev/basic_attack_sheet_01.png","1692542","8d85528cf64543e14fa6addd1d2b4521aa08bc8e081d2d27cf976fa3224466f9","2026-08-17T12:14:52.2297084Z","asset"
"godot/assets/generated_import/characters/sd_chr004_eda_combat_r27_dev/basic_attack_sheet_01.png.import","1031","8a928207815035bbb33b196240f2785886a9fe7b99b96b71875ed0a0e863245a","2026-08-17T12:19:48.8511161Z","asset"
"godot/assets/generated_import/characters/sd_chr004_eda_combat_r27_dev/basic_attack/basic_attack_000.png","215244","4579f81ff196fb322c48bb7e307d91e47cae6d7bd1932ff2e782d6ea977d23c9","2026-08-17T12:14:51.1477109Z","asset"
"godot/assets/generated_import/characters/sd_chr004_eda_combat_r27_dev/basic_attack/basic_attack_000.png.import","1029","a00ac6ae0c9ee26553bfe9aecd18320c2050e7a8172717f02fc7e5991fa2a21d","2026-08-17T12:19:43.2406317Z","asset"
"godot/assets/generated_import/characters/sd_chr004_eda_combat_r27_dev/basic_attack/basic_attack_001.png","216594","1624a1b0ba04810d4b0b700c38ce8a4c46cf92a210d0d9c47896c6e6eea68429","2026-08-17T12:14:51.2187085Z","asset"
"godot/assets/generated_import/characters/sd_chr004_eda_combat_r27_dev/basic_attack/basic_attack_001.png.import","1029","c5a1f219aaee8c802d3528847969c1d818f8bf8cc3a7db23f5b540297d1e6ebe","2026-08-17T12:19:43.2251142Z","asset"
"godot/assets/generated_import/characters/sd_chr004_eda_combat_r27_dev/basic_attack/basic_attack_002.png","219353","742d09bcf3921a692504b8a8b55c8dba6de787344d887f772b48acf87406d7b1","2026-08-17T12:14:51.3047141Z","asset"
"godot/assets/generated_import/characters/sd_chr004_eda_combat_r27_dev/basic_attack/basic_attack_002.png.import","1028","d1669df80b74e5013d0bf470321eb78c68b1710eba1577f78bb4414b2f00e1a7","2026-08-17T12:19:43.2155993Z","asset"
"godot/assets/generated_import/characters/sd_chr004_eda_combat_r27_dev/basic_attack/basic_attack_003.png","217270","483d19b8debaccbcd2f83c0da98f1c24a4dc08082f6a80dbf1f3e370d3dc93de","2026-08-17T12:14:51.4027026Z","asset"
"godot/assets/generated_import/characters/sd_chr004_eda_combat_r27_dev/basic_attack/basic_attack_003.png.import","1029","0eb24bcd97dc9257ee0373ef4fbc5d346c9c498905edaa01fa8805cb44081869","2026-08-17T12:19:43.2120819Z","asset"
"godot/assets/generated_import/characters/sd_chr004_eda_combat_r27_dev/basic_attack/basic_attack_004.png","229021","b051e2b14c6b12425f1dcda3432ca9546d75433df8e58c28b6794f57114496e8","2026-08-17T12:14:51.5067033Z","asset"
"godot/assets/generated_import/characters/sd_chr004_eda_combat_r27_dev/basic_attack/basic_attack_004.png.import","1029","a67c55444091e5b24ad5dd8513201030d98bc940d9358d4c135b693a964baf65","2026-08-17T12:19:43.2000528Z","asset"
"godot/assets/generated_import/characters/sd_chr004_eda_combat_r27_dev/basic_attack/basic_attack_005.png","226243","653b3e5d43b3dde25ab28f56ac00ba33a1338d2e15981fa8bcae4ea5c6f67010","2026-08-17T12:14:51.6167122Z","asset"
"godot/assets/generated_import/characters/sd_chr004_eda_combat_r27_dev/basic_attack/basic_attack_005.png.import","1029","a5ad9c7613e520b1d82753f31e3e1da5826735e56595354cd092f07c0b10be34","2026-08-17T12:19:43.1519485Z","asset"
"godot/assets/generated_import/characters/sd_chr004_eda_combat_r27_dev/basic_attack/basic_attack_006.png","219236","5f5a7abe878e5387e26eccbae53ca70656cdff3996a1891062aa77e46ff93969","2026-08-17T12:14:51.7097040Z","asset"
"godot/assets/generated_import/characters/sd_chr004_eda_combat_r27_dev/basic_attack/basic_attack_006.png.import","1028","6d6c3c79ce344c718b02d08f8deae0ebc7fc4be01949aec041d6d2e4d019c22b","2026-08-17T12:19:43.0993661Z","asset"
"godot/assets/generated_import/characters/sd_chr004_eda_combat_r27_dev/basic_attack/basic_attack_007.png","215244","4579f81ff196fb322c48bb7e307d91e47cae6d7bd1932ff2e782d6ea977d23c9","2026-08-17T12:14:51.7727105Z","asset"
"godot/assets/generated_import/characters/sd_chr004_eda_combat_r27_dev/basic_attack/basic_attack_007.png.import","1029","9e0986f1f4c5e69446b21c96c509dd2ca31844b3485d310013360ee6b8373c0f","2026-08-17T12:19:43.0743286Z","asset"
"godot/assets/generated_import/characters/sd_chr004_eda_combat_r27_dev/combat_base_512.png","215247","bb00ceed9aeb6d2f9f238c89b18862e73e49af6e3e20ebf37823e60fe7e94e1e","2026-08-17T12:14:48.1907025Z","asset"
"godot/assets/generated_import/characters/sd_chr004_eda_combat_r27_dev/combat_base_512.png.import","1013","e32d8599171aeebcd0ab0d5e5dc63e0dd08f63763cb3630968dee27b714d054a","2026-08-17T12:19:47.3905820Z","asset"
"godot/assets/generated_import/characters/sd_chr004_eda_combat_r27_dev/down_sheet_01.png","1291952","ddb38b0ac94abb9c3ff4b0236781ce8c79512492642ea8fede29bca9ccd866ff","2026-08-17T12:14:58.9007039Z","asset"
"godot/assets/generated_import/characters/sd_chr004_eda_combat_r27_dev/down_sheet_01.png.import","1006","82b50b4bd20c5ee7e2bf2fc0d196bdbf185f7f16e9389977fa8c2d641a21c917","2026-08-17T12:19:48.5129751Z","asset"
"godot/assets/generated_import/characters/sd_chr004_eda_combat_r27_dev/down/down_000.png","215244","4579f81ff196fb322c48bb7e307d91e47cae6d7bd1932ff2e782d6ea977d23c9","2026-08-17T12:14:58.0757029Z","asset"
"godot/assets/generated_import/characters/sd_chr004_eda_combat_r27_dev/down/down_000.png.import","997","1d4b4487a2c4716533105cf257d6633e592c2d6662ee49bba13bbfa3f1cdfeab","2026-08-17T12:19:43.0823276Z","asset"
"godot/assets/generated_import/characters/sd_chr004_eda_combat_r27_dev/down/down_001.png","205971","971e13b596618e56c4ba967f97d9fe5ff1e05929fba8b428ed0e225556c53fad","2026-08-17T12:14:58.1577091Z","asset"
"godot/assets/generated_import/characters/sd_chr004_eda_combat_r27_dev/down/down_001.png.import","996","408dcbfc58df2af09912c1f66df9d4381a7b39ef6bce7fbeb520ddabea6de5b5","2026-08-17T12:19:43.0638045Z","asset"
"godot/assets/generated_import/characters/sd_chr004_eda_combat_r27_dev/down/down_002.png","199882","b8ec541aeb879b1601b4559e9ff1514dc9f3e78c3d50bddcd0b6b862d001ca96","2026-08-17T12:14:58.2297030Z","asset"
"godot/assets/generated_import/characters/sd_chr004_eda_combat_r27_dev/down/down_002.png.import","996","7269faf40407a6013e2f330c0be1086ad29e0436c83b81fa96018aacf7d90b95","2026-08-17T12:19:43.0668087Z","asset"
"godot/assets/generated_import/characters/sd_chr004_eda_combat_r27_dev/down/down_003.png","180621","d8d78a6a56f8514aa97d1dc4e8775df1f5c829d2a46a10eae6228dae95b4fa38","2026-08-17T12:14:58.2947105Z","asset"
"godot/assets/generated_import/characters/sd_chr004_eda_combat_r27_dev/down/down_003.png.import","997","a2dceb72c632c83ffcdf5b29f8590589f1f768bb6ea4406d64d906e9c5b72932","2026-08-17T12:19:42.0754602Z","asset"
"godot/assets/generated_import/characters/sd_chr004_eda_combat_r27_dev/down/down_004.png","151763","0a30a839878ce42327128797f85ba922928cb740ae26e4e99593cf79dcb8e0fd","2026-08-17T12:14:58.3507021Z","asset"
"godot/assets/generated_import/characters/sd_chr004_eda_combat_r27_dev/down/down_004.png.import","996","8290b237abfa6c04c323cda57c136407937c747e76f332534818bb82cba4e0cf","2026-08-17T12:19:42.0008255Z","asset"
"godot/assets/generated_import/characters/sd_chr004_eda_combat_r27_dev/down/down_005.png","127593","ebc73150e1ff073c6d25d15e248a96c2d5c62b274809a7cd99911ca686d2419b","2026-08-17T12:14:58.4017029Z","asset"
"godot/assets/generated_import/characters/sd_chr004_eda_combat_r27_dev/down/down_005.png.import","997","c54afd3bdd13c07129b1b150072f587cd02483b4a06407aa0dcaa655d25f608e","2026-08-17T12:19:42.0258849Z","asset"
"godot/assets/generated_import/characters/sd_chr004_eda_combat_r27_dev/down/down_006.png","108094","d961e08a28a4c13dc6427faae7129b3f4292d5d970fa3c15b36dee1e5c3ec064","2026-08-17T12:14:58.4497038Z","asset"
"godot/assets/generated_import/characters/sd_chr004_eda_combat_r27_dev/down/down_006.png.import","997","5e262556ad8ead93c2be82b05ec25339bd9f6e9cdfe53d46af5aa772c7d62b88","2026-08-17T12:19:41.9492275Z","asset"
"godot/assets/generated_import/characters/sd_chr004_eda_combat_r27_dev/down/down_007.png","89908","fbae91daa05e4c9cbf3f200a246ad99235b3c7208e7953fce35a135090b5e43f","2026-08-17T12:14:58.4927076Z","asset"
"godot/assets/generated_import/characters/sd_chr004_eda_combat_r27_dev/down/down_007.png.import","995","5feb7d7246407eedf8fcc81538991344a1eda06f207ab3ce89cf44d745417485","2026-08-17T12:19:41.9893133Z","asset"
"godot/assets/generated_import/characters/sd_chr004_eda_combat_r27_dev/hit_sheet_01.png","671860","224e0ab41fe0ee2329b9c9def5ec06de3d9ec3c6ba85170440f10df005b83025","2026-08-17T12:14:58.0087099Z","asset"
"godot/assets/generated_import/characters/sd_chr004_eda_combat_r27_dev/hit_sheet_01.png.import","1004","87ddd26f3db526ab03407a674324b09206510579f07c51c3aaea38ad37acff59","2026-08-17T12:19:48.4989483Z","asset"
"godot/assets/generated_import/characters/sd_chr004_eda_combat_r27_dev/hit/hit_000.png","215244","4579f81ff196fb322c48bb7e307d91e47cae6d7bd1932ff2e782d6ea977d23c9","2026-08-17T12:14:57.5707027Z","asset"
"godot/assets/generated_import/characters/sd_chr004_eda_combat_r27_dev/hit/hit_000.png.import","993","ef44c8194055c8b005b004bb8b52a620e75c876ec39626262a1e04bb387cd3d5","2026-08-17T12:19:42.0063427Z","asset"
"godot/assets/generated_import/characters/sd_chr004_eda_combat_r27_dev/hit/hit_001.png","217955","8e8926ebe4a9e1623a29c176441919f768ac6b07411ef3b9e7cd71cedccb96ce","2026-08-17T12:14:57.6417027Z","asset"
"godot/assets/generated_import/characters/sd_chr004_eda_combat_r27_dev/hit/hit_001.png.import","993","6eafc820a5f7e9b72a1ba87ed2d9eb9ac01ab1731d40eb5245f80b7f9f6e19a5","2026-08-17T12:19:41.9367097Z","asset"
"godot/assets/generated_import/characters/sd_chr004_eda_combat_r27_dev/hit/hit_002.png","216664","17ee9305b69e346c19bc786845a0f60769020ee3c6975122dad2bcfed0107aaf","2026-08-17T12:14:57.7117043Z","asset"
"godot/assets/generated_import/characters/sd_chr004_eda_combat_r27_dev/hit/hit_002.png.import","993","c2cdf112a0746d98a81dc5a5f4bd8240cf21d6b45e7e60a538cfb1aad7cc1d9c","2026-08-17T12:19:41.9512294Z","asset"
"godot/assets/generated_import/characters/sd_chr004_eda_combat_r27_dev/hit/hit_003.png","215244","4579f81ff196fb322c48bb7e307d91e47cae6d7bd1932ff2e782d6ea977d23c9","2026-08-17T12:14:57.7757049Z","asset"
"godot/assets/generated_import/characters/sd_chr004_eda_combat_r27_dev/hit/hit_003.png.import","993","b29c8e7146cf648b25aa38b811561909f04c78d8e5f9298b122361bc1df4bf27","2026-08-17T12:19:41.9196779Z","asset"
"godot/assets/generated_import/characters/sd_chr004_eda_combat_r27_dev/idle_sheet_01.png","1686300","c5533858a40ece42902cb4bac71db030660a8af534cde95c93be8edc460a7874","2026-08-17T12:14:49.2297027Z","asset"
"godot/assets/generated_import/characters/sd_chr004_eda_combat_r27_dev/idle_sheet_01.png.import","1006","01c8a9cde40417be512dbef1f0bebcdd930caaecdd247a73f9ae88ed594b6cf9","2026-08-17T12:19:48.6126563Z","asset"
"godot/assets/generated_import/characters/sd_chr004_eda_combat_r27_dev/idle/idle_000.png","215238","8c2ffd27271d7b1697e67254c5482f23e14be96bdf7a9a2186b88e6e6eede97d","2026-08-17T12:14:48.2567041Z","asset"
"godot/assets/generated_import/characters/sd_chr004_eda_combat_r27_dev/idle/idle_000.png.import","997","748df0bd17e0293a2c0d0862d39fa471d011add04e01ab0bce5bc19dc6575965","2026-08-17T12:19:41.9607456Z","asset"
"godot/assets/generated_import/characters/sd_chr004_eda_combat_r27_dev/idle/idle_001.png","212979","6885113771a803d8321ba18ab127d9514e67c9bab16785c0aabe9c8d7ba11fb4","2026-08-17T12:14:48.3277043Z","asset"
"godot/assets/generated_import/characters/sd_chr004_eda_combat_r27_dev/idle/idle_001.png.import","997","739fb61416ecae730769a2d8b55edf26c799371e6b4e59f9e464edc335e7e704","2026-08-17T12:19:41.8540502Z","asset"
"godot/assets/generated_import/characters/sd_chr004_eda_combat_r27_dev/idle/idle_002.png","213540","772b9b527ad66dbb96bfec60874c1fdcd21d29fae940007d0eb537f12c30381c","2026-08-17T12:14:48.4047085Z","asset"
"godot/assets/generated_import/characters/sd_chr004_eda_combat_r27_dev/idle/idle_002.png.import","997","0f4b4f70d236adf4ed850819a8580d40c5cd0e60e138587418c0323d28c035ad","2026-08-17T12:19:41.8340162Z","asset"
"godot/assets/generated_import/characters/sd_chr004_eda_combat_r27_dev/idle/idle_003.png","210729","c36aa8c1b6286ae93531c5de854d5dd4d52228d884fa8994c2c10a8a1c9e471e","2026-08-17T12:14:48.4807091Z","asset"
"godot/assets/generated_import/characters/sd_chr004_eda_combat_r27_dev/idle/idle_003.png.import","996","abb8a98d07ed82659ccfbc8869df28bfd401061d6bbc80ae675dfab69b8cc021","2026-08-17T12:19:41.8234914Z","asset"
"godot/assets/generated_import/characters/sd_chr004_eda_combat_r27_dev/idle/idle_004.png","210489","2c4abb74fc37d3f364e361f95b6b9b8c87544cf5481499402092b614ed61bee7","2026-08-17T12:14:48.5487083Z","asset"
"godot/assets/generated_import/characters/sd_chr004_eda_combat_r27_dev/idle/idle_004.png.import","997","8a02972f267c9ef85703854fa459e0fca36c7c208755c92c331b30c31f3149df","2026-08-17T12:19:41.7974235Z","asset"
"godot/assets/generated_import/characters/sd_chr004_eda_combat_r27_dev/idle/idle_005.png","212334","712e852ba3b096bb9e262c72c13cd4d83ae3460eec8ed6f6dc062f28108a215c","2026-08-17T12:14:48.6247042Z","asset"
"godot/assets/generated_import/characters/sd_chr004_eda_combat_r27_dev/idle/idle_005.png.import","997","fa9eb88a5cad8d566d358045e873ca12b51f430b927c1d5e084e04d03ff2bfd0","2026-08-17T12:19:41.8129656Z","asset"
"godot/assets/generated_import/characters/sd_chr004_eda_combat_r27_dev/idle/idle_006.png","212499","e266133cdfe43b42e2a161ada2947107c2a51341d073e3549f4dfd50f6be4b00","2026-08-17T12:14:48.6967097Z","asset"
"godot/assets/generated_import/characters/sd_chr004_eda_combat_r27_dev/idle/idle_006.png.import","997","878ba6b17f75fca7358c35ebc9060b223700d7e16b3498f596014771fbfadd3d","2026-08-17T12:19:41.7899066Z","asset"
"godot/assets/generated_import/characters/sd_chr004_eda_combat_r27_dev/idle/idle_007.png","215238","8c2ffd27271d7b1697e67254c5482f23e14be96bdf7a9a2186b88e6e6eede97d","2026-08-17T12:14:48.7607024Z","asset"
"godot/assets/generated_import/characters/sd_chr004_eda_combat_r27_dev/idle/idle_007.png.import","997","2b8487beff7d1a5cc48ec4d4127861b41a68ad6241736d2e7d0c25673aeed8d3","2026-08-17T12:19:41.8019312Z","asset"
"godot/assets/generated_import/characters/sd_chr004_eda_combat_r27_dev/move_sheet_01.png","2578281","12e1fadb7e37da28edc7abc48a165c2b46d4031b1c0dc7198c151e92c21ec971","2026-08-17T12:14:51.0797097Z","asset"
"godot/assets/generated_import/characters/sd_chr004_eda_combat_r27_dev/move_sheet_01.png.import","1006","c617f04486c8b44f063b9115ac76409fffcf8cbcfc31e64664ae1173625d3c78","2026-08-17T12:19:48.5956372Z","asset"
"godot/assets/generated_import/characters/sd_chr004_eda_combat_r27_dev/move/move_000.png","213768","3266d0f480a5b6afe267754e7e783b63ebbf6a83a793e7a44704ecd00074b09d","2026-08-17T12:14:49.3037026Z","asset"
"godot/assets/generated_import/characters/sd_chr004_eda_combat_r27_dev/move/move_000.png.import","997","38b16bff5e4b920a83a1de60f6f4ddfa14883bcdc632e153b3448291f5a22e1f","2026-08-17T12:19:41.7753915Z","asset"
"godot/assets/generated_import/characters/sd_chr004_eda_combat_r27_dev/move/move_001.png","216655","04d73848c558e332a635c7a47db03e5fd9a214fd8c3c063ed9c1c8ad368a00ae","2026-08-17T12:14:49.4047039Z","asset"
"godot/assets/generated_import/characters/sd_chr004_eda_combat_r27_dev/move/move_001.png.import","996","7dd9c91bf7dfba3669378eb4e22e2ce922ca4d45a2634eccb19393f3368b4011","2026-08-17T12:19:41.7743913Z","asset"
"godot/assets/generated_import/characters/sd_chr004_eda_combat_r27_dev/move/move_002.png","216527","6d528c277c3b39fc5580c1e71b6073b454cd327098fa1bc87ddb69b66cc8b1b6","2026-08-17T12:14:49.5067032Z","asset"
"godot/assets/generated_import/characters/sd_chr004_eda_combat_r27_dev/move/move_002.png.import","996","c8cf4ab7c16e1eeb7dbf14d73e0a422dfa25e043321531f13c3fea8e8eb6ee04","2026-08-17T12:19:41.6842265Z","asset"
"godot/assets/generated_import/characters/sd_chr004_eda_combat_r27_dev/move/move_003.png","215961","c2499e4a58db4c159968baa31ae441656807ba70faac9e4d834dd4dbe94d37f8","2026-08-17T12:14:49.6017088Z","asset"
"godot/assets/generated_import/characters/sd_chr004_eda_combat_r27_dev/move/move_003.png.import","997","1c5898a06dafa48f954528b9d516c2a168d73165201cfd675fd4e14f9515139c","2026-08-17T12:19:41.6396397Z","asset"
"godot/assets/generated_import/characters/sd_chr004_eda_combat_r27_dev/move/move_004.png","216232","67c5a872cd382ebb6e3deaeaa6aab590a88e6c8f818d3ae891b1645a5c10f390","2026-08-17T12:14:49.7007023Z","asset"
"godot/assets/generated_import/characters/sd_chr004_eda_combat_r27_dev/move/move_004.png.import","997","063a2300c2df9627b47587c9b32ac73c82236d37162f03f5ae92310e08feeb76","2026-08-17T12:19:41.6431513Z","asset"
"godot/assets/generated_import/characters/sd_chr004_eda_combat_r27_dev/move/move_005.png","215733","35baaeeeb3f60522c8ea535af77ccd3607c5a59b7d7e8d74252accf025472820","2026-08-17T12:14:49.8007088Z","asset"
"godot/assets/generated_import/characters/sd_chr004_eda_combat_r27_dev/move/move_005.png.import","997","f2cda1920fee6545036b9677a8b257f5301cad9cd124ef2578095ec3699805f4","2026-08-17T12:19:41.6356383Z","asset"
"godot/assets/generated_import/characters/sd_chr004_eda_combat_r27_dev/move/move_006.png","216479","c94979a4baaf05302af7bbf6bcaf5520c02f3375600556f3b6ddc0ea72175868","2026-08-17T12:14:49.8997029Z","asset"
"godot/assets/generated_import/characters/sd_chr004_eda_combat_r27_dev/move/move_006.png.import","997","cb5c1ec5f6f35e246d706b193300a4cffe1d9de0faffb1097ea1b0679bba0ff8","2026-08-17T12:19:41.6421442Z","asset"
"godot/assets/generated_import/characters/sd_chr004_eda_combat_r27_dev/move/move_007.png","216820","a40df046a0e33722f19b04f98511c025425f64ca24ca9d90b9ce2b4049aec692","2026-08-17T12:14:50.0107089Z","asset"
"godot/assets/generated_import/characters/sd_chr004_eda_combat_r27_dev/move/move_007.png.import","997","ea30d262424721ca855622db7ba0cd401b87ae954eecc97ee2f946afbf427724","2026-08-17T12:19:41.6421442Z","asset"
"godot/assets/generated_import/characters/sd_chr004_eda_combat_r27_dev/move/move_008.png","216261","745dc2a121b5594b22ca4fcb46aad335b2615337f32c8180a848a3877a7c66f0","2026-08-17T12:14:50.1087026Z","asset"
"godot/assets/generated_import/characters/sd_chr004_eda_combat_r27_dev/move/move_008.png.import","997","1c9d62174866530a775f4ff5e6c93592576d14397c774ce18bd0b4d9df39366f","2026-08-17T12:19:41.6491570Z","asset"
"godot/assets/generated_import/characters/sd_chr004_eda_combat_r27_dev/move/move_009.png","216116","3ff6cb9225a13ef9187dfef2b23d0a69ef2d2f465d27ffbfc7d5d5d483325c55","2026-08-17T12:14:50.2077038Z","asset"
"godot/assets/generated_import/characters/sd_chr004_eda_combat_r27_dev/move/move_009.png.import","997","5876ce266c2f2b6f3955b37e54d7e07aa0a3dc3f12f6e72d634f1a4b9d99a53b","2026-08-17T12:19:41.6356383Z","asset"
"godot/assets/generated_import/characters/sd_chr004_eda_combat_r27_dev/move/move_010.png","216502","3b1de6ed87773fb9e9af5fb2c8f7aad76573ec0d4cca3823a5eff70cd5b66cab","2026-08-17T12:14:50.3037020Z","asset"
"godot/assets/generated_import/characters/sd_chr004_eda_combat_r27_dev/move/move_010.png.import","997","e50082e695783dfa7acf7c1ffd5e425861fa3674b6d8d1b76486b3da57350b0f","2026-08-17T12:19:41.6386390Z","asset"
"godot/assets/generated_import/characters/sd_chr004_eda_combat_r27_dev/move/move_011.png","213768","3266d0f480a5b6afe267754e7e783b63ebbf6a83a793e7a44704ecd00074b09d","2026-08-17T12:14:50.3727095Z","asset"
"godot/assets/generated_import/characters/sd_chr004_eda_combat_r27_dev/move/move_011.png.import","997","2d78dbb02cb8e23d238d4b28c34dd689f02eeacb10defa250f3be6ec1c226d97","2026-08-17T12:19:42.5398600Z","asset"
"godot/assets/generated_import/characters/sd_chr004_eda_combat_r27_dev/normal_skill_sheet_01.png","2711490","3bc1284d37462168d410126e4d219d949845b98117334859443e8c690fdbde2f","2026-08-17T12:14:54.2857045Z","asset"
"godot/assets/generated_import/characters/sd_chr004_eda_combat_r27_dev/normal_skill_sheet_01.png.import","1031","cb54e1a44b3de8b4d8a466eb32af034da462d8b4567742144dc326e8d2852bc3","2026-08-17T12:19:48.4673963Z","asset"
"godot/assets/generated_import/characters/sd_chr004_eda_combat_r27_dev/normal_skill/normal_skill_000.png","223669","cc437049ec8f0a456cc1d29708948980c479c8b2a70aca02a4559099af062468","2026-08-17T12:14:52.3237019Z","asset"
"godot/assets/generated_import/characters/sd_chr004_eda_combat_r27_dev/normal_skill/normal_skill_000.png.import","1028","be278b9235660803bfe20cbec367c82ce3a72cb4105436bdf0ed8934dc6b4486","2026-08-17T12:19:42.5103116Z","asset"
"godot/assets/generated_import/characters/sd_chr004_eda_combat_r27_dev/normal_skill/normal_skill_001.png","224401","dbe1ce840723d97561a2fe9c75631fa205179640a2c472be5e9f06507da53740","2026-08-17T12:14:52.4257041Z","asset"
"godot/assets/generated_import/characters/sd_chr004_eda_combat_r27_dev/normal_skill/normal_skill_001.png.import","1028","aaaedabec50da1bbe974d161fbd8c1de8eb58a28f7f9b90ea5289789a5310e3e","2026-08-17T12:19:42.4857656Z","asset"
"godot/assets/generated_import/characters/sd_chr004_eda_combat_r27_dev/normal_skill/normal_skill_002.png","227466","0c85536f3364e42bc3e32f6ef67795a6ce38840372c742970509db8f013b93bb","2026-08-17T12:14:52.5217088Z","asset"
"godot/assets/generated_import/characters/sd_chr004_eda_combat_r27_dev/normal_skill/normal_skill_002.png.import","1029","07b7bbd80d620b4f9f03107d69e8964a36d137c7c0ee98479384e55338ad61db","2026-08-17T12:19:42.5128168Z","asset"
"godot/assets/generated_import/characters/sd_chr004_eda_combat_r27_dev/normal_skill/normal_skill_003.png","229482","7f7dd6dda1695bca36736a50e8a57dce5d542f0fbe5f3b7778f655ce3e9a74d2","2026-08-17T12:14:52.6257034Z","asset"
"godot/assets/generated_import/characters/sd_chr004_eda_combat_r27_dev/normal_skill/normal_skill_003.png.import","1029","6bcec3024ac5cbb1b4bb76afdfb04aff2d43a0831f8c10f3f5c7418c5937c282","2026-08-17T12:19:42.4446978Z","asset"
"godot/assets/generated_import/characters/sd_chr004_eda_combat_r27_dev/normal_skill/normal_skill_004.png","229915","18bb9b01d080fd5862be011f06f29eaf5b2e41a8fc0364dd1f485424aa2ad48f","2026-08-17T12:14:52.7377042Z","asset"
"godot/assets/generated_import/characters/sd_chr004_eda_combat_r27_dev/normal_skill/normal_skill_004.png.import","1029","9940dc7f8d188ec3a22a4780c2d9ee4a7de11894b15df77382eded4f3538c1be","2026-08-17T12:19:42.4446978Z","asset"
"godot/assets/generated_import/characters/sd_chr004_eda_combat_r27_dev/normal_skill/normal_skill_005.png","230208","7023d27ea8576ed59b0377074ee1e142e45709ea1e270c136416736eb9d8076d","2026-08-17T12:14:52.8377102Z","asset"
"godot/assets/generated_import/characters/sd_chr004_eda_combat_r27_dev/normal_skill/normal_skill_005.png.import","1029","1231554c215caab7680e081e74b5e5b809f4796e28d6ebbf064b99ed904d3409","2026-08-17T12:19:42.4236597Z","asset"
"godot/assets/generated_import/characters/sd_chr004_eda_combat_r27_dev/normal_skill/normal_skill_006.png","229768","3abf110624a684176fbd1b505b64fdf3ed37af815e4c560328af3da963f866dc","2026-08-17T12:14:52.9377136Z","asset"
"godot/assets/generated_import/characters/sd_chr004_eda_combat_r27_dev/normal_skill/normal_skill_006.png.import","1028","6953b3cbfca9c8fd1ce9c2c80c82daf7e7ad93a159fc34a3fed6447a1fc20f3c","2026-08-17T12:19:42.4086250Z","asset"
"godot/assets/generated_import/characters/sd_chr004_eda_combat_r27_dev/normal_skill/normal_skill_007.png","232108","663b53197d41b98781b2994b498cea7bdb3507939058d154ac71b4b848ac15df","2026-08-17T12:14:53.0557046Z","asset"
"godot/assets/generated_import/characters/sd_chr004_eda_combat_r27_dev/normal_skill/normal_skill_007.png.import","1028","b8868a515f76e4851a5bf818fad248fcae0d7185bde1e136ec1242d40d264efa","2026-08-17T12:19:42.4306641Z","asset"
"godot/assets/generated_import/characters/sd_chr004_eda_combat_r27_dev/normal_skill/normal_skill_008.png","226806","6a507017d0a0324382024c7a014e0dc7bc9e6f1deb4aa5dd80db72ed1eb267c4","2026-08-17T12:14:53.1547016Z","asset"
"godot/assets/generated_import/characters/sd_chr004_eda_combat_r27_dev/normal_skill/normal_skill_008.png.import","1029","6180b13a1ae6b2baa0a61ecdfd033e0ef691cb41d456c62c94e3c39536521d1e","2026-08-17T12:19:42.3995903Z","asset"
"godot/assets/generated_import/characters/sd_chr004_eda_combat_r27_dev/normal_skill/normal_skill_009.png","223893","7724a176f69f06f73ffc124f380c0455baa34df31988cbd342a8b9034dc025b7","2026-08-17T12:14:53.2617024Z","asset"
"godot/assets/generated_import/characters/sd_chr004_eda_combat_r27_dev/normal_skill/normal_skill_009.png.import","1029","08a6c31311599b6765194b9ebbdea325d168e752d91b78cc16c78851d304668c","2026-08-17T12:19:42.3755615Z","asset"
"godot/assets/generated_import/characters/sd_chr004_eda_combat_r27_dev/normal_skill/normal_skill_010.png","221001","d5fb9c651dde401f86b60d9e8ec594c0f9afbbc77010a8acd6e8ee3383c09237","2026-08-17T12:14:53.3617097Z","asset"
"godot/assets/generated_import/characters/sd_chr004_eda_combat_r27_dev/normal_skill/normal_skill_010.png.import","1029","79596ef496e24b3c69e439e3ef2ecfbaddd2540bd5d2ed886ffdff9e1f80952b","2026-08-17T12:19:42.3154606Z","asset"
"godot/assets/generated_import/characters/sd_chr004_eda_combat_r27_dev/normal_skill/normal_skill_011.png","219407","f5b50f66155da8dbcdc96a625db89b58dd43a530594f148a683e76d365913f8a","2026-08-17T12:14:53.4477028Z","asset"
"godot/assets/generated_import/characters/sd_chr004_eda_combat_r27_dev/normal_skill/normal_skill_011.png.import","1029","015489e7e375f067a5fea5f68bcc423485fb7f28d3bf475be103631ead26829f","2026-08-17T12:19:42.2979124Z","asset"
"godot/assets/generated_import/characters/sd_chr004_eda_combat_r27_dev/ultimate_sheet_01.png","3668547","e55b92ce14ab3b1523e25c794ec9f11c04db59cfd3f06d37a2d618a2f9ca4a26","2026-08-17T12:14:57.3317032Z","asset"
"godot/assets/generated_import/characters/sd_chr004_eda_combat_r27_dev/ultimate_sheet_01.png.import","1019","29dde78a52174292e53f4351f1a5c266c949c208a97fda181c6fb3f4f03bbbf4","2026-08-17T12:19:48.6342114Z","asset"
"godot/assets/generated_import/characters/sd_chr004_eda_combat_r27_dev/ultimate_sheet_02.png","462074","a9acf4a9cdbe370519ec452bbf37e1523f071a1e5cefeacb54796bddba7270a4","2026-08-17T12:14:57.5017078Z","asset"
"godot/assets/generated_import/characters/sd_chr004_eda_combat_r27_dev/ultimate_sheet_02.png.import","1019","dd2819e61e8c3b477c05fdeaec72a313629bcd40ee188c110943ffccb58b519c","2026-08-17T12:19:48.5149799Z","asset"
"godot/assets/generated_import/characters/sd_chr004_eda_combat_r27_dev/ultimate/ultimate_000.png","224851","f6bfd11ef710e1cf2e660c1c714b9beb34a5e0f043c194483051b5e7143f6319","2026-08-17T12:14:54.3817025Z","asset"
"godot/assets/generated_import/characters/sd_chr004_eda_combat_r27_dev/ultimate/ultimate_000.png.import","1013","7d407c63eb713c877f9be45b4f820c4f104fb6fc8b05e5e9cd0e778ca47c7ac3","2026-08-17T12:19:42.2748784Z","asset"
"godot/assets/generated_import/characters/sd_chr004_eda_combat_r27_dev/ultimate/ultimate_001.png","224836","4e694ba765dfab0d74cb9096da2db54464cbdb1be7bbd4fcee5430cf1f7436d2","2026-08-17T12:14:54.4897022Z","asset"
"godot/assets/generated_import/characters/sd_chr004_eda_combat_r27_dev/ultimate/ultimate_001.png.import","1013","100b063d2be841a667d2d7b785aeb82c59f494bc9f44a5088284e4993f8bc250","2026-08-17T12:19:42.2798785Z","asset"
"godot/assets/generated_import/characters/sd_chr004_eda_combat_r27_dev/ultimate/ultimate_002.png","227547","b9e68ffa7a902ae73d4a873c086885d4b33b5ef88f49d3c98944df3d05b22d4d","2026-08-17T12:14:54.6017082Z","asset"
"godot/assets/generated_import/characters/sd_chr004_eda_combat_r27_dev/ultimate/ultimate_002.png.import","1013","4a3f3c58ba5ef7d22820956c10e1d342058f8b4c4cb6c1dfed948434ff56fef2","2026-08-17T12:19:42.2949135Z","asset"
"godot/assets/generated_import/characters/sd_chr004_eda_combat_r27_dev/ultimate/ultimate_003.png","230227","4243d6110aeb731f3dc4a93b2a3a77cb4c930b84aa4e5987bc6aca5e76f38994","2026-08-17T12:14:54.7167042Z","asset"
"godot/assets/generated_import/characters/sd_chr004_eda_combat_r27_dev/ultimate/ultimate_003.png.import","1013","1ef9f15899a7e49e93329e58821efdf136f6e68add8f183ef54ea5128a63d723","2026-08-17T12:19:42.2738732Z","asset"
"godot/assets/generated_import/characters/sd_chr004_eda_combat_r27_dev/ultimate/ultimate_004.png","232198","71f02c5814f8534a1d43f35d35ccb17a01578875b465fd2633541bf9fe088a8f","2026-08-17T12:14:54.8517022Z","asset"
"godot/assets/generated_import/characters/sd_chr004_eda_combat_r27_dev/ultimate/ultimate_004.png.import","1013","307db9344d5d19e01a0bfb8b880935c31872a33f11fb74b41d2e56bc622ea8fe","2026-08-17T12:19:42.2738732Z","asset"
"godot/assets/generated_import/characters/sd_chr004_eda_combat_r27_dev/ultimate/ultimate_005.png","234190","9185612cc4b15b9eb7d32dcb3c3b8742f58872834ea4075f40313c16243fc079","2026-08-17T12:14:54.9697084Z","asset"
"godot/assets/generated_import/characters/sd_chr004_eda_combat_r27_dev/ultimate/ultimate_005.png.import","1013","0e2681ea7d87c9dec7f315d8a739ca7f4a6b8747aa7c67f4f33e3efec2b4f9a5","2026-08-17T12:19:42.2528340Z","asset"
"godot/assets/generated_import/characters/sd_chr004_eda_combat_r27_dev/ultimate/ultimate_006.png","234162","39ca0a0f9cef6531be48ac5a96d81574bed385c062a38861937509795a27580c","2026-08-17T12:14:55.1427035Z","asset"
"godot/assets/generated_import/characters/sd_chr004_eda_combat_r27_dev/ultimate/ultimate_006.png.import","1013","342ed7fa52ecc8dac926dab4dafa802025bba1dd5d949b534e6d661eed3a9b9a","2026-08-17T12:19:42.2222813Z","asset"
"godot/assets/generated_import/characters/sd_chr004_eda_combat_r27_dev/ultimate/ultimate_007.png","233695","8badf237b450cbf8f66e8c5a915a76b051ce016d72edc0ac3cbcb080e314e481","2026-08-17T12:14:55.2707137Z","asset"
"godot/assets/generated_import/characters/sd_chr004_eda_combat_r27_dev/ultimate/ultimate_007.png.import","1013","cfb8656bcfc4399004e8110d6d8ea44d2f5ce32cef21656eb54d9e4b8b3ec9fe","2026-08-17T12:19:42.1686800Z","asset"
"godot/assets/generated_import/characters/sd_chr004_eda_combat_r27_dev/ultimate/ultimate_008.png","233855","02538dddfd07d028119f37d2172e3318a79db66598989f940dc7bfb58b0eb673","2026-08-17T12:14:55.3767048Z","asset"
"godot/assets/generated_import/characters/sd_chr004_eda_combat_r27_dev/ultimate/ultimate_008.png.import","1013","ddc451ae8c0d55419144680ffed4c7ecaf2eee46c1a7e04afd43adf206fa57b0","2026-08-17T12:19:42.1456198Z","asset"
"godot/assets/generated_import/characters/sd_chr004_eda_combat_r27_dev/ultimate/ultimate_009.png","233408","6206de6ad93a41d9ebe1804fec43d653d152d5c5350052dc600ec436b093270b","2026-08-17T12:14:55.4847085Z","asset"
"godot/assets/generated_import/characters/sd_chr004_eda_combat_r27_dev/ultimate/ultimate_009.png.import","1013","746afb2147d731b5ae1bccb02320d9da21e3606ff6a51537f53080469883e63e","2026-08-17T12:19:42.1486207Z","asset"
"godot/assets/generated_import/characters/sd_chr004_eda_combat_r27_dev/ultimate/ultimate_010.png","232348","f5ec49e9a0bf31c27ac9235abf4f187a84464aae45e1f603c363b9106de0ad23","2026-08-17T12:14:55.5927089Z","asset"
"godot/assets/generated_import/characters/sd_chr004_eda_combat_r27_dev/ultimate/ultimate_010.png.import","1013","765329bb7de791bba43d6b81b303333d3ccd2189f4eaf5aae538cea8b8d31781","2026-08-17T12:19:42.1456198Z","asset"
"godot/assets/generated_import/characters/sd_chr004_eda_combat_r27_dev/ultimate/ultimate_011.png","235143","421529c59eaf7ac075d1c10068079be3a13f2badd61030f49d4bc865ba28a368","2026-08-17T12:14:55.7107085Z","asset"
"godot/assets/generated_import/characters/sd_chr004_eda_combat_r27_dev/ultimate/ultimate_011.png.import","1013","5f218c94ac98a824556ce7f03a2b9781afa7d709843ada6637ec322f900990e6","2026-08-17T12:19:42.0964935Z","asset"
"godot/assets/generated_import/characters/sd_chr004_eda_combat_r27_dev/ultimate/ultimate_012.png","230646","459011d709cd209800c4006cb3b64e68a700a998acfc5d12899aab0e4d2dc470","2026-08-17T12:14:55.8147086Z","asset"
"godot/assets/generated_import/characters/sd_chr004_eda_combat_r27_dev/ultimate/ultimate_012.png.import","1012","e6aed7f1b8d6af49776f7347cb4badbfa7a00ad7ade63dca44934d6cca4741e2","2026-08-17T12:19:42.1060122Z","asset"
"godot/assets/generated_import/characters/sd_chr004_eda_combat_r27_dev/ultimate/ultimate_013.png","228527","ecffc839a0fd3a31dae44ae460582a0cbcddcdcacc0cd6f93fc1bc6cda008bff","2026-08-17T12:14:55.9287027Z","asset"
"godot/assets/generated_import/characters/sd_chr004_eda_combat_r27_dev/ultimate/ultimate_013.png.import","1013","ae58ef589e518f6e5dd4c206ad02d84b7e1e88fbf1eb172e9aa0d83300c57b21","2026-08-17T12:19:42.0984934Z","asset"
"godot/assets/generated_import/characters/sd_chr004_eda_combat_r27_dev/ultimate/ultimate_014.png","226462","071532485ec7640aaca71d8052f9a46f443b1346f17f32d88361e67eaafa2db3","2026-08-17T12:14:56.0267041Z","asset"
"godot/assets/generated_import/characters/sd_chr004_eda_combat_r27_dev/ultimate/ultimate_014.png.import","1013","16c4a4f740467dd62330973d8b29aacc1eca92fbef61965bc850d63cdd7858f4","2026-08-17T12:19:42.1190437Z","asset"
"godot/assets/generated_import/characters/sd_chr004_eda_combat_r27_dev/ultimate/ultimate_015.png","223501","b2226cb65eba75ab9d69ec0d8ad0d27cc52f87c767d3b0d1001d0a3314077f73","2026-08-17T12:14:56.1237099Z","asset"
"godot/assets/generated_import/characters/sd_chr004_eda_combat_r27_dev/ultimate/ultimate_015.png.import","1013","d827983c3eda5990449c82c2dfc7ecce4d10f464fb0643263fcd7201fe67ae51","2026-08-17T12:19:48.8280919Z","asset"
"godot/assets/generated_import/characters/sd_chr004_eda_combat_r27_dev/ultimate/ultimate_016.png","220603","315ea018266dc12281bb24e5884a60b0b9a5a34cf7db3b2be05e2359e18a2e0d","2026-08-17T12:14:56.2267095Z","asset"
"godot/assets/generated_import/characters/sd_chr004_eda_combat_r27_dev/ultimate/ultimate_016.png.import","1013","a4b3dd9cd980fe7539c796e4977470c6f58b4f985b5ac40ad031c02f2f29ea28","2026-08-17T12:19:48.8160515Z","asset"
"godot/assets/generated_import/characters/sd_chr004_eda_combat_r27_dev/ultimate/ultimate_017.png","220926","e6f56d8c610ad6d5b7c0c70b912d5daf1a6fda6ca6b78380ab3d2f6b5ed4f1e5","2026-08-17T12:14:56.3207112Z","asset"
"godot/assets/generated_import/characters/sd_chr004_eda_combat_r27_dev/ultimate/ultimate_017.png.import","1013","6afbc13ecc79d80627738e83799fef58d86de25b2acf2f3b3e17a90e4c6b57ca","2026-08-17T12:19:48.7999772Z","asset"
"godot/assets/generated_import/characters/sd_chr004_eda_combat_r27_dev/victory_sheet_01.png","2200003","5835edb976a24abdd1ee85c893b4c79573b06c1aaf65aa85dd3193dfe5ff90d7","2026-08-17T12:15:00.1747039Z","asset"
"godot/assets/generated_import/characters/sd_chr004_eda_combat_r27_dev/victory_sheet_01.png.import","1016","20bfb0d7be8cac38ab42c03c76f89de087a1a30aaa45127c743b99bad1a5f186","2026-08-17T12:19:48.4066928Z","asset"
"godot/assets/generated_import/characters/sd_chr004_eda_combat_r27_dev/victory/victory_000.png","215244","4579f81ff196fb322c48bb7e307d91e47cae6d7bd1932ff2e782d6ea977d23c9","2026-08-17T12:14:58.9617023Z","asset"
"godot/assets/generated_import/characters/sd_chr004_eda_combat_r27_dev/victory/victory_000.png.import","1009","f5425691890bc5c28aa9e58ff653a671983eb0206473ea9720f7e117b82e356e","2026-08-17T12:19:48.8205663Z","asset"
"godot/assets/generated_import/characters/sd_chr004_eda_combat_r27_dev/victory/victory_001.png","218526","4c090cbefe7e85887464470c0dc22d7c985447e93396b43c2521e5f776410a77","2026-08-17T12:14:59.0377031Z","asset"
"godot/assets/generated_import/characters/sd_chr004_eda_combat_r27_dev/victory/victory_001.png.import","1009","c956996b99ec659dc0bd438f5a03324f074b649a9acd847ad5a22478f55a01b3","2026-08-17T12:19:48.8044920Z","asset"
"godot/assets/generated_import/characters/sd_chr004_eda_combat_r27_dev/victory/victory_002.png","222610","a68356de61ac4eb8b9f01e26207e684d33d7f4cca5500f8e7255e93e51daea4a","2026-08-17T12:14:59.1097036Z","asset"
"godot/assets/generated_import/characters/sd_chr004_eda_combat_r27_dev/victory/victory_002.png.import","1009","3f4a9a2d3ee9d0e3629b0fb1ff2345940f335ec114234f22bfa15d01c2acb63b","2026-08-17T12:19:48.7569093Z","asset"
"godot/assets/generated_import/characters/sd_chr004_eda_combat_r27_dev/victory/victory_003.png","220776","f042c0754ae361f4fd01f9d8412a9c7517701e68f99cf4fed624b4ef49d2bb56","2026-08-17T12:14:59.1817034Z","asset"
"godot/assets/generated_import/characters/sd_chr004_eda_combat_r27_dev/victory/victory_003.png.import","1009","5d4099d5423fc6aacce4bfa50aecb8eddb3e748d5693e5068ad6aa441d09cd7b","2026-08-17T12:19:48.7874606Z","asset"
"godot/assets/generated_import/characters/sd_chr004_eda_combat_r27_dev/victory/victory_004.png","216228","dbafc6c2cf86fa372056545ef98e90a83de5215dbcdfa5c952d4ba3ffb9d27a7","2026-08-17T12:14:59.2527083Z","asset"
"godot/assets/generated_import/characters/sd_chr004_eda_combat_r27_dev/victory/victory_004.png.import","1009","687cbf0610470ddd6e7156946ad090cb01ae24a2704085de7c724267df9d5c5f","2026-08-17T12:19:48.7323694Z","asset"
"godot/assets/generated_import/characters/sd_chr004_eda_combat_r27_dev/victory/victory_005.png","216276","0b902b619a87f5a9ff602e47dc6d6bdfb73ed5941c5bac5d5ab351d117619795","2026-08-17T12:14:59.3217022Z","asset"
"godot/assets/generated_import/characters/sd_chr004_eda_combat_r27_dev/victory/victory_005.png.import","1008","6b60596250c64f4837ea67e34b66982b45e4f99516459f1a543330b65a6dd662","2026-08-17T12:19:48.6907905Z","asset"
"godot/assets/generated_import/characters/sd_chr004_eda_combat_r27_dev/victory/victory_006.png","221842","ff8944752fbc29f1a50261192f7cfc155f760758f5f6d7b3f22ece020efde191","2026-08-17T12:14:59.3897033Z","asset"
"godot/assets/generated_import/characters/sd_chr004_eda_combat_r27_dev/victory/victory_006.png.import","1009","81ff8583b5eb6186aaf01edd46aa965c79c3611802baa2bf94e5fff32cfc4ab3","2026-08-17T12:19:48.6427163Z","asset"
"godot/assets/generated_import/characters/sd_chr004_eda_combat_r27_dev/victory/victory_007.png","223775","7ac86e507fb010cd262e9c6be7d60de61cfa2bb3693792c26187b42dab990177","2026-08-17T12:14:59.4617025Z","asset"
"godot/assets/generated_import/characters/sd_chr004_eda_combat_r27_dev/victory/victory_007.png.import","1009","8da9859fef0d69503ef348fa8a46a2308b90b1417df11540f66eb02c7591f587","2026-08-17T12:19:48.6697633Z","asset"
"godot/assets/generated_import/characters/sd_chr004_eda_combat_r27_dev/victory/victory_008.png","219451","2bb1fb234fc599d963e1f29a49518d513481d440fa6b07c43643de63ef39e844","2026-08-17T12:14:59.5347039Z","asset"
"godot/assets/generated_import/characters/sd_chr004_eda_combat_r27_dev/victory/victory_008.png.import","1009","217dfdc139d7ab86ea50bdf11706b1913a9ae412506f3a838d6758c20a454a73","2026-08-17T12:19:48.5996361Z","asset"
"godot/assets/generated_import/characters/sd_chr004_eda_combat_r27_dev/victory/victory_009.png","215244","4579f81ff196fb322c48bb7e307d91e47cae6d7bd1932ff2e782d6ea977d23c9","2026-08-17T12:14:59.5977081Z","asset"
"godot/assets/generated_import/characters/sd_chr004_eda_combat_r27_dev/victory/victory_009.png.import","1009","72a55bd20af07be2768c608439604c7e9a636778b7834fe4d1c3cc383bddf906","2026-08-17T12:19:48.5785973Z","asset"
"godot/assets/generated_import/characters/sd_chr005_soren_combat_r27_dev/animation_manifest.json","22269","e786b8278fa9ebe27843f9fd03e090e7b0511b394222a4458c2d677e3c14863e","2026-08-17T12:15:00.3332283Z","asset"
"godot/assets/generated_import/characters/sd_chr005_soren_combat_r27_dev/basic_attack_sheet_01.png","1799141","33573dc28ef178bf3dd606467df09b8363729315c8df1c32d88726c0ab99bdd6","2026-08-17T12:14:52.4337039Z","asset"
"godot/assets/generated_import/characters/sd_chr005_soren_combat_r27_dev/basic_attack_sheet_01.png.import","1033","19d69e3be4331569eb3bff8b920a95994fab8c636420be55c329ba18e1e08af3","2026-08-17T12:19:46.9803372Z","asset"
"godot/assets/generated_import/characters/sd_chr005_soren_combat_r27_dev/basic_attack/basic_attack_000.png","228994","a17a0ad8cb6f8bcdf852247eab9e5a618f34ca1485c4d9438a4e71a3e519565c","2026-08-17T12:14:51.3437018Z","asset"
"godot/assets/generated_import/characters/sd_chr005_soren_combat_r27_dev/basic_attack/basic_attack_000.png.import","1030","8d9b52f0e602408ac42eb5987da6452d79472a438d844406768a1ca6eb47120a","2026-08-17T12:19:47.1777429Z","asset"
"godot/assets/generated_import/characters/sd_chr005_soren_combat_r27_dev/basic_attack/basic_attack_001.png","230046","789636bace0e7dc3db047601d6d904e263e1a9887a496ccb574f9bfbf98771d8","2026-08-17T12:14:51.4107103Z","asset"
"godot/assets/generated_import/characters/sd_chr005_soren_combat_r27_dev/basic_attack/basic_attack_001.png.import","1031","de54e38bc84207293ca3e07f24e1abf5c5db5a500af414c4b7b7d1d14737a012","2026-08-17T12:19:47.2373539Z","asset"
"godot/assets/generated_import/characters/sd_chr005_soren_combat_r27_dev/basic_attack/basic_attack_002.png","233299","50b23beb330cd5cad3cb8175ef9d86acfa1a49353339f1343708e164c8e550c0","2026-08-17T12:14:51.5037086Z","asset"
"godot/assets/generated_import/characters/sd_chr005_soren_combat_r27_dev/basic_attack/basic_attack_002.png.import","1031","f7887fa46c7b658630c08f732ebec4c4c06f41fe72850811c6e01daaff087094","2026-08-17T12:19:47.1597086Z","asset"
"godot/assets/generated_import/characters/sd_chr005_soren_combat_r27_dev/basic_attack/basic_attack_003.png","230246","7891bed63a133154e60b7e60144cdeed1a483c4eca26d5371dd2de375cbe4e74","2026-08-17T12:14:51.6017022Z","asset"
"godot/assets/generated_import/characters/sd_chr005_soren_combat_r27_dev/basic_attack/basic_attack_003.png.import","1031","a176b787d2e02a0d724c954194e80c0bbb3f830f2d1ddd040ab5c6d0dbda3a48","2026-08-17T12:19:47.1396749Z","asset"
"godot/assets/generated_import/characters/sd_chr005_soren_combat_r27_dev/basic_attack/basic_attack_004.png","242051","64e60a6f2b41c829eae74433f1ed36a49629438a1a631207f334af78158dfbed","2026-08-17T12:14:51.7087109Z","asset"
"godot/assets/generated_import/characters/sd_chr005_soren_combat_r27_dev/basic_attack/basic_attack_004.png.import","1031","1d4e8d147a8a2544720dadbdf8cd9d997a598daf9321d4e9ef50907a527b137f","2026-08-17T12:19:47.0905589Z","asset"
"godot/assets/generated_import/characters/sd_chr005_soren_combat_r27_dev/basic_attack/basic_attack_005.png","239324","46d4438dde752c3e34fce060f5d41a4565877f60abf20a985a6e2c9ec94e74ae","2026-08-17T12:14:51.8107089Z","asset"
"godot/assets/generated_import/characters/sd_chr005_soren_combat_r27_dev/basic_attack/basic_attack_005.png.import","1030","a54a4e9288c9b012fab95023f0b7665a66490f71c247965573d0b0f1b6d92238","2026-08-17T12:19:49.3826294Z","asset"
"godot/assets/generated_import/characters/sd_chr005_soren_combat_r27_dev/basic_attack/basic_attack_006.png","231906","60cc96584de013725ea98fd7473eae30beba0e925beae42df96af8f05ee24dd0","2026-08-17T12:14:51.9077079Z","asset"
"godot/assets/generated_import/characters/sd_chr005_soren_combat_r27_dev/basic_attack/basic_attack_006.png.import","1031","70c237b7c6407c899035f6f45e2b192e255fe077cabb555aa3762ea7339518bb","2026-08-17T12:19:49.3896413Z","asset"
"godot/assets/generated_import/characters/sd_chr005_soren_combat_r27_dev/basic_attack/basic_attack_007.png","228994","a17a0ad8cb6f8bcdf852247eab9e5a618f34ca1485c4d9438a4e71a3e519565c","2026-08-17T12:14:51.9737028Z","asset"
"godot/assets/generated_import/characters/sd_chr005_soren_combat_r27_dev/basic_attack/basic_attack_007.png.import","1031","250e7e5b44b593fc33927a92fece206b2cabacd9256ded8de22dac3d13544c0f","2026-08-17T12:19:49.3620831Z","asset"
"godot/assets/generated_import/characters/sd_chr005_soren_combat_r27_dev/combat_base_512.png","228965","022d02bcd11a0c57950a72daca12375267d9173d43cf6410259a1658b3ac3b17","2026-08-17T12:14:48.4017028Z","asset"
"godot/assets/generated_import/characters/sd_chr005_soren_combat_r27_dev/combat_base_512.png.import","1015","2145ec132e1bc3677838714ec925fb7a258f82cc822751abaf8b8e727fe4147e","2026-08-17T12:19:45.4257365Z","asset"
"godot/assets/generated_import/characters/sd_chr005_soren_combat_r27_dev/down_sheet_01.png","1388522","e8fb9b2402e2b8942f2c0bef6e0fb3ebd96c434bb22e13a5b472930d01e331c6","2026-08-17T12:14:59.0277036Z","asset"
"godot/assets/generated_import/characters/sd_chr005_soren_combat_r27_dev/down_sheet_01.png.import","1009","fc3180bc31425c727c60400117b07bcc54e4bf44a988b771f26b15ad47596de5","2026-08-17T12:19:46.5670336Z","asset"
"godot/assets/generated_import/characters/sd_chr005_soren_combat_r27_dev/down/down_000.png","228994","a17a0ad8cb6f8bcdf852247eab9e5a618f34ca1485c4d9438a4e71a3e519565c","2026-08-17T12:14:58.2417026Z","asset"
"godot/assets/generated_import/characters/sd_chr005_soren_combat_r27_dev/down/down_000.png.import","999","0f2f0b87ce840df9bb77cfe25b4b03a324dde31f68245ce4e513438c38484fc2","2026-08-17T12:19:49.3124694Z","asset"
"godot/assets/generated_import/characters/sd_chr005_soren_combat_r27_dev/down/down_001.png","216468","45cd135c7f51a84a618c04a989010811ce78cf5518d003fed45fd709e2fed721","2026-08-17T12:14:58.3127094Z","asset"
"godot/assets/generated_import/characters/sd_chr005_soren_combat_r27_dev/down/down_001.png.import","999","30509e09155885774810371dc7ef5fb1de886803b65645ed3d2785a359e956a2","2026-08-17T12:19:49.3265271Z","asset"
"godot/assets/generated_import/characters/sd_chr005_soren_combat_r27_dev/down/down_002.png","210258","b07512f2f8f0127c7cee1245a60ae6c16649f01fa4d17e12903db09636f1a8ef","2026-08-17T12:14:58.3767091Z","asset"
"godot/assets/generated_import/characters/sd_chr005_soren_combat_r27_dev/down/down_002.png.import","999","0be19642b6b9445f3d2da33279aadc0d5b00c2caf5ae76e9e98d64004b7d6a84","2026-08-17T12:19:49.2964480Z","asset"
"godot/assets/generated_import/characters/sd_chr005_soren_combat_r27_dev/down/down_003.png","187914","777fa0967a3d0b8834484ae2a3aae7814b0f6348bde3fd7ad5c615e3b5185d60","2026-08-17T12:14:58.4377085Z","asset"
"godot/assets/generated_import/characters/sd_chr005_soren_combat_r27_dev/down/down_003.png.import","999","82c2db56a62350c9f1d845e1a06ec02957bcf4be4519c101fbeadac7569829ed","2026-08-17T12:19:49.2708964Z","asset"
"godot/assets/generated_import/characters/sd_chr005_soren_combat_r27_dev/down/down_004.png","162138","f9a273be7215dd88f61842ee9bcd272518c9f1cb25f68a9aff10c07acc0b0c01","2026-08-17T12:14:58.4907025Z","asset"
"godot/assets/generated_import/characters/sd_chr005_soren_combat_r27_dev/down/down_004.png.import","999","e19c680070c190dc0c7d693f6cc2fd4e93298a637ec8c7952d7b66cfd4d8f74c","2026-08-17T12:19:49.2613756Z","asset"
"godot/assets/generated_import/characters/sd_chr005_soren_combat_r27_dev/down/down_005.png","140062","6648e95031f8bf439f6a2913d2259114aef711e2c405a4d579c8641c894d100a","2026-08-17T12:14:58.5397117Z","asset"
"godot/assets/generated_import/characters/sd_chr005_soren_combat_r27_dev/down/down_005.png.import","999","e78726583066c976736428abe880620cf14e705edd523476c71f50fcfa253f88","2026-08-17T12:19:49.2708964Z","asset"
"godot/assets/generated_import/characters/sd_chr005_soren_combat_r27_dev/down/down_006.png","122204","50a4ff857f4b71a50a4c9586397d3db31796114225b46b5bf52a8771203bada8","2026-08-17T12:14:58.5847090Z","asset"
"godot/assets/generated_import/characters/sd_chr005_soren_combat_r27_dev/down/down_006.png.import","999","1db2a9d05bb62f3999cbfe554e77be07f8b7afdb0a1d57f882430b61e67b70ac","2026-08-17T12:19:49.2543783Z","asset"
"godot/assets/generated_import/characters/sd_chr005_soren_combat_r27_dev/down/down_007.png","106635","c1e7ba3e13ee8d77887c3dc6128266772b64bf58f73001f652b845c8eaf98c9c","2026-08-17T12:14:58.6227021Z","asset"
"godot/assets/generated_import/characters/sd_chr005_soren_combat_r27_dev/down/down_007.png.import","999","6b1558936543d02c43bd2c175ed0b34febaa94da7245c04ccd3756d08a687af9","2026-08-17T12:19:49.2258344Z","asset"
"godot/assets/generated_import/characters/sd_chr005_soren_combat_r27_dev/hit_sheet_01.png","713774","9d9bcadc7de0cc465ec901d10382e62dae14fa7e90ce6290afc6593f5e186dd9","2026-08-17T12:14:58.1647096Z","asset"
"godot/assets/generated_import/characters/sd_chr005_soren_combat_r27_dev/hit_sheet_01.png.import","1006","ef4efa32400e2bbb95819b12ffb98b523cb27edb68f5406ab5d0eb86c61c2b35","2026-08-17T12:19:46.7223381Z","asset"
"godot/assets/generated_import/characters/sd_chr005_soren_combat_r27_dev/hit/hit_000.png","228994","a17a0ad8cb6f8bcdf852247eab9e5a618f34ca1485c4d9438a4e71a3e519565c","2026-08-17T12:14:57.7227107Z","asset"
"godot/assets/generated_import/characters/sd_chr005_soren_combat_r27_dev/hit/hit_000.png.import","993","46f12e47e8d6f7732f16da850cb518db373f8fea28c6763f128c1dd7d4f1adcc","2026-08-17T12:19:49.1797351Z","asset"
"godot/assets/generated_import/characters/sd_chr005_soren_combat_r27_dev/hit/hit_001.png","232661","456de598dd26025b5f602a6800aa3201130de4e0c9e940be864d0fe29d10648c","2026-08-17T12:14:57.7867037Z","asset"
"godot/assets/generated_import/characters/sd_chr005_soren_combat_r27_dev/hit/hit_001.png.import","995","9e8b2ef00d5efc149198e830a962df2a520387706fffabd3d3d6dede4da95bc6","2026-08-17T12:19:49.1622061Z","asset"
"godot/assets/generated_import/characters/sd_chr005_soren_combat_r27_dev/hit/hit_002.png","229187","db8d2d2aaa55b6fa4a0a5190fe879ff8df85add66a146a5c9ece2e6a06b8a65e","2026-08-17T12:14:57.8567035Z","asset"
"godot/assets/generated_import/characters/sd_chr005_soren_combat_r27_dev/hit/hit_002.png.import","995","e069288e1de7facabddea8f79efdb23dbe630fc9bda78794388d2f10f0dbe2db","2026-08-17T12:19:49.1607018Z","asset"
"godot/assets/generated_import/characters/sd_chr005_soren_combat_r27_dev/hit/hit_003.png","228994","a17a0ad8cb6f8bcdf852247eab9e5a618f34ca1485c4d9438a4e71a3e519565c","2026-08-17T12:14:57.9237084Z","asset"
"godot/assets/generated_import/characters/sd_chr005_soren_combat_r27_dev/hit/hit_003.png.import","994","81573ebc0fda4f132886b4a5f10d4bec0af14e5bb98c975d1183bfbd33e8fbf9","2026-08-17T12:19:49.1622061Z","asset"
"godot/assets/generated_import/characters/sd_chr005_soren_combat_r27_dev/idle_sheet_01.png","1791232","dfbc2fe5173b0548faafc341a8c360b132fb5b68c53aaad5db225c440dd7dfdc","2026-08-17T12:14:49.4537080Z","asset"
"godot/assets/generated_import/characters/sd_chr005_soren_combat_r27_dev/idle_sheet_01.png.import","1008","0a5fbcb57d8f493f03b6e016db0c5c0aaff29941b65880c3a831472bb46f4119","2026-08-17T12:19:46.7789623Z","asset"
"godot/assets/generated_import/characters/sd_chr005_soren_combat_r27_dev/idle/idle_000.png","228990","25d5ee653572d656a85b06763453da969082a499fb7e27a7342e2fd8a4b2329d","2026-08-17T12:14:48.4687069Z","asset"
"godot/assets/generated_import/characters/sd_chr005_soren_combat_r27_dev/idle/idle_000.png.import","999","5436e9d2af7b27c077b82880eb8f89ce267b8199b32131a2895d3017b41ae7e0","2026-08-17T12:19:49.1181168Z","asset"
"godot/assets/generated_import/characters/sd_chr005_soren_combat_r27_dev/idle/idle_001.png","225782","008d126964b68a88de6d2f7046372777053518a8866ae057a804352372b84566","2026-08-17T12:14:48.5377119Z","asset"
"godot/assets/generated_import/characters/sd_chr005_soren_combat_r27_dev/idle/idle_001.png.import","999","fc5e32fd40ac3e59bd01a91ac91f792db383227698f4cb6dedca9fd3e27eb154","2026-08-17T12:19:49.1161162Z","asset"
"godot/assets/generated_import/characters/sd_chr005_soren_combat_r27_dev/idle/idle_002.png","226356","cb558e0198fcdd64db98ba10111b748c113e5cf7a593e5829d02c8466b46374e","2026-08-17T12:14:48.6127032Z","asset"
"godot/assets/generated_import/characters/sd_chr005_soren_combat_r27_dev/idle/idle_002.png.import","999","3e668a31ea376533ec21f80639cc984f3a678bb01823d72ee6ba6c1193835a82","2026-08-17T12:19:49.1076054Z","asset"
"godot/assets/generated_import/characters/sd_chr005_soren_combat_r27_dev/idle/idle_003.png","222562","e0916653b748cacc3c76334e70f0ef538a06c7d9dcde80376d7eb3eb95376ffb","2026-08-17T12:14:48.6857049Z","asset"
"godot/assets/generated_import/characters/sd_chr005_soren_combat_r27_dev/idle/idle_003.png.import","998","9bc97c6417b0d102a93bec0cb198c5e3a8eb616e7b54fbc42a0a10aeae4c57b3","2026-08-17T12:19:49.1035977Z","asset"
"godot/assets/generated_import/characters/sd_chr005_soren_combat_r27_dev/idle/idle_004.png","222787","ec76bfb1ada1b2471a83b27d95edb84299c847a3dcd628909d53d698b39de40d","2026-08-17T12:14:48.7587098Z","asset"
"godot/assets/generated_import/characters/sd_chr005_soren_combat_r27_dev/idle/idle_004.png.import","999","5abfe62d8a657aa064d36d0a59fa5b643383682c608aab42473a5fdb2fc4ae6f","2026-08-17T12:19:49.0504973Z","asset"
"godot/assets/generated_import/characters/sd_chr005_soren_combat_r27_dev/idle/idle_005.png","225823","d581231f0756d83c87f4eedb2d8886cd94e5e24f5d5b84971fcf357755df3506","2026-08-17T12:14:48.8357040Z","asset"
"godot/assets/generated_import/characters/sd_chr005_soren_combat_r27_dev/idle/idle_005.png.import","999","c1d61f612e2a3dd5382b509837ae29caf9b9d70b6c8525e9863814e337359e2a","2026-08-17T12:19:49.0023946Z","asset"
"godot/assets/generated_import/characters/sd_chr005_soren_combat_r27_dev/idle/idle_006.png","226229","d2a070381b835b3f5e13d2d4b8b945629361bd9534bd833206099dc089be488a","2026-08-17T12:14:48.9117082Z","asset"
"godot/assets/generated_import/characters/sd_chr005_soren_combat_r27_dev/idle/idle_006.png.import","998","a382fc25df4e52ae73ec9c74d3bf8a564cab311351b02fa24ab1ddc15cdf104b","2026-08-17T12:19:48.9813597Z","asset"
"godot/assets/generated_import/characters/sd_chr005_soren_combat_r27_dev/idle/idle_007.png","228990","25d5ee653572d656a85b06763453da969082a499fb7e27a7342e2fd8a4b2329d","2026-08-17T12:14:48.9747031Z","asset"
"godot/assets/generated_import/characters/sd_chr005_soren_combat_r27_dev/idle/idle_007.png.import","998","409398a845cf42c7f525d72aab5282de735d873fb7b3ce674b1df78fb7b3c7d6","2026-08-17T12:19:48.9848755Z","asset"
"godot/assets/generated_import/characters/sd_chr005_soren_combat_r27_dev/move_sheet_01.png","2744150","ca924d8bc3cc2eb629f92766d6127475fc0effd562dd5976ed296b2080d48788","2026-08-17T12:14:51.2727073Z","asset"
"godot/assets/generated_import/characters/sd_chr005_soren_combat_r27_dev/move_sheet_01.png.import","1009","3ffe644a7a105a76eb5332a069014e1e2a2fa004036330af311cdf9a811ae78e","2026-08-17T12:19:46.7779628Z","asset"
"godot/assets/generated_import/characters/sd_chr005_soren_combat_r27_dev/move/move_000.png","227021","4f3f7e257cd8b95391f66cd1e49d1d8864cd1fed8a2c32aba9e7d83e6efa9c2d","2026-08-17T12:14:49.5307045Z","asset"
"godot/assets/generated_import/characters/sd_chr005_soren_combat_r27_dev/move/move_000.png.import","998","c9bb50cca9cc266f676f16f025dfc00eb03a33810fbef47110718aa0bae5b05c","2026-08-17T12:19:48.9803590Z","asset"
"godot/assets/generated_import/characters/sd_chr005_soren_combat_r27_dev/move/move_001.png","230137","9fc3e6eed13e94a31596fa6c15b5d628966c13ed5e98d1f5d1f189bbf8b4e980","2026-08-17T12:14:49.6257034Z","asset"
"godot/assets/generated_import/characters/sd_chr005_soren_combat_r27_dev/move/move_001.png.import","999","9ef301d9a4c06bfa19b0d589bc7ff572238b9f6b8c04665893ad92ff77db7bd6","2026-08-17T12:19:48.9458046Z","asset"
"godot/assets/generated_import/characters/sd_chr005_soren_combat_r27_dev/move/move_002.png","229912","3ed909e9761e991098b772daed642001f7aa018255293425e2d20def3e9121a1","2026-08-17T12:14:49.7227045Z","asset"
"godot/assets/generated_import/characters/sd_chr005_soren_combat_r27_dev/move/move_002.png.import","999","baee65b054ac328fe0aaea4c3d5e4bc1970cc064c6b1456e9fc247cb8b9d5d4b","2026-08-17T12:19:48.9448050Z","asset"
"godot/assets/generated_import/characters/sd_chr005_soren_combat_r27_dev/move/move_003.png","229675","8b9e71c23fafc9265610d9f98530b09f7a9e6bfd1b41eef3bc70b55ed0d161e1","2026-08-17T12:14:49.8207079Z","asset"
"godot/assets/generated_import/characters/sd_chr005_soren_combat_r27_dev/move/move_003.png.import","999","6567256b4258f062e836f4fe7bbb4ee45f84a639fee05b26eb2d69b3605a8a8f","2026-08-17T12:19:48.9583214Z","asset"
"godot/assets/generated_import/characters/sd_chr005_soren_combat_r27_dev/move/move_004.png","230232","4ec55956413e3b05f530711b765f3e757007a07e14d35e4b7cce48cdeca63c00","2026-08-17T12:14:49.9147019Z","asset"
"godot/assets/generated_import/characters/sd_chr005_soren_combat_r27_dev/move/move_004.png.import","999","a514c3f85a474c5a3484526e41640ce3605f166765f65e4476b28b656f815b78","2026-08-17T12:19:48.8871794Z","asset"
"godot/assets/generated_import/characters/sd_chr005_soren_combat_r27_dev/move/move_005.png","229627","ced8b6d152ddb6badd735bd4d2464e7975c9f36889c3192e8dd3b0890cc0dd35","2026-08-17T12:14:50.0227031Z","asset"
"godot/assets/generated_import/characters/sd_chr005_soren_combat_r27_dev/move/move_005.png.import","998","349132866bcdba1f6411c09fe2e103cfbb6f35dc761ff1302f0f73b3116223c9","2026-08-17T12:19:48.9092095Z","asset"
"godot/assets/generated_import/characters/sd_chr005_soren_combat_r27_dev/move/move_006.png","229673","6657608c3cef84ed36a90e82f1513eaebf6f33f7544a6a9f8f78a79fdab72e32","2026-08-17T12:14:50.1167044Z","asset"
"godot/assets/generated_import/characters/sd_chr005_soren_combat_r27_dev/move/move_006.png.import","999","e7ee8728db260a83ba35e7b455ca4dcd4c9305f4482aeb9132c6ca9a6fed4abf","2026-08-17T12:19:45.2349069Z","asset"
"godot/assets/generated_import/characters/sd_chr005_soren_combat_r27_dev/move/move_007.png","230189","200392e94a7245a056693aefc64b26864a3dd490ff4810baf3e725bda8b45c3a","2026-08-17T12:14:50.2117029Z","asset"
"godot/assets/generated_import/characters/sd_chr005_soren_combat_r27_dev/move/move_007.png.import","999","4e65641753fa7f9344fe870bf26168336e358cf06f4d1d9e5fb580ecb85695db","2026-08-17T12:19:45.2273878Z","asset"
"godot/assets/generated_import/characters/sd_chr005_soren_combat_r27_dev/move/move_008.png","229303","373cc3f1464576c0544a1090b2a1cf7ee4215d82deaaf38b7ba27c62fa2312ef","2026-08-17T12:14:50.3027021Z","asset"
"godot/assets/generated_import/characters/sd_chr005_soren_combat_r27_dev/move/move_008.png.import","998","c85b3ccfde10e46039ab4079d62d27936672d00657c46abf9bd65df3f412d6e3","2026-08-17T12:19:45.2073485Z","asset"
"godot/assets/generated_import/characters/sd_chr005_soren_combat_r27_dev/move/move_009.png","230128","49d990084b56b6dfaf5beaa6641a86b3f54f89ed76d58fcb6aed7a758f0eca63","2026-08-17T12:14:50.4017085Z","asset"
"godot/assets/generated_import/characters/sd_chr005_soren_combat_r27_dev/move/move_009.png.import","999","be232b97bfcbcc0b1be08c94b21ce6f91c8885974dd750b9d975fc91a53450ab","2026-08-17T12:19:45.1747999Z","asset"
"godot/assets/generated_import/characters/sd_chr005_soren_combat_r27_dev/move/move_010.png","229928","1004e5efba88f4c86814801bd96eebfc96bf425f9b2412d3ff414fa0900a8f42","2026-08-17T12:14:50.4987092Z","asset"
"godot/assets/generated_import/characters/sd_chr005_soren_combat_r27_dev/move/move_010.png.import","999","44d63b9bd6ce7908a2ffa27eacb1a3bb6f9e481bda592ed35e0f0432e84f83a5","2026-08-17T12:19:45.1988305Z","asset"
"godot/assets/generated_import/characters/sd_chr005_soren_combat_r27_dev/move/move_011.png","227021","4f3f7e257cd8b95391f66cd1e49d1d8864cd1fed8a2c32aba9e7d83e6efa9c2d","2026-08-17T12:14:50.5707045Z","asset"
"godot/assets/generated_import/characters/sd_chr005_soren_combat_r27_dev/move/move_011.png.import","999","ae1af93ce06ae6aa6769f35ae63e351113279ba964bebfbb3bb45ccc7a02f2aa","2026-08-17T12:19:45.1607658Z","asset"
"godot/assets/generated_import/characters/sd_chr005_soren_combat_r27_dev/normal_skill_sheet_01.png","2873418","833b063d50dc254fb98cdd5a8f6dfbf486a57a3aa3d05ab85f9f040d3f028272","2026-08-17T12:14:54.4837101Z","asset"
"godot/assets/generated_import/characters/sd_chr005_soren_combat_r27_dev/normal_skill_sheet_01.png.import","1032","b55d9fc8a2c46815502e2791b8d14e8802f0808f94d51c7698de7ae87a1b1395","2026-08-17T12:19:46.5194490Z","asset"
"godot/assets/generated_import/characters/sd_chr005_soren_combat_r27_dev/normal_skill/normal_skill_000.png","238574","b0efd3bcdd4d3ce8894e20febcb33a952644a9fa96b991efb9672d5adff314f2","2026-08-17T12:14:52.5197088Z","asset"
"godot/assets/generated_import/characters/sd_chr005_soren_combat_r27_dev/normal_skill/normal_skill_000.png.import","1031","0792115b5b928a5cb15000e96031910064ca23ee681e7af663219ce3d9cca0e5","2026-08-17T12:19:45.1357365Z","asset"
"godot/assets/generated_import/characters/sd_chr005_soren_combat_r27_dev/normal_skill/normal_skill_001.png","238639","c8639cd541de0d516bcdb52662d8e03eb89fb59290aa05f76553617d809fc21d","2026-08-17T12:14:52.6167046Z","asset"
"godot/assets/generated_import/characters/sd_chr005_soren_combat_r27_dev/normal_skill/normal_skill_001.png.import","1031","440511167084e31ebe4d133260972cf44af10b713db65ef424be1a952f487295","2026-08-17T12:19:45.1207020Z","asset"
"godot/assets/generated_import/characters/sd_chr005_soren_combat_r27_dev/normal_skill/normal_skill_002.png","241720","44da0cd512f47177d693ff7aa46bc1ba08acdc30d59a6df29ba13cd9ce998dfd","2026-08-17T12:14:52.7207041Z","asset"
"godot/assets/generated_import/characters/sd_chr005_soren_combat_r27_dev/normal_skill/normal_skill_002.png.import","1031","340e23cdb721c2a1b303c895d5633ce98e27d9063ca4d995d3b8d87816f099c3","2026-08-17T12:19:45.0831411Z","asset"
"godot/assets/generated_import/characters/sd_chr005_soren_combat_r27_dev/normal_skill/normal_skill_003.png","243597","47c708430aae06345645956ed807e0a3abceefcde1ba3169a28dbf285a3c2e94","2026-08-17T12:14:52.8307029Z","asset"
"godot/assets/generated_import/characters/sd_chr005_soren_combat_r27_dev/normal_skill/normal_skill_003.png.import","1031","12459545c00eb10e45b8bc39e969f8a8f3d212dbde46bca4972d826b23f257f3","2026-08-17T12:19:45.0966638Z","asset"
"godot/assets/generated_import/characters/sd_chr005_soren_combat_r27_dev/normal_skill/normal_skill_004.png","244424","5f0d34b0574c2cac38990f8f49093d10c9380b33c9ba2967c731ab1efdb6e76d","2026-08-17T12:14:52.9367141Z","asset"
"godot/assets/generated_import/characters/sd_chr005_soren_combat_r27_dev/normal_skill/normal_skill_004.png.import","1030","6c29c8608db3aa41bd29bb39f9be904127e667edad982359aeafe0348cda5acf","2026-08-17T12:19:45.0450830Z","asset"
"godot/assets/generated_import/characters/sd_chr005_soren_combat_r27_dev/normal_skill/normal_skill_005.png","243960","aa20e5cf97cbf34f93964232bf87ff80e60a3ee506035437f72c7b1262e80d19","2026-08-17T12:14:53.0427081Z","asset"
"godot/assets/generated_import/characters/sd_chr005_soren_combat_r27_dev/normal_skill/normal_skill_005.png.import","1031","e8ca3c2932a2e09e5fdda80dd84d32cf643fec499fedf9068cfe27e35218c621","2026-08-17T12:19:45.0260543Z","asset"
"godot/assets/generated_import/characters/sd_chr005_soren_combat_r27_dev/normal_skill/normal_skill_006.png","242878","e368ed1cf4749900b88ef703ad28b83dbb448f1e9fccc185b7dea38dea375a99","2026-08-17T12:14:53.1457050Z","asset"
"godot/assets/generated_import/characters/sd_chr005_soren_combat_r27_dev/normal_skill/normal_skill_006.png.import","1031","fa807a0492c07123f1ce98bea42baa173cfedd69c815142ea851ce43dae1afcb","2026-08-17T12:19:45.0405702Z","asset"
"godot/assets/generated_import/characters/sd_chr005_soren_combat_r27_dev/normal_skill/normal_skill_007.png","244222","6007d4ae2f4da5678f5bfe21ebb9bcc6eac82531bb4e412bd84d16c65266c3c4","2026-08-17T12:14:53.2607017Z","asset"
"godot/assets/generated_import/characters/sd_chr005_soren_combat_r27_dev/normal_skill/normal_skill_007.png.import","1030","9017734f173a014e0a74b2b9239fc6213e7407f97e4a209fef5c44b612d291fa","2026-08-17T12:19:45.0310540Z","asset"
"godot/assets/generated_import/characters/sd_chr005_soren_combat_r27_dev/normal_skill/normal_skill_008.png","239916","1cccde9be5bc1ae4079ec9c6841311f3f210ee7eafe8217f1d8ad6d5e4f2f8df","2026-08-17T12:14:53.3627097Z","asset"
"godot/assets/generated_import/characters/sd_chr005_soren_combat_r27_dev/normal_skill/normal_skill_008.png.import","1031","e4d7b055f1328b194172061d1216de183f658b3dd6ccf2c573d453b5374bb466","2026-08-17T12:19:45.0145390Z","asset"
"godot/assets/generated_import/characters/sd_chr005_soren_combat_r27_dev/normal_skill/normal_skill_009.png","236465","535cc75739da4125bf47ae8bcdb86af4672a1526481bb16a319b9e539d6b9954","2026-08-17T12:14:53.4617046Z","asset"
"godot/assets/generated_import/characters/sd_chr005_soren_combat_r27_dev/normal_skill/normal_skill_009.png.import","1031","fdf81c3e34c905f34f03f0d7f512bd8a9c6634f70b60335937439ce70997ed1a","2026-08-17T12:19:44.9864455Z","asset"
"godot/assets/generated_import/characters/sd_chr005_soren_combat_r27_dev/normal_skill/normal_skill_010.png","232233","8c1d8a16d51bcf603e6715ac3944d58b40174667b090672ee4d332f385ae6e3f","2026-08-17T12:14:53.5637141Z","asset"
"godot/assets/generated_import/characters/sd_chr005_soren_combat_r27_dev/normal_skill/normal_skill_010.png.import","1031","a01125b2d7b84cffe054217bd1d6fcacc06360ef1be8920c5b8f13365c5994ca","2026-08-17T12:19:44.9634064Z","asset"
"godot/assets/generated_import/characters/sd_chr005_soren_combat_r27_dev/normal_skill/normal_skill_011.png","230851","edf262f0e37c04e62d54e899f550980a5eb046c46c5994d8b641631293e0d13b","2026-08-17T12:14:53.6587093Z","asset"
"godot/assets/generated_import/characters/sd_chr005_soren_combat_r27_dev/normal_skill/normal_skill_011.png.import","1031","38bc38a93e4421cc44fb9e22f1d596cf1f662366ef43dfa2b8fbe21a4e2f6410","2026-08-17T12:19:44.9313449Z","asset"
"godot/assets/generated_import/characters/sd_chr005_soren_combat_r27_dev/ultimate_sheet_01.png","3893591","b1b90ad25b4bf919dbe440f2997b25c42fa83ed35a1543477dadd1eaa0e59e0b","2026-08-17T12:14:57.4797154Z","asset"
"godot/assets/generated_import/characters/sd_chr005_soren_combat_r27_dev/ultimate_sheet_01.png.import","1021","7e60ba5f045d4417568ebf71b72fedeeba1956866d3497e75c5c927e69036290","2026-08-17T12:19:46.5670336Z","asset"
"godot/assets/generated_import/characters/sd_chr005_soren_combat_r27_dev/ultimate_sheet_02.png","483440","d3e4a22e2aadb129397fcbd17b2081dbb7854e96337c3f3a0c2646df408c24d5","2026-08-17T12:14:57.6547016Z","asset"
"godot/assets/generated_import/characters/sd_chr005_soren_combat_r27_dev/ultimate_sheet_02.png.import","1021","3fc2373f281a2d8b81e04594559e487bd6d8e64540a63b1876f887208f630e16","2026-08-17T12:19:46.4422334Z","asset"
"godot/assets/generated_import/characters/sd_chr005_soren_combat_r27_dev/ultimate/ultimate_000.png","240967","2a87d3cc4a2069ff197c0d179daa63a8054fb639d9e8ac10a382329579e91db8","2026-08-17T12:14:54.5817020Z","asset"
"godot/assets/generated_import/characters/sd_chr005_soren_combat_r27_dev/ultimate/ultimate_000.png.import","1015","dc431da514bad63130f1cc9e9ec6f537dc8c67b4b5e75e7d8f431222f57f647a","2026-08-17T12:19:44.8882762Z","asset"
"godot/assets/generated_import/characters/sd_chr005_soren_combat_r27_dev/ultimate/ultimate_001.png","240008","4593e87b801741a11a9d95e7a282a73797faea794fb20768e577dd3d1232f8dc","2026-08-17T12:14:54.6817086Z","asset"
"godot/assets/generated_import/characters/sd_chr005_soren_combat_r27_dev/ultimate/ultimate_001.png.import","1015","d7fe67451315027f4b40de9c069a4757c0cae453bac75f81ba24d1f323c5af7a","2026-08-17T12:19:44.9388588Z","asset"
"godot/assets/generated_import/characters/sd_chr005_soren_combat_r27_dev/ultimate/ultimate_002.png","242976","8ac0de9ec9bd9c3b074de865fcc0c0253f1e96ff1c82e7c66c43328d7d498b8a","2026-08-17T12:14:54.8007038Z","asset"
"godot/assets/generated_import/characters/sd_chr005_soren_combat_r27_dev/ultimate/ultimate_002.png.import","1015","f3886de96fa8fe0fd78d40e5aafcf6e7d6d8dd392120fd3b9f312c14d5f20411","2026-08-17T12:19:44.8787566Z","asset"
"godot/assets/generated_import/characters/sd_chr005_soren_combat_r27_dev/ultimate/ultimate_003.png","245518","6549f132cbf37bc1a8318491a07f37b65970e7fd89a488cec98c2d062ca2a8d2","2026-08-17T12:14:54.9207039Z","asset"
"godot/assets/generated_import/characters/sd_chr005_soren_combat_r27_dev/ultimate/ultimate_003.png.import","1014","97629f413ea2e7d902c76e3f8dd1ff724175bff85c1b53ed5c3f576a2b559b7b","2026-08-17T12:19:44.8712314Z","asset"
"godot/assets/generated_import/characters/sd_chr005_soren_combat_r27_dev/ultimate/ultimate_004.png","247000","0369360c899f7a1d3fc589bb0555663ac5bba887cb97467f2ee28106571091ec","2026-08-17T12:14:55.0497038Z","asset"
"godot/assets/generated_import/characters/sd_chr005_soren_combat_r27_dev/ultimate/ultimate_004.png.import","1015","573b7c5b4457a50efa903aab59668bb158b088e9fcf38d361dd1b948ccb0491d","2026-08-17T12:19:44.8471934Z","asset"
"godot/assets/generated_import/characters/sd_chr005_soren_combat_r27_dev/ultimate/ultimate_005.png","248648","ed0d7c497d725c940dce745820a093ae96b7c76af045d531a1f90bfff68535b3","2026-08-17T12:14:55.1817032Z","asset"
"godot/assets/generated_import/characters/sd_chr005_soren_combat_r27_dev/ultimate/ultimate_005.png.import","1014","08efd696ee8b60058a1b808d9770c1e8e123366f89650071e32afe7999d43072","2026-08-17T12:19:44.8221477Z","asset"
"godot/assets/generated_import/characters/sd_chr005_soren_combat_r27_dev/ultimate/ultimate_006.png","249083","65f8e959912b48cf0d6791478f4e931cf4729536c95f05ecb797ab7de8018066","2026-08-17T12:14:55.2927094Z","asset"
"godot/assets/generated_import/characters/sd_chr005_soren_combat_r27_dev/ultimate/ultimate_006.png.import","1015","642e320e495451cd2c11f0c65c1b2b7f5eb656928d51751aab52400cc16dfebf","2026-08-17T12:19:44.8396777Z","asset"
"godot/assets/generated_import/characters/sd_chr005_soren_combat_r27_dev/ultimate/ultimate_007.png","248275","7f109774550f6b415c8d85c1adb205bd70eb2e57ef154551323fe27f875939f9","2026-08-17T12:14:55.3987095Z","asset"
"godot/assets/generated_import/characters/sd_chr005_soren_combat_r27_dev/ultimate/ultimate_007.png.import","1015","349221d5e30d329ae9d9ba8ac8ce14add9ce90cfc43bcbd39524b06d94c04a74","2026-08-17T12:19:44.8396777Z","asset"
"godot/assets/generated_import/characters/sd_chr005_soren_combat_r27_dev/ultimate/ultimate_008.png","247820","889ee711782e3d6109dbcd70092de79413f58cad3940a01b7f3ab460f1e6ddc8","2026-08-17T12:14:55.5117080Z","asset"
"godot/assets/generated_import/characters/sd_chr005_soren_combat_r27_dev/ultimate/ultimate_008.png.import","1014","340e264d07e86792e2325c749205893b870ef91953ef785052deb09e4806e7ac","2026-08-17T12:19:44.7860989Z","asset"
"godot/assets/generated_import/characters/sd_chr005_soren_combat_r27_dev/ultimate/ultimate_009.png","246761","ac142b1bcbf9b12586225ee885f238ca81e854fb83ff4bcc78fab96ce9ba33dd","2026-08-17T12:14:55.6237119Z","asset"
"godot/assets/generated_import/characters/sd_chr005_soren_combat_r27_dev/ultimate/ultimate_009.png.import","1015","dfb2c684c6f618fcf679cf77830d5a2c9dbbbe11ef8b39eddcdfa99515b0bd4c","2026-08-17T12:19:44.7535411Z","asset"
"godot/assets/generated_import/characters/sd_chr005_soren_combat_r27_dev/ultimate/ultimate_010.png","246071","c6bce9196e99c4f9f43ea5ddc656a9c497053dab2680088e5ec212f81b1b6f43","2026-08-17T12:14:55.7317084Z","asset"
"godot/assets/generated_import/characters/sd_chr005_soren_combat_r27_dev/ultimate/ultimate_010.png.import","1015","01c16fc2b4525b4d73db5696c4d552161bbf42cd1966d7c7eb82650147008152","2026-08-17T12:19:47.0750428Z","asset"
"godot/assets/generated_import/characters/sd_chr005_soren_combat_r27_dev/ultimate/ultimate_011.png","247608","76d1f23ff36f6859cfe92cc0dd457e1300d0a916f8bb38351fbb602a0125af56","2026-08-17T12:14:55.8497057Z","asset"
"godot/assets/generated_import/characters/sd_chr005_soren_combat_r27_dev/ultimate/ultimate_011.png.import","1015","51d77f38fab0d73ac286fa7a2e25ad18ddf37cc3c6aa942f29093cede3865ccd","2026-08-17T12:19:47.0559900Z","asset"
"godot/assets/generated_import/characters/sd_chr005_soren_combat_r27_dev/ultimate/ultimate_012.png","243766","2917f3cfe19eaafbc34e3cb8f62246197aa472ec2ad98b8da14cc96494da9a2b","2026-08-17T12:14:55.9547105Z","asset"
"godot/assets/generated_import/characters/sd_chr005_soren_combat_r27_dev/ultimate/ultimate_012.png.import","1015","8bfead70d9be819b0319e6163c63ec74ec1fe48bc4ff1cd732b2a628094a8fa8","2026-08-17T12:19:47.0705091Z","asset"
"godot/assets/generated_import/characters/sd_chr005_soren_combat_r27_dev/ultimate/ultimate_013.png","240898","3e5dd157ffb2e6e7857461b9b1eea968b90220a67f161073149ca65ec96d786c","2026-08-17T12:14:56.0647029Z","asset"
"godot/assets/generated_import/characters/sd_chr005_soren_combat_r27_dev/ultimate/ultimate_013.png.import","1014","95509ad4d33611923b3f7d201d14f887af40f835e1110f1fdfd3367219e75749","2026-08-17T12:19:47.0494721Z","asset"
"godot/assets/generated_import/characters/sd_chr005_soren_combat_r27_dev/ultimate/ultimate_014.png","237726","b63820287135078fc13514f69eeb4a344f1925412882076f05dd2354b0bd4468","2026-08-17T12:14:56.1677027Z","asset"
"godot/assets/generated_import/characters/sd_chr005_soren_combat_r27_dev/ultimate/ultimate_014.png.import","1015","261243e6b2458999c84bf94cd10a634dd721ed9d20ac9b6d51ae81508a20f575","2026-08-17T12:19:47.0304345Z","asset"
"godot/assets/generated_import/characters/sd_chr005_soren_combat_r27_dev/ultimate/ultimate_015.png","234728","bebd22cf6463e4ef4e8c7b63624f1829479df31d61afd28e7578f59a819e3571","2026-08-17T12:14:56.2797141Z","asset"
"godot/assets/generated_import/characters/sd_chr005_soren_combat_r27_dev/ultimate/ultimate_015.png.import","1015","5391abce8a920f6b1df5cb2e62942badeeeefb970f62f06a4e5689dc023de97e","2026-08-17T12:19:46.9803372Z","asset"
"godot/assets/generated_import/characters/sd_chr005_soren_combat_r27_dev/ultimate/ultimate_016.png","231247","bdf70ea4d657e2d5b408ca584840ff99d56b29170582c00835fa4e58abceaa82","2026-08-17T12:14:56.3747097Z","asset"
"godot/assets/generated_import/characters/sd_chr005_soren_combat_r27_dev/ultimate/ultimate_016.png.import","1014","9abd48eaecac18b69ff9a881bf03a107e44ffa7f52df699cb462a55a878a7d8f","2026-08-17T12:19:46.9412759Z","asset"
"godot/assets/generated_import/characters/sd_chr005_soren_combat_r27_dev/ultimate/ultimate_017.png","231449","945f61a609ca40b17fdcb0b393706ede9dc9dc0e20f47a1f482ca50c7bd1e51b","2026-08-17T12:14:56.4737092Z","asset"
"godot/assets/generated_import/characters/sd_chr005_soren_combat_r27_dev/ultimate/ultimate_017.png.import","1014","5a35f1f990c98d2ece957a23556b741affdba9303fc334c6b01b5108c800f980","2026-08-17T12:19:46.9553067Z","asset"
"godot/assets/generated_import/characters/sd_chr005_soren_combat_r27_dev/victory_sheet_01.png","2337540","7861ffd590c6707ec4b8c62875796669c31deab65c67d6d6035e25a4751327d6","2026-08-17T12:15:00.3207032Z","asset"
"godot/assets/generated_import/characters/sd_chr005_soren_combat_r27_dev/victory_sheet_01.png.import","1018","60104d89c5efc55036751f4166cc29f97081500427caadb1cd071987cb3ba2f0","2026-08-17T12:19:46.6802358Z","asset"
"godot/assets/generated_import/characters/sd_chr005_soren_combat_r27_dev/victory/victory_000.png","228994","a17a0ad8cb6f8bcdf852247eab9e5a618f34ca1485c4d9438a4e71a3e519565c","2026-08-17T12:14:59.0927084Z","asset"
"godot/assets/generated_import/characters/sd_chr005_soren_combat_r27_dev/victory/victory_000.png.import","1011","713132f8dd8efbbe2586d15246ba05f7ba460b4f0568b74f0712d8094fd2d5ff","2026-08-17T12:19:46.9212470Z","asset"
"godot/assets/generated_import/characters/sd_chr005_soren_combat_r27_dev/victory/victory_001.png","231449","b5c34f38ea057e2344cce81cb21b4e9c95091bed9508fb4577e863bd5b096f43","2026-08-17T12:14:59.1647061Z","asset"
"godot/assets/generated_import/characters/sd_chr005_soren_combat_r27_dev/victory/victory_001.png.import","1011","b18a02c76f9415f4843b30cabebd3a6797e0210eb768f7c3612b77b3dcfa0583","2026-08-17T12:19:46.8726275Z","asset"
"godot/assets/generated_import/characters/sd_chr005_soren_combat_r27_dev/victory/victory_002.png","235130","63acee845f8a4bdcc110e4d8c509d727b92b2ad6766c43b689a4753bd49bbb4d","2026-08-17T12:14:59.2387020Z","asset"
"godot/assets/generated_import/characters/sd_chr005_soren_combat_r27_dev/victory/victory_002.png.import","1011","06db184feb43a4bd911a2fd4ae0e155a7e402a62bad81a197a7385e6c5bb83c6","2026-08-17T12:19:46.8691234Z","asset"
"godot/assets/generated_import/characters/sd_chr005_soren_combat_r27_dev/victory/victory_003.png","233592","993471f0ea7c873c1f4bf42c4ce7850415278b90beefa40febb28459fc52649f","2026-08-17T12:14:59.3167033Z","asset"
"godot/assets/generated_import/characters/sd_chr005_soren_combat_r27_dev/victory/victory_003.png.import","1011","3141cb834fd5602a0cc9def4556fcc206d9dd4ba6f44ffc4f802dd07d2ca1024","2026-08-17T12:19:46.8796373Z","asset"
"godot/assets/generated_import/characters/sd_chr005_soren_combat_r27_dev/victory/victory_004.png","228671","cb9dd2d6c3bae8cbaec1b62b1a54e9c452334689c4eacfda083677f8c2ed3612","2026-08-17T12:14:59.3877035Z","asset"
"godot/assets/generated_import/characters/sd_chr005_soren_combat_r27_dev/victory/victory_004.png.import","1011","55676034599a6369520904b65d9ea7006e022d6135e88efb3565f1400d151c58","2026-08-17T12:19:46.8881564Z","asset"
"godot/assets/generated_import/characters/sd_chr005_soren_combat_r27_dev/victory/victory_005.png","229696","b6158569893427be125f9202b573a0a2a4deba8ff5b0ad908939ff3f974aa4d6","2026-08-17T12:14:59.4597019Z","asset"
"godot/assets/generated_import/characters/sd_chr005_soren_combat_r27_dev/victory/victory_005.png.import","1010","768b198266b0c21c234111ca147b63e6cdd21b213ca33fb4a9af23193e6057d5","2026-08-17T12:19:46.7969932Z","asset"
"godot/assets/generated_import/characters/sd_chr005_soren_combat_r27_dev/victory/victory_006.png","235767","e4ae6dd8b6332747c5ef0ac5e358e18c43b309e5076933d4acbbb41dc65e53e0","2026-08-17T12:14:59.5377114Z","asset"
"godot/assets/generated_import/characters/sd_chr005_soren_combat_r27_dev/victory/victory_006.png.import","1011","2d0a10f13d38a77a4c00a179df8cce75b8ed9ea98d7ffe6d61c31ed344d60a18","2026-08-17T12:19:46.7273519Z","asset"
"godot/assets/generated_import/characters/sd_chr005_soren_combat_r27_dev/victory/victory_007.png","237460","c72b89483687ce7df75e3190d3af8bb5caf37c35db1df56a433f784fc7be8647","2026-08-17T12:14:59.6127071Z","asset"
"godot/assets/generated_import/characters/sd_chr005_soren_combat_r27_dev/victory/victory_007.png.import","1011","d77adbc7bba12246c74b5e33bf90b1410ee2a54c7d4e5a95e58042ef064a5ee7","2026-08-17T12:19:46.7454156Z","asset"
"godot/assets/generated_import/characters/sd_chr005_soren_combat_r27_dev/victory/victory_008.png","233296","3004d1aa163551b5bf8d5a2dc26f3539fb936797f2268a27c33ff197957a8711","2026-08-17T12:14:59.6807038Z","asset"
"godot/assets/generated_import/characters/sd_chr005_soren_combat_r27_dev/victory/victory_008.png.import","1010","f2351cc33ebf30193e53a27d3902b7f66dc0b95a1d2880f52f24124bd9f7955e","2026-08-17T12:19:46.7158265Z","asset"
"godot/assets/generated_import/characters/sd_chr005_soren_combat_r27_dev/victory/victory_009.png","228994","a17a0ad8cb6f8bcdf852247eab9e5a618f34ca1485c4d9438a4e71a3e519565c","2026-08-17T12:14:59.7387019Z","asset"
"godot/assets/generated_import/characters/sd_chr005_soren_combat_r27_dev/victory/victory_009.png.import","1011","f36bbca12b39437027d8c6fa9f1316c1f61a2ae3e997b50b340a32ba2b8ccd5f","2026-08-17T12:19:46.6211409Z","asset"
"godot/assets/generated_import/combat_facing_contract.json","773","5b159c7efb47f19cf0afea5543151cc962f890c9aac11f5dc9fc335a4d0f5d72","2026-08-17T11:19:23.0358100Z","asset"
"godot/assets/generated_import/enemies/sd_enm001_rush_drone_combat_r28_dev/animation_manifest.json","22291","a7b23b535e66d5adca0d6007667708beb0ad8dcf8973bd53a4aeb957e2fadf37","2026-08-17T12:40:48.4708479Z","asset"
"godot/assets/generated_import/enemies/sd_enm001_rush_drone_combat_r28_dev/basic_attack_sheet_01.png","1331710","e0a86ac084bf6fcbbb2c90be7cfc30858adaf94e9b3d045ae68880465f63620f","2026-08-17T12:40:43.1796410Z","asset"
"godot/assets/generated_import/enemies/sd_enm001_rush_drone_combat_r28_dev/basic_attack_sheet_01.png.import","1035","9c286d17d785388969fe1617c9d6443fed9fc213e12bd1b31e8b14f458fb70a7","2026-08-17T12:45:31.1803193Z","asset"
"godot/assets/generated_import/enemies/sd_enm001_rush_drone_combat_r28_dev/basic_attack/basic_attack_000.png","164878","fedd5ce329c376e5c1dfc6c0b7ab40e913e53d74c2f7fb8c447d5aa9bffb557f","2026-08-17T12:40:42.4135981Z","asset"
"godot/assets/generated_import/enemies/sd_enm001_rush_drone_combat_r28_dev/basic_attack/basic_attack_000.png.import","1032","1ad360112da1eca26f35746b4338344d479fdad83f42d42a98f146ccb06052de","2026-08-17T12:45:28.6821781Z","asset"
"godot/assets/generated_import/enemies/sd_enm001_rush_drone_combat_r28_dev/basic_attack/basic_attack_001.png","166123","bd45afdc06c33460c525c3be3e62109052c6044e897e07a44913e11690845833","2026-08-17T12:40:42.4795983Z","asset"
"godot/assets/generated_import/enemies/sd_enm001_rush_drone_combat_r28_dev/basic_attack/basic_attack_001.png.import","1033","50d7a8808b694dfe83b7a4a0f961390dd81e29601c2f9e35703c4150fe2bc41b","2026-08-17T12:45:28.7476895Z","asset"
"godot/assets/generated_import/enemies/sd_enm001_rush_drone_combat_r28_dev/basic_attack/basic_attack_002.png","167057","d869fd4158f38167283104b4a7debedfac696f655faf21a5d033dcc20ca000ec","2026-08-17T12:40:42.5455993Z","asset"
"godot/assets/generated_import/enemies/sd_enm001_rush_drone_combat_r28_dev/basic_attack/basic_attack_002.png.import","1033","00f26038674369785096b3c6629060b2c0f87afe5256a9503eda7277727270c7","2026-08-17T12:45:28.7536902Z","asset"
"godot/assets/generated_import/enemies/sd_enm001_rush_drone_combat_r28_dev/basic_attack/basic_attack_003.png","165451","d0fe1daaa7d9b0d6ce8d83fadc5fc92c2bffb5cb55e2f58e0d124191401a305b","2026-08-17T12:40:42.6125981Z","asset"
"godot/assets/generated_import/enemies/sd_enm001_rush_drone_combat_r28_dev/basic_attack/basic_attack_003.png.import","1033","b26a78368daa25b3d63ef9be7e743c1873c19e890e50cfb86ea8e6e4cb4b0b64","2026-08-17T12:45:28.7636909Z","asset"
"godot/assets/generated_import/enemies/sd_enm001_rush_drone_combat_r28_dev/basic_attack/basic_attack_004.png","169394","5cf4bcac38c4d2885263b082790a30d736f65adc9af1fd92b9abf21762d0d157","2026-08-17T12:40:42.6776166Z","asset"
"godot/assets/generated_import/enemies/sd_enm001_rush_drone_combat_r28_dev/basic_attack/basic_attack_004.png.import","1033","3fea404042fc5e2ac329ade44d43d9c3bee48b2bbdd4ecf3fd058018b01efd7a","2026-08-17T12:45:28.7746898Z","asset"
"godot/assets/generated_import/enemies/sd_enm001_rush_drone_combat_r28_dev/basic_attack/basic_attack_005.png","167733","d44094c897cb951d0b5077b71950f991fc85244365d31ac8afb462cb45b59d40","2026-08-17T12:40:42.7426094Z","asset"
"godot/assets/generated_import/enemies/sd_enm001_rush_drone_combat_r28_dev/basic_attack/basic_attack_005.png.import","1033","5fcd5e60446a7dc8476aa7a7baaf194a3efe198666435041ba4ec0048a4626af","2026-08-17T12:45:28.7716908Z","asset"
"godot/assets/generated_import/enemies/sd_enm001_rush_drone_combat_r28_dev/basic_attack/basic_attack_006.png","165151","8a7fedce2001e37cce119108b2cc77650996a4589aa6e2e2fbc4930dac13a8cf","2026-08-17T12:40:42.8106382Z","asset"
"godot/assets/generated_import/enemies/sd_enm001_rush_drone_combat_r28_dev/basic_attack/basic_attack_006.png.import","1032","591251751ede5177981662276f9ddc1bde0c67d7fee151d5c739057692cfd7e7","2026-08-17T12:45:28.8106911Z","asset"
"godot/assets/generated_import/enemies/sd_enm001_rush_drone_combat_r28_dev/basic_attack/basic_attack_007.png","164158","8f863aaf7109fa90e0e454811e3a18c9ecee955c5b1e3c4b558be8681a1de882","2026-08-17T12:40:42.8576336Z","asset"
"godot/assets/generated_import/enemies/sd_enm001_rush_drone_combat_r28_dev/basic_attack/basic_attack_007.png.import","1032","0da607f2b691cb52acd56907a014b9345bc1c7cd9d8dcce5b09e346aa10e76df","2026-08-17T12:45:28.8762052Z","asset"
"godot/assets/generated_import/enemies/sd_enm001_rush_drone_combat_r28_dev/combat_base_512.png","164224","459e2fa91310b11435f008e5df461336b4f74db5f005f9be15c6c2ab5011e7f6","2026-08-17T12:40:40.2628533Z","asset"
"godot/assets/generated_import/enemies/sd_enm001_rush_drone_combat_r28_dev/combat_base_512.png.import","1016","8a2cff840b4eadc8bff91004f037aa42d7ceb9a387ce619f3611eb809af2de55","2026-08-17T12:45:30.1074166Z","asset"
"godot/assets/generated_import/enemies/sd_enm001_rush_drone_combat_r28_dev/down_sheet_01.png","1081884","9f64caf8647b2005443c1c2b09675cca9c76cb1c93b293ec45a3809a9a2b114d","2026-08-17T12:40:47.4988444Z","asset"
"godot/assets/generated_import/enemies/sd_enm001_rush_drone_combat_r28_dev/down_sheet_01.png.import","1010","163c75e42556c1527bbcfe58b936fde38cedb777c1f2861f2a1c32e49721be2e","2026-08-17T12:45:31.1287912Z","asset"
"godot/assets/generated_import/enemies/sd_enm001_rush_drone_combat_r28_dev/down/down_000.png","164158","8f863aaf7109fa90e0e454811e3a18c9ecee955c5b1e3c4b558be8681a1de882","2026-08-17T12:40:46.9398481Z","asset"
"godot/assets/generated_import/enemies/sd_enm001_rush_drone_combat_r28_dev/down/down_000.png.import","1000","44c1573516a2b2e47cd12f22df2f54cbde29385fe3786cd30d2195e7db83592e","2026-08-17T12:45:28.8852056Z","asset"
"godot/assets/generated_import/enemies/sd_enm001_rush_drone_combat_r28_dev/down/down_001.png","157019","e6d46f666fcdd66f69661e90030c8b090db508994eba4dbe772117d232305435","2026-08-17T12:40:46.9858433Z","asset"
"godot/assets/generated_import/enemies/sd_enm001_rush_drone_combat_r28_dev/down/down_001.png.import","1000","57d996a88109c5fc12d35b122215cc5aa9f6ab9669af89606b2bb16d17b4dc73","2026-08-17T12:45:28.8842065Z","asset"
"godot/assets/generated_import/enemies/sd_enm001_rush_drone_combat_r28_dev/down/down_002.png","149922","2575e743dbee60e47ba2a4f6b017506038341807759b0a98581e181b1689e1ee","2026-08-17T12:40:47.0298379Z","asset"
"godot/assets/generated_import/enemies/sd_enm001_rush_drone_combat_r28_dev/down/down_002.png.import","1001","cf640939898ce0e5a3011ee5becf75d3c6c2ee1d2d932e1c7674f1ce1bc938d3","2026-08-17T12:45:28.8852056Z","asset"
"godot/assets/generated_import/enemies/sd_enm001_rush_drone_combat_r28_dev/down/down_003.png","140107","86d72de6470aca3f2f2533088fc2f5999bde79028dbbded7feb7760d491620c7","2026-08-17T12:40:47.0718427Z","asset"
"godot/assets/generated_import/enemies/sd_enm001_rush_drone_combat_r28_dev/down/down_003.png.import","1001","b4714acd690435e4e351e1c9c28a26226501c890945923d7a102e7e7b336525b","2026-08-17T12:45:28.8932051Z","asset"
"godot/assets/generated_import/enemies/sd_enm001_rush_drone_combat_r28_dev/down/down_004.png","131046","bb87eabc31bbe59fe958bdaf62797f5c17e8b54461055b8a8ba13ea1cfc56fa0","2026-08-17T12:40:47.1108435Z","asset"
"godot/assets/generated_import/enemies/sd_enm001_rush_drone_combat_r28_dev/down/down_004.png.import","1000","12793ef8a21e173503f9155f4a119b7904266c3b8b84a3298dfa7729236ae094","2026-08-17T12:45:28.9232138Z","asset"
"godot/assets/generated_import/enemies/sd_enm001_rush_drone_combat_r28_dev/down/down_005.png","119840","7b8934a8c91fa66efb0ac234c3135ab11e172580d753bc5fce3e7c9049fd7f89","2026-08-17T12:40:47.1478433Z","asset"
"godot/assets/generated_import/enemies/sd_enm001_rush_drone_combat_r28_dev/down/down_005.png.import","1001","78eafc639f84b25dbfe239b8391fe5770a62cd815a7ac1711f85c4144e76b4f8","2026-08-17T12:45:28.9937201Z","asset"
"godot/assets/generated_import/enemies/sd_enm001_rush_drone_combat_r28_dev/down/down_006.png","111505","4394fa21a64f472dd48baee054a14695356224af318f5e636edb024504da7b8d","2026-08-17T12:40:47.1838426Z","asset"
"godot/assets/generated_import/enemies/sd_enm001_rush_drone_combat_r28_dev/down/down_006.png.import","1001","6c8eb9aa64288584b7c64e9188dacfef5717a47fd154cd895dca2c67a3bca8b3","2026-08-17T12:45:28.9957226Z","asset"
"godot/assets/generated_import/enemies/sd_enm001_rush_drone_combat_r28_dev/down/down_007.png","100891","29f77ce6a439ccaaedb06e6baf6c2de3967b0f85777f0d81c6570d760fda30fc","2026-08-17T12:40:47.2148470Z","asset"
"godot/assets/generated_import/enemies/sd_enm001_rush_drone_combat_r28_dev/down/down_007.png.import","1001","40870628202a524ef8edabdd9fa7c77ad9513b5833658a3a70dc30512f67edbe","2026-08-17T12:45:29.0147237Z","asset"
"godot/assets/generated_import/enemies/sd_enm001_rush_drone_combat_r28_dev/hit_sheet_01.png","511941","ce5807cd6a5ed26bf74fef8bdf84d952d29f824157714c4f2ec278b2ffa54c77","2026-08-17T12:40:46.8948435Z","asset"
"godot/assets/generated_import/enemies/sd_enm001_rush_drone_combat_r28_dev/hit_sheet_01.png.import","1008","7e8202552f78ad13bb1818867cc6f89f74b297419718c21514b16fd37245021d","2026-08-17T12:45:31.1543189Z","asset"
"godot/assets/generated_import/enemies/sd_enm001_rush_drone_combat_r28_dev/hit/hit_000.png","164158","8f863aaf7109fa90e0e454811e3a18c9ecee955c5b1e3c4b558be8681a1de882","2026-08-17T12:40:46.5948446Z","asset"
"godot/assets/generated_import/enemies/sd_enm001_rush_drone_combat_r28_dev/hit/hit_000.png.import","996","bb234209810313f706b2404b9513d9fc29fc095b251f6e7ced48a12cb052b9ac","2026-08-17T12:45:29.0297295Z","asset"
"godot/assets/generated_import/enemies/sd_enm001_rush_drone_combat_r28_dev/hit/hit_001.png","164843","e98f12c9e9a7bba6e8facf1041414508d66b647e7b4c3ad9f24fdc6ce0a6eae1","2026-08-17T12:40:46.6398446Z","asset"
"godot/assets/generated_import/enemies/sd_enm001_rush_drone_combat_r28_dev/hit/hit_001.png.import","997","8dda4cd50a77050c0727bd5b74cc7acf31a2e51ae74833ce15016ca8b4d2d6f6","2026-08-17T12:45:29.0502407Z","asset"
"godot/assets/generated_import/enemies/sd_enm001_rush_drone_combat_r28_dev/hit/hit_002.png","165444","4f1681863643bbfec4f43d8f8f2e384b2bdb50b275b089c5d942db8fea822de0","2026-08-17T12:40:46.6848437Z","asset"
"godot/assets/generated_import/enemies/sd_enm001_rush_drone_combat_r28_dev/hit/hit_002.png.import","997","451d8f16ac9672c103b288b6c82208b513fb9b14c2d112ca4463565735818d51","2026-08-17T12:45:29.0682401Z","asset"
"godot/assets/generated_import/enemies/sd_enm001_rush_drone_combat_r28_dev/hit/hit_003.png","164158","8f863aaf7109fa90e0e454811e3a18c9ecee955c5b1e3c4b558be8681a1de882","2026-08-17T12:40:46.7368463Z","asset"
"godot/assets/generated_import/enemies/sd_enm001_rush_drone_combat_r28_dev/hit/hit_003.png.import","997","de1bed0e31af820a445c3a484b1485cb8f3affbc8d189cdbe06509bf5a824b12","2026-08-17T12:45:29.1377562Z","asset"
"godot/assets/generated_import/enemies/sd_enm001_rush_drone_combat_r28_dev/idle_sheet_01.png","1290201","0cdaeac5723dd8fad84a06667785ce5415f5f2e88357e659c04099d4d36a111c","2026-08-17T12:40:40.9768578Z","asset"
"godot/assets/generated_import/enemies/sd_enm001_rush_drone_combat_r28_dev/idle_sheet_01.png.import","1011","b2000de552f56cb0a52dd9e38026fb1f30ccb1bc955ebc7e40bf738343b0a793","2026-08-17T12:45:31.1683287Z","asset"
"godot/assets/generated_import/enemies/sd_enm001_rush_drone_combat_r28_dev/idle/idle_000.png","164158","19374523ab4cb58025cd6e8d460d4a1afde09219938fbbb54d3c2ee8b2ccef15","2026-08-17T12:40:40.3108524Z","asset"
"godot/assets/generated_import/enemies/sd_enm001_rush_drone_combat_r28_dev/idle/idle_000.png.import","1001","24a3e6147a4103e4d73830a2bbc20fa799a5068c071b44fa878c99617865f439","2026-08-17T12:45:29.1517560Z","asset"
"godot/assets/generated_import/enemies/sd_enm001_rush_drone_combat_r28_dev/idle/idle_001.png","161866","5f6858223159b869e124e9ada5856ac7d47314449729ecb6660be8ea5f89a348","2026-08-17T12:40:40.3618598Z","asset"
"godot/assets/generated_import/enemies/sd_enm001_rush_drone_combat_r28_dev/idle/idle_001.png.import","1000","b05331dd64afb314122a4351ece65f68ceceb035d04877ac4b593f7d72748510","2026-08-17T12:45:29.1377562Z","asset"
"godot/assets/generated_import/enemies/sd_enm001_rush_drone_combat_r28_dev/idle/idle_002.png","162284","8facb37d2807e771192da4999e45698ac9c472de62d62fded9d3aba86f4b5e7d","2026-08-17T12:40:40.4138590Z","asset"
"godot/assets/generated_import/enemies/sd_enm001_rush_drone_combat_r28_dev/idle/idle_002.png.import","1001","13cafcc6b5519d0650041faaf0a204aeba588fdfffeaf08e37ccff4942cb5583","2026-08-17T12:45:29.1547552Z","asset"
"godot/assets/generated_import/enemies/sd_enm001_rush_drone_combat_r28_dev/idle/idle_003.png","160497","1ae4b70f411d0cad21beb422d08696f8245c945518040e5476658b9282de176c","2026-08-17T12:40:40.4638571Z","asset"
"godot/assets/generated_import/enemies/sd_enm001_rush_drone_combat_r28_dev/idle/idle_003.png.import","1000","965a6bbd57b1a0ad4615ea586c0a09868072c4a8b4d8dd2580c348450bf622de","2026-08-17T12:45:29.1697558Z","asset"
"godot/assets/generated_import/enemies/sd_enm001_rush_drone_combat_r28_dev/idle/idle_004.png","160465","05dc569f8cb40ef3f7e4da3e31852a0a995bd3b4b133e25daa6fcba8783fe863","2026-08-17T12:40:40.5128576Z","asset"
"godot/assets/generated_import/enemies/sd_enm001_rush_drone_combat_r28_dev/idle/idle_004.png.import","1001","6273a78a764a84a2dcd22a9b32427f218f86fb920c83f571067b5ed10c6ecf98","2026-08-17T12:45:29.1797569Z","asset"
"godot/assets/generated_import/enemies/sd_enm001_rush_drone_combat_r28_dev/idle/idle_005.png","161730","b460ad219b24f35b58ea9b67f592e3c5d407827917d56a6d71d1d50d63a1ead6","2026-08-17T12:40:40.5628566Z","asset"
"godot/assets/generated_import/enemies/sd_enm001_rush_drone_combat_r28_dev/idle/idle_005.png.import","1001","1ee1717cb7651ce677e7e8a4e6aa047e59cc2c3ff276d33be14aabf3bcb1f819","2026-08-17T12:45:29.1717569Z","asset"
"godot/assets/generated_import/enemies/sd_enm001_rush_drone_combat_r28_dev/idle/idle_006.png","162068","a9d0cf83c9d2161ab78d8bf4a4e090eada114ba8f0edd771a009835d8fedcba3","2026-08-17T12:40:40.6138588Z","asset"
"godot/assets/generated_import/enemies/sd_enm001_rush_drone_combat_r28_dev/idle/idle_006.png.import","1001","65ceca1f0f9815dced44300998b5e130098ad01c022335dbb28e80f7dafb32e3","2026-08-17T12:45:29.1917549Z","asset"
"godot/assets/generated_import/enemies/sd_enm001_rush_drone_combat_r28_dev/idle/idle_007.png","164158","19374523ab4cb58025cd6e8d460d4a1afde09219938fbbb54d3c2ee8b2ccef15","2026-08-17T12:40:40.6588527Z","asset"
"godot/assets/generated_import/enemies/sd_enm001_rush_drone_combat_r28_dev/idle/idle_007.png.import","1001","ddf8b1070f5db50fe142b74ea1a0fa6189621184bbcb9a799cd196d16ab9d3a9","2026-08-17T12:45:29.2187601Z","asset"
"godot/assets/generated_import/enemies/sd_enm001_rush_drone_combat_r28_dev/move_sheet_01.png","1944887","98de4d1ea2585b0fcb9da52306ba91d556cc5f8c7a43750f9ee1cef01b058dc7","2026-08-17T12:40:42.3573769Z","asset"
"godot/assets/generated_import/enemies/sd_enm001_rush_drone_combat_r28_dev/move_sheet_01.png.import","1010","1b5d66d2118a8e497b733fda0c8127f89d2121ba7ef8b50304cbb270c4b05c97","2026-08-17T12:45:31.2043246Z","asset"
"godot/assets/generated_import/enemies/sd_enm001_rush_drone_combat_r28_dev/move/move_000.png","162530","95766c22cdb74abc0028e20210269a71aa44f2a6d580879d47a5e495dc823864","2026-08-17T12:40:41.0303811Z","asset"
"godot/assets/generated_import/enemies/sd_enm001_rush_drone_combat_r28_dev/move/move_000.png.import","1001","f1cce6e918dd71ed9a5c273969a3cff57f924b8cac110bda7a7fb2ae05b0ec84","2026-08-17T12:45:29.2732867Z","asset"
"godot/assets/generated_import/enemies/sd_enm001_rush_drone_combat_r28_dev/move/move_001.png","162697","37da5867d3c1434f94619c68b5ab450fca1d978f1a65938e446b5bc02f7fb9b7","2026-08-17T12:40:41.1063805Z","asset"
"godot/assets/generated_import/enemies/sd_enm001_rush_drone_combat_r28_dev/move/move_001.png.import","1001","5d57eb6c15e5fc874e307fb33d3687786990c6e13166b85bb387a157e0466a61","2026-08-17T12:45:29.2722863Z","asset"
"godot/assets/generated_import/enemies/sd_enm001_rush_drone_combat_r28_dev/move/move_002.png","162523","3cd69ebf32914556f185207ad12b06113f105b3d0fbc3fa6d5104792dc328bc2","2026-08-17T12:40:41.1823820Z","asset"
"godot/assets/generated_import/enemies/sd_enm001_rush_drone_combat_r28_dev/move/move_002.png.import","1001","7321821b3ebbc612b30a1f467dfb4650eaa09451e070739ada7cbd3f9446bd06","2026-08-17T12:45:28.0910873Z","asset"
"godot/assets/generated_import/enemies/sd_enm001_rush_drone_combat_r28_dev/move/move_003.png","162729","adfe69112be6889b258983de9ec6f5eabaf94760e9aeeec2653e9ebf4ae87c30","2026-08-17T12:40:41.2653793Z","asset"
"godot/assets/generated_import/enemies/sd_enm001_rush_drone_combat_r28_dev/move/move_003.png.import","1001","5b0b4fcab986b14b9edd98a3d718f99192b1ba0f484dceb95420458d02a22c3a","2026-08-17T12:45:28.1040892Z","asset"
"godot/assets/generated_import/enemies/sd_enm001_rush_drone_combat_r28_dev/move/move_004.png","163614","91c118fac6127773ddfb6ba53b3eda7af58411c8acb6961064915c8afdf97c21","2026-08-17T12:40:41.3423760Z","asset"
"godot/assets/generated_import/enemies/sd_enm001_rush_drone_combat_r28_dev/move/move_004.png.import","1000","353990d2674e2430b10ad549032b766f96dc1a9ab25be723c5bf3cfc8aec504e","2026-08-17T12:45:28.1366008Z","asset"
"godot/assets/generated_import/enemies/sd_enm001_rush_drone_combat_r28_dev/move/move_005.png","162785","186119c16ee6e4815bedb80cbef287c929bf26d5c3d61731109ddb65c3c42049","2026-08-17T12:40:41.4163819Z","asset"
"godot/assets/generated_import/enemies/sd_enm001_rush_drone_combat_r28_dev/move/move_005.png.import","1001","add09cae5ae2cea9debd61f86373c643a3e9131ed5e209ad04c7e3061e55c309","2026-08-17T12:45:28.1326007Z","asset"
"godot/assets/generated_import/enemies/sd_enm001_rush_drone_combat_r28_dev/move/move_006.png","162215","700fe6fac740dd0c9557237a833a04b10647f8b6ca68e563615acf427b098fa0","2026-08-17T12:40:41.4903821Z","asset"
"godot/assets/generated_import/enemies/sd_enm001_rush_drone_combat_r28_dev/move/move_006.png.import","1001","8ac082187cdd47089fc6fc6f3a8b9b01daba1a47d451e1f5909efc4ad4e62e23","2026-08-17T12:45:28.1456013Z","asset"
"godot/assets/generated_import/enemies/sd_enm001_rush_drone_combat_r28_dev/move/move_007.png","162993","12d72bde536e0fa53f634feb99612e87d6261ebf27c13bfdaf6250f9aad333a5","2026-08-17T12:40:41.5733773Z","asset"
"godot/assets/generated_import/enemies/sd_enm001_rush_drone_combat_r28_dev/move/move_007.png.import","1000","be70502c93f0d902e89c37982657795acf9db4b7410619cffb8f19eb69dd4eee","2026-08-17T12:45:28.1426004Z","asset"
"godot/assets/generated_import/enemies/sd_enm001_rush_drone_combat_r28_dev/move/move_008.png","162419","6c1157fd327c1a231e9fac13aa5777f9a876ffaf613fb09fb9d610657f47805c","2026-08-17T12:40:41.6703771Z","asset"
"godot/assets/generated_import/enemies/sd_enm001_rush_drone_combat_r28_dev/move/move_008.png.import","1000","720c2c9bd0d314bef475d2c1bbec223d7cbcf2d11ad904add15c266413ddd751","2026-08-17T12:45:28.2226039Z","asset"
"godot/assets/generated_import/enemies/sd_enm001_rush_drone_combat_r28_dev/move/move_009.png","163212","841e994d02d0be3cd3d0311649c954a2446b296f59d2527eecc7ef2f6fb6a954","2026-08-17T12:40:41.7553801Z","asset"
"godot/assets/generated_import/enemies/sd_enm001_rush_drone_combat_r28_dev/move/move_009.png.import","1001","96eb8b10922c370e0c26091087dd0667eaf511000f59b7aa4853cc1efd339abd","2026-08-17T12:45:28.2301096Z","asset"
"godot/assets/generated_import/enemies/sd_enm001_rush_drone_combat_r28_dev/move/move_010.png","163384","97eeb276a3f8a312c7e163fe0e048496ab7cad6dc167c43f941153f30daa26be","2026-08-17T12:40:41.8313808Z","asset"
"godot/assets/generated_import/enemies/sd_enm001_rush_drone_combat_r28_dev/move/move_010.png.import","1001","1ca48cb7767b4eac913fea3902fa03ac9dc10768e599c399b9ee83412bb73508","2026-08-17T12:45:28.2511151Z","asset"
"godot/assets/generated_import/enemies/sd_enm001_rush_drone_combat_r28_dev/move/move_011.png","162530","95766c22cdb74abc0028e20210269a71aa44f2a6d580879d47a5e495dc823864","2026-08-17T12:40:41.8853819Z","asset"
"godot/assets/generated_import/enemies/sd_enm001_rush_drone_combat_r28_dev/move/move_011.png.import","1001","eb69cdb11e790ad5c180da174f61dad272cf71187e41d4332f42653188db44ff","2026-08-17T12:45:28.2651158Z","asset"
"godot/assets/generated_import/enemies/sd_enm001_rush_drone_combat_r28_dev/normal_skill_sheet_01.png","2046060","606c0a721b6171be10e44f4ea8f467a17606b1826d293b79e6307617e19f6fb9","2026-08-17T12:40:44.5010798Z","asset"
"godot/assets/generated_import/enemies/sd_enm001_rush_drone_combat_r28_dev/normal_skill_sheet_01.png.import","1034","ff3d31161a1b8a5ac9ac86d35a688c38aa851d360f889ddd1ea5d8ea85a1b4e0","2026-08-17T12:45:31.2418426Z","asset"
"godot/assets/generated_import/enemies/sd_enm001_rush_drone_combat_r28_dev/normal_skill/normal_skill_000.png","167331","e50d30f8da33a2bbac4afb8e888aba3c1056b606330426221e78a9877fa8eff8","2026-08-17T12:40:43.2529430Z","asset"
"godot/assets/generated_import/enemies/sd_enm001_rush_drone_combat_r28_dev/normal_skill/normal_skill_000.png.import","1033","b2cfdf2071b26fc4262820c4671a0be0cda7aff96c365ede072267abf9004aec","2026-08-17T12:45:28.2691153Z","asset"
"godot/assets/generated_import/enemies/sd_enm001_rush_drone_combat_r28_dev/normal_skill/normal_skill_001.png","167723","b6e9111822dd85a7215826bfdf02c41f7527a3b70263686abc784ff7e1d7f53e","2026-08-17T12:40:43.3249395Z","asset"
"godot/assets/generated_import/enemies/sd_enm001_rush_drone_combat_r28_dev/normal_skill/normal_skill_001.png.import","1033","0e660fe3d4b313840b12d535e84eb32bb5a5fee67ab2bc7ec8766dd2a90f0ddb","2026-08-17T12:45:28.2861159Z","asset"
"godot/assets/generated_import/enemies/sd_enm001_rush_drone_combat_r28_dev/normal_skill/normal_skill_002.png","170013","8811393816621f922b2b144f810b207c9c66d74c423cb4b9b8f8b6bb020c7b0f","2026-08-17T12:40:43.3979400Z","asset"
"godot/assets/generated_import/enemies/sd_enm001_rush_drone_combat_r28_dev/normal_skill/normal_skill_002.png.import","1033","ac78c10c51ea9dbe006c83301d549d6a66247fdfbc7aed4df5e52e0523b4669e","2026-08-17T12:45:28.3516303Z","asset"
"godot/assets/generated_import/enemies/sd_enm001_rush_drone_combat_r28_dev/normal_skill/normal_skill_003.png","172101","ddc2b9150e996386962878baffa74633e505c2344aca0f8d8ca2fe086f43b962","2026-08-17T12:40:43.4706286Z","asset"
"godot/assets/generated_import/enemies/sd_enm001_rush_drone_combat_r28_dev/normal_skill/normal_skill_003.png.import","1032","df3774fcdca314a0e6af8dcae318c1e5dd7d18f1f63b20f4c5ec3cca921b0a8b","2026-08-17T12:45:28.3636300Z","asset"
"godot/assets/generated_import/enemies/sd_enm001_rush_drone_combat_r28_dev/normal_skill/normal_skill_004.png","173180","8006ae7cae94631889ff9691b1e3e94de92409e7cb84e5349170d08a7806a29c","2026-08-17T12:40:43.5456343Z","asset"
"godot/assets/generated_import/enemies/sd_enm001_rush_drone_combat_r28_dev/normal_skill/normal_skill_004.png.import","1033","0e327e0139337ef8e1eed4b27eb9bd793ffa703c51b8e4050069dba35c259e3c","2026-08-17T12:45:28.3656304Z","asset"
"godot/assets/generated_import/enemies/sd_enm001_rush_drone_combat_r28_dev/normal_skill/normal_skill_005.png","173933","aa4a128478bd0cf49708b0c7c7f98737500018e843004b14776e15861b7e10be","2026-08-17T12:40:43.6186358Z","asset"
"godot/assets/generated_import/enemies/sd_enm001_rush_drone_combat_r28_dev/normal_skill/normal_skill_005.png.import","1033","d161071d6d19f84808235ccf57a3b0370588e7bc8a5c57d6462b815cd9ce4efd","2026-08-17T12:45:28.3876303Z","asset"
"godot/assets/generated_import/enemies/sd_enm001_rush_drone_combat_r28_dev/normal_skill/normal_skill_006.png","173841","5a7ce5493f253858b9dd441dc2e28e05f02e3ea1e72cc26b0f51f834af33c7dc","2026-08-17T12:40:43.6936361Z","asset"
"godot/assets/generated_import/enemies/sd_enm001_rush_drone_combat_r28_dev/normal_skill/normal_skill_006.png.import","1032","6e23aa57861fc03b7de53105154ace944a52e09662f68a48ec013be81b2d19ef","2026-08-17T12:45:28.3946311Z","asset"
"godot/assets/generated_import/enemies/sd_enm001_rush_drone_combat_r28_dev/normal_skill/normal_skill_007.png","173842","c28d293be6167c9c000b783fc99085539c5278f092804ea1af3077ad145d2fab","2026-08-17T12:40:43.7686355Z","asset"
"godot/assets/generated_import/enemies/sd_enm001_rush_drone_combat_r28_dev/normal_skill/normal_skill_007.png.import","1033","fa1e084042da47efe82b9756d450a3a882bb06114bc1ca283c35542c89f24841","2026-08-17T12:45:28.4166384Z","asset"
"godot/assets/generated_import/enemies/sd_enm001_rush_drone_combat_r28_dev/normal_skill/normal_skill_008.png","173395","ad99c86ab29eec1dd5493fb989ae7207c20f47867edb89f3b912eea50b184733","2026-08-17T12:40:43.8389488Z","asset"
"godot/assets/generated_import/enemies/sd_enm001_rush_drone_combat_r28_dev/normal_skill/normal_skill_008.png.import","1033","860914b9902d4277a351bd0e37a2ec31fe54d78f8eb07bf456090cf61de1ed63","2026-08-17T12:45:28.4881477Z","asset"
"godot/assets/generated_import/enemies/sd_enm001_rush_drone_combat_r28_dev/normal_skill/normal_skill_009.png","171764","43cb54465b766f915d0f17046e9e5760513600e5bc507fb070f901a4e417e8f0","2026-08-17T12:40:43.9099586Z","asset"
"godot/assets/generated_import/enemies/sd_enm001_rush_drone_combat_r28_dev/normal_skill/normal_skill_009.png.import","1033","79fcb41b8525cbe93ac9490409b5675dc145f42270816463c329510574029956","2026-08-17T12:45:28.4821478Z","asset"
"godot/assets/generated_import/enemies/sd_enm001_rush_drone_combat_r28_dev/normal_skill/normal_skill_010.png","169454","b7a2d8f4d7a94ddad8d928d0d37ae18f473486d5a99a75458990009435c1624b","2026-08-17T12:40:43.9789564Z","asset"
"godot/assets/generated_import/enemies/sd_enm001_rush_drone_combat_r28_dev/normal_skill/normal_skill_010.png.import","1033","d76ca1b0e416686faaa96324f8850d266bc2301afb6b2652c04617ce0de48219","2026-08-17T12:45:28.4921480Z","asset"
"godot/assets/generated_import/enemies/sd_enm001_rush_drone_combat_r28_dev/normal_skill/normal_skill_011.png","169584","92af17411c44dd6d736655f4fb62d71a7fb7933c8cd6f3bfd9f4c840acac625e","2026-08-17T12:40:44.0419486Z","asset"
"godot/assets/generated_import/enemies/sd_enm001_rush_drone_combat_r28_dev/normal_skill/normal_skill_011.png.import","1033","e90e3ce79a7f05f30a7a7a61ee1cc7286a3cdb9a58cdf6acdd3df8fa2e264cce","2026-08-17T12:45:28.5201542Z","asset"
"godot/assets/generated_import/enemies/sd_enm001_rush_drone_combat_r28_dev/ultimate_sheet_01.png","2768964","efe53df830cd192cf3011f8445abb732ab51ce30e94a869aac4c511dbf1a3c7b","2026-08-17T12:40:46.4268489Z","asset"
"godot/assets/generated_import/enemies/sd_enm001_rush_drone_combat_r28_dev/ultimate_sheet_01.png.import","1023","bd76c39f366329cf5c191113f776ab09d512cb33361a82a53198efd7fc8e73fe","2026-08-17T12:45:31.3148459Z","asset"
"godot/assets/generated_import/enemies/sd_enm001_rush_drone_combat_r28_dev/ultimate_sheet_02.png","359905","52a79fd7d5170f24eebaacad84f97efc5d3c432eb634a9de374ebe6e33775c97","2026-08-17T12:40:46.5488451Z","asset"
"godot/assets/generated_import/enemies/sd_enm001_rush_drone_combat_r28_dev/ultimate_sheet_02.png.import","1022","db104f2ec75995d1c7cc19be19a91cce80be42a5e0ec1a3db611f6b63d086928","2026-08-17T12:45:31.2193238Z","asset"
"godot/assets/generated_import/enemies/sd_enm001_rush_drone_combat_r28_dev/ultimate/ultimate_000.png","168660","cd8535c7b0b3bf60ceaf771283d8de6f9e5f8ad7f683d55cd2f4151080555715","2026-08-17T12:40:44.5756067Z","asset"
"godot/assets/generated_import/enemies/sd_enm001_rush_drone_combat_r28_dev/ultimate/ultimate_000.png.import","1017","5d99b4df91a5a98305570407c43abddf4da44cea4e3a43472eb0d3887b52edd9","2026-08-17T12:45:28.5241537Z","asset"
"godot/assets/generated_import/enemies/sd_enm001_rush_drone_combat_r28_dev/ultimate/ultimate_001.png","168063","3bb3bb6a3561975654c35e3ec6f3293cb7035dbfc6214549bb3a76128802e643","2026-08-17T12:40:44.6455986Z","asset"
"godot/assets/generated_import/enemies/sd_enm001_rush_drone_combat_r28_dev/ultimate/ultimate_001.png.import","1017","9ca18ca0a157e6ab41e8c5e5d7a1e8c32e8f113aa4487e4a4cfdbfcbdc048b73","2026-08-17T12:45:28.5466666Z","asset"
"godot/assets/generated_import/enemies/sd_enm001_rush_drone_combat_r28_dev/ultimate/ultimate_002.png","170239","9bc33c516f7035b5ba42ba33473331964443349b01852102429df66b04b5bd26","2026-08-17T12:40:44.7206064Z","asset"
"godot/assets/generated_import/enemies/sd_enm001_rush_drone_combat_r28_dev/ultimate/ultimate_002.png.import","1017","8e5b8329514b9acf9783aec0ef1621d7a3cc5ec44095d93b0452e8bd83f4e615","2026-08-17T12:45:28.6196688Z","asset"
"godot/assets/generated_import/enemies/sd_enm001_rush_drone_combat_r28_dev/ultimate/ultimate_003.png","172524","7865019388ba293c5da5ba7a1b0a85bfd7a2364325538fe66a4b4020e741f7f9","2026-08-17T12:40:44.7965993Z","asset"
"godot/assets/generated_import/enemies/sd_enm001_rush_drone_combat_r28_dev/ultimate/ultimate_003.png.import","1016","6c3357726629d871b8a3cc817899a8ca38d21f3b8d20c902c4d6788542ce5c7d","2026-08-17T12:45:28.6276684Z","asset"
"godot/assets/generated_import/enemies/sd_enm001_rush_drone_combat_r28_dev/ultimate/ultimate_004.png","173917","c5c061ab28108b2a417966911b439a6a7d82e3dcc5c8c0a3da9fec22b7064eb8","2026-08-17T12:40:44.8716007Z","asset"
"godot/assets/generated_import/enemies/sd_enm001_rush_drone_combat_r28_dev/ultimate/ultimate_004.png.import","1017","37abba8f5e4c6f8f2a15fc2b8457d01d9b6074dff0083d52ae2daa809fb7bd4b","2026-08-17T12:45:28.6256692Z","asset"
"godot/assets/generated_import/enemies/sd_enm001_rush_drone_combat_r28_dev/ultimate/ultimate_005.png","175295","25843f96a85b84af677041810845d1aafce1d78170ea241c20682b42429c8362","2026-08-17T12:40:44.9485997Z","asset"
"godot/assets/generated_import/enemies/sd_enm001_rush_drone_combat_r28_dev/ultimate/ultimate_005.png.import","1015","7274af3a99ca9b90aaa96892a4350853ee8ef0aee04f20c4deced69f6c034f47","2026-08-17T12:45:28.6461798Z","asset"
"godot/assets/generated_import/enemies/sd_enm001_rush_drone_combat_r28_dev/ultimate/ultimate_006.png","175890","199c10c6efa54d35e0a4df4e25819eeecddee618435874721e9feee69dd0a76e","2026-08-17T12:40:45.0266048Z","asset"
"godot/assets/generated_import/enemies/sd_enm001_rush_drone_combat_r28_dev/ultimate/ultimate_006.png.import","1017","a30f8879710bc2b6e63b84126c775bd9a1013550d54289101ec071071ea1617c","2026-08-17T12:45:28.6471802Z","asset"
"godot/assets/generated_import/enemies/sd_enm001_rush_drone_combat_r28_dev/ultimate/ultimate_007.png","175841","435b03b115ddca2affcbf97f909ade174b438f10a759e702462782d87fd70db8","2026-08-17T12:40:45.1009505Z","asset"
"godot/assets/generated_import/enemies/sd_enm001_rush_drone_combat_r28_dev/ultimate/ultimate_007.png.import","1017","6ca6f98534d7479e2ba5330731e842f5b1b8c4ff0d92188818db3924d0c3eb91","2026-08-17T12:45:29.7113489Z","asset"
"godot/assets/generated_import/enemies/sd_enm001_rush_drone_combat_r28_dev/ultimate/ultimate_008.png","176675","4d7e05f9f691e9e6dba046173579d604949e06efe69d2f31d87c9b72a471ca7d","2026-08-17T12:40:45.1749559Z","asset"
"godot/assets/generated_import/enemies/sd_enm001_rush_drone_combat_r28_dev/ultimate/ultimate_008.png.import","1017","243ca533584600b6270958d01aa884e2c7be90ba2e3b89573b7758cbc6a865e0","2026-08-17T12:45:29.7223555Z","asset"
"godot/assets/generated_import/enemies/sd_enm001_rush_drone_combat_r28_dev/ultimate/ultimate_009.png","176753","65e89b9cc22c2f85091ec1e1a65ce3fc6248473205a6a4fc09dadecd73da7a61","2026-08-17T12:40:45.2509572Z","asset"
"godot/assets/generated_import/enemies/sd_enm001_rush_drone_combat_r28_dev/ultimate/ultimate_009.png.import","1017","5bb72e95ff4226b6fbb95376e488ad4909590bfa83c147901bb5002f0e110e87","2026-08-17T12:45:29.7648666Z","asset"
"godot/assets/generated_import/enemies/sd_enm001_rush_drone_combat_r28_dev/ultimate/ultimate_010.png","176911","cbf2286e7e297f7137139b3229d32581d87afa93bc1ba679126f7519d37a87e6","2026-08-17T12:40:45.3249551Z","asset"
"godot/assets/generated_import/enemies/sd_enm001_rush_drone_combat_r28_dev/ultimate/ultimate_010.png.import","1017","d262093cc4c71706180b044402108d04e7a06f636e61e6703d72b69ab9d3c1d8","2026-08-17T12:45:29.7778673Z","asset"
"godot/assets/generated_import/enemies/sd_enm001_rush_drone_combat_r28_dev/ultimate/ultimate_011.png","177063","0f1e6595221a9d382106632e4d4b4304c445842ff33edee7a5fcbcc39fc0790e","2026-08-17T12:40:45.3976132Z","asset"
"godot/assets/generated_import/enemies/sd_enm001_rush_drone_combat_r28_dev/ultimate/ultimate_011.png.import","1017","7e75f4b431215f8be5975b88dce18f9bdd5e2bcb60c2d42258a3ec35cfc0a7dc","2026-08-17T12:45:29.7778673Z","asset"
"godot/assets/generated_import/enemies/sd_enm001_rush_drone_combat_r28_dev/ultimate/ultimate_012.png","176722","fc3c49901f211af52d12ad6a826e20a047a545653997c87f8dbbf9d27067f9fa","2026-08-17T12:40:45.4695051Z","asset"
"godot/assets/generated_import/enemies/sd_enm001_rush_drone_combat_r28_dev/ultimate/ultimate_012.png.import","1017","c36faea3e5247889814256252855b4ca58626acfe96c77cd4eea4c3588fcd761","2026-08-17T12:45:29.8118683Z","asset"
"godot/assets/generated_import/enemies/sd_enm001_rush_drone_combat_r28_dev/ultimate/ultimate_013.png","175293","b10cb46d709d3306ddd202320a9b17c731f03f41285b51d0148fa70c84ba5209","2026-08-17T12:40:45.5405077Z","asset"
"godot/assets/generated_import/enemies/sd_enm001_rush_drone_combat_r28_dev/ultimate/ultimate_013.png.import","1016","46a011c4a153a4b85efc22d639de89086f9d84dd789c8c4a899a3becdeea9138","2026-08-17T12:45:29.8248727Z","asset"
"godot/assets/generated_import/enemies/sd_enm001_rush_drone_combat_r28_dev/ultimate/ultimate_014.png","174524","6433d4140205ee4c8cef1617ffc0ec8490b553fa7e0035182d2c3b8c0673adf7","2026-08-17T12:40:45.6107867Z","asset"
"godot/assets/generated_import/enemies/sd_enm001_rush_drone_combat_r28_dev/ultimate/ultimate_014.png.import","1017","59bf975d6a6ebf1ee6ddbfceacbb75fd7c89a2ac9b2dd8f665f57559fb2c262b","2026-08-17T12:45:29.8473844Z","asset"
"godot/assets/generated_import/enemies/sd_enm001_rush_drone_combat_r28_dev/ultimate/ultimate_015.png","172805","9b2f03f0bb199239a0a66064f3205afdd2879847deacfa5e3f110939298f789f","2026-08-17T12:40:45.6797897Z","asset"
"godot/assets/generated_import/enemies/sd_enm001_rush_drone_combat_r28_dev/ultimate/ultimate_015.png.import","1017","f182a67cf458f27b1eca3147be88389bf0878852c6eb69a66a9335594ee4e68b","2026-08-17T12:45:29.8413851Z","asset"
"godot/assets/generated_import/enemies/sd_enm001_rush_drone_combat_r28_dev/ultimate/ultimate_016.png","170815","39629ca1500d19ef73b670183e38351b6ddf4b2e871737233cf6bfa03f3489d4","2026-08-17T12:40:45.7477811Z","asset"
"godot/assets/generated_import/enemies/sd_enm001_rush_drone_combat_r28_dev/ultimate/ultimate_016.png.import","1017","f5282d5ed689b26c744b006e08d4663682c7b219fbefccd0d71db2b5858c6cca","2026-08-17T12:45:29.8443847Z","asset"
"godot/assets/generated_import/enemies/sd_enm001_rush_drone_combat_r28_dev/ultimate/ultimate_017.png","170892","6f4b52853ccaad08dfaf9e5e8c1856e83792be9c315d57a2e24b5cbf442265cd","2026-08-17T12:40:45.8107807Z","asset"
"godot/assets/generated_import/enemies/sd_enm001_rush_drone_combat_r28_dev/ultimate/ultimate_017.png.import","1017","0cc6385e821fe3bb060ca03ec6efffa47bb59690a8fb1eeff7a3f676ed0483f6","2026-08-17T12:45:29.8983830Z","asset"
"godot/assets/generated_import/enemies/sd_enm001_rush_drone_combat_r28_dev/victory_sheet_01.png","1672131","cb8c3001dc48cfb3a58329545ebef6c7874f7aeb32802797de939a60e4a67054","2026-08-17T12:40:48.4468382Z","asset"
"godot/assets/generated_import/enemies/sd_enm001_rush_drone_combat_r28_dev/victory_sheet_01.png.import","1019","a8bae254079534a3d71277d9a3f85079952822535b9dd10c817f46b87e511f76","2026-08-17T12:45:30.4904738Z","asset"
"godot/assets/generated_import/enemies/sd_enm001_rush_drone_combat_r28_dev/victory/victory_000.png","164158","8f863aaf7109fa90e0e454811e3a18c9ecee955c5b1e3c4b558be8681a1de882","2026-08-17T12:40:47.5478423Z","asset"
"godot/assets/generated_import/enemies/sd_enm001_rush_drone_combat_r28_dev/victory/victory_000.png.import","1012","4ff9a78c53f60ea064f300ce1deb3d323c33611504a2f84be48bd3268879f16f","2026-08-17T12:45:29.9013847Z","asset"
"godot/assets/generated_import/enemies/sd_enm001_rush_drone_combat_r28_dev/victory/victory_001.png","167176","a6d769d7b1c3c5d9731ab37d2d687f9397b88663a097f92211a2cfa7a7392ad3","2026-08-17T12:40:47.5998389Z","asset"
"godot/assets/generated_import/enemies/sd_enm001_rush_drone_combat_r28_dev/victory/victory_001.png.import","1013","1c4961a833982cfe9645bf6d943b2242f3c7a06c61621d2e0b1844e43cc8fcb6","2026-08-17T12:45:29.9213903Z","asset"
"godot/assets/generated_import/enemies/sd_enm001_rush_drone_combat_r28_dev/victory/victory_002.png","170118","254b79956137bf4be27421514a8b09ca97f07456db9da4403c8ed90b8d52573e","2026-08-17T12:40:47.6518439Z","asset"
"godot/assets/generated_import/enemies/sd_enm001_rush_drone_combat_r28_dev/victory/victory_002.png.import","1013","d4db008006f79b8344329a753e148dfbce8b88c1013df6635433dc70716f90ac","2026-08-17T12:45:29.9669019Z","asset"
"godot/assets/generated_import/enemies/sd_enm001_rush_drone_combat_r28_dev/victory/victory_003.png","168992","655076c9702f0dbd93bfe45815ef9880b4313c846683ff9c50142e1836bcf153","2026-08-17T12:40:47.7028429Z","asset"
"godot/assets/generated_import/enemies/sd_enm001_rush_drone_combat_r28_dev/victory/victory_003.png.import","1013","7cb519d6c54a82b1fca2ff32e4b42be31e85a89022c914070abe1380665f66db","2026-08-17T12:45:29.9739012Z","asset"
"godot/assets/generated_import/enemies/sd_enm001_rush_drone_combat_r28_dev/victory/victory_004.png","164736","edc4216c88b5debceb60d78ab47148db80c1df455f3dfd7c86b9e8f188360ab7","2026-08-17T12:40:47.7548448Z","asset"
"godot/assets/generated_import/enemies/sd_enm001_rush_drone_combat_r28_dev/victory/victory_004.png.import","1012","bfbf6e68e5767dcea9e250467ec7701387b0e1e10182e81e2d0346d3312de7c3","2026-08-17T12:45:29.9679029Z","asset"
"godot/assets/generated_import/enemies/sd_enm001_rush_drone_combat_r28_dev/victory/victory_005.png","164587","5843961e123f1fdf3ab10e721745c804dd584020986ed64e13d05a1057419b9b","2026-08-17T12:40:47.8108428Z","asset"
"godot/assets/generated_import/enemies/sd_enm001_rush_drone_combat_r28_dev/victory/victory_005.png.import","1013","4668e6d0f9a2a94f21a98ab83d40eeaa5f5d21c56eb53a890b8cb18cff3af53a","2026-08-17T12:45:30.0029001Z","asset"
"godot/assets/generated_import/enemies/sd_enm001_rush_drone_combat_r28_dev/victory/victory_006.png","168605","0a54fcffeb372d270feec234abf54244c6daa37d0d0634ce433e8a1c180f89e8","2026-08-17T12:40:47.8648390Z","asset"
"godot/assets/generated_import/enemies/sd_enm001_rush_drone_combat_r28_dev/victory/victory_006.png.import","1013","e4247b0185c545828f8eb25664e5a5b466fa98d380f5329568d19c1a152f76b0","2026-08-17T12:45:29.9879007Z","asset"
"godot/assets/generated_import/enemies/sd_enm001_rush_drone_combat_r28_dev/victory/victory_007.png","169653","3bcf16bf03d8ce3079af189e46d7aaf5e50b24e5714ef9cf2dfaa9b7a92b9b36","2026-08-17T12:40:47.9198381Z","asset"
"godot/assets/generated_import/enemies/sd_enm001_rush_drone_combat_r28_dev/victory/victory_007.png.import","1013","444eebb24c54240533dc651cac4aa393165497803835c94f485e2863e3a204e3","2026-08-17T12:45:30.0354168Z","asset"
"godot/assets/generated_import/enemies/sd_enm001_rush_drone_combat_r28_dev/victory/victory_008.png","166793","39181ac2d9ab337141b1f4e1d5b8e0de72e4503938f3e89e8993a14162508b28","2026-08-17T12:40:47.9758378Z","asset"
"godot/assets/generated_import/enemies/sd_enm001_rush_drone_combat_r28_dev/victory/victory_008.png.import","1013","8beb336a4720c3eb347a45a3b5a52a7daebe73dfc96f19687e01ca46d743d92d","2026-08-17T12:45:30.0574167Z","asset"
"godot/assets/generated_import/enemies/sd_enm001_rush_drone_combat_r28_dev/victory/victory_009.png","164158","8f863aaf7109fa90e0e454811e3a18c9ecee955c5b1e3c4b558be8681a1de882","2026-08-17T12:40:48.0218433Z","asset"
"godot/assets/generated_import/enemies/sd_enm001_rush_drone_combat_r28_dev/victory/victory_009.png.import","1012","c20e522a4525f59eb5c09477134ac58b9a2eb236d844b33538b2181e62af5958","2026-08-17T12:45:30.0604166Z","asset"
"godot/assets/generated_import/enemies/sd_enm002_arc_mote_combat_r28_dev/animation_manifest.json","22282","c10f6088940066c40aeee4eb44cb24496d56e23fca4b0c53167f9df8391cd938","2026-08-17T12:40:57.3813696Z","asset"
"godot/assets/generated_import/enemies/sd_enm002_arc_mote_combat_r28_dev/basic_attack_sheet_01.png","949560","e503497ccf07adef4be71b09a2cc0051fed066ab0d4330f09cb3f2edd1f43c06","2026-08-17T12:40:52.4661434Z","asset"
"godot/assets/generated_import/enemies/sd_enm002_arc_mote_combat_r28_dev/basic_attack_sheet_01.png.import","1033","6069d643dd210e763fbb49d0070e8ff2feb3e5dc411eaa754a86a47d60b71c3f","2026-08-17T12:45:27.4675931Z","asset"
"godot/assets/generated_import/enemies/sd_enm002_arc_mote_combat_r28_dev/basic_attack/basic_attack_000.png","124945","a34148b13b2f30f50a983805a8aefcfa38100f6080fd8ac35b82294fa1e15ba3","2026-08-17T12:40:51.7778365Z","asset"
"godot/assets/generated_import/enemies/sd_enm002_arc_mote_combat_r28_dev/basic_attack/basic_attack_000.png.import","1031","e1f3e449048d825fe5e88247f7c5847e0db436372261c38cb6852e321eda31df","2026-08-17T12:45:29.2812874Z","asset"
"godot/assets/generated_import/enemies/sd_enm002_arc_mote_combat_r28_dev/basic_attack/basic_attack_001.png","125498","b7dc1a2c47ed0194fc19bfd11e30f88c349461669b5c777be927974925231028","2026-08-17T12:40:51.8208371Z","asset"
"godot/assets/generated_import/enemies/sd_enm002_arc_mote_combat_r28_dev/basic_attack/basic_attack_001.png.import","1031","ee7efb5ac0bacc63b37193ba8828e222b545f50adf5f80dfbb784d707e1ab905","2026-08-17T12:45:29.2912867Z","asset"
"godot/assets/generated_import/enemies/sd_enm002_arc_mote_combat_r28_dev/basic_attack/basic_attack_002.png","126161","fe67a6a72df66c85ff30b766688af42d7d5bc18515819c9d7b847f0e739e0c19","2026-08-17T12:40:51.8878474Z","asset"
"godot/assets/generated_import/enemies/sd_enm002_arc_mote_combat_r28_dev/basic_attack/basic_attack_002.png.import","1031","51865df5dd566b923bf3dc382fb71cacfad3836a5cc4f4fbe55a620d6e087c2d","2026-08-17T12:45:29.2922876Z","asset"
"godot/assets/generated_import/enemies/sd_enm002_arc_mote_combat_r28_dev/basic_attack/basic_attack_003.png","125038","a412f7aa0334844ac7faf2111519e6b7e407d71083fbb6e4fd928609097bdd2a","2026-08-17T12:40:51.9503469Z","asset"
"godot/assets/generated_import/enemies/sd_enm002_arc_mote_combat_r28_dev/basic_attack/basic_attack_003.png.import","1030","da73cb3eb0eb8fb1e64e4ef0b367fc986c4e1db3ee5228570c1adfe9603e770d","2026-08-17T12:45:29.3272916Z","asset"
"godot/assets/generated_import/enemies/sd_enm002_arc_mote_combat_r28_dev/basic_attack/basic_attack_004.png","133062","1380e7adca4af47426819044770a6a6aa0a3b69d14378a4adcc0ae75a1de1ccc","2026-08-17T12:40:52.0241437Z","asset"
"godot/assets/generated_import/enemies/sd_enm002_arc_mote_combat_r28_dev/basic_attack/basic_attack_004.png.import","1031","a54deb20e4c21abbfab4c76a14de682b85186c018417feb9c33a83b183d0d564","2026-08-17T12:45:29.3192926Z","asset"
"godot/assets/generated_import/enemies/sd_enm002_arc_mote_combat_r28_dev/basic_attack/basic_attack_005.png","130775","346a4c2f84c9bd0bff29f6f8c17d90732d09bd6f9ca515105f85b9c5ec5a608d","2026-08-17T12:40:52.0981516Z","asset"
"godot/assets/generated_import/enemies/sd_enm002_arc_mote_combat_r28_dev/basic_attack/basic_attack_005.png.import","1030","b1ca399b30ca584fa0659d60b82cc58daf1de6192ff130a0fccbb2cb0a042547","2026-08-17T12:45:29.3398037Z","asset"
"godot/assets/generated_import/enemies/sd_enm002_arc_mote_combat_r28_dev/basic_attack/basic_attack_006.png","125431","577df2e5df563bd3d51e1fc65ae27b49100dbfd7b082e1dd71c4d2e013aa9d30","2026-08-17T12:40:52.1601435Z","asset"
"godot/assets/generated_import/enemies/sd_enm002_arc_mote_combat_r28_dev/basic_attack/basic_attack_006.png.import","1031","e16aa41a07d473436e287b9fcb13b9abae62593dac67fddfcba7d591d70878fa","2026-08-17T12:45:29.3998024Z","asset"
"godot/assets/generated_import/enemies/sd_enm002_arc_mote_combat_r28_dev/basic_attack/basic_attack_007.png","124945","a34148b13b2f30f50a983805a8aefcfa38100f6080fd8ac35b82294fa1e15ba3","2026-08-17T12:40:52.1991505Z","asset"
"godot/assets/generated_import/enemies/sd_enm002_arc_mote_combat_r28_dev/basic_attack/basic_attack_007.png.import","1030","411218769480c24c8648a4e2cd4f2013d9cb0c5a25ae093206093875e8c5c35b","2026-08-17T12:45:29.4078040Z","asset"
"godot/assets/generated_import/enemies/sd_enm002_arc_mote_combat_r28_dev/combat_base_512.png","124953","6ef3d703969d2ac99781f27b97b24d29ed024e3867c6fc5932dfd20d2d8adc37","2026-08-17T12:40:49.7819359Z","asset"
"godot/assets/generated_import/enemies/sd_enm002_arc_mote_combat_r28_dev/combat_base_512.png.import","1015","c77fd253049556343762c91147a64dbcf70da4e6a268862a11a1c4778462be78","2026-08-17T12:45:26.3735081Z","asset"
"godot/assets/generated_import/enemies/sd_enm002_arc_mote_combat_r28_dev/down_sheet_01.png","822357","1d3a2083092a02eaf93fd57a3c120a7bb4b70993c44b30a3aa5891f8ccbae21c","2026-08-17T12:40:56.5283674Z","asset"
"godot/assets/generated_import/enemies/sd_enm002_arc_mote_combat_r28_dev/down_sheet_01.png.import","1009","4504cdc86ca582362c9467bf062d9c00f145c7b2b9f6289f012b9d0ca4bd4291","2026-08-17T12:45:27.4746074Z","asset"
"godot/assets/generated_import/enemies/sd_enm002_arc_mote_combat_r28_dev/down/down_000.png","124945","a34148b13b2f30f50a983805a8aefcfa38100f6080fd8ac35b82294fa1e15ba3","2026-08-17T12:40:56.0023674Z","asset"
"godot/assets/generated_import/enemies/sd_enm002_arc_mote_combat_r28_dev/down/down_000.png.import","999","ff45e48d11bf3b52ec309c0ec0e315076cb6201bf3fa8a9674aa0aba8ae00631","2026-08-17T12:45:29.4048041Z","asset"
"godot/assets/generated_import/enemies/sd_enm002_arc_mote_combat_r28_dev/down/down_001.png","118576","ab9544e1d49417a672934fdc6507ed9e17ed23335dd6ca1c7cf7beb93b2bc129","2026-08-17T12:40:56.0453662Z","asset"
"godot/assets/generated_import/enemies/sd_enm002_arc_mote_combat_r28_dev/down/down_001.png.import","999","de4dc9acbd004430e678ec3f3ccf671ac40ca54cbb81a418476e05f40bec46f6","2026-08-17T12:45:29.4088028Z","asset"
"godot/assets/generated_import/enemies/sd_enm002_arc_mote_combat_r28_dev/down/down_002.png","113247","65043d08623a8791c4f49a733455a63587e7136371a01175802a4ac8b405fb47","2026-08-17T12:40:56.0913677Z","asset"
"godot/assets/generated_import/enemies/sd_enm002_arc_mote_combat_r28_dev/down/down_002.png.import","999","6f9ca588bd20ee518c83115d53d86a70c8ac3db0417b99b7f0498ed0a7ae8e07","2026-08-17T12:45:29.4198094Z","asset"
"godot/assets/generated_import/enemies/sd_enm002_arc_mote_combat_r28_dev/down/down_003.png","106458","cafa8aa8e3bad932640cb7a61e22931f1ac1603649ad9038f262969705cad961","2026-08-17T12:40:56.1303664Z","asset"
"godot/assets/generated_import/enemies/sd_enm002_arc_mote_combat_r28_dev/down/down_003.png.import","999","746610bac5ec68e09ed44e227aeded4c05674d812788f8fa364cc7f74bca4875","2026-08-17T12:45:29.4493230Z","asset"
"godot/assets/generated_import/enemies/sd_enm002_arc_mote_combat_r28_dev/down/down_004.png","99412","21658e135875edf1b971555b46d8bc97aa002633ab5bda4c2d4cedf410b67fa8","2026-08-17T12:40:56.1693614Z","asset"
"godot/assets/generated_import/enemies/sd_enm002_arc_mote_combat_r28_dev/down/down_004.png.import","998","1e326168983a5ee464805f248c45dcccdee5fd4c5520b2aa7728e888dfec4e8d","2026-08-17T12:45:29.4463221Z","asset"
"godot/assets/generated_import/enemies/sd_enm002_arc_mote_combat_r28_dev/down/down_005.png","92545","4a16f3ebe132bf3db1b71bc24ec6c4d2bcb49ec237d71a37409451b34e10d06a","2026-08-17T12:40:56.2033600Z","asset"
"godot/assets/generated_import/enemies/sd_enm002_arc_mote_combat_r28_dev/down/down_005.png.import","998","8b9bcde3e90a56956a041b39aaade2c1a476f2ce05eadac754908c44ef0d6966","2026-08-17T12:45:29.4543218Z","asset"
"godot/assets/generated_import/enemies/sd_enm002_arc_mote_combat_r28_dev/down/down_006.png","84073","e63a78ba7e0bf05474d4b663293632e49b839eb33bce643fa1b87e85209592fa","2026-08-17T12:40:56.2363676Z","asset"
"godot/assets/generated_import/enemies/sd_enm002_arc_mote_combat_r28_dev/down/down_006.png.import","999","8fb08b0d289b19a07b07a851d2cb2ea60f866456f4e297ac5728b98d54cddb82","2026-08-17T12:45:29.5153264Z","asset"
"godot/assets/generated_import/enemies/sd_enm002_arc_mote_combat_r28_dev/down/down_007.png","71503","31c7eee5193d9c13d079a91f822f6cd9c4b84a0edbfb2167ed165f49fd85189c","2026-08-17T12:40:56.2703665Z","asset"
"godot/assets/generated_import/enemies/sd_enm002_arc_mote_combat_r28_dev/down/down_007.png.import","998","d0e75c927c89be7da58b30b0ab2f2c7bcfcd96553b2a9afb39374363dd3b01cf","2026-08-17T12:45:29.5193268Z","asset"
"godot/assets/generated_import/enemies/sd_enm002_arc_mote_combat_r28_dev/hit_sheet_01.png","394497","23d09fdecf6c41eaaf613b2f83e3e8552d0518a268126393ff20b4ddd2d298d3","2026-08-17T12:40:55.9593607Z","asset"
"godot/assets/generated_import/enemies/sd_enm002_arc_mote_combat_r28_dev/hit_sheet_01.png.import","1006","fe2de461c838e4f01cc7e42bdd508d1e409a6d8e8f51a34e01645022a0905296","2026-08-17T12:45:27.4225270Z","asset"
"godot/assets/generated_import/enemies/sd_enm002_arc_mote_combat_r28_dev/hit/hit_000.png","124945","a34148b13b2f30f50a983805a8aefcfa38100f6080fd8ac35b82294fa1e15ba3","2026-08-17T12:40:55.6883611Z","asset"
"godot/assets/generated_import/enemies/sd_enm002_arc_mote_combat_r28_dev/hit/hit_000.png.import","995","ca1beb8c1201ecee02d51a68e28869b2eb4623e86ba2020f7baef0a99433b277","2026-08-17T12:45:29.5308380Z","asset"
"godot/assets/generated_import/enemies/sd_enm002_arc_mote_combat_r28_dev/hit/hit_001.png","126709","38352b1e4e7c1240722c42be0d296dbf04064c339c8891990b4e62f239038500","2026-08-17T12:40:55.7303613Z","asset"
"godot/assets/generated_import/enemies/sd_enm002_arc_mote_combat_r28_dev/hit/hit_001.png.import","995","a8a18f31fb90a438085d2af2b84cce8a2fd737194ae420987083df7309e1ee7f","2026-08-17T12:45:29.5418367Z","asset"
"godot/assets/generated_import/enemies/sd_enm002_arc_mote_combat_r28_dev/hit/hit_002.png","125653","398fcd02ac2005a1c40d8764a3a2c37e1991157d9edd5531ec64a9892ea3e349","2026-08-17T12:40:55.7703664Z","asset"
"godot/assets/generated_import/enemies/sd_enm002_arc_mote_combat_r28_dev/hit/hit_002.png.import","995","27f7ff97e8ba68fda9e763f550de804b0cf8e3f45cab21e3f16510767dce0ea3","2026-08-17T12:45:29.5538366Z","asset"
"godot/assets/generated_import/enemies/sd_enm002_arc_mote_combat_r28_dev/hit/hit_003.png","124945","a34148b13b2f30f50a983805a8aefcfa38100f6080fd8ac35b82294fa1e15ba3","2026-08-17T12:40:55.8113672Z","asset"
"godot/assets/generated_import/enemies/sd_enm002_arc_mote_combat_r28_dev/hit/hit_003.png.import","994","c7873c0961d774c0673655ba39eda7896c593b0de2452a5ecdd9068cd181ae39","2026-08-17T12:45:29.5728361Z","asset"
"godot/assets/generated_import/enemies/sd_enm002_arc_mote_combat_r28_dev/idle_sheet_01.png","978731","1a9e3ac2ef452bc8e52a7df34ab50d7e336d537032a410e527f8c63fad698940","2026-08-17T12:40:50.4739360Z","asset"
"godot/assets/generated_import/enemies/sd_enm002_arc_mote_combat_r28_dev/idle_sheet_01.png.import","1008","75d88ffd0cb9382883e638a418eef27b828f9bcc1d2584821088b1632acc93ac","2026-08-17T12:45:27.4575743Z","asset"
"godot/assets/generated_import/enemies/sd_enm002_arc_mote_combat_r28_dev/idle/idle_000.png","124947","03fd298f7a7854e132ac91c2bd114b4f959d26aa68a4037db8ff239414a2b805","2026-08-17T12:40:49.8229365Z","asset"
"godot/assets/generated_import/enemies/sd_enm002_arc_mote_combat_r28_dev/idle/idle_000.png.import","998","5b44f94ec37de98b99e42971a02e207bd9f9fff265d26d8616aad1b61d365eb2","2026-08-17T12:45:29.5838359Z","asset"
"godot/assets/generated_import/enemies/sd_enm002_arc_mote_combat_r28_dev/idle/idle_001.png","122628","96dabcb3afed85dcfe490761d79250a193d818784c6a8a18e69fad03a38621ba","2026-08-17T12:40:49.8689362Z","asset"
"godot/assets/generated_import/enemies/sd_enm002_arc_mote_combat_r28_dev/idle/idle_001.png.import","999","eebb2e3fbfbe4c97e464fbff14f8bb8d110512c98894dae43dae0bc5da338b0b","2026-08-17T12:45:29.5648383Z","asset"
"godot/assets/generated_import/enemies/sd_enm002_arc_mote_combat_r28_dev/idle/idle_002.png","122670","0ac3e9661fc948fe0dc818d041a5e0a5227b6e97495018da4492a9b035f604da","2026-08-17T12:40:49.9159471Z","asset"
"godot/assets/generated_import/enemies/sd_enm002_arc_mote_combat_r28_dev/idle/idle_002.png.import","999","51f208aad08dd6260df9fe0e89e2864a31de5af3c8ba9d15231f8b512b402f40","2026-08-17T12:45:29.6353489Z","asset"
"godot/assets/generated_import/enemies/sd_enm002_arc_mote_combat_r28_dev/idle/idle_003.png","121941","afa953ed4a277938a45a2849555ef265867801d46ca2be88550000e766bfe442","2026-08-17T12:40:49.9639395Z","asset"
"godot/assets/generated_import/enemies/sd_enm002_arc_mote_combat_r28_dev/idle/idle_003.png.import","999","77a8f64682f2d9a4f13fce86f01fc67411088dea01a85cbd03a638008ccc3449","2026-08-17T12:45:29.6473487Z","asset"
"godot/assets/generated_import/enemies/sd_enm002_arc_mote_combat_r28_dev/idle/idle_004.png","122101","7752cecbbc6a312bf815af43ad2a6e7f428ba255789ea2e90a145b091c649c68","2026-08-17T12:40:50.0139423Z","asset"
"godot/assets/generated_import/enemies/sd_enm002_arc_mote_combat_r28_dev/idle/idle_004.png.import","998","0b17611d2e575d04d355882eb259a53b5a42689f68b6aa846a035a1271a5d135","2026-08-17T12:45:29.6733498Z","asset"
"godot/assets/generated_import/enemies/sd_enm002_arc_mote_combat_r28_dev/idle/idle_005.png","122432","8fe9a1b3df86e83f636bf485576546d21be2eb5fb684de5ab27a75f0d021558e","2026-08-17T12:40:50.0629467Z","asset"
"godot/assets/generated_import/enemies/sd_enm002_arc_mote_combat_r28_dev/idle/idle_005.png.import","999","f0d7801e8065546fdd3dd76a49c89add5d3b83298ec4be409f32aef4caf5eb34","2026-08-17T12:45:29.6523489Z","asset"
"godot/assets/generated_import/enemies/sd_enm002_arc_mote_combat_r28_dev/idle/idle_006.png","122702","ed7a6bc9c19a2982e9e712e09e896cf92857ba7902366df2c8aa7dab95889a4d","2026-08-17T12:40:50.1269374Z","asset"
"godot/assets/generated_import/enemies/sd_enm002_arc_mote_combat_r28_dev/idle/idle_006.png.import","998","457ffd4218d72176a921793234d2ad131719ebda6ddb946d40fa2f7cbeae55e2","2026-08-17T12:45:29.6683495Z","asset"
"godot/assets/generated_import/enemies/sd_enm002_arc_mote_combat_r28_dev/idle/idle_007.png","124947","03fd298f7a7854e132ac91c2bd114b4f959d26aa68a4037db8ff239414a2b805","2026-08-17T12:40:50.1779432Z","asset"
"godot/assets/generated_import/enemies/sd_enm002_arc_mote_combat_r28_dev/idle/idle_007.png.import","998","33ac2a03e2a0bcc118b085e415e5a4315a193196b96ce602bac312179f486479","2026-08-17T12:45:29.6963492Z","asset"
"godot/assets/generated_import/enemies/sd_enm002_arc_mote_combat_r28_dev/move_sheet_01.png","1478419","fdb1a469bf70f7835f5cd1e31b10c1d24ecd58cd49cb977611d82153b33d2239","2026-08-17T12:40:51.7270476Z","asset"
"godot/assets/generated_import/enemies/sd_enm002_arc_mote_combat_r28_dev/move_sheet_01.png.import","1008","e728ae6f46f7a1bbdd1c254f8c5405826f13b3b981c07f5936edf29741f99a8c","2026-08-17T12:45:27.6349219Z","asset"
"godot/assets/generated_import/enemies/sd_enm002_arc_mote_combat_r28_dev/move/move_000.png","123718","4a6ba3aaa102bccc05fc861ba1d53d70bc7602577e7f9724055b4fb1491786ea","2026-08-17T12:40:50.5279429Z","asset"
"godot/assets/generated_import/enemies/sd_enm002_arc_mote_combat_r28_dev/move/move_000.png.import","999","6362fbf3e1c2ff271933ff37fba23842dc8d5a81b31600df04f779c9f1e4374b","2026-08-17T12:45:26.4801549Z","asset"
"godot/assets/generated_import/enemies/sd_enm002_arc_mote_combat_r28_dev/move/move_001.png","124057","fbf345c9ef3fc43cfad8bf5c8b89717e4a222289c27316344144ab5505d6aa9c","2026-08-17T12:40:50.6009367Z","asset"
"godot/assets/generated_import/enemies/sd_enm002_arc_mote_combat_r28_dev/move/move_001.png.import","998","8bf4f36e55eef5f879412db6c42807deda01533b7a61c73d43367d7aa71dc77d","2026-08-17T12:45:26.4791498Z","asset"
"godot/assets/generated_import/enemies/sd_enm002_arc_mote_combat_r28_dev/move/move_002.png","124134","a92a35c9672034e5ad9b91b37327e756d75733f4756241c325900a9b4f86b8d9","2026-08-17T12:40:50.6689416Z","asset"
"godot/assets/generated_import/enemies/sd_enm002_arc_mote_combat_r28_dev/move/move_002.png.import","999","79e1b1d45ea88a986f4fdee16e764b68ac610d58e08aca91c0303d16e94cd412","2026-08-17T12:45:26.5021781Z","asset"
"godot/assets/generated_import/enemies/sd_enm002_arc_mote_combat_r28_dev/move/move_003.png","124188","8defdcf54b68695439cf29b00492b2d9b59cce666aba23e6a41f6b956d763a46","2026-08-17T12:40:50.7389435Z","asset"
"godot/assets/generated_import/enemies/sd_enm002_arc_mote_combat_r28_dev/move/move_003.png.import","998","aa59e3e932dec621316a3b42d6642c6bb9c0aa246056b0b0688e2490f641ab82","2026-08-17T12:45:26.5862841Z","asset"
"godot/assets/generated_import/enemies/sd_enm002_arc_mote_combat_r28_dev/move/move_004.png","123868","aabe99efc4eec1053a5c396e9ed26124a5164ac21782226d5d6188d5339544af","2026-08-17T12:40:50.8066317Z","asset"
"godot/assets/generated_import/enemies/sd_enm002_arc_mote_combat_r28_dev/move/move_004.png.import","999","96f7fde1106d837908a78e73521e737084dfe0e54bb9fb401db910eac660131f","2026-08-17T12:45:26.6043107Z","asset"
"godot/assets/generated_import/enemies/sd_enm002_arc_mote_combat_r28_dev/move/move_005.png","123971","c96172fa4b7904bd88ab2540dc6dd5b2c336da360b0860746e1031ccff2da057","2026-08-17T12:40:50.8756338Z","asset"
"godot/assets/generated_import/enemies/sd_enm002_arc_mote_combat_r28_dev/move/move_005.png.import","999","a4574f618fcea2ae85de00bf2121f3526ab426d02ba8ba52a39ec087b404f4f4","2026-08-17T12:45:26.5982994Z","asset"
"godot/assets/generated_import/enemies/sd_enm002_arc_mote_combat_r28_dev/move/move_006.png","124270","9da9741f220a2c49f1e0b353c70b041327586f67aaad9c6a3f861e320d2cc31a","2026-08-17T12:40:50.9436335Z","asset"
"godot/assets/generated_import/enemies/sd_enm002_arc_mote_combat_r28_dev/move/move_006.png.import","998","2fcab36ec0b1b9986036f3e8e7321382f6d9544d3313293661046b80b87a50f8","2026-08-17T12:45:26.7014593Z","asset"
"godot/assets/generated_import/enemies/sd_enm002_arc_mote_combat_r28_dev/move/move_007.png","124258","dbded5c1984beabf03989fcd5654029153c0c4320fa25062ea04dbbd5a7ce465","2026-08-17T12:40:51.0116334Z","asset"
"godot/assets/generated_import/enemies/sd_enm002_arc_mote_combat_r28_dev/move/move_007.png.import","999","198651989136f13c04564a062893710fd12189dd6424ce0fab7c4d8f1419d480","2026-08-17T12:45:26.7139729Z","asset"
"godot/assets/generated_import/enemies/sd_enm002_arc_mote_combat_r28_dev/move/move_008.png","124248","c1a78ad69e655eb16e1b119c4f2bceab972ec53804fca6b16764cdf99bed99d5","2026-08-17T12:40:51.0810289Z","asset"
"godot/assets/generated_import/enemies/sd_enm002_arc_mote_combat_r28_dev/move/move_008.png.import","998","1d02c5f361605e4231a9b7508f9570bec0a7583282b33c7947fd8b2f5a186512","2026-08-17T12:45:26.7194821Z","asset"
"godot/assets/generated_import/enemies/sd_enm002_arc_mote_combat_r28_dev/move/move_009.png","124074","b2405af3f784151042a5a10d0bab6c7a88bc737751db324af707196e3579cdfd","2026-08-17T12:40:51.1470300Z","asset"
"godot/assets/generated_import/enemies/sd_enm002_arc_mote_combat_r28_dev/move/move_009.png.import","999","595e9a66c5e9c87e00f68d755580e99e385a860457107e30d59e45d0fd708e3c","2026-08-17T12:45:26.8120942Z","asset"
"godot/assets/generated_import/enemies/sd_enm002_arc_mote_combat_r28_dev/move/move_010.png","124046","5927740c76d56895edb03271ea5e5f36b83022cd561141b26dd68b7dc99bbc71","2026-08-17T12:40:51.2140462Z","asset"
"godot/assets/generated_import/enemies/sd_enm002_arc_mote_combat_r28_dev/move/move_010.png.import","999","da3608be8f8d0cb522ef9fdb73d651582e3982c92b68003c59ffb71bfe073f72","2026-08-17T12:45:26.8196039Z","asset"
"godot/assets/generated_import/enemies/sd_enm002_arc_mote_combat_r28_dev/move/move_011.png","123718","4a6ba3aaa102bccc05fc861ba1d53d70bc7602577e7f9724055b4fb1491786ea","2026-08-17T12:40:51.2630519Z","asset"
"godot/assets/generated_import/enemies/sd_enm002_arc_mote_combat_r28_dev/move/move_011.png.import","999","8a2235f5a4b9dfdb8cdf1fc52ee53d6d586fb43925552decbbce8dc9d1ccc3a2","2026-08-17T12:45:26.8256085Z","asset"
"godot/assets/generated_import/enemies/sd_enm002_arc_mote_combat_r28_dev/normal_skill_sheet_01.png","1544648","77ed42b6aeb6002b4f83d9ab7b42ca8909a3880949f8591c528a6a0259d5646a","2026-08-17T12:40:53.7044964Z","asset"
"godot/assets/generated_import/enemies/sd_enm002_arc_mote_combat_r28_dev/normal_skill_sheet_01.png.import","1033","d24dfa86d603468846a48c73923d9d0c5ac08e954e0b70ad36a4cfc172c2fddf","2026-08-17T12:45:27.6940220Z","asset"
"godot/assets/generated_import/enemies/sd_enm002_arc_mote_combat_r28_dev/normal_skill/normal_skill_000.png","128507","bcbf17626a2e351ddaff4a75bd1ff2ee1566c385730a1eaed0cb3028a67ced2a","2026-08-17T12:40:52.5271528Z","asset"
"godot/assets/generated_import/enemies/sd_enm002_arc_mote_combat_r28_dev/normal_skill/normal_skill_000.png.import","1030","0061716b4b6287efb588032c760a8c6e864ebc728f87cf15401a37c828bd3416","2026-08-17T12:45:26.9312513Z","asset"
"godot/assets/generated_import/enemies/sd_enm002_arc_mote_combat_r28_dev/normal_skill/normal_skill_001.png","128114","081eb924db25af694fc49f3f3f860e279b8b635fd3d2d143103e6f32acd62eb1","2026-08-17T12:40:52.5952694Z","asset"
"godot/assets/generated_import/enemies/sd_enm002_arc_mote_combat_r28_dev/normal_skill/normal_skill_001.png.import","1031","03fc90065de9b0400f4a50deeeceb73234d6500521501920365fde333e7f6503","2026-08-17T12:45:26.9322504Z","asset"
"godot/assets/generated_import/enemies/sd_enm002_arc_mote_combat_r28_dev/normal_skill/normal_skill_002.png","129915","8844c764f2774132e7368bbb639a79cc7fdcce9a39cfc0d6c8e93638d4f66c31","2026-08-17T12:40:52.6639368Z","asset"
"godot/assets/generated_import/enemies/sd_enm002_arc_mote_combat_r28_dev/normal_skill/normal_skill_002.png.import","1030","80994d1ee5cfe83f646072ae7e0a952f9fb7ddaaac5f65d3e03163e4836b737a","2026-08-17T12:45:26.9457699Z","asset"
"godot/assets/generated_import/enemies/sd_enm002_arc_mote_combat_r28_dev/normal_skill/normal_skill_003.png","131273","8c5b8cf4d53db47483c0fda211a0bc572a6849668028f30abc915d8dd2a6f4d2","2026-08-17T12:40:52.7329302Z","asset"
"godot/assets/generated_import/enemies/sd_enm002_arc_mote_combat_r28_dev/normal_skill/normal_skill_003.png.import","1030","aad3cf6a8ca4f5cc110a1fcdd8652d7cc47c1de23b6a0b82d416170d17bce9d8","2026-08-17T12:45:27.0374258Z","asset"
"godot/assets/generated_import/enemies/sd_enm002_arc_mote_combat_r28_dev/normal_skill/normal_skill_004.png","131725","72f683c362bb1d0bb613d5f86d1c023200d00ed2bf7c55c8251a48eba50586bc","2026-08-17T12:40:52.8033608Z","asset"
"godot/assets/generated_import/enemies/sd_enm002_arc_mote_combat_r28_dev/normal_skill/normal_skill_004.png.import","1031","efbc95e7c7c6b24194f51a0b2d5ffd5cb47c36bde7a4b9494c15a54451e4888a","2026-08-17T12:45:27.0549490Z","asset"
"godot/assets/generated_import/enemies/sd_enm002_arc_mote_combat_r28_dev/normal_skill/normal_skill_005.png","132065","eeab67e3f2688ebb98b877aea9087c6a9ad11c210a9ce810349656c907160b00","2026-08-17T12:40:52.8743610Z","asset"
"godot/assets/generated_import/enemies/sd_enm002_arc_mote_combat_r28_dev/normal_skill/normal_skill_005.png.import","1031","a446c5bd781c7b241239dda99fc67610b0fd85a9552fa944d67c4041f7ad6f80","2026-08-17T12:45:27.0674647Z","asset"
"godot/assets/generated_import/enemies/sd_enm002_arc_mote_combat_r28_dev/normal_skill/normal_skill_006.png","131746","a19f4ff3db5a15d947470484a60e3d2e73e4658a235c64503c925bebdd9782e3","2026-08-17T12:40:52.9454251Z","asset"
"godot/assets/generated_import/enemies/sd_enm002_arc_mote_combat_r28_dev/normal_skill/normal_skill_006.png.import","1031","5de3ddbc6a8707902dfaa24dadc74eee1e140352d9ab86a75677f4f8e0548f4a","2026-08-17T12:45:27.1490895Z","asset"
"godot/assets/generated_import/enemies/sd_enm002_arc_mote_combat_r28_dev/normal_skill/normal_skill_007.png","133407","5127c48ae91be0b160ca6d60dbb351c9b7e029ba50b4ac32199757d38e082658","2026-08-17T12:40:53.0236590Z","asset"
"godot/assets/generated_import/enemies/sd_enm002_arc_mote_combat_r28_dev/normal_skill/normal_skill_007.png.import","1031","a78b82e777e35bc672795c888f96a86283fba3249bff3fcf9da41e063c93e962","2026-08-17T12:45:27.1721272Z","asset"
"godot/assets/generated_import/enemies/sd_enm002_arc_mote_combat_r28_dev/normal_skill/normal_skill_008.png","129305","02dc4f680cbf2a76ab5efacc36a1dc017ae28a2e88c88ad7a811a1adaf41b844","2026-08-17T12:40:53.0903878Z","asset"
"godot/assets/generated_import/enemies/sd_enm002_arc_mote_combat_r28_dev/normal_skill/normal_skill_008.png.import","1031","f97bd5e507ecf15fcafb95c54981312bbdede665a2af851e8937901ceda1557b","2026-08-17T12:45:27.1836390Z","asset"
"godot/assets/generated_import/enemies/sd_enm002_arc_mote_combat_r28_dev/normal_skill/normal_skill_009.png","127055","d1f8f93a82f1c70503bca2c0fbb4042db5b42c2dda342e5cb0be2504d73474e3","2026-08-17T12:40:53.1593841Z","asset"
"godot/assets/generated_import/enemies/sd_enm002_arc_mote_combat_r28_dev/normal_skill/normal_skill_009.png.import","1031","5bb913634fa262f9052fd2f3ce7ac84eca493587cde01e92c8be1326b700bdf2","2026-08-17T12:45:27.2597806Z","asset"
"godot/assets/generated_import/enemies/sd_enm002_arc_mote_combat_r28_dev/normal_skill/normal_skill_010.png","124521","2a0ac4bf1fe36027fb1898619a86a5698a8685570b1b6ee6b76bcee7638cc442","2026-08-17T12:40:53.2263889Z","asset"
"godot/assets/generated_import/enemies/sd_enm002_arc_mote_combat_r28_dev/normal_skill/normal_skill_010.png.import","1031","2096d047e2126e5932d392afb5ad75161a3f3d750059d9a2724ca9105ba55098","2026-08-17T12:45:27.2828108Z","asset"
"godot/assets/generated_import/enemies/sd_enm002_arc_mote_combat_r28_dev/normal_skill/normal_skill_011.png","123965","1f17e52cc82695e4a545c28151eb0cf12a1b072b9906b6ed6d699857402e58f5","2026-08-17T12:40:53.2857822Z","asset"
"godot/assets/generated_import/enemies/sd_enm002_arc_mote_combat_r28_dev/normal_skill/normal_skill_011.png.import","1031","3ad8261d619f405fac2e4273ae99f23d796fb6197fe2bbea667f3a06ae88870a","2026-08-17T12:45:27.2963229Z","asset"
"godot/assets/generated_import/enemies/sd_enm002_arc_mote_combat_r28_dev/ultimate_sheet_01.png","2089415","023514d4abf7cf6c74631eb688e250e5556db24cca38a2918802e993a58a8553","2026-08-17T12:40:55.5324963Z","asset"
"godot/assets/generated_import/enemies/sd_enm002_arc_mote_combat_r28_dev/ultimate_sheet_01.png.import","1021","a72276d5b42b4ae71d0b69a922bd39f4d7ccda2ff3dd84a8a20fe7e9c49ee5da","2026-08-17T12:45:29.0277296Z","asset"
"godot/assets/generated_import/enemies/sd_enm002_arc_mote_combat_r28_dev/ultimate_sheet_02.png","262097","ea1ae84db86d68875a94b1d9df71021c4d74a4d23a53ac155ebe2534c26e03e4","2026-08-17T12:40:55.6463679Z","asset"
"godot/assets/generated_import/enemies/sd_enm002_arc_mote_combat_r28_dev/ultimate_sheet_02.png.import","1021","ba7495d481f6b6cd12d0392327e9d63c8e86902608e2ad343bc8692753027c06","2026-08-17T12:45:29.0207283Z","asset"
"godot/assets/generated_import/enemies/sd_enm002_arc_mote_combat_r28_dev/ultimate/ultimate_000.png","130134","612dfa9e0d1de243d7e7e32d4facd717589bf3a21759150013a130e767def7f0","2026-08-17T12:40:53.7685039Z","asset"
"godot/assets/generated_import/enemies/sd_enm002_arc_mote_combat_r28_dev/ultimate/ultimate_000.png.import","1015","a58e14b5e15a78f2fc3af282931f9cf1a27b3e4b57d0d3d7719384b949546309","2026-08-17T12:45:27.3719472Z","asset"
"godot/assets/generated_import/enemies/sd_enm002_arc_mote_combat_r28_dev/ultimate/ultimate_001.png","129417","2977436c1d305b6b4b71179cf74d4803455b8080b14a96a503c020daa6a63702","2026-08-17T12:40:53.8394974Z","asset"
"godot/assets/generated_import/enemies/sd_enm002_arc_mote_combat_r28_dev/ultimate/ultimate_001.png.import","1015","f02f501686a05e2eb4bfcc973386c7634673787e4fa41c4dc4114a5da60235d1","2026-08-17T12:45:27.3959802Z","asset"
"godot/assets/generated_import/enemies/sd_enm002_arc_mote_combat_r28_dev/ultimate/ultimate_002.png","130989","1f262be94eaf8347612242112df4721bcd356a81f8eabb0e68885e2f7a9f6cc0","2026-08-17T12:40:53.9094988Z","asset"
"godot/assets/generated_import/enemies/sd_enm002_arc_mote_combat_r28_dev/ultimate/ultimate_002.png.import","1015","78654f6ccf04c9f359adc9aa956e47542f678c603239addeb5508e18844fe9b3","2026-08-17T12:45:27.4215273Z","asset"
"godot/assets/generated_import/enemies/sd_enm002_arc_mote_combat_r28_dev/ultimate/ultimate_003.png","132088","bf7d4ce5db714c14d824f3d8b4082fa835156203b4fa592051a8fc6dd5ba7165","2026-08-17T12:40:53.9805049Z","asset"
"godot/assets/generated_import/enemies/sd_enm002_arc_mote_combat_r28_dev/ultimate/ultimate_003.png.import","1015","bcd362e3b00e5b5369d05ae6d8bf6c7927143cc722130538b64edd564a35d966","2026-08-17T12:45:27.4851218Z","asset"
"godot/assets/generated_import/enemies/sd_enm002_arc_mote_combat_r28_dev/ultimate/ultimate_004.png","133022","51a1caca6553699cf59b9a05da55a9e645e8511097ef24ae5441542a7b35b38d","2026-08-17T12:40:54.0524972Z","asset"
"godot/assets/generated_import/enemies/sd_enm002_arc_mote_combat_r28_dev/ultimate/ultimate_004.png.import","1015","b94670b1b4c6c1df86483e2a0435835e060e3e37c518bca0a98322405ba1c84c","2026-08-17T12:45:27.5231914Z","asset"
"godot/assets/generated_import/enemies/sd_enm002_arc_mote_combat_r28_dev/ultimate/ultimate_005.png","133883","930f255e0ddce170e1334a4efe3540f7df001352287e22060148936c78c4d948","2026-08-17T12:40:54.1274989Z","asset"
"godot/assets/generated_import/enemies/sd_enm002_arc_mote_combat_r28_dev/ultimate/ultimate_005.png.import","1015","8e918167c95e57abb7df39b5ac9e21812bfe275b36f3818aefd281c7d78c42e4","2026-08-17T12:45:27.5447350Z","asset"
"godot/assets/generated_import/enemies/sd_enm002_arc_mote_combat_r28_dev/ultimate/ultimate_006.png","134218","550827323c5089955497852c7f31b8ad98729e104bfcd095da335b68af504834","2026-08-17T12:40:54.2015026Z","asset"
"godot/assets/generated_import/enemies/sd_enm002_arc_mote_combat_r28_dev/ultimate/ultimate_006.png.import","1015","e917e06b8e5edd50018c9206753fa279cf7cf9a4cab598a25cb5b9f8bf05a884","2026-08-17T12:45:26.1060275Z","asset"
"godot/assets/generated_import/enemies/sd_enm002_arc_mote_combat_r28_dev/ultimate/ultimate_007.png","134102","89bd5eebc6835ef80d424b69b6284adac8c141375497aa1a30c79bb30066ff58","2026-08-17T12:40:54.2764963Z","asset"
"godot/assets/generated_import/enemies/sd_enm002_arc_mote_combat_r28_dev/ultimate/ultimate_007.png.import","1015","619f987976a0e4296056378be849b079c68b0141156db90039273de3693d8d74","2026-08-17T12:45:26.1466125Z","asset"
"godot/assets/generated_import/enemies/sd_enm002_arc_mote_combat_r28_dev/ultimate/ultimate_008.png","134120","3e98788e58041c86a106e0f7708dd7025131d0a58a4050d668d4e6ff7a4b715a","2026-08-17T12:40:54.3474976Z","asset"
"godot/assets/generated_import/enemies/sd_enm002_arc_mote_combat_r28_dev/ultimate/ultimate_008.png.import","1014","45c00d4c6cc4205b83bb8dcfce3cb03c85b5c9b912a1a7d0600eb3c733f3b6d4","2026-08-17T12:45:26.1210624Z","asset"
"godot/assets/generated_import/enemies/sd_enm002_arc_mote_combat_r28_dev/ultimate/ultimate_009.png","133988","8a1726036d0645a7eee97114ea7f91e5b65a50b287079274c178c66cd1d38371","2026-08-17T12:40:54.4174992Z","asset"
"godot/assets/generated_import/enemies/sd_enm002_arc_mote_combat_r28_dev/ultimate/ultimate_009.png.import","1015","8000f9f3c40ca2648db0632ebc5cb75e87f27407e2cc261b6441f47e32c80c34","2026-08-17T12:45:26.1320918Z","asset"
"godot/assets/generated_import/enemies/sd_enm002_arc_mote_combat_r28_dev/ultimate/ultimate_010.png","133211","9bf38292c16bae0582fa0fa58b38b9f12c62ad94719af360e889801980ee8436","2026-08-17T12:40:54.4894963Z","asset"
"godot/assets/generated_import/enemies/sd_enm002_arc_mote_combat_r28_dev/ultimate/ultimate_010.png.import","1015","8c1432b7c6c40a95dd3832beab9c93ad03e17dbe9bb4f6a83b8164fbb5f393cd","2026-08-17T12:45:26.1190571Z","asset"
"godot/assets/generated_import/enemies/sd_enm002_arc_mote_combat_r28_dev/ultimate/ultimate_011.png","134281","f77f864ca53bef738fbf4968c128c5a7dd274e74470867535eba036f85e24dad","2026-08-17T12:40:54.5695036Z","asset"
"godot/assets/generated_import/enemies/sd_enm002_arc_mote_combat_r28_dev/ultimate/ultimate_011.png.import","1015","f4aae93a613cbd9cb3ff495ace696a5f808c47bbce7c3b4581ae8805c1a4b53d","2026-08-17T12:45:26.0955131Z","asset"
"godot/assets/generated_import/enemies/sd_enm002_arc_mote_combat_r28_dev/ultimate/ultimate_012.png","130936","ce5a0d8aa3ec81a44d040e8d3c46a50cbf4aa4cbadb75e8c225460b3e7c90c34","2026-08-17T12:40:54.6384970Z","asset"
"godot/assets/generated_import/enemies/sd_enm002_arc_mote_combat_r28_dev/ultimate/ultimate_012.png.import","1015","917b97ba326b2b2311858c292ec3975f673ec4a04ead1a8867e76357458de3ed","2026-08-17T12:45:26.1060275Z","asset"
"godot/assets/generated_import/enemies/sd_enm002_arc_mote_combat_r28_dev/ultimate/ultimate_013.png","129434","84fd44696ae4dae9725128a3a6ee0352c16b940f1c3a78beaa66b8c882b22852","2026-08-17T12:40:54.7055038Z","asset"
"godot/assets/generated_import/enemies/sd_enm002_arc_mote_combat_r28_dev/ultimate/ultimate_013.png.import","1015","c5a1db1bb706bf307a00a497a5bcb8dd2bd74b8c9919d1ccffcf53e467c852a3","2026-08-17T12:45:26.1040267Z","asset"
"godot/assets/generated_import/enemies/sd_enm002_arc_mote_combat_r28_dev/ultimate/ultimate_014.png","127542","45b5a91f675c38f788e518d8dc54536679fe1cab83d254bc775bba190db3e9ae","2026-08-17T12:40:54.7735047Z","asset"
"godot/assets/generated_import/enemies/sd_enm002_arc_mote_combat_r28_dev/ultimate/ultimate_014.png.import","1015","6e06fee6c0f3d82e89ca7f67fa0368c09fedad3aa0f0a05f557dc2fc911d514d","2026-08-17T12:45:26.1060275Z","asset"
"godot/assets/generated_import/enemies/sd_enm002_arc_mote_combat_r28_dev/ultimate/ultimate_015.png","125061","59069f92088aa7a15d8c767dee01848e7834aa0bad53f8b4170f974a8b79a387","2026-08-17T12:40:54.8395048Z","asset"
"godot/assets/generated_import/enemies/sd_enm002_arc_mote_combat_r28_dev/ultimate/ultimate_015.png.import","1015","a7e108ca18cc87c7eb53333a387e2456360e3aaa19ff42f4a4ef122e98100247","2026-08-17T12:45:26.2277421Z","asset"
"godot/assets/generated_import/enemies/sd_enm002_arc_mote_combat_r28_dev/ultimate/ultimate_016.png","123291","67f70cd112839d49c3fcd29734f58912e509465ef7e430be87301fca77bde52f","2026-08-17T12:40:54.9035045Z","asset"
"godot/assets/generated_import/enemies/sd_enm002_arc_mote_combat_r28_dev/ultimate/ultimate_016.png.import","1015","5657b77f0ca9636a22627e281c5b2ae95f72f2d3998926b840fbdc839c198735","2026-08-17T12:45:26.2382673Z","asset"
"godot/assets/generated_import/enemies/sd_enm002_arc_mote_combat_r28_dev/ultimate/ultimate_017.png","122684","20740b4461a829582da092893a3aa77bcadf6d8d53779cd155a5b13b4ce93ab5","2026-08-17T12:40:54.9654967Z","asset"
"godot/assets/generated_import/enemies/sd_enm002_arc_mote_combat_r28_dev/ultimate/ultimate_017.png.import","1015","49dd1d2e1d4c292924028d00fa2ca6d68ac3b6d556e7caece629c72bdc973819","2026-08-17T12:45:26.2307568Z","asset"
"godot/assets/generated_import/enemies/sd_enm002_arc_mote_combat_r28_dev/victory_sheet_01.png","1272543","981bb9b401ec70f8a26400b4534e7777d1ca87d18bf390b742c74dfd32766b2a","2026-08-17T12:40:57.3753667Z","asset"
"godot/assets/generated_import/enemies/sd_enm002_arc_mote_combat_r28_dev/victory_sheet_01.png.import","1018","8f3f3ae7f49b894db63c2fed379b9a55f2113b5fecd54271c7a1cddfcc7c6a25","2026-08-17T12:45:29.0912412Z","asset"
"godot/assets/generated_import/enemies/sd_enm002_arc_mote_combat_r28_dev/victory/victory_000.png","124945","a34148b13b2f30f50a983805a8aefcfa38100f6080fd8ac35b82294fa1e15ba3","2026-08-17T12:40:56.5693671Z","asset"
"godot/assets/generated_import/enemies/sd_enm002_arc_mote_combat_r28_dev/victory/victory_000.png.import","1011","96c9ff32e6796cbbb0b8e1a68eab26657cdee517afb9eee135a6d897d4aa826d","2026-08-17T12:45:26.2357616Z","asset"
"godot/assets/generated_import/enemies/sd_enm002_arc_mote_combat_r28_dev/victory/victory_001.png","126350","65b39c03360d723e6784cd3e8edd737cd7ebaec174d40f60776e5b05457c7aa7","2026-08-17T12:40:56.6183676Z","asset"
"godot/assets/generated_import/enemies/sd_enm002_arc_mote_combat_r28_dev/victory/victory_001.png.import","1011","486f5fe9e1201b452594cfcd345a54d362bb4bbcf5ea57464cbf70f4f9866f45","2026-08-17T12:45:26.2422795Z","asset"
"godot/assets/generated_import/enemies/sd_enm002_arc_mote_combat_r28_dev/victory/victory_002.png","128930","501126eab8c2a33762ad83563aeedcb7c357f0d291580895d2ad78fca782b3b0","2026-08-17T12:40:56.6663687Z","asset"
"godot/assets/generated_import/enemies/sd_enm002_arc_mote_combat_r28_dev/victory/victory_002.png.import","1011","77fc98c126d349b62bfa83e3a5158c2549acf6790e5abfc90df8f1ee6794f30f","2026-08-17T12:45:26.2452791Z","asset"
"godot/assets/generated_import/enemies/sd_enm002_arc_mote_combat_r28_dev/victory/victory_003.png","128024","9cbd11e4b2b30c5d1d99c6f299bc6ea99c77fc936d351c044b76e9e14df72db2","2026-08-17T12:40:56.7133671Z","asset"
"godot/assets/generated_import/enemies/sd_enm002_arc_mote_combat_r28_dev/victory/victory_003.png.import","1010","da2711232e48e9f4fbd706940b4d5a576802562eea59443a1276052482a0e7ec","2026-08-17T12:45:26.2698284Z","asset"
"godot/assets/generated_import/enemies/sd_enm002_arc_mote_combat_r28_dev/victory/victory_004.png","125148","ed83d4f5d0ea2e3120a1dd239fbb27f47e5581024cdbab7b144a2b69898b71be","2026-08-17T12:40:56.7623669Z","asset"
"godot/assets/generated_import/enemies/sd_enm002_arc_mote_combat_r28_dev/victory/victory_004.png.import","1010","10ed1779c9f36d3eb8d16f910f6f174d8b96f4e774e5b85d6ca28331e2abe04d","2026-08-17T12:45:26.2718280Z","asset"
"godot/assets/generated_import/enemies/sd_enm002_arc_mote_combat_r28_dev/victory/victory_005.png","125425","98eda5d76e4e9452f4b3412ee291d1ecc38e11445c855952bfcc324274e810a5","2026-08-17T12:40:56.8113672Z","asset"
"godot/assets/generated_import/enemies/sd_enm002_arc_mote_combat_r28_dev/victory/victory_005.png.import","1011","3ab47b1f059d43699db64067533904c67e4f9584463f2ad433ce5754a65c2534","2026-08-17T12:45:26.2623129Z","asset"
"godot/assets/generated_import/enemies/sd_enm002_arc_mote_combat_r28_dev/victory/victory_006.png","128440","96639b34ca8da608bdc09b6f10bacd1ef94ba79c5f7ece8345b7ab3def1d8a97","2026-08-17T12:40:56.8613683Z","asset"
"godot/assets/generated_import/enemies/sd_enm002_arc_mote_combat_r28_dev/victory/victory_006.png.import","1011","b9f9b47bed2a68cff3945ae84c13f3df6d2e49cae917f93a349b1c6156e769a8","2026-08-17T12:45:26.3674967Z","asset"
"godot/assets/generated_import/enemies/sd_enm002_arc_mote_combat_r28_dev/victory/victory_007.png","129472","6e43fb9e8df2c301aa438f5d5a6d8006bf1fa9a0e2db5d17c93696f10c74627b","2026-08-17T12:40:56.9133601Z","asset"
"godot/assets/generated_import/enemies/sd_enm002_arc_mote_combat_r28_dev/victory/victory_007.png.import","1011","2baadf6c7be27c9f6f0ab9a86afaaf26cda1a2c81245d82a7406e3e50aeb5fde","2026-08-17T12:45:26.3629927Z","asset"
"godot/assets/generated_import/enemies/sd_enm002_arc_mote_combat_r28_dev/victory/victory_008.png","126849","373f015e95d0182c6a705c5fb049867dafae943b3a599b3da8df91d6c0d7c0ac","2026-08-17T12:40:56.9653597Z","asset"
"godot/assets/generated_import/enemies/sd_enm002_arc_mote_combat_r28_dev/victory/victory_008.png.import","1010","0e1dfaaae9dc1dc4b185367cf3ace68bbedb57514789637839bfc7cd32a7ec1a","2026-08-17T12:45:26.3715084Z","asset"
"godot/assets/generated_import/enemies/sd_enm002_arc_mote_combat_r28_dev/victory/victory_009.png","124945","a34148b13b2f30f50a983805a8aefcfa38100f6080fd8ac35b82294fa1e15ba3","2026-08-17T12:40:57.0053669Z","asset"
"godot/assets/generated_import/enemies/sd_enm002_arc_mote_combat_r28_dev/victory/victory_009.png.import","1010","836f6a29d8b377406e308d6442cf3304adbeb58889423e2b38195f3a309dbe9d","2026-08-17T12:45:26.3705083Z","asset"
"godot/assets/generated_import/factory_sync/cards/card_character_portrait_sample_1_v4_art.png","53101","a4f4de4d327c6a0d7df076ba3cc7e7e93e23ab07d481efa3c7bb073fc6a170bb","2026-08-16T16:02:30.2438206Z","asset"
"godot/assets/generated_import/factory_sync/cards/card_character_portrait_sample_1_v4_art.png.import","1063","7f170d65e0538c765561461aa06f7d22cbd2eb65b8459420a9de8c7c42f0940f","2026-08-17T13:53:31.7837996Z","asset"
"godot/assets/generated_import/factory_sync/cards/card_character_portrait_sample_1_v4_deck.png","26813","77200eb3154a677fc2316871fac95cb38d1ea08d2a2488209e9122d0cbfec20f","2026-08-16T16:02:30.2473132Z","asset"
"godot/assets/generated_import/factory_sync/cards/card_character_portrait_sample_1_v4_deck.png.import","1067","215b1ba618d5ebb5a3e22764b5bafc24f8bbc37a4819b1ee418419ffc238087f","2026-08-17T13:53:31.6322759Z","asset"
"godot/assets/generated_import/factory_sync/cards/card_character_portrait_sample_1_v4_detail.png","209458","489eca66c14aec478adbf5a6d7521e45399df84a03c48c58dab7cd370f1cd833","2026-08-16T16:02:30.2473132Z","asset"
"godot/assets/generated_import/factory_sync/cards/card_character_portrait_sample_1_v4_detail.png.import","1073","0f7bd7fda2506e00ce7ec8a61c71414ff183d90d60cd2667eddef24358b298a1","2026-08-17T13:53:32.0133465Z","asset"
"godot/assets/generated_import/factory_sync/cards/card_character_portrait_sample_1_v4_final.png","69232","105d8be737aec1c38c8e817e9abd3be3f81b28b643bbf5ae99f3e2f6b7ff47e4","2026-08-16T16:02:30.2448219Z","asset"
"godot/assets/generated_import/factory_sync/cards/card_character_portrait_sample_1_v4_final.png.import","1070","49f3e7264ae3037624e04cbf76d50f7113f6d993880d43ea8711f5e104f4cd56","2026-08-17T13:53:31.6632770Z","asset"
"godot/assets/generated_import/factory_sync/cards/card_character_portrait_sample_1_v4_frame.png","23649","11c0510d6b8bee6a1e608bef831070eddc0ad55ca156dee96e5f0c8217a4b935","2026-08-16T16:02:30.2448219Z","asset"
"godot/assets/generated_import/factory_sync/cards/card_character_portrait_sample_1_v4_frame.png.import","1069","05e62a48552c7bc9c385f338b2914d2d2b79261900b768fa0efc63785d82d2ae","2026-08-17T13:53:31.6032751Z","asset"
"godot/assets/generated_import/factory_sync/cards/card_character_portrait_sample_1_v4_thumb.png","13678","db5dc78d96faa52e738ff1599c76cbf2b80ddfe5dd2b3425f0c1489e300ccd74","2026-08-16T16:02:30.2483178Z","asset"
"godot/assets/generated_import/factory_sync/cards/card_character_portrait_sample_1_v4_thumb.png.import","1069","c1ee08c66882bce2038f7db8cec1fc36f5e53d2040baf34e44a16dee86f3267d","2026-08-17T13:53:31.5467567Z","asset"
"godot/assets/generated_import/factory_sync/cards/card_defense_barrier_sample_7_v4_art.png","55811","1582f452320356a96efed1683c2137eb24d738d2fe8553075620efef6c5e3cc6","2026-08-16T16:02:30.2863186Z","asset"
"godot/assets/generated_import/factory_sync/cards/card_defense_barrier_sample_7_v4_art.png.import","1054","bda4f67411a39f2ad4139d17fd137f8cc0583d6a4be1a30e4f9ab709753d7c68","2026-08-17T13:53:31.6292764Z","asset"
"godot/assets/generated_import/factory_sync/cards/card_defense_barrier_sample_7_v4_deck.png","27893","b15df2ed6ba245349694708a43b3e8d91f4b17b831aea197bef1c2aed4479443","2026-08-16T16:02:30.2883174Z","asset"
"godot/assets/generated_import/factory_sync/cards/card_defense_barrier_sample_7_v4_deck.png.import","1057","0de53c646cc44127efec87340f14cdc8d3fa88da294905615fcd0fffdd964654","2026-08-17T13:53:31.5127559Z","asset"
"godot/assets/generated_import/factory_sync/cards/card_defense_barrier_sample_7_v4_detail.png","212653","fa550e72eb39032372f6f9b43c2414676c31735c46d7fdf84e13dec48ee82cd9","2026-08-16T16:02:30.2883174Z","asset"
"godot/assets/generated_import/factory_sync/cards/card_defense_barrier_sample_7_v4_detail.png.import","1063","656229320765a97a4ca831d783a15695fd0fbdcb553913aabf3b2f7dc9fe4c02","2026-08-17T13:53:31.8743120Z","asset"
"godot/assets/generated_import/factory_sync/cards/card_defense_barrier_sample_7_v4_final.png","71014","b9aeaa106ad6e4122a6066d3eb6723068db80b792cbd1b4cddd590c97347aa7b","2026-08-16T16:02:30.2873192Z","asset"
"godot/assets/generated_import/factory_sync/cards/card_defense_barrier_sample_7_v4_final.png.import","1061","945654cb980eddcfe7ea771f4ff66aec5a1b0ee35ab60895477f78acdd386d6d","2026-08-17T13:53:31.5902757Z","asset"
"godot/assets/generated_import/factory_sync/cards/card_defense_barrier_sample_7_v4_frame.png","24340","002d5bf81c0fa0fb267b322c31c74031c2f463e9e904e85c4be955001b75911a","2026-08-16T16:02:30.2873192Z","asset"
"godot/assets/generated_import/factory_sync/cards/card_defense_barrier_sample_7_v4_frame.png.import","1061","ec6f9ae6e957767ebc078aee740788349c234777f82297a9d1de9a0dd4cce3d8","2026-08-17T13:53:31.4927571Z","asset"
"godot/assets/generated_import/factory_sync/cards/card_defense_barrier_sample_7_v4_thumb.png","14371","b66c49381b5d5b4c245504588d7481873a62a7fdb1fde5615f3c646151fee02a","2026-08-16T16:02:30.2893195Z","asset"
"godot/assets/generated_import/factory_sync/cards/card_defense_barrier_sample_7_v4_thumb.png.import","1061","188ec516822186b521bafd78bbf2c3f1ed5ff6e6c59ab38ae1881757490fe000","2026-08-17T13:53:31.4122391Z","asset"
"godot/assets/generated_import/factory_sync/cards/card_explosion_area_sample_8_v4_art.png","64610","1d4b8aa44aea1e21a39c16dc5214b39b1a7e997f5f71f87836119975923ce31a","2026-08-16T16:02:30.2913174Z","asset"
"godot/assets/generated_import/factory_sync/cards/card_explosion_area_sample_8_v4_art.png.import","1052","58c83b54781f9cb374b02298e0819589d0048d501966be9070491c55fc69df52","2026-08-17T13:53:31.4817572Z","asset"
"godot/assets/generated_import/factory_sync/cards/card_explosion_area_sample_8_v4_deck.png","32444","e6001127c82767c35327c5941f03592a1ec4f4bed2c53a0442844b2ec8fe7681","2026-08-16T16:02:30.2943177Z","asset"
"godot/assets/generated_import/factory_sync/cards/card_explosion_area_sample_8_v4_deck.png.import","1055","892d84781c81f1db30e1f2c899cc0c9581343425e65e94cbe4a1f91036484c08","2026-08-17T13:53:31.3752383Z","asset"
"godot/assets/generated_import/factory_sync/cards/card_explosion_area_sample_8_v4_detail.png","230041","4d399e0acc50dede53a81504d80d0f12df63a3ef121bdde9eebcb1aee1ace2a7","2026-08-16T16:02:30.2933182Z","asset"
"godot/assets/generated_import/factory_sync/cards/card_explosion_area_sample_8_v4_detail.png.import","1061","4904b7d93c36fa42c5e4baf931112123929ee046e0b50c97ef2bb91c1e482467","2026-08-17T13:53:31.8023126Z","asset"
"godot/assets/generated_import/factory_sync/cards/card_explosion_area_sample_8_v4_final.png","79279","30b44d99cb922a07c241efd3df675f42482c86527a65d3aee2e43a8aa2ff8844","2026-08-16T16:02:30.2933182Z","asset"
"godot/assets/generated_import/factory_sync/cards/card_explosion_area_sample_8_v4_final.png.import","1058","88ee5679e7fe7f22f246596e49521ab98e7e98bc3e699ab470aed826488d5eb1","2026-08-17T13:53:31.5417567Z","asset"
"godot/assets/generated_import/factory_sync/cards/card_explosion_area_sample_8_v4_frame.png","22754","97c265fb9059afdd585c481da2e15cd772e8a2e01bdb66c7bb29044a03817e2f","2026-08-16T16:02:30.2923178Z","asset"
"godot/assets/generated_import/factory_sync/cards/card_explosion_area_sample_8_v4_frame.png.import","1058","7c7b79e9668daeaad168b0cefce2be3d13f1b737147e4715fcef533710174d85","2026-08-17T13:53:31.3497217Z","asset"
"godot/assets/generated_import/factory_sync/cards/card_explosion_area_sample_8_v4_thumb.png","16710","321758a456232beb520b934144df628eca44c1354b346e4191a31ef94f2a9a9d","2026-08-16T16:02:30.2943177Z","asset"
"godot/assets/generated_import/factory_sync/cards/card_explosion_area_sample_8_v4_thumb.png.import","1057","07d346e3b5a9d92c3a59c9c828fd6a5fb2a88fd1905be19aa5ba765a404d9326","2026-08-17T13:53:31.2945779Z","asset"
"godot/assets/generated_import/factory_sync/cards/card_full_body_action_sample_2_v4_art.png","60613","4eaf32f9aa3e9894db4a514862f2cab20c2d6033dd02b306fb3302f863b27b86","2026-08-16T16:02:30.2523177Z","asset"
"godot/assets/generated_import/factory_sync/cards/card_full_body_action_sample_2_v4_art.png.import","1057","901b36d621bed82d90fc6ade05fdfe8a11949f6da570d607fa538ee4e6d67def","2026-08-17T13:53:31.3622380Z","asset"
"godot/assets/generated_import/factory_sync/cards/card_full_body_action_sample_2_v4_deck.png","30061","e330cfa556b9252e6cb863af8e7907dd3763bda1f37bf8b2dfec1714ae17a4d0","2026-08-16T16:02:30.2543188Z","asset"
"godot/assets/generated_import/factory_sync/cards/card_full_body_action_sample_2_v4_deck.png.import","1061","776b3b3b680c42fa41ce93a5c28828c90d3c10dfba3e3aee4af56b209d3eeb74","2026-08-17T13:53:31.2415530Z","asset"
"godot/assets/generated_import/factory_sync/cards/card_full_body_action_sample_2_v4_detail.png","228127","8a4eb4793d686c276a923fbd20428177e9d00af853172ac9ce054775bdcab424","2026-08-16T16:02:30.2533177Z","asset"
"godot/assets/generated_import/factory_sync/cards/card_full_body_action_sample_2_v4_detail.png.import","1066","dbb429dcfc87fba6e151c81a382f8db77968380aa5f2d3f0bec257ac19295573","2026-08-17T13:53:31.6432750Z","asset"
"godot/assets/generated_import/factory_sync/cards/card_full_body_action_sample_2_v4_final.png","74188","b86315db44b3905173040cd9c83b545c48e09a4adae64ac13675cd23f28c27db","2026-08-16T16:02:30.2533177Z","asset"
"godot/assets/generated_import/factory_sync/cards/card_full_body_action_sample_2_v4_final.png.import","1064","4f7cbace61739e26718df230045cfb226db229178a7ba253a41cb6f8b200f1de","2026-08-17T13:53:31.2945779Z","asset"
"godot/assets/generated_import/factory_sync/cards/card_full_body_action_sample_2_v4_frame.png","23530","2a190a124560d4d7b9f7e60e2cbf0e6d2a0dc253556c7d35ec9290b48fc2bcf6","2026-08-16T16:02:30.2523177Z","asset"
"godot/assets/generated_import/factory_sync/cards/card_full_body_action_sample_2_v4_frame.png.import","1064","e212789e7909269121ef4acacde31f4a26ff66f822d0cd4929e70cf0d898be88","2026-08-17T13:53:32.2038665Z","asset"
"godot/assets/generated_import/factory_sync/cards/card_full_body_action_sample_2_v4_thumb.png","15460","fefe3ece3b1983f009e791acee13649ab1bbc37a63985ff32d2bc684414209d7","2026-08-16T16:02:30.2543188Z","asset"
"godot/assets/generated_import/factory_sync/cards/card_full_body_action_sample_2_v4_thumb.png.import","1064","ca99d25f330bd30c6c26dbf45f9c94fc3b04b59cef219e189c2cc54112d38953","2026-08-17T13:53:32.0883477Z","asset"
"godot/assets/generated_import/factory_sync/cards/card_relic_object_sample_6_v4_art.png","55863","c0823140736de95b54df1771849d0933f4148a20bb5e936519a311c9a87496f5","2026-08-16T16:02:30.2803245Z","asset"
"godot/assets/generated_import/factory_sync/cards/card_relic_object_sample_6_v4_art.png.import","1046","0b87854c19c84b8cda6d0202f3d4d60589335f959c8094d3711712b25bf37765","2026-08-17T13:53:32.2138745Z","asset"
"godot/assets/generated_import/factory_sync/cards/card_relic_object_sample_6_v4_deck.png","28046","621a4ddacf186ecb7a1c98d14b3e453195d518b73d08c6f65183e7fd71d18cff","2026-08-16T16:02:30.2833178Z","asset"
"godot/assets/generated_import/factory_sync/cards/card_relic_object_sample_6_v4_deck.png.import","1048","df696b626e15fa333d3a2034ee5abbef5e2db40b99515b7d2500409c8ef1a205","2026-08-17T13:53:32.0953485Z","asset"
"godot/assets/generated_import/factory_sync/cards/card_relic_object_sample_6_v4_detail.png","213016","556e6fb61f2a69add9a923fcaeb7009a4898f1bbb995810a7a259bb736c17c5e","2026-08-16T16:02:30.2823180Z","asset"
"godot/assets/generated_import/factory_sync/cards/card_relic_object_sample_6_v4_detail.png.import","1054","5e781a0efa65725ffb6021cf919733425bc9434ed6c86e94c4f5c9c0f9f9f002","2026-08-17T13:53:32.4179070Z","asset"
"godot/assets/generated_import/factory_sync/cards/card_relic_object_sample_6_v4_final.png","70050","25df572e502fbf6494e0adb70f4fc10986e0636c5e13e1ffcd2871da86ab0d2a","2026-08-16T16:02:30.2813196Z","asset"
"godot/assets/generated_import/factory_sync/cards/card_relic_object_sample_6_v4_final.png.import","1052","156c104d37c278e953c0090d7a12e6173e8c38a63a6dc1dc00cd74d2c4946d70","2026-08-17T13:53:32.1678664Z","asset"
"godot/assets/generated_import/factory_sync/cards/card_relic_object_sample_6_v4_frame.png","23507","90a450c8b4bd75bc23410fbf24a41428fc88f7cdc0ed2eaeb80ab5adc8640dc0","2026-08-16T16:02:30.2813196Z","asset"
"godot/assets/generated_import/factory_sync/cards/card_relic_object_sample_6_v4_frame.png.import","1052","68ba6dce6176e6c49d795de9019c561f38cb82f6af2ad5144ae606a7387d81fd","2026-08-17T13:53:32.1073537Z","asset"
"godot/assets/generated_import/factory_sync/cards/card_relic_object_sample_6_v4_thumb.png","14550","812300be2d8fd9e8ebb2e461a6fa5b82504b2c1dd6fc63b9bc24e50b3762b9b1","2026-08-16T16:02:30.2833178Z","asset"
"godot/assets/generated_import/factory_sync/cards/card_relic_object_sample_6_v4_thumb.png.import","1052","ff70080033d552870db410c0eb51aae31baaa440815213f5dccbdf669986fb1e","2026-08-17T13:53:32.0183468Z","asset"
"godot/assets/generated_import/factory_sync/cards/card_skill_burst_sample_4_v4_art.png","77495","a4a14e16116ec29eeb7de96c44beb547fb4ab0c5a7f0bd8c0b9206ec75cbfd11","2026-08-16T16:02:30.2633174Z","asset"
"godot/assets/generated_import/factory_sync/cards/card_skill_burst_sample_4_v4_art.png.import","1041","d38aa00ae83250a42faadf21e512da8fbd10ece2ba519596c44befdc392fb503","2026-08-17T13:53:32.0483475Z","asset"
"godot/assets/generated_import/factory_sync/cards/card_skill_burst_sample_4_v4_deck.png","37821","30fbeec772fd43a38e76e4458175754aea71ed09e26607da7ae9b29b43822f5f","2026-08-16T16:02:30.2663200Z","asset"
"godot/assets/generated_import/factory_sync/cards/card_skill_burst_sample_4_v4_deck.png.import","1046","f255563a34f3e439d010f073a7ab699b79b26271946c0b06b709c8641d765618","2026-08-17T13:53:31.9478297Z","asset"
"godot/assets/generated_import/factory_sync/cards/card_skill_burst_sample_4_v4_detail.png","268038","833fb862e8ec9af79669262fe8956d3b9f165759775e738feea4244c668e7b21","2026-08-16T16:02:30.2653184Z","asset"
"godot/assets/generated_import/factory_sync/cards/card_skill_burst_sample_4_v4_detail.png.import","1051","7deea5030f644c946972367e0b95fcd1c860d38bda04e7e31c65a98864e2f09f","2026-08-17T13:53:32.3949007Z","asset"
"godot/assets/generated_import/factory_sync/cards/card_skill_burst_sample_4_v4_final.png","91110","a685bea1c0798d81f70d6c8bdbec9eeb1b825ee460c2bd257894dd21893f817a","2026-08-16T16:02:30.2643183Z","asset"
"godot/assets/generated_import/factory_sync/cards/card_skill_burst_sample_4_v4_final.png.import","1049","1604422cb9509a34f9212805c00579854ff201d741b98bfc30bd3cee7d39646d","2026-08-17T13:53:32.0018347Z","asset"
"godot/assets/generated_import/factory_sync/cards/card_skill_burst_sample_4_v4_frame.png","22550","588f3336c14e4b98750b300926f4d693ec210482f15a8eb4a7359e7191103e1e","2026-08-16T16:02:30.2643183Z","asset"
"godot/assets/generated_import/factory_sync/cards/card_skill_burst_sample_4_v4_frame.png.import","1048","6cb4f315d86b7461556767c4390055baa15065e8285330dfbe2aabf37a4be3e6","2026-08-17T13:53:31.9908355Z","asset"
"godot/assets/generated_import/factory_sync/cards/card_skill_burst_sample_4_v4_thumb.png","19907","1db9cb604ff0701341994625855b05151b0d6a47776a97acd2bce34946034e6b","2026-08-16T16:02:30.2663200Z","asset"
"godot/assets/generated_import/factory_sync/cards/card_skill_burst_sample_4_v4_thumb.png.import","1048","05123a764cc0b2c15621534228c7f28a6d0dc8b25b24cc5ab3d2d537af38b8b5","2026-08-17T13:53:31.8603119Z","asset"
"godot/assets/generated_import/factory_sync/cards/card_summon_sample_5_v4_art.png","52977","2706d400b332cd4750f2ec84303c9a1a801188d2212551c3d89e9d026bc973fb","2026-08-16T16:02:30.2703183Z","asset"
"godot/assets/generated_import/factory_sync/cards/card_summon_sample_5_v4_art.png.import","1028","521ff40b43630359637365ea30f6fc7dcc9ae95a44daa76be67f6200a6c972b6","2026-08-17T13:53:31.9238286Z","asset"
"godot/assets/generated_import/factory_sync/cards/card_summon_sample_5_v4_deck.png","27586","ec490505f36c8a4e0f57f91b5a240f56b5550cf2229f2d995d62644b7b0d2212","2026-08-16T16:02:30.2733185Z","asset"
"godot/assets/generated_import/factory_sync/cards/card_summon_sample_5_v4_deck.png.import","1031","6213d8e24056d6d43b81cf9fd990592edaa865305d20470c3a4975cc0537c205","2026-08-17T13:53:31.8313135Z","asset"
"godot/assets/generated_import/factory_sync/cards/card_summon_sample_5_v4_detail.png","212205","10cfe32dcf9b7f4b3a5386a3adfd7d9f971c3512e24a2e96b461ee0775a8c59b","2026-08-16T16:02:30.2723189Z","asset"
"godot/assets/generated_import/factory_sync/cards/card_summon_sample_5_v4_detail.png.import","1037","8c4a791e64f79108ae25df900359e8f85f941b1a6354095b94c3ef5e2f92afe7","2026-08-17T13:53:32.1153538Z","asset"
"godot/assets/generated_import/factory_sync/cards/card_summon_sample_5_v4_final.png","69151","8f83866c602d2d725423176578da9b48c2ee10e2871102b249b5d7d4934b48f0","2026-08-16T16:02:30.2713183Z","asset"
"godot/assets/generated_import/factory_sync/cards/card_summon_sample_5_v4_final.png.import","1033","687bbb7707a653b5dfa8507d9e05e8164252c8c01f9e46485b01ae0898c46767","2026-08-17T13:53:31.8203107Z","asset"
"godot/assets/generated_import/factory_sync/cards/card_summon_sample_5_v4_frame.png","24243","d2cc3c5eddbffdf47e90d8da0d6d4f3f47a75991ac11b1ad500fa727131719b6","2026-08-16T16:02:30.2703183Z","asset"
"godot/assets/generated_import/factory_sync/cards/card_summon_sample_5_v4_frame.png.import","1034","271b9ae99dc71004dfbad30a09a6850c1187cd835b1103e7a5d9e9e3235415fa","2026-08-17T13:53:31.7837996Z","asset"
"godot/assets/generated_import/factory_sync/cards/card_summon_sample_5_v4_thumb.png","14128","6286b401da4d05e16d3f5848a605897c877e76b51d76ce958194083ee7ce13fd","2026-08-16T16:02:30.2743182Z","asset"
"godot/assets/generated_import/factory_sync/cards/card_summon_sample_5_v4_thumb.png.import","1034","6e59ed410ddf11260080a82b1c5cc667498c8468dfe51d267035f54be6519cb6","2026-08-17T13:53:31.7067944Z","asset"
"godot/assets/generated_import/factory_sync/cards/card_weapon_focus_sample_3_v4_art.png","57748","621bd5c8f60b3c81a5cda3d4004aaf40e4ef837374c19093114888e6a39e489f","2026-08-16T16:02:30.2583191Z","asset"
"godot/assets/generated_import/factory_sync/cards/card_weapon_focus_sample_3_v4_art.png.import","1046","11660e608833e08324352f02cf2df0c183895e6ed1328c74a7e4d18fc35f1998","2026-08-17T13:53:31.7953127Z","asset"
"godot/assets/generated_import/factory_sync/cards/card_weapon_focus_sample_3_v4_deck.png","29773","2a280c580807efb9c68d41264ac0a808502f916f0c98de5886e9d9cad537a84a","2026-08-16T16:02:30.2603171Z","asset"
"godot/assets/generated_import/factory_sync/cards/card_weapon_focus_sample_3_v4_deck.png.import","1049","99629a14d27e8ad35120a8e935ef5d8bf0eb4538ab07bb80df3bbb458f0afb79","2026-08-17T13:53:31.6887938Z","asset"
"godot/assets/generated_import/factory_sync/cards/card_weapon_focus_sample_3_v4_detail.png","221431","ad641bbc419c8cbd7591d4044c6916383bc92040f2ac551ce9cfddf03d71889b","2026-08-16T16:02:30.2603171Z","asset"
"godot/assets/generated_import/factory_sync/cards/card_weapon_focus_sample_3_v4_detail.png.import","1055","3bce40c48e24e562e366d0e80c32bf9fd5f4f1a64b116842979f06ad66011179","2026-08-17T13:53:32.1698680Z","asset"
"godot/assets/generated_import/factory_sync/cards/card_weapon_focus_sample_3_v4_final.png","75601","7b034123443793aefa59bbe96bcd2b3ff6d9021116dfc2f420c19d5aa6dff3b5","2026-08-16T16:02:30.2593178Z","asset"
"godot/assets/generated_import/factory_sync/cards/card_weapon_focus_sample_3_v4_final.png.import","1051","16c429dba62f6cd8429483ee803f7e6d648c8cc65d7dcf77c5665b857e81bd40","2026-08-17T13:53:30.8629947Z","asset"
"godot/assets/generated_import/factory_sync/cards/card_weapon_focus_sample_3_v4_frame.png","24365","5bba9a72c5296d37209c5605e892552bdf361adff5a4b46994e52d356a550723","2026-08-16T16:02:30.2583191Z","asset"
"godot/assets/generated_import/factory_sync/cards/card_weapon_focus_sample_3_v4_frame.png.import","1051","62cad250273384d63b13c8048b152b01de4a618132c599510cedbe9f62e9e9c8","2026-08-17T13:53:30.8329936Z","asset"
"godot/assets/generated_import/factory_sync/cards/card_weapon_focus_sample_3_v4_thumb.png","15282","796d623ec9c8ff1266bb7564bc4757f79cdd7b7bc20e93bf27f2c6224adeb59f","2026-08-16T16:02:30.2613191Z","asset"
"godot/assets/generated_import/factory_sync/cards/card_weapon_focus_sample_3_v4_thumb.png.import","1052","b9bbfb6963337228a12b8e3ed85713d0d0e7b7eab8f59950f025837b2550b20b","2026-08-17T13:53:30.7264753Z","asset"
"godot/assets/generated_import/factory_sync/characters/character_female_sd_engineer_v3_back.png","2587","ea29fc7206d8ee386b82cde026e2bfec3d0f8e21accc938c8787784b55dbcf15","2026-08-16T16:02:27.0606759Z","asset"
"godot/assets/generated_import/factory_sync/characters/character_female_sd_engineer_v3_back.png.import","1059","d02ddd597d9a7c9f230593bf55f1a5e61a283dd58f34d7620a129460ea9d8871","2026-08-17T13:53:30.7774748Z","asset"
"godot/assets/generated_import/factory_sync/characters/character_female_sd_engineer_v3_front.png","2632","3659046b7a1552b66c263e939c7a35485544be6bfd6d8b3cb68b31634c0b0b43","2026-08-16T16:02:27.0086750Z","asset"
"godot/assets/generated_import/factory_sync/characters/character_female_sd_engineer_v3_front.png.import","1063","a6fed7ae7e79b33d7c655860a66cd49f38f4c1ce551849f6a89cd9481e869fd5","2026-08-17T13:53:30.7644762Z","asset"
"godot/assets/generated_import/factory_sync/characters/character_female_sd_engineer_v3_side.png","2531","6c7500f64c016a7f58005c326169a05c66df01b05249e57eff0479a26e51b203","2026-08-16T16:02:27.0446758Z","asset"
"godot/assets/generated_import/factory_sync/characters/character_female_sd_engineer_v3_side.png.import","1060","5677739a66816bf2d490fd747488394a73e8d479113dd959289913d24bcc62cb","2026-08-17T13:53:30.7404758Z","asset"
"godot/assets/generated_import/factory_sync/characters/character_female_sd_engineer_v3_three_quarter.png","2632","48af647a4a96ad1eb38fd0274cdb47ba5df6554befe790cc5b11405233d63015","2026-08-16T16:02:27.0276773Z","asset"
"godot/assets/generated_import/factory_sync/characters/character_female_sd_engineer_v3_three_quarter.png.import","1087","d2fea7a9bd0505642b37924d6cf912a294e6f9d9ec01d96a0b17c5d52c9c58f2","2026-08-17T13:53:30.7274759Z","asset"
"godot/assets/generated_import/factory_sync/characters/character_female_sd_engineer_v3_walk.atlas.json","1655","54fe34e5fa8bb6c68023c131357d586004e63b84c7cead5f847c87cd65ba41ae","2026-08-16T16:02:27.1176747Z","asset"
"godot/assets/generated_import/factory_sync/characters/character_female_sd_engineer_v3_walk.png","9207","84fc4427fa22df2b3d6392b7c4da745e6de1417be1813c288b4177d63139f4ae","2026-08-16T16:02:27.1166783Z","asset"
"godot/assets/generated_import/factory_sync/characters/character_female_sd_engineer_v3_walk.png.import","1060","54d9f6a01481b2142e312f44f2e2cd0ac5efc2038112383afe21bc6b2ee2af52","2026-08-17T13:53:30.7304768Z","asset"
"godot/assets/generated_import/factory_sync/characters/character_female_stylized_scout_v3_back.png","2582","acb3ad8601c6b6f07696394253d7ecb615915f01be78bd9f8a6e691d490dc2de","2026-08-16T16:02:26.9316739Z","asset"
"godot/assets/generated_import/factory_sync/characters/character_female_stylized_scout_v3_back.png.import","1069","f547aac16cdd56c5a295b7d1646c0a0b6cad2a26713ee74ecd55a7a918a4045d","2026-08-17T13:53:30.6769565Z","asset"
"godot/assets/generated_import/factory_sync/characters/character_female_stylized_scout_v3_front.png","2629","31284909147bc09174fe6b61ed39b16f06ba2093e8f3a0ceb12fcb63555d40d7","2026-08-16T16:02:26.8695004Z","asset"
"godot/assets/generated_import/factory_sync/characters/character_female_stylized_scout_v3_front.png.import","1072","71fb2e5d53dcc6fac00a219d542f35c85554df60dd0e90bee79d28bf31cdc8d2","2026-08-17T13:53:30.7019645Z","asset"
"godot/assets/generated_import/factory_sync/characters/character_female_stylized_scout_v3_side.png","2528","d1d936b6463b411f1d96969b1b2b4f0c616c5f26a13a5659044c793db71ce587","2026-08-16T16:02:26.9156706Z","asset"
"godot/assets/generated_import/factory_sync/characters/character_female_stylized_scout_v3_side.png.import","1068","202c92162135c7e737071a29d759d2186fb6f6a2952abd2b04662b561fb6577d","2026-08-17T13:53:30.6629577Z","asset"
"godot/assets/generated_import/factory_sync/characters/character_female_stylized_scout_v3_three_quarter.png","2629","cc1a679895300e7f3e4de231f729fb4401ff368bac27475a110957b6f8bf41c0","2026-08-16T16:02:26.8905006Z","asset"
"godot/assets/generated_import/factory_sync/characters/character_female_stylized_scout_v3_three_quarter.png.import","1095","50a0b05cd073649ebaa49f65400f72f07203d050146e8f1fce0624fd5a557a32","2026-08-17T13:53:30.6709567Z","asset"
"godot/assets/generated_import/factory_sync/characters/character_female_stylized_scout_v3_walk.atlas.json","1658","02895699c7359a18affa822d04c63ba0a8af510a23fe378e50c3448ae193567c","2026-08-16T16:02:26.9936778Z","asset"
"godot/assets/generated_import/factory_sync/characters/character_female_stylized_scout_v3_walk.png","9204","c70bd764e1a3a4931681fdc83cd3f626bc9ef63907ff3f884883e37734e31949","2026-08-16T16:02:26.9926743Z","asset"
"godot/assets/generated_import/factory_sync/characters/character_female_stylized_scout_v3_walk.png.import","1069","c9e8145f497df6515cedf5837f4ac81900458c113a819a11b38f2534636d2496","2026-08-17T13:53:30.7164759Z","asset"
"godot/assets/generated_import/factory_sync/characters/character_neutral_mannequin_vanguard_v3_back.png","2586","7066e3b6aca875b657370deda0324049faa027b7a77a90979c08c03f6fdbb2c2","2026-08-16T16:02:27.1806757Z","asset"
"godot/assets/generated_import/factory_sync/characters/character_neutral_mannequin_vanguard_v3_back.png.import","1084","604f58295a259d156bf7011fb0acb2299bb19a842c6d07e54888af1618874645","2026-08-17T13:53:30.5999571Z","asset"
"godot/assets/generated_import/factory_sync/characters/character_neutral_mannequin_vanguard_v3_front.png","2632","47bd783cbbb52df06df5c6d7bf1873e0045f6e0b2a772130a6db91833ed60426","2026-08-16T16:02:27.1316782Z","asset"
"godot/assets/generated_import/factory_sync/characters/character_neutral_mannequin_vanguard_v3_front.png.import","1087","6ddca1183e5c9659945ca23240ce322350cd2bc638d9a1e594285f173436fcb0","2026-08-17T13:53:30.5844419Z","asset"
"godot/assets/generated_import/factory_sync/characters/character_neutral_mannequin_vanguard_v3_side.png","2531","75286f022c622b5af709dec3a57665d85ee1628f58f98ef0dc5017116991cce8","2026-08-16T16:02:27.1646754Z","asset"
"godot/assets/generated_import/factory_sync/characters/character_neutral_mannequin_vanguard_v3_side.png.import","1083","8c5296e77e5456c78d5b340263c9876a99f5f5448263fb9b9cabd793302db0c8","2026-08-17T13:53:30.5704376Z","asset"
"godot/assets/generated_import/factory_sync/characters/character_neutral_mannequin_vanguard_v3_three_quarter.png","2633","f15df43483386e41355ccbab79b4a9f2f60025efcd17754b7cad0ace90082b51","2026-08-16T16:02:27.1486759Z","asset"
"godot/assets/generated_import/factory_sync/characters/character_neutral_mannequin_vanguard_v3_three_quarter.png.import","1110","aa5b1505ce00a112b905aa7de1783309c35b38a273e3407779c2bfae30f4bbb4","2026-08-17T13:53:30.5864436Z","asset"
"godot/assets/generated_import/factory_sync/characters/character_neutral_mannequin_vanguard_v3_walk.atlas.json","1663","5a527a80c7b915df661ee015e9983fc058d7795d1cb63759ef057c4bf78d71da","2026-08-16T16:02:27.2386763Z","asset"
"godot/assets/generated_import/factory_sync/characters/character_neutral_mannequin_vanguard_v3_walk.png","9207","80cca1aaf5a365641fb6b93b95e371c6d69894aafdc95c75aed7508f4bd3ff80","2026-08-16T16:02:27.2376757Z","asset"
"godot/assets/generated_import/factory_sync/characters/character_neutral_mannequin_vanguard_v3_walk.png.import","1084","4cb3f82de15799205bcd7b6edcc9e36928051b520bf7e1430a6385ba5548c040","2026-08-17T13:53:30.6559547Z","asset"
"godot/assets/generated_import/factory_sync/enemies/enemy_boss_siege_core_v3_wear_0_5.png","3011","1510264ce987c9e817f32b9c59a931626ae0cb29e18110eaecc89c8ae780a152","2026-08-16T16:02:27.5582093Z","asset"
"godot/assets/generated_import/factory_sync/enemies/enemy_boss_siege_core_v3_wear_0_5.png.import","1047","f56c112fe85f070b6693afc196d11d7dcbce96623873846315e8862a669799b9","2026-08-17T13:53:30.5634393Z","asset"
"godot/assets/generated_import/factory_sync/enemies/enemy_boss_siege_core_v3_wear_0.png","2851","cd5f66f1a869b120e5109658e7849c4b1f04aa59777bf86d0b75465baa7beb20","2026-08-16T16:02:27.5382092Z","asset"
"godot/assets/generated_import/factory_sync/enemies/enemy_boss_siege_core_v3_wear_0.png.import","1042","e24ea29e24399b198c807da7cd69aecb42fc839ce45c13b136874f346873abe0","2026-08-17T13:53:30.5959573Z","asset"
"godot/assets/generated_import/factory_sync/enemies/enemy_boss_siege_core_v3_wear_1.png","3128","a18767413212b0862f9dd0c7e526552075cdffc38f9759e08d3da08751b2c84b","2026-08-16T16:02:27.5782095Z","asset"
"godot/assets/generated_import/factory_sync/enemies/enemy_boss_siege_core_v3_wear_1.png.import","1042","6ecd307af0e402f284d07f78963140ec4cfb8970ccbac1459f9705ddc6cb148e","2026-08-17T13:53:30.5704376Z","asset"
"godot/assets/generated_import/factory_sync/enemies/enemy_humanoid_raider_v3_wear_0_5.png","2814","ce9ab6fffc45c9849732852ebe075e6097e8a54e3d45de98197fab7ea40ba8e2","2026-08-16T16:02:27.4272083Z","asset"
"godot/assets/generated_import/factory_sync/enemies/enemy_humanoid_raider_v3_wear_0_5.png.import","1048","f3bb740d14cfd9c4abaf002f65a465353e491e9dad4d550f7fbbbbd67935203d","2026-08-17T13:53:31.2415530Z","asset"
"godot/assets/generated_import/factory_sync/enemies/enemy_humanoid_raider_v3_wear_0.png","2632","47bd783cbbb52df06df5c6d7bf1873e0045f6e0b2a772130a6db91833ed60426","2026-08-16T16:02:27.4059703Z","asset"
"godot/assets/generated_import/factory_sync/enemies/enemy_humanoid_raider_v3_wear_0.png.import","1042","2091535ad5c2cd44dea181f6f244af1a17ff526eec6d74906af9853cad12b667","2026-08-17T13:53:30.6109575Z","asset"
"godot/assets/generated_import/factory_sync/enemies/enemy_humanoid_raider_v3_wear_1.png","2938","3c1936905f8467f4054e685d1c88c76d16a392fdd2be4a6f3a49e62e72bf7bd7","2026-08-16T16:02:27.4542080Z","asset"
"godot/assets/generated_import/factory_sync/enemies/enemy_humanoid_raider_v3_wear_1.png.import","1041","5b2b1e610c5deeb19f09eada3ea15a33a24c7df3801c7d4294c39aa1dc272f4b","2026-08-17T13:53:31.2235458Z","asset"
"godot/assets/generated_import/factory_sync/enemies/enemy_mechanical_artillery_v3_wear_0_5.png","2801","26acfba41651b4304965d822f235ef62c2d64ed90b9df788ec2e56bd0c8166c0","2026-08-16T16:02:27.4942099Z","asset"
"godot/assets/generated_import/factory_sync/enemies/enemy_mechanical_artillery_v3_wear_0_5.png.import","1063","e4d02cdd280aea3610631a5636009364ea0f1e1ca4473efc65c1051169dada24","2026-08-17T13:53:31.1210268Z","asset"
"godot/assets/generated_import/factory_sync/enemies/enemy_mechanical_artillery_v3_wear_0.png","2645","c89bbeb6669e507457139d04f7ca6de9820f4b8bf2d840fb35dba54eac503d7c","2026-08-16T16:02:27.4732082Z","asset"
"godot/assets/generated_import/factory_sync/enemies/enemy_mechanical_artillery_v3_wear_0.png.import","1056","0aebfe0f780ca9e696596064c1561d591543b191165f70ba0aca306e6b72e219","2026-08-17T13:53:31.2125458Z","asset"
"godot/assets/generated_import/factory_sync/enemies/enemy_mechanical_artillery_v3_wear_1.png","2892","026abfc1937318b3f881ed0856c9b93c81f9c336b2fba01be83ec97c6f6f5885","2026-08-16T16:02:27.5202096Z","asset"
"godot/assets/generated_import/factory_sync/enemies/enemy_mechanical_artillery_v3_wear_1.png.import","1057","a8812aeb97e83899b6888edcb376994f7edff9c9955f11007a2e785fb26abd40","2026-08-17T13:53:31.1605462Z","asset"
"godot/assets/generated_import/factory_sync/environments/environment_industrial_foundry_v2_composite.png","20941","8cca860dd532a73ab801e6ca5a4a1ec6fc0a08a83ff9be94345c458959ac3dc2","2026-08-16T15:46:38.4382046Z","asset"
"godot/assets/generated_import/factory_sync/environments/environment_industrial_foundry_v2_composite.png.import","1083","e0e71862f2ed03f7bc3b92c2f2673f566ed48627a0168355e3c0281b82c2dc7f","2026-08-17T13:53:31.4787566Z","asset"
"godot/assets/generated_import/factory_sync/environments/environment_industrial_foundry_v2_layer_1.png","4324","bce10f6bd3fecb3d4244f257351b3957a6eb9a30f82c28af1ceb4dbdffc976a0","2026-08-16T15:46:38.2701965Z","asset"
"godot/assets/generated_import/factory_sync/environments/environment_industrial_foundry_v2_layer_1.png.import","1077","603fe0bbf50c0b80cf42b4a772f03071fa4183ddc11b06cd8dad292340570b4b","2026-08-17T13:53:31.1605462Z","asset"
"godot/assets/generated_import/factory_sync/environments/environment_industrial_foundry_v2_layer_2.png","3729","c54fc0394a2155ca6723efd658d92c46bae210878c05529590aa728863ee5707","2026-08-16T15:46:38.3022011Z","asset"
"godot/assets/generated_import/factory_sync/environments/environment_industrial_foundry_v2_layer_2.png.import","1077","ff8644a8358be363f305a6adefcbc581c6c92b66ab5ae75cf46794e6f30e2de1","2026-08-17T13:53:31.1100263Z","asset"
"godot/assets/generated_import/factory_sync/environments/environment_industrial_foundry_v2_layer_3.png","8227","a217a9c1949db9ccaa1cfabe871a817cca22199b067b54dfe130cdc3b6e574ef","2026-08-16T15:46:38.3252006Z","asset"
"godot/assets/generated_import/factory_sync/environments/environment_industrial_foundry_v2_layer_3.png.import","1077","cfdad526b6497dde4cf73be75b301525b41e83556bbdda122a54199fd7bd2c55","2026-08-17T13:53:31.1240269Z","asset"
"godot/assets/generated_import/factory_sync/environments/environment_industrial_foundry_v2_layer_4.png","4660","8979e8d3d8a73726a38a9c9f02badce6980a049ea28676c151c61ac0003d139d","2026-08-16T15:46:38.3602025Z","asset"
"godot/assets/generated_import/factory_sync/environments/environment_industrial_foundry_v2_layer_4.png.import","1077","d4daae78af3ccd884ac36f0c2b9c63841519f8e02d382b18d2ea02c65bf1c223","2026-08-17T13:53:30.9665121Z","asset"
"godot/assets/generated_import/factory_sync/environments/environment_industrial_foundry_v2.png","7306","07361913064506a5239e7ec370e50c0904d19a42306553a86f01df57b4788846","2026-08-16T15:46:38.1041608Z","asset"
"godot/assets/generated_import/factory_sync/environments/environment_industrial_foundry_v2.png.import","1052","5a800d639c1057ccf97a6386a24a71667dd1276bd1d9a1bbc139d0736939d6c3","2026-08-17T13:53:31.0345156Z","asset"
"godot/assets/generated_import/factory_sync/environments/environment_laboratory_outpost_v2_composite.png","20941","8cca860dd532a73ab801e6ca5a4a1ec6fc0a08a83ff9be94345c458959ac3dc2","2026-08-16T15:46:38.7873378Z","asset"
"godot/assets/generated_import/factory_sync/environments/environment_laboratory_outpost_v2_composite.png.import","1083","129f1b2586179f774a319d0cdc163629bd3d77a96461e65239d8ce5bb4130f75","2026-08-17T13:53:31.3902395Z","asset"
"godot/assets/generated_import/factory_sync/environments/environment_laboratory_outpost_v2_layer_1.png","4324","bce10f6bd3fecb3d4244f257351b3957a6eb9a30f82c28af1ceb4dbdffc976a0","2026-08-16T15:46:38.6392025Z","asset"
"godot/assets/generated_import/factory_sync/environments/environment_laboratory_outpost_v2_layer_1.png.import","1077","33b4d312c6b9ed52b90ad59b6d59f30777a569704af50cd9d5dc74b94f6d3812","2026-08-17T13:53:31.0790276Z","asset"
"godot/assets/generated_import/factory_sync/environments/environment_laboratory_outpost_v2_layer_2.png","3729","c54fc0394a2155ca6723efd658d92c46bae210878c05529590aa728863ee5707","2026-08-16T15:46:38.6652098Z","asset"
"godot/assets/generated_import/factory_sync/environments/environment_laboratory_outpost_v2_layer_2.png.import","1076","73bf619ea611ec9efcff3abe5442389bb0a2d95cd23a99c45a12cfb7a1350f0a","2026-08-17T13:53:30.9695108Z","asset"
"godot/assets/generated_import/factory_sync/environments/environment_laboratory_outpost_v2_layer_3.png","8227","a217a9c1949db9ccaa1cfabe871a817cca22199b067b54dfe130cdc3b6e574ef","2026-08-16T15:46:38.6932027Z","asset"
"godot/assets/generated_import/factory_sync/environments/environment_laboratory_outpost_v2_layer_3.png.import","1077","40556ef3400f4c8690f4b7aa2b4a776d1a29a1357dd10775ecb62e209e97e3eb","2026-08-17T13:53:30.9715096Z","asset"
"godot/assets/generated_import/factory_sync/environments/environment_laboratory_outpost_v2_layer_4.png","4660","8979e8d3d8a73726a38a9c9f02badce6980a049ea28676c151c61ac0003d139d","2026-08-16T15:46:38.7183306Z","asset"
"godot/assets/generated_import/factory_sync/environments/environment_laboratory_outpost_v2_layer_4.png.import","1076","97e44da05325445d1562d935052479c3aa272570cce3e7e5bf8e297d8e4c0223","2026-08-17T13:53:30.8559936Z","asset"
"godot/assets/generated_import/factory_sync/environments/environment_laboratory_outpost_v2.png","7802","8a09c2145c3109d1c86b376f3ce1ba9d7b0bc89ef727f9555c3a9e2951c79d62","2026-08-16T15:46:38.4822029Z","asset"
"godot/assets/generated_import/factory_sync/environments/environment_laboratory_outpost_v2.png.import","1053","a5091f12abb478329f837ca1e12ad5732968fac13f265491fc8b3dcc683fc8be","2026-08-17T13:53:31.0135104Z","asset"
"godot/assets/generated_import/factory_sync/environments/environment_ruin_frontier_v2_composite.png","20943","65878f3756eb1d563c317565ba086db1a98c4f65f666df32a3978664bd5270ab","2026-08-16T15:46:39.1339566Z","asset"
"godot/assets/generated_import/factory_sync/environments/environment_ruin_frontier_v2_composite.png.import","1068","396a8a7a7b4ac7ff304ad697a2ec3ada869d7302f26b0662c0b14158fa9a1d27","2026-08-17T13:53:31.2640645Z","asset"
"godot/assets/generated_import/factory_sync/environments/environment_ruin_frontier_v2_layer_1.png","4324","bce10f6bd3fecb3d4244f257351b3957a6eb9a30f82c28af1ceb4dbdffc976a0","2026-08-16T15:46:38.9864754Z","asset"
"godot/assets/generated_import/factory_sync/environments/environment_ruin_frontier_v2_layer_1.png.import","1061","93a507ce17fdd9d5a108150d3af25aa74fdcb0952c2569eca6cac9b127416f11","2026-08-17T13:53:30.9325109Z","asset"
"godot/assets/generated_import/factory_sync/environments/environment_ruin_frontier_v2_layer_2.png","3729","70e94e132f5524469df7b91502b161083addeb5385d4604e77f2e216f2d97575","2026-08-16T15:46:39.0084768Z","asset"
"godot/assets/generated_import/factory_sync/environments/environment_ruin_frontier_v2_layer_2.png.import","1062","ff64ab856d3f82c528456d835fdeb19f96bcd38434ce2faf9381118a418764e6","2026-08-17T13:53:30.9665121Z","asset"
"godot/assets/generated_import/factory_sync/environments/environment_ruin_frontier_v2_layer_3.png","8227","a217a9c1949db9ccaa1cfabe871a817cca22199b067b54dfe130cdc3b6e574ef","2026-08-16T15:46:39.0404493Z","asset"
"godot/assets/generated_import/factory_sync/environments/environment_ruin_frontier_v2_layer_3.png.import","1062","af4419d492c025853d39e864995bf4280de5176d81e61a577ddcccd7eec84878","2026-08-17T13:53:30.9109941Z","asset"
"godot/assets/generated_import/factory_sync/environments/environment_ruin_frontier_v2_layer_4.png","4660","8979e8d3d8a73726a38a9c9f02badce6980a049ea28676c151c61ac0003d139d","2026-08-16T15:46:39.0649565Z","asset"
"godot/assets/generated_import/factory_sync/environments/environment_ruin_frontier_v2_layer_4.png.import","1062","6bda05f3122879ed66133703b9923fbd3cfbde201fcda662dc85d85d608258fc","2026-08-17T13:53:30.8014764Z","asset"
"godot/assets/generated_import/factory_sync/environments/environment_ruin_frontier_v2.png","7751","c762af1339abd4effd7ef3864a56c2357fc73b53cd8bf9a0fb44bc6b2b5dc794","2026-08-16T15:46:38.8334845Z","asset"
"godot/assets/generated_import/factory_sync/environments/environment_ruin_frontier_v2.png.import","1038","3d235719675607da5c6772d9b14f83d14038813bcec75549f140634b4751497d","2026-08-17T13:53:30.8779950Z","asset"
"godot/assets/generated_import/import_manifest.json","82806","f2b303059717abd765f6f161e34de7315a8a7d7b45960b08813f81d135eb0d45","2026-08-17T14:07:58.1294674Z","asset"
"godot/assets/generated_import/licenses.json","72684","365cdc191b0d57a843035f8b73c8f2e19f9d4fa96e56c17cf3d819b7fd23e091","2026-08-17T14:07:58.1304672Z","asset"
"godot/assets/generated_import/projectiles/proj_chr001_teal_guard_wave_r28/frame_000.png","23527","652437de24cd1af97549e2a2eaf7321ebc97fae5a16975b50e7a5daa98a0e501","2026-08-17T13:02:33.6328200Z","asset"
"godot/assets/generated_import/projectiles/proj_chr001_teal_guard_wave_r28/frame_000.png.import","999","0ec1a73716dc684dc59bf650826059c619abc78392898abd111d36246245f2bf","2026-08-17T12:45:27.7881811Z","asset"
"godot/assets/generated_import/projectiles/proj_chr001_teal_guard_wave_r28/frame_001.png","23935","86f33f670834d8e7cdc08acb41f95455ded4de83b30429ef525d08ba0cdfc29f","2026-08-17T13:02:33.6668219Z","asset"
"godot/assets/generated_import/projectiles/proj_chr001_teal_guard_wave_r28/frame_001.png.import","999","a18f06d0d8d9594f5182f605afab57cd5640d827be2cdc44e9dde7d1e6e020fa","2026-08-17T12:45:27.7911903Z","asset"
"godot/assets/generated_import/projectiles/proj_chr001_teal_guard_wave_r28/frame_002.png","24067","c71c21c8ff8a3b682f5f371061e9b140fefd270153688c54a04f31aa06b21666","2026-08-17T13:02:33.7008197Z","asset"
"godot/assets/generated_import/projectiles/proj_chr001_teal_guard_wave_r28/frame_002.png.import","999","8d8b16221994e63fd9927b8accd9c3ae77dba2d612f553196bdfee735792f262","2026-08-17T12:45:27.8027089Z","asset"
"godot/assets/generated_import/projectiles/proj_chr001_teal_guard_wave_r28/frame_003.png","23935","86f33f670834d8e7cdc08acb41f95455ded4de83b30429ef525d08ba0cdfc29f","2026-08-17T13:02:33.7338196Z","asset"
"godot/assets/generated_import/projectiles/proj_chr001_teal_guard_wave_r28/frame_003.png.import","999","6ed0fbd65ca2b5f6dfad0d0446a27d084ba34ffcc2685db74a20cd7f16bd5fba","2026-08-17T12:45:27.8037081Z","asset"
"godot/assets/generated_import/projectiles/proj_chr001_teal_guard_wave_r28/frame_004.png","23527","652437de24cd1af97549e2a2eaf7321ebc97fae5a16975b50e7a5daa98a0e501","2026-08-17T13:02:33.7678203Z","asset"
"godot/assets/generated_import/projectiles/proj_chr001_teal_guard_wave_r28/frame_004.png.import","999","fc0d9d9c31578f7130daaf3a8a2605696d971e558492d5413ca15c805953bf4c","2026-08-17T12:45:27.8057088Z","asset"
"godot/assets/generated_import/projectiles/proj_chr001_teal_guard_wave_r28/frame_005.png","23197","668d7e9433ac0c7b0383a3ead53f28845201b28bd0f02c085ae619abbfe4bd2e","2026-08-17T13:02:33.8018214Z","asset"
"godot/assets/generated_import/projectiles/proj_chr001_teal_guard_wave_r28/frame_005.png.import","999","2fcf0f5c84019c91d968c434ed7756df87e1764f094349115e6a3a5f28f6ee37","2026-08-17T12:45:27.8427725Z","asset"
"godot/assets/generated_import/projectiles/proj_chr001_teal_guard_wave_r28/frame_006.png","22920","83a6d3bb350457688f83498728e39a3fbfe4ab6e7833b97fac74375f11b50de5","2026-08-17T13:02:33.8348195Z","asset"
"godot/assets/generated_import/projectiles/proj_chr001_teal_guard_wave_r28/frame_006.png.import","999","edde3d45416d6aba6bf7e2008b82f5cf397bd73f5b3293143e3c6100eb1379bd","2026-08-17T12:45:27.8407734Z","asset"
"godot/assets/generated_import/projectiles/proj_chr001_teal_guard_wave_r28/frame_007.png","23197","668d7e9433ac0c7b0383a3ead53f28845201b28bd0f02c085ae619abbfe4bd2e","2026-08-17T13:02:33.8688203Z","asset"
"godot/assets/generated_import/projectiles/proj_chr001_teal_guard_wave_r28/frame_007.png.import","999","d8a108ad6244dd6520187fe73db4f46740654196adbc5288fe94b9036e4442b9","2026-08-17T12:45:27.8552903Z","asset"
"godot/assets/generated_import/projectiles/proj_chr001_teal_guard_wave_r28/projectile_manifest.json","623","317df4d5d56a61dc155434e9ac1c75df867c028cf913795cabd9e446ad4af873","2026-08-17T13:02:33.8688203Z","asset"
"godot/assets/generated_import/projectiles/proj_chr002_coral_blade_arc_r28/frame_000.png","21431","2f5fb6b490da71d5263ca6d22913bacd0dcafc437d3f62bfe6bbc2bc866a4cac","2026-08-17T13:02:33.9028199Z","asset"
"godot/assets/generated_import/projectiles/proj_chr002_coral_blade_arc_r28/frame_000.png.import","999","af2aa3d129cae3b213d50c51dee5452831e7e281887d51bae3d9919f76e5decd","2026-08-17T12:45:27.8552903Z","asset"
"godot/assets/generated_import/projectiles/proj_chr002_coral_blade_arc_r28/frame_001.png","20800","52bdd7a8ed0225d38c0e46650e35172ea13ef9d7356511647fae6d12865d5adc","2026-08-17T13:02:33.9358196Z","asset"
"godot/assets/generated_import/projectiles/proj_chr002_coral_blade_arc_r28/frame_001.png.import","999","e3b23f651284d8dbe3e605e02f0ee770f3d677a2ecbc3bfd65dcbd54e869cf11","2026-08-17T12:45:27.8638080Z","asset"
"godot/assets/generated_import/projectiles/proj_chr002_coral_blade_arc_r28/frame_002.png","20550","95bedebb315a803ec93da28f9108d6412532a4c633f0871b471ab8055bab48be","2026-08-17T13:02:33.9688197Z","asset"
"godot/assets/generated_import/projectiles/proj_chr002_coral_blade_arc_r28/frame_002.png.import","999","c05f860a6a8ed1b03432d3d9b63a4c15183f3a109377eddb209d2ac71154ea4b","2026-08-17T12:45:27.8577955Z","asset"
"godot/assets/generated_import/projectiles/proj_chr002_coral_blade_arc_r28/frame_003.png","20800","52bdd7a8ed0225d38c0e46650e35172ea13ef9d7356511647fae6d12865d5adc","2026-08-17T13:02:34.0018208Z","asset"
"godot/assets/generated_import/projectiles/proj_chr002_coral_blade_arc_r28/frame_003.png.import","999","8129dd63d40fafa0e2e13d3c4ef37b9cdb50d1122f7d706e2e17b0666033cfd8","2026-08-17T12:45:27.8998755Z","asset"
"godot/assets/generated_import/projectiles/proj_chr002_coral_blade_arc_r28/frame_004.png","21431","2f5fb6b490da71d5263ca6d22913bacd0dcafc437d3f62bfe6bbc2bc866a4cac","2026-08-17T13:02:34.0348195Z","asset"
"godot/assets/generated_import/projectiles/proj_chr002_coral_blade_arc_r28/frame_004.png.import","999","72e5d33d171db367b42cb48a027e5517a91b32dc74002df2977a4e2122199ecf","2026-08-17T12:45:27.9028738Z","asset"
"godot/assets/generated_import/projectiles/proj_chr002_coral_blade_arc_r28/frame_005.png","21536","e1bc820d6a162d05d7b0a2b9023bdd578dc535509689f46cbdba57c6c6be861d","2026-08-17T13:02:34.0698201Z","asset"
"godot/assets/generated_import/projectiles/proj_chr002_coral_blade_arc_r28/frame_005.png.import","999","a2808d64c995599c399970be27954acbe4a3f8f77aa27b8263025eb114be2496","2026-08-17T12:45:27.9048772Z","asset"
"godot/assets/generated_import/projectiles/proj_chr002_coral_blade_arc_r28/frame_006.png","21280","1bd4852912bd67c68a05150658a1d3ac335ba661294966485e96500c889bf8a3","2026-08-17T13:02:34.1028199Z","asset"
"godot/assets/generated_import/projectiles/proj_chr002_coral_blade_arc_r28/frame_006.png.import","999","34d1fd9c64cbf4d9762f5ee33d930c00f902eda91e8ccade77f77c3f39b61d0d","2026-08-17T12:45:27.9073809Z","asset"
"godot/assets/generated_import/projectiles/proj_chr002_coral_blade_arc_r28/frame_007.png","21536","e1bc820d6a162d05d7b0a2b9023bdd578dc535509689f46cbdba57c6c6be861d","2026-08-17T13:02:34.1368227Z","asset"
"godot/assets/generated_import/projectiles/proj_chr002_coral_blade_arc_r28/frame_007.png.import","999","15fdfcc7a0c7e0b37cc1e2c979253a8bb24f106f33589eb24208ab8892554c81","2026-08-17T12:45:27.9153928Z","asset"
"godot/assets/generated_import/projectiles/proj_chr002_coral_blade_arc_r28/projectile_manifest.json","624","9c5f72a39dea9542642a1598347935ae0e4691d65e686f1daef04bd9df111a0f","2026-08-17T13:02:34.1368227Z","asset"
"godot/assets/generated_import/projectiles/proj_chr003_ice_rifle_tracer_r28/frame_000.png","12765","080069a49933161229b8708da8e176da97a3aed0f54f8fb1d9cd3690c9cc8d7a","2026-08-17T13:02:34.1688196Z","asset"
"godot/assets/generated_import/projectiles/proj_chr003_ice_rifle_tracer_r28/frame_000.png.import","1000","b36535d1808117a478ac081c631f7c3d85f3ac627f9e9f7a8e140d8af7bfc43f","2026-08-17T12:45:27.9143931Z","asset"
"godot/assets/generated_import/projectiles/proj_chr003_ice_rifle_tracer_r28/frame_001.png","12763","28061ee2993da183fd65abe0930586aab8c652cc88f1ced6b2c2cc62aca764d3","2026-08-17T13:02:34.1998197Z","asset"
"godot/assets/generated_import/projectiles/proj_chr003_ice_rifle_tracer_r28/frame_001.png.import","1000","0c1d7d56a5c8c9c12e051c4389139780dcfcfc0c41a225e0e5f4365cc2d3e34a","2026-08-17T12:45:27.9559741Z","asset"
"godot/assets/generated_import/projectiles/proj_chr003_ice_rifle_tracer_r28/frame_002.png","12763","28061ee2993da183fd65abe0930586aab8c652cc88f1ced6b2c2cc62aca764d3","2026-08-17T13:02:34.2308194Z","asset"
"godot/assets/generated_import/projectiles/proj_chr003_ice_rifle_tracer_r28/frame_002.png.import","999","d53d4881c78e866b209bc7de83669fb988b0f322c45855a29f6ebc1351f57f2f","2026-08-17T12:45:27.9539811Z","asset"
"godot/assets/generated_import/projectiles/proj_chr003_ice_rifle_tracer_r28/frame_003.png","12763","28061ee2993da183fd65abe0930586aab8c652cc88f1ced6b2c2cc62aca764d3","2026-08-17T13:02:34.2618207Z","asset"
"godot/assets/generated_import/projectiles/proj_chr003_ice_rifle_tracer_r28/frame_003.png.import","1000","9b2be244ab4b0e9b2f58620c9189945f3410c1ee9b85865a1627e8ce3f02147a","2026-08-17T12:45:27.9700070Z","asset"
"godot/assets/generated_import/projectiles/proj_chr003_ice_rifle_tracer_r28/frame_004.png","12765","080069a49933161229b8708da8e176da97a3aed0f54f8fb1d9cd3690c9cc8d7a","2026-08-17T13:02:34.2928203Z","asset"
"godot/assets/generated_import/projectiles/proj_chr003_ice_rifle_tracer_r28/frame_004.png.import","1000","76fe67131570f0c2f00f283cbf04d70bd08118db17eb21884f79dc2e2aebacfd","2026-08-17T12:45:27.9710068Z","asset"
"godot/assets/generated_import/projectiles/proj_chr003_ice_rifle_tracer_r28/frame_005.png","12821","80091619b17924cbfccbc80df1ab22ca7703195805078c6b2820a0e20aac15a2","2026-08-17T13:02:34.3238197Z","asset"
"godot/assets/generated_import/projectiles/proj_chr003_ice_rifle_tracer_r28/frame_005.png.import","999","9bbb9ba6576184211af9f2eac24708ffea2c2bb58bf621cd0076e87ed39d09a6","2026-08-17T12:45:27.9700070Z","asset"
"godot/assets/generated_import/projectiles/proj_chr003_ice_rifle_tracer_r28/frame_006.png","12821","80091619b17924cbfccbc80df1ab22ca7703195805078c6b2820a0e20aac15a2","2026-08-17T13:02:34.3548194Z","asset"
"godot/assets/generated_import/projectiles/proj_chr003_ice_rifle_tracer_r28/frame_006.png.import","1000","fb37b9446df02c7a84dea3cfe9d454fc5d2958c634613dde48c979489bffc814","2026-08-17T12:45:27.9710068Z","asset"
"godot/assets/generated_import/projectiles/proj_chr003_ice_rifle_tracer_r28/frame_007.png","12821","80091619b17924cbfccbc80df1ab22ca7703195805078c6b2820a0e20aac15a2","2026-08-17T13:02:34.3868210Z","asset"
"godot/assets/generated_import/projectiles/proj_chr003_ice_rifle_tracer_r28/frame_007.png.import","1000","bb5f4b29eb088c79c7ed973b171771ad5893f6daa8293f30f62841c3a232280e","2026-08-17T12:45:28.0110630Z","asset"
"godot/assets/generated_import/projectiles/proj_chr003_ice_rifle_tracer_r28/projectile_manifest.json","623","733282bb221473a66394f7065bc5bb54b9191df51e0afce06b399c068dee5a1d","2026-08-17T13:02:34.3868210Z","asset"
"godot/assets/generated_import/projectiles/proj_chr004_magenta_energy_bolt_r28/frame_000.png","23966","e845320ccd5dde194e990d060ef6fd482cae00ae7ce89f2c14f292a5d9d28945","2026-08-17T13:02:34.4228202Z","asset"
"godot/assets/generated_import/projectiles/proj_chr004_magenta_energy_bolt_r28/frame_000.png.import","1003","3263e191dc1fff71209eea07f4a9938229b3a50866bd8480338254810351fce1","2026-08-17T12:45:28.0110630Z","asset"
"godot/assets/generated_import/projectiles/proj_chr004_magenta_energy_bolt_r28/frame_001.png","22693","b3534285044c31bde71af2ceaf462110ba54027d1b8dfc260a92291cda3ecda4","2026-08-17T13:02:34.4578205Z","asset"
"godot/assets/generated_import/projectiles/proj_chr004_magenta_energy_bolt_r28/frame_001.png.import","1002","b4024d41ca1bca8ef47d1aa1665d8028b4fcd8ba62c5652907b20c8ef97e18af","2026-08-17T12:45:28.0205774Z","asset"
"godot/assets/generated_import/projectiles/proj_chr004_magenta_energy_bolt_r28/frame_002.png","23279","460c7ea29ddda49212f13cd5b0d1be9a1d2390dec5ab6a84a487aa9317cfbcf7","2026-08-17T13:02:34.4938197Z","asset"
"godot/assets/generated_import/projectiles/proj_chr004_magenta_energy_bolt_r28/frame_002.png.import","1002","672496f4e725de9dae74af974e6299f03fa7202ae0f847a9e36e6654188f273e","2026-08-17T12:45:28.0175780Z","asset"
"godot/assets/generated_import/projectiles/proj_chr004_magenta_energy_bolt_r28/frame_003.png","24058","311048b83192ca113ee3da3b7bdd49d77ebe9d9c6c701c75adcc6fe6763947d1","2026-08-17T13:02:34.5308198Z","asset"
"godot/assets/generated_import/projectiles/proj_chr004_magenta_energy_bolt_r28/frame_003.png.import","1003","6f151da5652ec6a242484401704f94527a2675cab125f654c66419486cf8bf07","2026-08-17T12:45:27.4736070Z","asset"
"godot/assets/generated_import/projectiles/proj_chr004_magenta_energy_bolt_r28/frame_004.png","24093","0051fd310fe0d606088d2e4f6029949cb50ad85c16da19d7ec62d1bcc9395090","2026-08-17T13:02:34.5678193Z","asset"
"godot/assets/generated_import/projectiles/proj_chr004_magenta_energy_bolt_r28/frame_004.png.import","1003","3a1aa31151b878758cec69b023eba32bd7fc57d5841b0d02c938c9c1e15c5d08","2026-08-17T12:45:27.5136751Z","asset"
"godot/assets/generated_import/projectiles/proj_chr004_magenta_energy_bolt_r28/frame_005.png","23163","0f5bd02c1548a23c42f763325055ef3e4faf41e4abf12e82a38770662d6fa851","2026-08-17T13:02:34.6058203Z","asset"
"godot/assets/generated_import/projectiles/proj_chr004_magenta_energy_bolt_r28/frame_005.png.import","1003","d8383366c755fd2b6c50f48d8392759b057c62cb37ad8d11bc92da1d7e39ae53","2026-08-17T12:45:27.5231914Z","asset"
"godot/assets/generated_import/projectiles/proj_chr004_magenta_energy_bolt_r28/frame_006.png","22460","f44ce96e893c5eed4a931d45562d8c02ad7d869c8874d7adf9c7b881172802cb","2026-08-17T13:02:34.6428202Z","asset"
"godot/assets/generated_import/projectiles/proj_chr004_magenta_energy_bolt_r28/frame_006.png.import","1003","51fe125d80d0c951a24178b6ac24de51105d26c9e99218c3a166621ec9106d3c","2026-08-17T12:45:27.5362167Z","asset"
"godot/assets/generated_import/projectiles/proj_chr004_magenta_energy_bolt_r28/frame_007.png","22459","ed164aa09e684254871e36493f1fbb869f14c7e002fa5ce7c30e4d30c53ebf7e","2026-08-17T13:02:34.6788215Z","asset"
"godot/assets/generated_import/projectiles/proj_chr004_magenta_energy_bolt_r28/frame_007.png.import","1003","f099ebc601c24ed00b98ab0d93c2d5dc85de3be936b170aeefc81d72193e423f","2026-08-17T12:45:27.5342178Z","asset"
"godot/assets/generated_import/projectiles/proj_chr004_magenta_energy_bolt_r28/projectile_manifest.json","626","27ef71afd6e474146267946dd994396a15558b61e698bbcbacf2e06bac86f1b7","2026-08-17T13:02:34.6788215Z","asset"
"godot/assets/generated_import/projectiles/proj_chr005_emerald_cannon_orb_r28/frame_000.png","33800","38f4c7c4016ba501725f97bfd64d34a3ec629523dd3e81e7beb6bdb9a18d54ca","2026-08-17T13:02:34.7188197Z","asset"
"godot/assets/generated_import/projectiles/proj_chr005_emerald_cannon_orb_r28/frame_000.png.import","1001","47ea5652e55efb14b45ccc844b95aa8b40bb0d6e57af8946c3a9270db5d2dee5","2026-08-17T12:45:27.5447350Z","asset"
"godot/assets/generated_import/projectiles/proj_chr005_emerald_cannon_orb_r28/frame_001.png","31807","6e44b696e746c0f8d7f5fd7593bb40e9cf03d4c70717ad8b6a19969116582e28","2026-08-17T13:02:34.7573999Z","asset"
"godot/assets/generated_import/projectiles/proj_chr005_emerald_cannon_orb_r28/frame_001.png.import","1002","962fb071b2837ba6f5d1e4e7b6b9b0c7b14274e715a771ed1ab6a70be2e74c60","2026-08-17T12:45:27.5762877Z","asset"
"godot/assets/generated_import/projectiles/proj_chr005_emerald_cannon_orb_r28/frame_002.png","30359","44eb7ebcad128405191a2c6dee046d244b21e67041aca9db27b65b39a7331c11","2026-08-17T13:02:34.7953975Z","asset"
"godot/assets/generated_import/projectiles/proj_chr005_emerald_cannon_orb_r28/frame_002.png.import","1002","6e84c1c569b3153095f18fccf4cb89d51b72b77362b0879f2027f6b11ba97575","2026-08-17T12:45:27.5742863Z","asset"
"godot/assets/generated_import/projectiles/proj_chr005_emerald_cannon_orb_r28/frame_003.png","30563","e0295ede1b3099366818f7aa5235a013f5e87b2f4a89e516223ef91114587ed1","2026-08-17T13:02:34.8333979Z","asset"
"godot/assets/generated_import/projectiles/proj_chr005_emerald_cannon_orb_r28/frame_003.png.import","1002","3373aeb811dcb64f5920347db0de563d49f9bc094d1c7a519188d8df5abbcada","2026-08-17T12:45:27.5838058Z","asset"
"godot/assets/generated_import/projectiles/proj_chr005_emerald_cannon_orb_r28/frame_004.png","31052","28c1589c5c6315892b530ec9edbed70517c0558fde88c9870d08cccd87fe9252","2026-08-17T13:02:34.8713997Z","asset"
"godot/assets/generated_import/projectiles/proj_chr005_emerald_cannon_orb_r28/frame_004.png.import","1002","c4348469959c08ec4b725ffd0768e742729fd524fad6999c12885b2269b0a87c","2026-08-17T12:45:27.6068473Z","asset"
"godot/assets/generated_import/projectiles/proj_chr005_emerald_cannon_orb_r28/frame_005.png","31478","4adfe58860495571ef5dfdaafd8afe9f84491ed95df20eb19a13dd1eccac1007","2026-08-17T13:02:34.9103993Z","asset"
"godot/assets/generated_import/projectiles/proj_chr005_emerald_cannon_orb_r28/frame_005.png.import","1002","db3c8f9cef74e5323e6733ff65d38277737ac60fdcb9309bea2e1a4f232a6944","2026-08-17T12:45:27.5963279Z","asset"
"godot/assets/generated_import/projectiles/proj_chr005_emerald_cannon_orb_r28/frame_006.png","33661","7f3ec21c87ecf5b7cbe3ad7015f1711cdb3cb59351f32b00957b2bee56c75b87","2026-08-17T13:02:34.9503989Z","asset"
"godot/assets/generated_import/projectiles/proj_chr005_emerald_cannon_orb_r28/frame_006.png.import","1002","e0f26f2378bc5d98b25a66a3f43ebd3a9c50002bd7e87c86463a08935a69692e","2026-08-17T12:45:27.6103632Z","asset"
"godot/assets/generated_import/projectiles/proj_chr005_emerald_cannon_orb_r28/frame_007.png","34989","36a538b79eaaf5b079471578c6661f5d2d171876e648c22db74d104250b055a8","2026-08-17T13:02:34.9903977Z","asset"
"godot/assets/generated_import/projectiles/proj_chr005_emerald_cannon_orb_r28/frame_007.png.import","1001","cf86bd7db083a5dc43f93db7fa15abd6591983a757e13dfd3ee1c54d62620452","2026-08-17T12:45:27.6349219Z","asset"
"godot/assets/generated_import/projectiles/proj_chr005_emerald_cannon_orb_r28/projectile_manifest.json","627","a4b7dc792085ae0a187059f0fc2013d549658dd00fc1a5134e166164de0b62a5","2026-08-17T13:02:34.9903977Z","asset"
"godot/assets/generated_import/projectiles/proj_enm001_crystal_claw_r28/frame_000.png","19635","75c382acd738bbe316766610b37898fa31f454d467591bab777229511b801a05","2026-08-17T13:02:35.0263991Z","asset"
"godot/assets/generated_import/projectiles/proj_enm001_crystal_claw_r28/frame_000.png.import","995","16b0cb276b14a7a7f7ebedb9bc322095889aa8b8030277a282442e8cf588f91a","2026-08-17T12:45:27.6219017Z","asset"
"godot/assets/generated_import/projectiles/proj_enm001_crystal_claw_r28/frame_001.png","18950","81de1b422ba667d9fa487992bd6020c70d60889d9d16d7cb20c99e768cc1b9a0","2026-08-17T13:02:35.0623978Z","asset"
"godot/assets/generated_import/projectiles/proj_enm001_crystal_claw_r28/frame_001.png.import","996","3a24400820075f9f600ef1357ba41e4a64b9001e94d6f4d4fd2e06fe6263d02f","2026-08-17T12:45:27.6759864Z","asset"
"godot/assets/generated_import/projectiles/proj_enm001_crystal_claw_r28/frame_002.png","18984","c63f8be590f288bbdf4737e9eb0e33853ea62de1427b6e3d18df88c167f978e5","2026-08-17T13:02:35.0963990Z","asset"
"godot/assets/generated_import/projectiles/proj_enm001_crystal_claw_r28/frame_002.png.import","996","740280f4c937fb089066494da38e1b8af5ae5eb6c401e2b625b127d77c14f48a","2026-08-17T12:45:27.6584671Z","asset"
"godot/assets/generated_import/projectiles/proj_enm001_crystal_claw_r28/frame_003.png","18950","81de1b422ba667d9fa487992bd6020c70d60889d9d16d7cb20c99e768cc1b9a0","2026-08-17T13:02:35.1293978Z","asset"
"godot/assets/generated_import/projectiles/proj_enm001_crystal_claw_r28/frame_003.png.import","996","9e6308cb728a6be93f004bf2117ff9f15f24c7c26503482523c58e9cc9d5f61e","2026-08-17T12:45:27.6604713Z","asset"
"godot/assets/generated_import/projectiles/proj_enm001_crystal_claw_r28/frame_004.png","19635","75c382acd738bbe316766610b37898fa31f454d467591bab777229511b801a05","2026-08-17T13:02:35.1643984Z","asset"
"godot/assets/generated_import/projectiles/proj_enm001_crystal_claw_r28/frame_004.png.import","996","65a8063a3c31f3b279a1e1ed29cce13b77722a331cee39d943126813961072be","2026-08-17T12:45:27.6825044Z","asset"
"godot/assets/generated_import/projectiles/proj_enm001_crystal_claw_r28/frame_005.png","19499","5ab63f5ecdfc57ab2c0ea6255859590e45079250f255a655b1cb84b68fe0de8a","2026-08-17T13:02:35.1993998Z","asset"
"godot/assets/generated_import/projectiles/proj_enm001_crystal_claw_r28/frame_005.png.import","996","3cb70af653f937106c90ab3dac0236a5d2eb38c29e448dbb273e7259260edb40","2026-08-17T12:45:27.6689818Z","asset"
"godot/assets/generated_import/projectiles/proj_enm001_crystal_claw_r28/frame_006.png","19449","a7f35486e2d4fd9c0edef39d7b5e272438ec73fd3cc5b214678c6a5737cb028a","2026-08-17T13:02:35.2349475Z","asset"
"godot/assets/generated_import/projectiles/proj_enm001_crystal_claw_r28/frame_006.png.import","995","e62c0c25bf9dc5b6bb32999cb9dbdca0cb6ef094970f32843155c7e35a0a82fb","2026-08-17T12:45:27.6845046Z","asset"
"godot/assets/generated_import/projectiles/proj_enm001_crystal_claw_r28/frame_007.png","19499","5ab63f5ecdfc57ab2c0ea6255859590e45079250f255a655b1cb84b68fe0de8a","2026-08-17T13:02:35.2729464Z","asset"
"godot/assets/generated_import/projectiles/proj_enm001_crystal_claw_r28/frame_007.png.import","996","7fad1f703d51d169b297ad438b4a09eac6084d9a7be01f8b3239d5b6a41f8f36","2026-08-17T12:45:27.6815047Z","asset"
"godot/assets/generated_import/projectiles/proj_enm001_crystal_claw_r28/projectile_manifest.json","620","2510774466e4fe2fbca53a9dc94cf7f5fa93803d9db613bd3268725b8253d121","2026-08-17T13:02:35.2729464Z","asset"
"godot/assets/generated_import/projectiles/proj_enm002_arc_mote_r28/frame_000.png","25112","ea23d91b80dcb17d904afce9e132e89f3b77176acd1bf1ae6f70067a0396782b","2026-08-17T13:02:35.3119467Z","asset"
"godot/assets/generated_import/projectiles/proj_enm002_arc_mote_r28/frame_000.png.import","992","f05d99b5901b3007de8082e9b85d63b841f56c948ac60196d292d31cf70084de","2026-08-17T12:45:27.6985365Z","asset"
"godot/assets/generated_import/projectiles/proj_enm002_arc_mote_r28/frame_001.png","23701","a2fbc08cb912cc6bdb26b7934bbdc80e0399e5acda5a16ab6844b601b2ba9108","2026-08-17T13:02:35.3499462Z","asset"
"godot/assets/generated_import/projectiles/proj_enm002_arc_mote_r28/frame_001.png.import","992","b2537e2d60058d02ea7a2dffc8f7fc8550cd80e1154086434586a9030b451f5b","2026-08-17T12:45:27.7255711Z","asset"
"godot/assets/generated_import/projectiles/proj_enm002_arc_mote_r28/frame_002.png","24014","ad52cb5b7b18b8687c9939840b4999c0cab52722075b9ebc7510c183079304e5","2026-08-17T13:02:35.3869499Z","asset"
"godot/assets/generated_import/projectiles/proj_enm002_arc_mote_r28/frame_002.png.import","991","1ca453819367ca2e6be063d9e66e00062e42528bafd51f0223928cae1ceee1db","2026-08-17T12:45:27.7340893Z","asset"
"godot/assets/generated_import/projectiles/proj_enm002_arc_mote_r28/frame_003.png","24948","6babc64dcf1fc727b7fa457552934ca554096b252fd4a785f7c0b88a6d6e1fc3","2026-08-17T13:02:35.4229469Z","asset"
"godot/assets/generated_import/projectiles/proj_enm002_arc_mote_r28/frame_003.png.import","992","78170ad151bcaff99366592f3c711b22037faadd37c2e5ecc10e5504e533b31a","2026-08-17T12:45:27.7255711Z","asset"
"godot/assets/generated_import/projectiles/proj_enm002_arc_mote_r28/frame_004.png","25656","09e6ad8e09b4233a02644b68b7c21d7d5101395090fa1e083668f51073d0ea9a","2026-08-17T13:02:35.4599465Z","asset"
"godot/assets/generated_import/projectiles/proj_enm002_arc_mote_r28/frame_004.png.import","992","eadb1a1f2f29bdfe2813d4a4a6acff56efd201b2fe990284277c76eacb5cd69a","2026-08-17T12:45:27.7426062Z","asset"
"godot/assets/generated_import/projectiles/proj_enm002_arc_mote_r28/frame_005.png","24588","fec12409e9d337bda6db94082058ed4819f1a4460e7f76273c1f1b4e8f8ef0e2","2026-08-17T13:02:35.4969504Z","asset"
"godot/assets/generated_import/projectiles/proj_enm002_arc_mote_r28/frame_005.png.import","992","d59f29db53df42cdd661b4d3da2bb0ee0db19835f53fa56e52bf67e929dfde0b","2026-08-17T12:45:27.7375946Z","asset"
"godot/assets/generated_import/projectiles/proj_enm002_arc_mote_r28/frame_006.png","23729","d586b062a9f8f6149fb0409193fecb8e11b552afd125208a46b100811f2bcded","2026-08-17T13:02:35.5339475Z","asset"
"godot/assets/generated_import/projectiles/proj_enm002_arc_mote_r28/frame_006.png.import","991","80185ae79780281d4af49f28fec1e5a63781298a2b55a4da82fe0b1e63c93415","2026-08-17T12:45:27.7290834Z","asset"
"godot/assets/generated_import/projectiles/proj_enm002_arc_mote_r28/frame_007.png","23651","284b663f45418a56165addb660073e40b27927c71a5dbf185c10d13fa1e3b887","2026-08-17T13:02:35.5709472Z","asset"
"godot/assets/generated_import/projectiles/proj_enm002_arc_mote_r28/frame_007.png.import","991","fc93d6c8cee5fef859f0124b8ddda70d69ce250dd572d2848d7776ed1c8f3f45","2026-08-17T12:45:27.7596459Z","asset"
"godot/assets/generated_import/projectiles/proj_enm002_arc_mote_r28/projectile_manifest.json","614","54737e56d77ee8df276112db46b705846b761d98a765e92b89aaff1a8efe688a","2026-08-17T13:02:35.5709472Z","asset"
"godot/assets/placeholders_legacy/.gdignore","1","01ba4719c80b6fe911b091a7c05124b64eeece964e09c058ef8f9805daca546b","2026-08-17T13:54:33.2462102Z","asset"
"godot/assets/placeholders_legacy/ARCHIVED_README.md","190","a7c541fdab70d858e1749a75d38b46f391ac4f16ad90a3168f38e17a82b16637","2026-08-17T13:54:35.5060774Z","asset"
"godot/assets/placeholders_legacy/attribution.md","23614","80b6298e49bb8fe6d5869ffe16bfab52dd67c0ac3eef9d27de2af6dfe3b5e0f3","2026-08-17T05:16:07.8856307Z","asset"
"godot/assets/placeholders_legacy/factory_sync/cards/card_character_portrait_sample_1_v4_art.png","53101","a4f4de4d327c6a0d7df076ba3cc7e7e93e23ab07d481efa3c7bb073fc6a170bb","2026-08-16T16:02:30.2438206Z","asset"
"godot/assets/placeholders_legacy/factory_sync/cards/card_character_portrait_sample_1_v4_art.png.import","1067","b4c2c036345b60c98361bea3f0d1cab7b5a15a6290650f93fd3b6360f09eb3cd","2026-08-17T09:19:07.6981080Z","asset"
"godot/assets/placeholders_legacy/factory_sync/cards/card_character_portrait_sample_1_v4_deck.png","26813","77200eb3154a677fc2316871fac95cb38d1ea08d2a2488209e9122d0cbfec20f","2026-08-16T16:02:30.2473132Z","asset"
"godot/assets/placeholders_legacy/factory_sync/cards/card_character_portrait_sample_1_v4_deck.png.import","1070","a550454ad56657f6f7cf8c308b3d68ea6736bab09c851d2dc6333d15b2562746","2026-08-17T09:19:07.6231080Z","asset"
"godot/assets/placeholders_legacy/factory_sync/cards/card_character_portrait_sample_1_v4_detail.png","209458","489eca66c14aec478adbf5a6d7521e45399df84a03c48c58dab7cd370f1cd833","2026-08-16T16:02:30.2473132Z","asset"
"godot/assets/placeholders_legacy/factory_sync/cards/card_character_portrait_sample_1_v4_detail.png.import","1076","4ee39f49d47c87538dd1d24be860a3e25225ef1a609904f168672672fa1f8e06","2026-08-17T09:19:07.9901105Z","asset"
"godot/assets/placeholders_legacy/factory_sync/cards/card_character_portrait_sample_1_v4_final.png","69232","105d8be737aec1c38c8e817e9abd3be3f81b28b643bbf5ae99f3e2f6b7ff47e4","2026-08-16T16:02:30.2448219Z","asset"
"godot/assets/placeholders_legacy/factory_sync/cards/card_character_portrait_sample_1_v4_final.png.import","1073","4e9a1e40c0361ba256c25a065aba6d07459d02ce004ae5b21bb500314fedd4d5","2026-08-17T09:19:07.6231080Z","asset"
"godot/assets/placeholders_legacy/factory_sync/cards/card_character_portrait_sample_1_v4_frame.png","23649","11c0510d6b8bee6a1e608bef831070eddc0ad55ca156dee96e5f0c8217a4b935","2026-08-16T16:02:30.2448219Z","asset"
"godot/assets/placeholders_legacy/factory_sync/cards/card_character_portrait_sample_1_v4_frame.png.import","1073","8009c3795ab93685c5533979b0d95797f6ddf6af92ae2cc6c993e41c72196fdc","2026-08-17T09:19:07.6391079Z","asset"
"godot/assets/placeholders_legacy/factory_sync/cards/card_character_portrait_sample_1_v4_thumb.png","13678","db5dc78d96faa52e738ff1599c76cbf2b80ddfe5dd2b3425f0c1489e300ccd74","2026-08-16T16:02:30.2483178Z","asset"
"godot/assets/placeholders_legacy/factory_sync/cards/card_character_portrait_sample_1_v4_thumb.png.import","1072","3894e1e2cc7d1373ac662ae1c875db6ccb55fea79cf5a1eea9c4ecb4fa701c56","2026-08-17T09:19:07.5331080Z","asset"
"godot/assets/placeholders_legacy/factory_sync/cards/card_defense_barrier_sample_7_v4_art.png","55811","1582f452320356a96efed1683c2137eb24d738d2fe8553075620efef6c5e3cc6","2026-08-16T16:02:30.2863186Z","asset"
"godot/assets/placeholders_legacy/factory_sync/cards/card_defense_barrier_sample_7_v4_art.png.import","1058","3a230959969a89b0357e0d02e0f2e36019857fd5ff8a0a810efa8b83a4d208b6","2026-08-17T09:19:07.5831076Z","asset"
"godot/assets/placeholders_legacy/factory_sync/cards/card_defense_barrier_sample_7_v4_deck.png","27893","b15df2ed6ba245349694708a43b3e8d91f4b17b831aea197bef1c2aed4479443","2026-08-16T16:02:30.2883174Z","asset"
"godot/assets/placeholders_legacy/factory_sync/cards/card_defense_barrier_sample_7_v4_deck.png.import","1061","c2c1bbdfc7c0474200dfd9c48eefa5267172fd744c8af7d6195261fc4aa940ee","2026-08-17T09:19:07.4801083Z","asset"
"godot/assets/placeholders_legacy/factory_sync/cards/card_defense_barrier_sample_7_v4_detail.png","212653","fa550e72eb39032372f6f9b43c2414676c31735c46d7fdf84e13dec48ee82cd9","2026-08-16T16:02:30.2883174Z","asset"
"godot/assets/placeholders_legacy/factory_sync/cards/card_defense_barrier_sample_7_v4_detail.png.import","1067","69bba2bd937f3cf22d0409e6024ddc3b730798469ffa6e7fe558fd547ece67d8","2026-08-17T09:19:07.8561081Z","asset"
"godot/assets/placeholders_legacy/factory_sync/cards/card_defense_barrier_sample_7_v4_final.png","71014","b9aeaa106ad6e4122a6066d3eb6723068db80b792cbd1b4cddd590c97347aa7b","2026-08-16T16:02:30.2873192Z","asset"
"godot/assets/placeholders_legacy/factory_sync/cards/card_defense_barrier_sample_7_v4_final.png.import","1063","bf64309ef93f6211801aa82530e5640104482f11ce1b307bb6f4582ee8490035","2026-08-17T09:19:07.5501080Z","asset"
"godot/assets/placeholders_legacy/factory_sync/cards/card_defense_barrier_sample_7_v4_frame.png","24340","002d5bf81c0fa0fb267b322c31c74031c2f463e9e904e85c4be955001b75911a","2026-08-16T16:02:30.2873192Z","asset"
"godot/assets/placeholders_legacy/factory_sync/cards/card_defense_barrier_sample_7_v4_frame.png.import","1064","bcdcc35064204f9b7f0ae77ba664ff9be4cc2301e2a452f51cee336b142b3262","2026-08-17T09:19:07.4711081Z","asset"
"godot/assets/placeholders_legacy/factory_sync/cards/card_defense_barrier_sample_7_v4_thumb.png","14371","b66c49381b5d5b4c245504588d7481873a62a7fdb1fde5615f3c646151fee02a","2026-08-16T16:02:30.2893195Z","asset"
"godot/assets/placeholders_legacy/factory_sync/cards/card_defense_barrier_sample_7_v4_thumb.png.import","1064","ae66dd2c89b650874b47f5af12a69c17ffb28ccdb004347b62e7ada5bbb5817b","2026-08-17T09:19:07.4021084Z","asset"
"godot/assets/placeholders_legacy/factory_sync/cards/card_explosion_area_sample_8_v4_art.png","64610","1d4b8aa44aea1e21a39c16dc5214b39b1a7e997f5f71f87836119975923ce31a","2026-08-16T16:02:30.2913174Z","asset"
"godot/assets/placeholders_legacy/factory_sync/cards/card_explosion_area_sample_8_v4_art.png.import","1055","cef1301026fe03bdae0a40f7a384d29d18a1c24a3d83fbf9f785e68e4c9687bf","2026-08-17T09:19:07.4711081Z","asset"
"godot/assets/placeholders_legacy/factory_sync/cards/card_explosion_area_sample_8_v4_deck.png","32444","e6001127c82767c35327c5941f03592a1ec4f4bed2c53a0442844b2ec8fe7681","2026-08-16T16:02:30.2943177Z","asset"
"godot/assets/placeholders_legacy/factory_sync/cards/card_explosion_area_sample_8_v4_deck.png.import","1058","7a7f215cc7e8ea9251934cbd7d7ed5beb295eba04f8685d671647d2224f9d7a7","2026-08-17T09:19:07.3631081Z","asset"
"godot/assets/placeholders_legacy/factory_sync/cards/card_explosion_area_sample_8_v4_detail.png","230041","4d399e0acc50dede53a81504d80d0f12df63a3ef121bdde9eebcb1aee1ace2a7","2026-08-16T16:02:30.2933182Z","asset"
"godot/assets/placeholders_legacy/factory_sync/cards/card_explosion_area_sample_8_v4_detail.png.import","1064","48e2f734c0c9024095a2ce8af2d5712712a7225aac2b7c1521cc80a5e23e784c","2026-08-17T09:19:07.7871077Z","asset"
"godot/assets/placeholders_legacy/factory_sync/cards/card_explosion_area_sample_8_v4_final.png","79279","30b44d99cb922a07c241efd3df675f42482c86527a65d3aee2e43a8aa2ff8844","2026-08-16T16:02:30.2933182Z","asset"
"godot/assets/placeholders_legacy/factory_sync/cards/card_explosion_area_sample_8_v4_final.png.import","1061","31f5c5285fab72bf01f98fcbdbc45e9d613cbce9cc2b5af6a361f3673c5855b4","2026-08-17T09:19:07.4321082Z","asset"
"godot/assets/placeholders_legacy/factory_sync/cards/card_explosion_area_sample_8_v4_frame.png","22754","97c265fb9059afdd585c481da2e15cd772e8a2e01bdb66c7bb29044a03817e2f","2026-08-16T16:02:30.2923178Z","asset"
"godot/assets/placeholders_legacy/factory_sync/cards/card_explosion_area_sample_8_v4_frame.png.import","1061","d4bb18535dbd7276d5fce849ba24111219cdf560e8ac11798074e6499b4ae8dc","2026-08-17T09:19:07.3471090Z","asset"
"godot/assets/placeholders_legacy/factory_sync/cards/card_explosion_area_sample_8_v4_thumb.png","16710","321758a456232beb520b934144df628eca44c1354b346e4191a31ef94f2a9a9d","2026-08-16T16:02:30.2943177Z","asset"
"godot/assets/placeholders_legacy/factory_sync/cards/card_explosion_area_sample_8_v4_thumb.png.import","1060","43b1a723757585478a6b2a6346286a50740df7aea59b96a8a516eaec769aae72","2026-08-17T09:19:07.2701092Z","asset"
"godot/assets/placeholders_legacy/factory_sync/cards/card_full_body_action_sample_2_v4_art.png","60613","4eaf32f9aa3e9894db4a514862f2cab20c2d6033dd02b306fb3302f863b27b86","2026-08-16T16:02:30.2523177Z","asset"
"godot/assets/placeholders_legacy/factory_sync/cards/card_full_body_action_sample_2_v4_art.png.import","1061","f06d91ee49241863c6305b8a863cae8b518e4142506c8e81bfbceaea872662d4","2026-08-17T09:19:07.3631081Z","asset"
"godot/assets/placeholders_legacy/factory_sync/cards/card_full_body_action_sample_2_v4_deck.png","30061","e330cfa556b9252e6cb863af8e7907dd3763bda1f37bf8b2dfec1714ae17a4d0","2026-08-16T16:02:30.2543188Z","asset"
"godot/assets/placeholders_legacy/factory_sync/cards/card_full_body_action_sample_2_v4_deck.png.import","1064","c165f792707b2b99d3b8ec826f5c0324a833d9426e326d43d32d7820df274432","2026-08-17T09:19:07.2721094Z","asset"
"godot/assets/placeholders_legacy/factory_sync/cards/card_full_body_action_sample_2_v4_detail.png","228127","8a4eb4793d686c276a923fbd20428177e9d00af853172ac9ce054775bdcab424","2026-08-16T16:02:30.2533177Z","asset"
"godot/assets/placeholders_legacy/factory_sync/cards/card_full_body_action_sample_2_v4_detail.png.import","1070","63a762366f6b2b98d30ad1f6d6212fe1d3e724d2387dae4b42657753662bb731","2026-08-17T09:19:07.7201158Z","asset"
"godot/assets/placeholders_legacy/factory_sync/cards/card_full_body_action_sample_2_v4_final.png","74188","b86315db44b3905173040cd9c83b545c48e09a4adae64ac13675cd23f28c27db","2026-08-16T16:02:30.2533177Z","asset"
"godot/assets/placeholders_legacy/factory_sync/cards/card_full_body_action_sample_2_v4_final.png.import","1067","48c0fe19e26a1d3187c093a7419ccd4e157e87ebdbfdd07922c7b996675238fc","2026-08-17T09:19:07.3001082Z","asset"
"godot/assets/placeholders_legacy/factory_sync/cards/card_full_body_action_sample_2_v4_frame.png","23530","2a190a124560d4d7b9f7e60e2cbf0e6d2a0dc253556c7d35ec9290b48fc2bcf6","2026-08-16T16:02:30.2523177Z","asset"
"godot/assets/placeholders_legacy/factory_sync/cards/card_full_body_action_sample_2_v4_frame.png.import","1066","49004e58d4520409b587b4802c86d815ad4f24d01b729c02be42362edaac4dff","2026-08-17T09:19:08.1131085Z","asset"
"godot/assets/placeholders_legacy/factory_sync/cards/card_full_body_action_sample_2_v4_thumb.png","15460","fefe3ece3b1983f009e791acee13649ab1bbc37a63985ff32d2bc684414209d7","2026-08-16T16:02:30.2543188Z","asset"
"godot/assets/placeholders_legacy/factory_sync/cards/card_full_body_action_sample_2_v4_thumb.png.import","1067","15298043da03334f504dbd8fc175de43b642a4609acaae7bad09c8f143d566aa","2026-08-17T09:19:08.0391083Z","asset"
"godot/assets/placeholders_legacy/factory_sync/cards/card_relic_object_sample_6_v4_art.png","55863","c0823140736de95b54df1771849d0933f4148a20bb5e936519a311c9a87496f5","2026-08-16T16:02:30.2803245Z","asset"
"godot/assets/placeholders_legacy/factory_sync/cards/card_relic_object_sample_6_v4_art.png.import","1049","cd3d4579e92847448d6d62c616bedb3f9f57e8bc559239c76da589434ac93fc9","2026-08-17T09:19:08.1141107Z","asset"
"godot/assets/placeholders_legacy/factory_sync/cards/card_relic_object_sample_6_v4_deck.png","28046","621a4ddacf186ecb7a1c98d14b3e453195d518b73d08c6f65183e7fd71d18cff","2026-08-16T16:02:30.2833178Z","asset"
"godot/assets/placeholders_legacy/factory_sync/cards/card_relic_object_sample_6_v4_deck.png.import","1051","128bc07e0c740d5c741154b3254d19c2c2e6412102e72750dafe2280679cd494","2026-08-17T09:19:08.0111070Z","asset"
"godot/assets/placeholders_legacy/factory_sync/cards/card_relic_object_sample_6_v4_detail.png","213016","556e6fb61f2a69add9a923fcaeb7009a4898f1bbb995810a7a259bb736c17c5e","2026-08-16T16:02:30.2823180Z","asset"
"godot/assets/placeholders_legacy/factory_sync/cards/card_relic_object_sample_6_v4_detail.png.import","1058","e6a9966d1ae92cacecb87a00585204521e4300f8248f9e0e604c428e5df0429b","2026-08-17T09:19:08.2871137Z","asset"
"godot/assets/placeholders_legacy/factory_sync/cards/card_relic_object_sample_6_v4_final.png","70050","25df572e502fbf6494e0adb70f4fc10986e0636c5e13e1ffcd2871da86ab0d2a","2026-08-16T16:02:30.2813196Z","asset"
"godot/assets/placeholders_legacy/factory_sync/cards/card_relic_object_sample_6_v4_final.png.import","1054","6ee70cb5f6fd9d07e0fd0db583f3322c7927e42bac9bc968063af66d97a9e952","2026-08-17T09:19:08.0661090Z","asset"
"godot/assets/placeholders_legacy/factory_sync/cards/card_relic_object_sample_6_v4_frame.png","23507","90a450c8b4bd75bc23410fbf24a41428fc88f7cdc0ed2eaeb80ab5adc8640dc0","2026-08-16T16:02:30.2813196Z","asset"
"godot/assets/placeholders_legacy/factory_sync/cards/card_relic_object_sample_6_v4_frame.png.import","1055","755a396f1504060b2d5a93be6d7807d509bf4fe6ca3b70cdefcd01002d983ce2","2026-08-17T09:19:08.0011082Z","asset"
"godot/assets/placeholders_legacy/factory_sync/cards/card_relic_object_sample_6_v4_thumb.png","14550","812300be2d8fd9e8ebb2e461a6fa5b82504b2c1dd6fc63b9bc24e50b3762b9b1","2026-08-16T16:02:30.2833178Z","asset"
"godot/assets/placeholders_legacy/factory_sync/cards/card_relic_object_sample_6_v4_thumb.png.import","1055","7305b346878d1240a9318332f0c060182a2086d985434d78d5ed2ed0af34d5f8","2026-08-17T09:19:07.9251098Z","asset"
"godot/assets/placeholders_legacy/factory_sync/cards/card_skill_burst_sample_4_v4_art.png","77495","a4a14e16116ec29eeb7de96c44beb547fb4ab0c5a7f0bd8c0b9206ec75cbfd11","2026-08-16T16:02:30.2633174Z","asset"
"godot/assets/placeholders_legacy/factory_sync/cards/card_skill_burst_sample_4_v4_art.png.import","1045","8a32b9ee87c2ed18c29713f4f92bcf7f89a343da125481c8adbc568040ac93fd","2026-08-17T09:19:08.0401075Z","asset"
"godot/assets/placeholders_legacy/factory_sync/cards/card_skill_burst_sample_4_v4_deck.png","37821","30fbeec772fd43a38e76e4458175754aea71ed09e26607da7ae9b29b43822f5f","2026-08-16T16:02:30.2663200Z","asset"
"godot/assets/placeholders_legacy/factory_sync/cards/card_skill_burst_sample_4_v4_deck.png.import","1048","9abee33571d2d7bb17735cfdf7127a8b40420fb17e9059a1773e49e15aca8f0c","2026-08-17T09:19:07.9211086Z","asset"
"godot/assets/placeholders_legacy/factory_sync/cards/card_skill_burst_sample_4_v4_detail.png","268038","833fb862e8ec9af79669262fe8956d3b9f165759775e738feea4244c668e7b21","2026-08-16T16:02:30.2653184Z","asset"
"godot/assets/placeholders_legacy/factory_sync/cards/card_skill_burst_sample_4_v4_detail.png.import","1054","67ca38ba937615875b98ea9bc6ae24732c81a794fb451b30797d71e23764922f","2026-08-17T09:19:08.2271151Z","asset"
"godot/assets/placeholders_legacy/factory_sync/cards/card_skill_burst_sample_4_v4_final.png","91110","a685bea1c0798d81f70d6c8bdbec9eeb1b825ee460c2bd257894dd21893f817a","2026-08-16T16:02:30.2643183Z","asset"
"godot/assets/placeholders_legacy/factory_sync/cards/card_skill_burst_sample_4_v4_final.png.import","1052","ff2901c9e49d323c5b5956d2109d9bc2b84cee41a312a340e57895061612f4eb","2026-08-17T09:19:07.9441087Z","asset"
"godot/assets/placeholders_legacy/factory_sync/cards/card_skill_burst_sample_4_v4_frame.png","22550","588f3336c14e4b98750b300926f4d693ec210482f15a8eb4a7359e7191103e1e","2026-08-16T16:02:30.2643183Z","asset"
"godot/assets/placeholders_legacy/factory_sync/cards/card_skill_burst_sample_4_v4_frame.png.import","1052","d3604dfa16424a05bbaade8e5ed8831d442c74d8519acbc6e2ca52abfe6afc31","2026-08-17T09:19:07.9001076Z","asset"
"godot/assets/placeholders_legacy/factory_sync/cards/card_skill_burst_sample_4_v4_thumb.png","19907","1db9cb604ff0701341994625855b05151b0d6a47776a97acd2bce34946034e6b","2026-08-16T16:02:30.2663200Z","asset"
"godot/assets/placeholders_legacy/factory_sync/cards/card_skill_burst_sample_4_v4_thumb.png.import","1052","9f290bfad192ce1ffe399b90bf955343be38b187f1c54eb5bd41aab34ba45be4","2026-08-17T09:19:07.8351082Z","asset"
"godot/assets/placeholders_legacy/factory_sync/cards/card_summon_sample_5_v4_art.png","52977","2706d400b332cd4750f2ec84303c9a1a801188d2212551c3d89e9d026bc973fb","2026-08-16T16:02:30.2703183Z","asset"
"godot/assets/placeholders_legacy/factory_sync/cards/card_summon_sample_5_v4_art.png.import","1031","93d4f30240e5fdd430b086f2da16cfe36608f8db24fd8901ba086c60884fa7ed","2026-08-17T09:19:07.8801082Z","asset"
"godot/assets/placeholders_legacy/factory_sync/cards/card_summon_sample_5_v4_deck.png","27586","ec490505f36c8a4e0f57f91b5a240f56b5550cf2229f2d995d62644b7b0d2212","2026-08-16T16:02:30.2733185Z","asset"
"godot/assets/placeholders_legacy/factory_sync/cards/card_summon_sample_5_v4_deck.png.import","1034","123a0d3efff02d35000fde63b40138d434ed01c9fdd4022fd183d23640a4b5e6","2026-08-17T09:19:07.7901078Z","asset"
"godot/assets/placeholders_legacy/factory_sync/cards/card_summon_sample_5_v4_detail.png","212205","10cfe32dcf9b7f4b3a5386a3adfd7d9f971c3512e24a2e96b461ee0775a8c59b","2026-08-16T16:02:30.2723189Z","asset"
"godot/assets/placeholders_legacy/factory_sync/cards/card_summon_sample_5_v4_detail.png.import","1040","b8f44925f18bb88009f52bb00d182251cae7c2e7caf0463d1a851d0263a981fd","2026-08-17T09:19:08.1141107Z","asset"
"godot/assets/placeholders_legacy/factory_sync/cards/card_summon_sample_5_v4_final.png","69151","8f83866c602d2d725423176578da9b48c2ee10e2871102b249b5d7d4934b48f0","2026-08-16T16:02:30.2713183Z","asset"
"godot/assets/placeholders_legacy/factory_sync/cards/card_summon_sample_5_v4_final.png.import","1037","6ad79fb0ecf2d2aa9071e9356be0fb98278038d213bb4b72a60e5bef369159f5","2026-08-17T09:19:07.8351082Z","asset"
"godot/assets/placeholders_legacy/factory_sync/cards/card_summon_sample_5_v4_frame.png","24243","d2cc3c5eddbffdf47e90d8da0d6d4f3f47a75991ac11b1ad500fa727131719b6","2026-08-16T16:02:30.2703183Z","asset"
"godot/assets/placeholders_legacy/factory_sync/cards/card_summon_sample_5_v4_frame.png.import","1037","d103134a752d857927ec55077e99da334a330fbc8d526428ccb183520ec43667","2026-08-17T09:19:07.7731084Z","asset"
"godot/assets/placeholders_legacy/factory_sync/cards/card_summon_sample_5_v4_thumb.png","14128","6286b401da4d05e16d3f5848a605897c877e76b51d76ce958194083ee7ce13fd","2026-08-16T16:02:30.2743182Z","asset"
"godot/assets/placeholders_legacy/factory_sync/cards/card_summon_sample_5_v4_thumb.png.import","1036","3db0d4a87a5a48d55e2dd08325caeedbb432eefa7d4933d2467f7c285fa92aa9","2026-08-17T09:19:07.6781075Z","asset"
"godot/assets/placeholders_legacy/factory_sync/cards/card_weapon_focus_sample_3_v4_art.png","57748","621bd5c8f60b3c81a5cda3d4004aaf40e4ef837374c19093114888e6a39e489f","2026-08-16T16:02:30.2583191Z","asset"
"godot/assets/placeholders_legacy/factory_sync/cards/card_weapon_focus_sample_3_v4_art.png.import","1049","7d26d06d030dd9cfc3e4f4644b31e9fa09162ec637f32377d8780264b0e673a3","2026-08-17T09:19:07.7791074Z","asset"
"godot/assets/placeholders_legacy/factory_sync/cards/card_weapon_focus_sample_3_v4_deck.png","29773","2a280c580807efb9c68d41264ac0a808502f916f0c98de5886e9d9cad537a84a","2026-08-16T16:02:30.2603171Z","asset"
"godot/assets/placeholders_legacy/factory_sync/cards/card_weapon_focus_sample_3_v4_deck.png.import","1052","4997319794f542758d740ced99898b8043c2a6d50d0f7c23de4354ffbf7ba45a","2026-08-17T09:19:07.7041083Z","asset"
"godot/assets/placeholders_legacy/factory_sync/cards/card_weapon_focus_sample_3_v4_detail.png","221431","ad641bbc419c8cbd7591d4044c6916383bc92040f2ac551ce9cfddf03d71889b","2026-08-16T16:02:30.2603171Z","asset"
"godot/assets/placeholders_legacy/factory_sync/cards/card_weapon_focus_sample_3_v4_detail.png.import","1058","e38348a4b721b92eeec8862afde3897aedf8e1e4a2d4e9078e8f0dcc9434b99c","2026-08-17T09:19:08.0521083Z","asset"
"godot/assets/placeholders_legacy/factory_sync/cards/card_weapon_focus_sample_3_v4_final.png","75601","7b034123443793aefa59bbe96bcd2b3ff6d9021116dfc2f420c19d5aa6dff3b5","2026-08-16T16:02:30.2593178Z","asset"
"godot/assets/placeholders_legacy/factory_sync/cards/card_weapon_focus_sample_3_v4_final.png.import","1055","7a1d23830fa618f5842609eddad42a6d3e8018777e1220458095d2e6549b162f","2026-08-17T09:19:07.0101088Z","asset"
"godot/assets/placeholders_legacy/factory_sync/cards/card_weapon_focus_sample_3_v4_frame.png","24365","5bba9a72c5296d37209c5605e892552bdf361adff5a4b46994e52d356a550723","2026-08-16T16:02:30.2583191Z","asset"
"godot/assets/placeholders_legacy/factory_sync/cards/card_weapon_focus_sample_3_v4_frame.png.import","1055","4bba6eaca061945e0912cd4413c64d7f86b01a9d85cd19a0242f2bea58b8e172","2026-08-17T09:19:06.9521091Z","asset"
"godot/assets/placeholders_legacy/factory_sync/cards/card_weapon_focus_sample_3_v4_thumb.png","15282","796d623ec9c8ff1266bb7564bc4757f79cdd7b7bc20e93bf27f2c6224adeb59f","2026-08-16T16:02:30.2613191Z","asset"
"godot/assets/placeholders_legacy/factory_sync/cards/card_weapon_focus_sample_3_v4_thumb.png.import","1055","80ab7ad8ae4d0d787d735e539120b88e0148f219605e045b4ed4ab8e485c5642","2026-08-17T09:19:06.8891094Z","asset"
"godot/assets/placeholders_legacy/factory_sync/characters/character_female_sd_engineer_v3_back.png","2587","ea29fc7206d8ee386b82cde026e2bfec3d0f8e21accc938c8787784b55dbcf15","2026-08-16T16:02:27.0606759Z","asset"
"godot/assets/placeholders_legacy/factory_sync/characters/character_female_sd_engineer_v3_back.png.import","1063","13b2d2e28a17c29bbc20c04ea8beccab12ef2ef1128d47c9b8f5937e2396f45b","2026-08-17T09:19:06.9051095Z","asset"
"godot/assets/placeholders_legacy/factory_sync/characters/character_female_sd_engineer_v3_front.png","2632","3659046b7a1552b66c263e939c7a35485544be6bfd6d8b3cb68b31634c0b0b43","2026-08-16T16:02:27.0086750Z","asset"
"godot/assets/placeholders_legacy/factory_sync/characters/character_female_sd_engineer_v3_front.png.import","1065","a861aa508b1c43c1f7e661d239054301f9fadf3ddf07f82252c84635771ad2f2","2026-08-17T09:19:06.8691082Z","asset"
"godot/assets/placeholders_legacy/factory_sync/characters/character_female_sd_engineer_v3_side.png","2531","6c7500f64c016a7f58005c326169a05c66df01b05249e57eff0479a26e51b203","2026-08-16T16:02:27.0446758Z","asset"
"godot/assets/placeholders_legacy/factory_sync/characters/character_female_sd_engineer_v3_side.png.import","1062","209fe0ab13ae8ebd629c3661df12eadcdfd9ff95fbcd58eb0932cb375bfb0dcd","2026-08-17T09:19:06.8291093Z","asset"
"godot/assets/placeholders_legacy/factory_sync/characters/character_female_sd_engineer_v3_three_quarter.png","2632","48af647a4a96ad1eb38fd0274cdb47ba5df6554befe790cc5b11405233d63015","2026-08-16T16:02:27.0276773Z","asset"
"godot/assets/placeholders_legacy/factory_sync/characters/character_female_sd_engineer_v3_three_quarter.png.import","1089","6a1a7abf4aec6c38e4161521e20d31bfe676a0c51bfc7a53c93437bdc1eb18ea","2026-08-17T09:19:06.8291093Z","asset"
"godot/assets/placeholders_legacy/factory_sync/characters/character_female_sd_engineer_v3_walk.atlas.json","1655","54fe34e5fa8bb6c68023c131357d586004e63b84c7cead5f847c87cd65ba41ae","2026-08-16T16:02:27.1176747Z","asset"
"godot/assets/placeholders_legacy/factory_sync/characters/character_female_sd_engineer_v3_walk.png","9207","84fc4427fa22df2b3d6392b7c4da745e6de1417be1813c288b4177d63139f4ae","2026-08-16T16:02:27.1166783Z","asset"
"godot/assets/placeholders_legacy/factory_sync/characters/character_female_sd_engineer_v3_walk.png.import","1063","521f8a28e8a554bf899dfde8701e20dda802dffb5ea44b89ac4aa852cc2d2406","2026-08-17T09:19:06.8951095Z","asset"
"godot/assets/placeholders_legacy/factory_sync/characters/character_female_stylized_scout_v3_back.png","2582","acb3ad8601c6b6f07696394253d7ecb615915f01be78bd9f8a6e691d490dc2de","2026-08-16T16:02:26.9316739Z","asset"
"godot/assets/placeholders_legacy/factory_sync/characters/character_female_stylized_scout_v3_back.png.import","1071","acf70504aace2461a8dade7cbaeafb8eb9f95eeca431c5a05d9034aea993ab51","2026-08-17T09:19:06.8711079Z","asset"
"godot/assets/placeholders_legacy/factory_sync/characters/character_female_stylized_scout_v3_front.png","2629","31284909147bc09174fe6b61ed39b16f06ba2093e8f3a0ceb12fcb63555d40d7","2026-08-16T16:02:26.8695004Z","asset"
"godot/assets/placeholders_legacy/factory_sync/characters/character_female_stylized_scout_v3_front.png.import","1074","b2b057c97e72c44cc26a21df73a0373f5e3df8042e09d269d6a8054f9d8d25a5","2026-08-17T09:19:06.8161087Z","asset"
"godot/assets/placeholders_legacy/factory_sync/characters/character_female_stylized_scout_v3_side.png","2528","d1d936b6463b411f1d96969b1b2b4f0c616c5f26a13a5659044c793db71ce587","2026-08-16T16:02:26.9156706Z","asset"
"godot/assets/placeholders_legacy/factory_sync/characters/character_female_stylized_scout_v3_side.png.import","1072","e7f6f8d76cce18cf36b7faea5973ea8b5aee89a0ea91cbd6768cc06289b7d420","2026-08-17T09:19:06.8081081Z","asset"
"godot/assets/placeholders_legacy/factory_sync/characters/character_female_stylized_scout_v3_three_quarter.png","2629","cc1a679895300e7f3e4de231f729fb4401ff368bac27475a110957b6f8bf41c0","2026-08-16T16:02:26.8905006Z","asset"
"godot/assets/placeholders_legacy/factory_sync/characters/character_female_stylized_scout_v3_three_quarter.png.import","1099","22f095c796c29d78863cd5dcd9bd0fa0ab477f9a208915ca8718f5bea2f96806","2026-08-17T09:19:06.8371085Z","asset"
"godot/assets/placeholders_legacy/factory_sync/characters/character_female_stylized_scout_v3_walk.atlas.json","1658","02895699c7359a18affa822d04c63ba0a8af510a23fe378e50c3448ae193567c","2026-08-16T16:02:26.9936778Z","asset"
"godot/assets/placeholders_legacy/factory_sync/characters/character_female_stylized_scout_v3_walk.png","9204","c70bd764e1a3a4931681fdc83cd3f626bc9ef63907ff3f884883e37734e31949","2026-08-16T16:02:26.9926743Z","asset"
"godot/assets/placeholders_legacy/factory_sync/characters/character_female_stylized_scout_v3_walk.png.import","1071","dea63f02342682097f8048e20c447cc69180fc78838dd1a7b22d8d991cd9536a","2026-08-17T09:19:06.8401080Z","asset"
"godot/assets/placeholders_legacy/factory_sync/characters/character_neutral_mannequin_vanguard_v3_back.png","2586","7066e3b6aca875b657370deda0324049faa027b7a77a90979c08c03f6fdbb2c2","2026-08-16T16:02:27.1806757Z","asset"
"godot/assets/placeholders_legacy/factory_sync/characters/character_neutral_mannequin_vanguard_v3_back.png.import","1086","9928114ac84dd8680ed401afd63c3a70236940765f925e4a2fefe919b16aae91","2026-08-17T09:19:06.7101084Z","asset"
"godot/assets/placeholders_legacy/factory_sync/characters/character_neutral_mannequin_vanguard_v3_front.png","2632","47bd783cbbb52df06df5c6d7bf1873e0045f6e0b2a772130a6db91833ed60426","2026-08-16T16:02:27.1316782Z","asset"
"godot/assets/placeholders_legacy/factory_sync/characters/character_neutral_mannequin_vanguard_v3_front.png.import","1089","335ad675017c3738a3f1894b5a448297a15e283755455226d3c4e84912bd77bf","2026-08-17T09:19:06.7121100Z","asset"
"godot/assets/placeholders_legacy/factory_sync/characters/character_neutral_mannequin_vanguard_v3_side.png","2531","75286f022c622b5af709dec3a57665d85ee1628f58f98ef0dc5017116991cce8","2026-08-16T16:02:27.1646754Z","asset"
"godot/assets/placeholders_legacy/factory_sync/characters/character_neutral_mannequin_vanguard_v3_side.png.import","1087","24cbb3bdf3bbebce3333213da71fea3a25dd88bc389d0d0988d54b86da11dc9b","2026-08-17T09:19:06.7191099Z","asset"
"godot/assets/placeholders_legacy/factory_sync/characters/character_neutral_mannequin_vanguard_v3_three_quarter.png","2633","f15df43483386e41355ccbab79b4a9f2f60025efcd17754b7cad0ace90082b51","2026-08-16T16:02:27.1486759Z","asset"
"godot/assets/placeholders_legacy/factory_sync/characters/character_neutral_mannequin_vanguard_v3_three_quarter.png.import","1113","f1a5175d3d603680f6b6b5328057f7405f5611d47e700967638e44b1daca57de","2026-08-17T09:19:06.7341094Z","asset"
"godot/assets/placeholders_legacy/factory_sync/characters/character_neutral_mannequin_vanguard_v3_walk.atlas.json","1663","5a527a80c7b915df661ee015e9983fc058d7795d1cb63759ef057c4bf78d71da","2026-08-16T16:02:27.2386763Z","asset"
"godot/assets/placeholders_legacy/factory_sync/characters/character_neutral_mannequin_vanguard_v3_walk.png","9207","80cca1aaf5a365641fb6b93b95e371c6d69894aafdc95c75aed7508f4bd3ff80","2026-08-16T16:02:27.2376757Z","asset"
"godot/assets/placeholders_legacy/factory_sync/characters/character_neutral_mannequin_vanguard_v3_walk.png.import","1087","3bc2be67ada1d4059612a85f582e324883c883002182d6486ae8e4bf8a63fc0e","2026-08-17T09:19:06.7791110Z","asset"
"godot/assets/placeholders_legacy/factory_sync/enemies/enemy_boss_siege_core_v3_wear_0_5.png","3011","1510264ce987c9e817f32b9c59a931626ae0cb29e18110eaecc89c8ae780a152","2026-08-16T16:02:27.5582093Z","asset"
"godot/assets/placeholders_legacy/factory_sync/enemies/enemy_boss_siege_core_v3_wear_0_5.png.import","1051","c05add3b21d9b89e9a55c49ace97fdef51318b77b10329a70190798c7ca2d2ba","2026-08-17T09:19:06.7101084Z","asset"
"godot/assets/placeholders_legacy/factory_sync/enemies/enemy_boss_siege_core_v3_wear_0.png","2851","cd5f66f1a869b120e5109658e7849c4b1f04aa59777bf86d0b75465baa7beb20","2026-08-16T16:02:27.5382092Z","asset"
"godot/assets/placeholders_legacy/factory_sync/enemies/enemy_boss_siege_core_v3_wear_0.png.import","1044","5fdb60b4942c4eb0751a20ca58420be8c939b79d165b8145ef3e7b52f8150c05","2026-08-17T09:19:06.7071083Z","asset"
"godot/assets/placeholders_legacy/factory_sync/enemies/enemy_boss_siege_core_v3_wear_1.png","3128","a18767413212b0862f9dd0c7e526552075cdffc38f9759e08d3da08751b2c84b","2026-08-16T16:02:27.5782095Z","asset"
"godot/assets/placeholders_legacy/factory_sync/enemies/enemy_boss_siege_core_v3_wear_1.png.import","1045","2200d2325fdae001b4af63fd1e994fa5a3ef410cc677d9c24d693a985ada2f9e","2026-08-17T09:19:06.7001084Z","asset"
"godot/assets/placeholders_legacy/factory_sync/enemies/enemy_humanoid_raider_v3_wear_0_5.png","2814","ce9ab6fffc45c9849732852ebe075e6097e8a54e3d45de98197fab7ea40ba8e2","2026-08-16T16:02:27.4272083Z","asset"
"godot/assets/placeholders_legacy/factory_sync/enemies/enemy_humanoid_raider_v3_wear_0_5.png.import","1051","b9496f9b749ab66931114ad0f9031fc04c73170e7cf6078b7c4fe4803429119d","2026-08-17T09:19:07.2211083Z","asset"
"godot/assets/placeholders_legacy/factory_sync/enemies/enemy_humanoid_raider_v3_wear_0.png","2632","47bd783cbbb52df06df5c6d7bf1873e0045f6e0b2a772130a6db91833ed60426","2026-08-16T16:02:27.4059703Z","asset"
"godot/assets/placeholders_legacy/factory_sync/enemies/enemy_humanoid_raider_v3_wear_0.png.import","1045","74f9529acd92ecb6b6e6020c45f1928ac9ecb4f6a0ef15ec85b6ae33cece5e93","2026-08-17T09:19:06.7181090Z","asset"
"godot/assets/placeholders_legacy/factory_sync/enemies/enemy_humanoid_raider_v3_wear_1.png","2938","3c1936905f8467f4054e685d1c88c76d16a392fdd2be4a6f3a49e62e72bf7bd7","2026-08-16T16:02:27.4542080Z","asset"
"godot/assets/placeholders_legacy/factory_sync/enemies/enemy_humanoid_raider_v3_wear_1.png.import","1045","0b3d1f7f6af7de5a67ffa2b55f4018a0fa446ff730124c4b52c01119c089b979","2026-08-17T09:19:07.2101087Z","asset"
"godot/assets/placeholders_legacy/factory_sync/enemies/enemy_mechanical_artillery_v3_wear_0_5.png","2801","26acfba41651b4304965d822f235ef62c2d64ed90b9df788ec2e56bd0c8166c0","2026-08-16T16:02:27.4942099Z","asset"
"godot/assets/placeholders_legacy/factory_sync/enemies/enemy_mechanical_artillery_v3_wear_0_5.png.import","1066","fc04f58abfd067b1643653070314a13869d9f653f9fdd25704885e43a417b8ce","2026-08-17T09:19:07.2031078Z","asset"
"godot/assets/placeholders_legacy/factory_sync/enemies/enemy_mechanical_artillery_v3_wear_0.png","2645","c89bbeb6669e507457139d04f7ca6de9820f4b8bf2d840fb35dba54eac503d7c","2026-08-16T16:02:27.4732082Z","asset"
"godot/assets/placeholders_legacy/factory_sync/enemies/enemy_mechanical_artillery_v3_wear_0.png.import","1059","41485ab3de56f16ed301daf3229a3a244c78fe01203c551fc342e9eb0421ec26","2026-08-17T09:19:07.2111086Z","asset"
"godot/assets/placeholders_legacy/factory_sync/enemies/enemy_mechanical_artillery_v3_wear_1.png","2892","026abfc1937318b3f881ed0856c9b93c81f9c336b2fba01be83ec97c6f6f5885","2026-08-16T16:02:27.5202096Z","asset"
"godot/assets/placeholders_legacy/factory_sync/enemies/enemy_mechanical_artillery_v3_wear_1.png.import","1060","f438508bc0814dacacf3896d842c14924c4f14177ddb7e72a9efc2dfa5dba3e6","2026-08-17T09:19:07.1401093Z","asset"
"godot/assets/placeholders_legacy/factory_sync/environments/environment_industrial_foundry_v2_composite.png","20941","8cca860dd532a73ab801e6ca5a4a1ec6fc0a08a83ff9be94345c458959ac3dc2","2026-08-16T15:46:38.4382046Z","asset"
"godot/assets/placeholders_legacy/factory_sync/environments/environment_industrial_foundry_v2_composite.png.import","1086","1695ad12476dfb4b43f38cb91d484db816da8509b763a26149550bfbbf37112b","2026-08-17T09:19:07.5681087Z","asset"
"godot/assets/placeholders_legacy/factory_sync/environments/environment_industrial_foundry_v2_layer_1.png","4324","bce10f6bd3fecb3d4244f257351b3957a6eb9a30f82c28af1ceb4dbdffc976a0","2026-08-16T15:46:38.2701965Z","asset"
"godot/assets/placeholders_legacy/factory_sync/environments/environment_industrial_foundry_v2_layer_1.png.import","1079","ceffadde15d894139dda0151bc0025638738221c0f80ee1a2260f399397c2ccd","2026-08-17T09:19:07.2011074Z","asset"
"godot/assets/placeholders_legacy/factory_sync/environments/environment_industrial_foundry_v2_layer_2.png","3729","c54fc0394a2155ca6723efd658d92c46bae210878c05529590aa728863ee5707","2026-08-16T15:46:38.3022011Z","asset"
"godot/assets/placeholders_legacy/factory_sync/environments/environment_industrial_foundry_v2_layer_2.png.import","1080","00bb812b86babe3e993e598ef3b6be3fa380cc31611071166624c5d4f39f8be4","2026-08-17T09:19:07.1281072Z","asset"
"godot/assets/placeholders_legacy/factory_sync/environments/environment_industrial_foundry_v2_layer_3.png","8227","a217a9c1949db9ccaa1cfabe871a817cca22199b067b54dfe130cdc3b6e574ef","2026-08-16T15:46:38.3252006Z","asset"
"godot/assets/placeholders_legacy/factory_sync/environments/environment_industrial_foundry_v2_layer_3.png.import","1080","bad007bcca0f866f8b69d4c298aeac4a74aa28e0372547b1ca8174253c7a82b3","2026-08-17T09:19:07.1401093Z","asset"
"godot/assets/placeholders_legacy/factory_sync/environments/environment_industrial_foundry_v2_layer_4.png","4660","8979e8d3d8a73726a38a9c9f02badce6980a049ea28676c151c61ac0003d139d","2026-08-16T15:46:38.3602025Z","asset"
"godot/assets/placeholders_legacy/factory_sync/environments/environment_industrial_foundry_v2_layer_4.png.import","1080","8249338ed6b163b3a4a6d1800af5361336976a2394e83639b394e2075fee3efe","2026-08-17T09:19:07.0361075Z","asset"
"godot/assets/placeholders_legacy/factory_sync/environments/environment_industrial_foundry_v2.png","7306","07361913064506a5239e7ec370e50c0904d19a42306553a86f01df57b4788846","2026-08-16T15:46:38.1041608Z","asset"
"godot/assets/placeholders_legacy/factory_sync/environments/environment_industrial_foundry_v2.png.import","1055","70e071474e2a6f8706b9d1496c0ad81e2e796e3e1e8a12d3a414c9269a50253a","2026-08-17T09:19:07.1171072Z","asset"
"godot/assets/placeholders_legacy/factory_sync/environments/environment_laboratory_outpost_v2_composite.png","20941","8cca860dd532a73ab801e6ca5a4a1ec6fc0a08a83ff9be94345c458959ac3dc2","2026-08-16T15:46:38.7873378Z","asset"
"godot/assets/placeholders_legacy/factory_sync/environments/environment_laboratory_outpost_v2_composite.png.import","1085","b2e1b451323452f106d18a5621ba030b6284b1e4d009f2f270500749eff2e4a6","2026-08-17T09:19:07.3491090Z","asset"
"godot/assets/placeholders_legacy/factory_sync/environments/environment_laboratory_outpost_v2_layer_1.png","4324","bce10f6bd3fecb3d4244f257351b3957a6eb9a30f82c28af1ceb4dbdffc976a0","2026-08-16T15:46:38.6392025Z","asset"
"godot/assets/placeholders_legacy/factory_sync/environments/environment_laboratory_outpost_v2_layer_1.png.import","1080","f56ed2971b24ad20cbf4f5d2eaa31489b22f6fef8745790b7ebb05a4b38cac57","2026-08-17T09:19:07.1111086Z","asset"
"godot/assets/placeholders_legacy/factory_sync/environments/environment_laboratory_outpost_v2_layer_2.png","3729","c54fc0394a2155ca6723efd658d92c46bae210878c05529590aa728863ee5707","2026-08-16T15:46:38.6652098Z","asset"
"godot/assets/placeholders_legacy/factory_sync/environments/environment_laboratory_outpost_v2_layer_2.png.import","1080","76d22765d35952aba2f15f2e088fa8747100171b7c076f211a18a28a2efad97a","2026-08-17T09:19:07.0501089Z","asset"
"godot/assets/placeholders_legacy/factory_sync/environments/environment_laboratory_outpost_v2_layer_3.png","8227","a217a9c1949db9ccaa1cfabe871a817cca22199b067b54dfe130cdc3b6e574ef","2026-08-16T15:46:38.6932027Z","asset"
"godot/assets/placeholders_legacy/factory_sync/environments/environment_laboratory_outpost_v2_layer_3.png.import","1078","4fabbaa9ce080af6a2ab1913050cb205eace417010cf0de0395dae7dfe63b295","2026-08-17T09:19:07.0651095Z","asset"
"godot/assets/placeholders_legacy/factory_sync/environments/environment_laboratory_outpost_v2_layer_4.png","4660","8979e8d3d8a73726a38a9c9f02badce6980a049ea28676c151c61ac0003d139d","2026-08-16T15:46:38.7183306Z","asset"
"godot/assets/placeholders_legacy/factory_sync/environments/environment_laboratory_outpost_v2_layer_4.png.import","1080","5403bffa2cdab21fa9d00d02e246523a3aabc5e3405eb69c87f5739544f2bbe2","2026-08-17T09:19:06.9521091Z","asset"
"godot/assets/placeholders_legacy/factory_sync/environments/environment_laboratory_outpost_v2.png","7802","8a09c2145c3109d1c86b376f3ce1ba9d7b0bc89ef727f9555c3a9e2951c79d62","2026-08-16T15:46:38.4822029Z","asset"
"godot/assets/placeholders_legacy/factory_sync/environments/environment_laboratory_outpost_v2.png.import","1056","c57c14b19b4c9fc12f6f920576aab8b16cbcb333613b5f0b103b1cc7c9b08281","2026-08-17T09:19:07.0501089Z","asset"
"godot/assets/placeholders_legacy/factory_sync/environments/environment_ruin_frontier_v2_composite.png","20943","65878f3756eb1d563c317565ba086db1a98c4f65f666df32a3978664bd5270ab","2026-08-16T15:46:39.1339566Z","asset"
"godot/assets/placeholders_legacy/factory_sync/environments/environment_ruin_frontier_v2_composite.png.import","1071","098a6a1d5a03a496e7774f85af80d1ec9c42d5b67c315d58b7402a6b89e56267","2026-08-17T09:19:07.3121076Z","asset"
"godot/assets/placeholders_legacy/factory_sync/environments/environment_ruin_frontier_v2_layer_1.png","4324","bce10f6bd3fecb3d4244f257351b3957a6eb9a30f82c28af1ceb4dbdffc976a0","2026-08-16T15:46:38.9864754Z","asset"
"godot/assets/placeholders_legacy/factory_sync/environments/environment_ruin_frontier_v2_layer_1.png.import","1064","f5550363de21fa7e44668189aafaa415d4586460941480fd27618b7197df2e6f","2026-08-17T09:19:07.0481084Z","asset"
"godot/assets/placeholders_legacy/factory_sync/environments/environment_ruin_frontier_v2_layer_2.png","3729","70e94e132f5524469df7b91502b161083addeb5385d4604e77f2e216f2d97575","2026-08-16T15:46:39.0084768Z","asset"
"godot/assets/placeholders_legacy/factory_sync/environments/environment_ruin_frontier_v2_layer_2.png.import","1065","a68dd941ac163236c4263968836b8caebed2322c0f7d8c6be2d215398ab85686","2026-08-17T09:19:06.9711090Z","asset"
"godot/assets/placeholders_legacy/factory_sync/environments/environment_ruin_frontier_v2_layer_3.png","8227","a217a9c1949db9ccaa1cfabe871a817cca22199b067b54dfe130cdc3b6e574ef","2026-08-16T15:46:39.0404493Z","asset"
"godot/assets/placeholders_legacy/factory_sync/environments/environment_ruin_frontier_v2_layer_3.png.import","1065","e668b92d4dccc4f362c7fded5f38069724d0c4a590bf74ddcac8c3f5c8cbd886","2026-08-17T09:19:06.9891096Z","asset"
"godot/assets/placeholders_legacy/factory_sync/environments/environment_ruin_frontier_v2_layer_4.png","4660","8979e8d3d8a73726a38a9c9f02badce6980a049ea28676c151c61ac0003d139d","2026-08-16T15:46:39.0649565Z","asset"
"godot/assets/placeholders_legacy/factory_sync/environments/environment_ruin_frontier_v2_layer_4.png.import","1064","61cdb3d3762330cb09dd7c773ebe5a7d98abf552d2799de9485d8fa35f49b273","2026-08-17T09:19:06.9081074Z","asset"
"godot/assets/placeholders_legacy/factory_sync/environments/environment_ruin_frontier_v2.png","7751","c762af1339abd4effd7ef3864a56c2357fc73b53cd8bf9a0fb44bc6b2b5dc794","2026-08-16T15:46:38.8334845Z","asset"
"godot/assets/placeholders_legacy/factory_sync/environments/environment_ruin_frontier_v2.png.import","1041","aed910f9e5ad88207e5c651a5b3eca1d6901e750b99a97a2007c1491077ff709","2026-08-17T09:19:06.9651101Z","asset"
"godot/assets/placeholders_legacy/import_manifest.json","83085","e4753e0be369d3085944c419d488e983093ac3e6c1888090c99b96ecb355b9e0","2026-08-17T06:12:38.2399840Z","asset"
"godot/assets/placeholders_legacy/licenses.json","62300","3b4b522f7e7c33cfe8ec946dc59e4b3dba9946703059055783390f29dc735a81","2026-08-17T05:16:07.8846302Z","asset"
"godot/assets/placeholders/code_native/dev_placeholder.svg","593","49c43421f29f88b17f7e59092832ebd523f9e19e4053afcd02bc747b9069ab82","2026-08-17T04:53:52.9598141Z","asset"
"godot/assets/placeholders/code_native/dev_placeholder.svg.import","1077","8d2cbf13a6341d6a98b2eca0187c02552ee040b9fb52060c09c1ab034d8bc474","2026-08-17T06:43:36.0484972Z","asset"
"godot/assets/placeholders/README.md","203","2c1000e6e9d6b44407d3fdf7c927fc25d08e5de46b0fe90bbba3711f702c8122","2026-08-17T04:54:22.9209785Z","asset"
"godot/assets/ui/app_icon.svg","920","7ff7b744338a24fd3cfb59b964b7be03d49a301fcd24a53ab3842c2739acd2bf","2026-08-17T09:08:42.3506522Z","asset"
"godot/assets/ui/app_icon.svg.import","1034","1c874dd5d5b1c66073795b870851178b0d82eb801d2c01efd4652b439d0f7a99","2026-08-17T09:14:13.5766356Z","asset"
"godot/autoload/app_state.gd","7848","1f7964876004c594b050a0059d760f5b4f2311471e189a5db9f74893e7ef7332","2026-08-17T13:19:18.5008143Z","runtime"
"godot/autoload/app_state.gd.uid","19","57fcbd67dd8f3a75678e73736362b4a78062264659cf6b995f95730eabaacce7","2026-08-17T06:43:34.8664974Z","runtime"
"godot/autoload/asset_registry.gd","1434","80b332c0bc3a0c20ee98d175384726e1a080e058100be8f04c9533144c11a487","2026-08-17T13:51:50.8247601Z","runtime"
"godot/autoload/asset_registry.gd.uid","19","e51810d2657d17b5cc28b0c25993288219c15c1b25eb2fbc4bf75140d791ba79","2026-08-17T06:43:34.8714963Z","runtime"
"godot/autoload/audio_service.gd","1572","c047ad8a3df02eaa5ef9ff7aaa4187a3478926fbf931d9e049f190c097e47fd8","2026-08-17T23:23:26.4640226Z","runtime"
"godot/autoload/audio_service.gd.uid","19","36cdbaf3b27f70515394926b3d14d8173a900a55f83657ec13fe10451fc63022","2026-08-17T06:43:34.8754959Z","runtime"
"godot/autoload/data_registry.gd","1117","10b0564327b67c1172b5788557310cb7d2a61bf35415fe240630d04d16de1b97","2026-08-17T04:34:46.0875711Z","runtime"
"godot/autoload/data_registry.gd.uid","20","d7ed8ca5d2ecebbb8e0af7506eb6812da66c87629cdc0a001086234818932ae3","2026-08-17T06:43:34.8804957Z","runtime"
"godot/autoload/localization_service.gd","827","6f3d21966b2255e2e67e26a1b7022d9c8be2004cc16dba69ddc5ca09c9206943","2026-08-17T09:34:05.6881868Z","runtime"
"godot/autoload/localization_service.gd.uid","20","c748a2e37d647b1c4ea2a2269a5c7adf4aed3f9d129ae9e6519b048a928f94ed","2026-08-17T06:43:34.8844961Z","runtime"
"godot/autoload/save_service.gd","4571","7036f71ec9950976a5fc609d2c8d392c8bd31730025eb6c9daf7a45c50057f0c","2026-08-17T06:51:24.8978340Z","runtime"
"godot/autoload/save_service.gd.uid","19","2a0db2504264618b95c3aedaebb1914d6640a5d4578181e106a2fc3ae7d59152","2026-08-17T06:43:34.8904966Z","runtime"
"godot/autoload/scene_router.gd","515","cc65c659de662106a170eec1d9096f72ccd6802db50b611f77c61598d5da56c5","2026-08-17T04:34:53.3686467Z","runtime"
"godot/autoload/scene_router.gd.uid","20","3dd4a5cfa7fc0e3f02eb62e8e1de310a021482cf156b12b4aca544acdef85d7e","2026-08-17T06:43:34.8944960Z","runtime"
"godot/autoload/settings_service.gd","496","0ed8960c724cfe8a4678ecfce02c5cd21f996d22995f25c8f270fd8f8a340ad5","2026-08-17T23:23:25.4977139Z","runtime"
"godot/autoload/settings_service.gd.uid","20","d30100fbba1955553a767d582087eac5b299bd5b38fdfb4731dd461c702bba03","2026-08-17T06:43:34.9004966Z","runtime"
"godot/autoload/web_soak_probe.gd","2524","6eea83573536de7efa374e4afae6997c0331612d80bfcc59a9fd2be2c679dcba","2026-08-18T03:22:39.6336460Z","runtime"
"godot/autoload/web_soak_probe.gd.uid","19","2624a1fcac0ae36e000b72a62e005d9160e2827af80e61d87190df4204d83d4f","2026-08-18T03:30:10.6121570Z","runtime"
"godot/battle/model/battle_command.gd","268","9147b3657f7f151c23edf828856809f1665dc398cff806b6437b4ffb6fbfe8e5","2026-08-17T13:30:28.7609682Z","runtime"
"godot/battle/model/battle_command.gd.uid","20","4a59cd704f8749e78a715e784e99eeaf4f0addcecf6dae21790fd9dc0446cf59","2026-08-17T06:43:34.9064956Z","runtime"
"godot/battle/model/battle_event.gd","589","4a4d7a80fb2e1c6002c5e7c0836e3fd2a8f18e542b4b35d0ed5df45195d265dd","2026-08-17T04:43:10.5486427Z","runtime"
"godot/battle/model/battle_event.gd.uid","20","8370b341d9f16735a4d4996630054c5579e336c123816f190105251019599773","2026-08-17T06:43:34.9124965Z","runtime"
"godot/battle/model/battle_simulation.gd","20362","48ba3b6069b4a1f06294713591b092abdccc82723c0abc3e89f4b6dd8339d459","2026-08-17T13:36:30.1981238Z","runtime"
"godot/battle/model/battle_simulation.gd.uid","20","bb30364b56fe6e998187be10eaebec8b6f59b2ed5ac1687f325028bcf0a0ec50","2026-08-17T06:43:34.9204958Z","runtime"
"godot/battle/model/battle_state.gd","290","c2f545738c498fa7020619c09adbf1896a2c1a4ecc6cdfb48105239c94b3cd90","2026-08-17T04:43:24.3975778Z","runtime"
"godot/battle/model/battle_state.gd.uid","19","937f56a5f831056ebdadf4ec3f8166edc28be8492b6f9564a36ffbe9d3f7ccd8","2026-08-17T06:43:34.9264970Z","runtime"
"godot/battle/model/damage_resolver.gd","1855","402b024889c1a89d50f40b4cfae5bffaf60e243383b777d8d65b18c3d68a3509","2026-08-17T04:43:15.3229059Z","runtime"
"godot/battle/model/damage_resolver.gd.uid","20","ef03c1a45fb3b5c7c93b9d70f72557bf6c60686c91b9ee7db8449946f34d07a6","2026-08-17T06:43:34.9324976Z","runtime"
"godot/battle/model/healing_resolver.gd","338","5a34e4cef8b5a7f4ff08f4f2b1c7ea8f34607ee189659d44cf89f87b883c1ff9","2026-08-17T04:43:16.7971146Z","runtime"
"godot/battle/model/healing_resolver.gd.uid","19","71a44fd7df0dc7524895a3ca0331607f4120d9296bae4b333b235a15abf3a6cd","2026-08-17T06:43:34.9374963Z","runtime"
"godot/battle/model/skill_runtime.gd","468","f113bdd95a7bea8e2f5cb74c6df85c9b1702f78ebc07b4a3ff5ec1cbf2bebef7","2026-08-17T04:43:21.2353749Z","runtime"
"godot/battle/model/skill_runtime.gd.uid","20","0a74db87483920818b9e88512952de96de3405cbee06fd89b1314065c28dd29e","2026-08-17T06:43:34.9434962Z","runtime"
"godot/battle/model/status_effect_runtime.gd","3836","748cb3230c926d39c2ef2748eb51c4dd7fd6fa50d251e8e91706f523d1cdf251","2026-08-17T13:19:12.2345594Z","runtime"
"godot/battle/model/status_effect_runtime.gd.uid","19","131f64072e41cb551851d56dd644b12b4bc9fdbc84f83a0a88ad2eb0cf4aa663","2026-08-17T06:43:34.9494957Z","runtime"
"godot/battle/model/target_resolver.gd","1064","21260d1025ddbff209aafc28233cd392389d1b63fa4a46439afb3f1be8d1852a","2026-08-17T04:43:18.2740557Z","runtime"
"godot/battle/model/target_resolver.gd.uid","20","03b7e8b661515d13b06bdd85310088cbad06eb16299674e78d722467a070a3a2","2026-08-17T06:43:34.9554956Z","runtime"
"godot/battle/model/unit_state.gd","400","97d29d36b5384942b0eb91d9daf1a533e8ed095b8f998f7d474ced0d0eed40c0","2026-08-17T04:43:13.8375806Z","runtime"
"godot/battle/model/unit_state.gd.uid","20","dba13e41ddabbe230090bff36c88aef945e9385104761d772b5c8b653fa9a189","2026-08-17T06:43:34.9614962Z","runtime"
"godot/battle/model/wave_director.gd","373","69986b873d86826fa73da306bd5d2dad064540e96d54970f838f44bd4ad545a0","2026-08-17T04:43:22.7395054Z","runtime"
"godot/battle/model/wave_director.gd.uid","20","d9f0fc88378a8c6e1dcf805de608b15895b0cd4a6adbfb0e36cdd155c3e19cf8","2026-08-17T06:43:34.9664967Z","runtime"
"godot/battle/scenes/battle_root.tscn","291","2d7ff800c9251d67155deb6edb30edc65c6f8ed1ea2464396707e3491f6d3341","2026-08-17T04:47:39.3092872Z","runtime"
"godot/battle/scenes/enemy_unit.tscn","73","d5149902ee68c0f55fb1b9a0223d4399727745b30166adb0727a67634de8e4a3","2026-08-17T04:47:42.2116424Z","runtime"
"godot/battle/scenes/player_unit.tscn","74","8caf0aa63a082587b08d853841cbbc7ceec3d18f7e0db77723a9fd3eb4d9deec","2026-08-17T04:47:40.7609845Z","runtime"
"godot/battle/scenes/projectile.tscn","179","576b66797894929e8c5b1141d8ef3dc1a83621426f7b49180760ab18b0bf5a93","2026-08-17T04:47:43.6867688Z","runtime"
"godot/battle/ui/battle_hud.tscn","152","0b7fdfe9ce0fe8ef7431524058ebe6390fdc407351e59b815fb20452b44718e7","2026-08-17T04:47:46.1623946Z","runtime"
"godot/battle/ui/pause_panel.tscn","84","a3488698b8b457c54dcffa9b968c7c2d5f9f10c50d5c34f7dfb004f7d824260b","2026-08-17T04:47:50.6191528Z","runtime"
"godot/battle/ui/target_selector.tscn","65","ad45cc4afd86014401cfd19714a5355a04a06a21bda51e7c047e3e15638f82cd","2026-08-17T04:47:49.1757357Z","runtime"
"godot/battle/ui/ultimate_button.tscn","121","a9784e34006c64fcb14391423126424e86be566e2bbf39fe3523e4ac7df61bbc","2026-08-17T04:47:47.6543444Z","runtime"
"godot/battle/view/battle_sprite_library.gd","4897","b97ed6f679b631b97a2240b8d7f7f279cc3132b8a86f63279984004ec4550248","2026-08-17T23:30:16.8150932Z","runtime"
"godot/battle/view/battle_sprite_library.gd.uid","20","c33bc939f177494cf3e0f451acd241a4819fba152a3026d0b16f5b89f4ea9b0e","2026-08-17T11:50:12.4628528Z","runtime"
"godot/battle/view/battle_view.gd","23768","2cecbb850b71e0e541f1535e8972f40faec2f037e8a12000c11a1f09b2c47d0b","2026-08-18T02:39:05.8446365Z","runtime"
"godot/battle/view/battle_view.gd.uid","20","a9112d53432ba984a1867344beb68c81caeddcf9008763165be5ca1c7f072d17","2026-08-17T06:43:35.0134957Z","runtime"
"godot/battle/view/battlefield_camera.gd","246","537780976263d5d832d0537ef692833711590cf32bcc9ec8353dab1b5e2fcc69","2026-08-17T04:47:36.0389008Z","runtime"
"godot/battle/view/battlefield_camera.gd.uid","20","8b9242c0437051a8e83254ccb4dea852ebbe720d383f595a3bb9f9b355f3ae0b","2026-08-17T06:43:35.0074958Z","runtime"
"godot/battle/view/floating_text_pool.gd","286","944664579fbbd61fd592680862896a8c8f9d9486311b83adf11d6514b1d81857","2026-08-17T05:06:31.4047537Z","runtime"
"godot/battle/view/floating_text_pool.gd.uid","20","216bc020d9d5236dbc18d51637e52be03a0723250b7ae9678153fd1e4a3d648f","2026-08-17T06:43:35.0224958Z","runtime"
"godot/battle/view/projectile_sprite_library.gd","2977","1f96c85ee5ff4b89095ca4030439b278e4c8fb204040aed1622d8057f8449660","2026-08-17T13:02:10.9213366Z","runtime"
"godot/battle/view/projectile_sprite_library.gd.uid","20","7ebf346c1f9acc385726f01872b1ea22a9137d5be46d523f8f44af9dba77889a","2026-08-17T12:45:25.1347524Z","runtime"
"godot/battle/view/projectile_view.gd","287","16487272fb3a50a2ee165f0d4dbc827bebc987f14585c2a33e7f200c14ecc2e0","2026-08-17T04:47:31.6731384Z","runtime"
"godot/battle/view/projectile_view.gd.uid","19","4ca077be3e7428af88fd3c693322fe2c543e1768196edea2c69609d9c67327da","2026-08-17T06:43:35.0274960Z","runtime"
"godot/battle/view/unit_view.gd","681","ac0976d2461f0fff00d24286bb41c74a062f68a030a8a7f8e8581ba406d7de4f","2026-08-17T04:47:30.2031321Z","runtime"
"godot/battle/view/unit_view.gd.uid","20","72a3a759d30b4e29ef1e24ddca2604f40c588072a9f20713dcb728cfe3328f2a","2026-08-17T06:43:35.0334955Z","runtime"
"godot/battle/view/vfx_pool.gd","279","aee41b1482904f88bab2fda4369fe266ca80de0063657bdeab3ae4000059d0e0","2026-08-17T04:47:33.1265394Z","runtime"
"godot/battle/view/vfx_pool.gd.uid","20","99f38ca1c72a784a36822c7de11dd141febb504dbe33a73379d606662ace2675","2026-08-17T06:43:35.0394970Z","runtime"
"godot/core/deterministic_rng.gd","734","260d157f360421befe5b090656998a49f8b03811e444e15f748a57dc0c46c565","2026-08-17T06:53:00.3991635Z","runtime"
"godot/core/deterministic_rng.gd.uid","19","9e8cea8b84393802be6e99968ebb1717cda185017556ed734bf698999ba74b59","2026-08-17T06:43:35.0444966Z","runtime"
"godot/core/event_bus.gd","210","e5d6a9b2e76f56e52184a917a20518282fdd2e8ad16455becf3e119caddc6bf3","2026-08-17T04:34:43.6461079Z","runtime"
"godot/core/event_bus.gd.uid","20","f91669d59f15aeeb25c39ec0097b170838379bdd5866f6918c6a4eb31bd997da","2026-08-17T06:43:35.0514957Z","runtime"
"godot/core/id_types.gd","480","a1316d9b8c2687c7964d6164b3973d75799285b6b2bf5db87fe6ce1561df6df8","2026-08-17T04:34:39.3517178Z","runtime"
"godot/core/id_types.gd.uid","20","f9532c5b9456468a5b5a6bd8c36422f937f4eb31a66bed7935e0c3c1d0f0a47a","2026-08-17T06:43:35.0564967Z","runtime"
"godot/core/math_util.gd","608","564c15caa672dbb55bc51936e941a8834f67c30163ad87ffdc717a3ce9fdc87e","2026-08-17T04:34:40.7970056Z","runtime"
"godot/core/math_util.gd.uid","20","8deaf3748b8b6e8214ea42da8e925e24291c35e74d1594e3622cbc76fd7b4761","2026-08-17T06:43:35.0604956Z","runtime"
"godot/core/result.gd","367","099ba3ce132b1011b4262d59c4b4e6fbc62f21bc82af4b62574e7949f56a8bc4","2026-08-17T04:34:37.9269145Z","runtime"
"godot/core/result.gd.uid","20","18506a27f55eb4a7c8965274eb94c995a9b96098afee9a52962fa726b43f9e49","2026-08-17T06:43:35.0664956Z","runtime"
"godot/data/compiled/game_data.json","110839","6fab66da3a49372808ef5729cabfbb43a4667bf2f79aa13b7a22c4524acaa473","2026-08-18T04:19:01.1123098Z","runtime"
"godot/data/compiled/localization.json","18864","804f9fefa256eff0e72b09c14f945f6eb9248fd0206cd622999794c621a2ada1","2026-08-18T04:19:01.1113074Z","runtime"
"godot/data/definitions/affinity_matrix_def.gd","83","0f8b4516342bf2f5b2144d798dcafdf7f197e39e7852f914d1c2b0874fa69fe9","2026-08-17T04:55:47.6667259Z","runtime"
"godot/data/definitions/affinity_matrix_def.gd.uid","20","166047cebcf865487f954591b700d46ffde0d3f58a43a9f818e1c53c3a14b897","2026-08-17T06:43:35.0764957Z","runtime"
"godot/data/definitions/chapter_def.gd","208","2c7424a23320d44bcedc43a8fd2eb674e4fced3d546b030636ca70fdfc66151f","2026-08-17T04:55:39.5521026Z","runtime"
"godot/data/definitions/chapter_def.gd.uid","19","2e0630ebfb5eb16cc729692737fc53bd08775dd0cf3a2b4d524f1322853c4faa","2026-08-17T06:43:35.0824970Z","runtime"
"godot/data/definitions/character_archetype_def.gd","147","8af958c5cec801ea542ea6630ecda646a73d7dfe8a1e5882a9da0a525107cb4c","2026-08-17T04:55:31.3808226Z","runtime"
"godot/data/definitions/character_archetype_def.gd.uid","20","c9eec0aa772f02e8a6d34f4306a6ea8edcc6425466e08a9f3921ce5a6828015f","2026-08-17T06:43:35.0874983Z","runtime"
"godot/data/definitions/character_def.gd","516","4ff27775ae805c5ae5e2da1e3fdbdb13a06aa1505f3fea445357e511460f090a","2026-08-17T04:55:29.7548254Z","runtime"
"godot/data/definitions/character_def.gd.uid","19","a2a739e8f3e80fce14d98074225e5a3c9bfa14e3262ad8e9630d8f5f8e8d44e5","2026-08-17T06:43:35.0934960Z","runtime"
"godot/data/definitions/enemy_def.gd","224","c95abcd7b56c1a37fa206815bedc18b7e65e790ee8671431edc51f61578586dc","2026-08-17T04:55:36.2333088Z","runtime"
"godot/data/definitions/enemy_def.gd.uid","19","93968bdda39192119c8bd63097863817e51d2db365a439c0ed08b0646fd1b6ef","2026-08-17T06:43:35.0984954Z","runtime"
"godot/data/definitions/item_def.gd","170","2dbd15819549a8700564962e2348084bdae4e5590bfc8aba09d3dee6732c2359","2026-08-17T04:55:42.8389948Z","runtime"
"godot/data/definitions/item_def.gd.uid","20","b61ae9449c6128d16ede057c15ad8e1fa15cf3ca6cc9c2c50fe1b8d531d40978","2026-08-17T06:43:35.1034963Z","runtime"
"godot/data/definitions/reward_table_def.gd","202","0688b102b777177bbd127d4599f1d4596cedb50c73ebf48834f9fd435fe223b1","2026-08-17T04:55:41.2063245Z","runtime"
"godot/data/definitions/reward_table_def.gd.uid","20","e2465f36ed823dfb9f6ce287a2f45c0fe92684838bbdecab654f307d456610b3","2026-08-17T06:43:35.1084968Z","runtime"
"godot/data/definitions/scenario_def.gd","164","f7c2ca42f18551a2efa24a799f5a55800384c17fff46a16ce7a5503d7a7f8be2","2026-08-17T04:55:44.4826697Z","runtime"
"godot/data/definitions/scenario_def.gd.uid","19","6d0341768c4aaaeed34f80b3d57f0eddd97f3e8bd24f77bb20f6560307104fd3","2026-08-17T06:43:35.1144973Z","runtime"
"godot/data/definitions/skill_def.gd","303","8c323bf005214a41112afaa04e51e60f0e65cf1e2cc03e80fc24c569f550bc5f","2026-08-17T04:55:32.9275324Z","runtime"
"godot/data/definitions/skill_def.gd.uid","19","b47e607052c624123b6642bc1f547f8cbcffa62e44f2edf944d6954387d60117","2026-08-17T06:43:35.1194956Z","runtime"
"godot/data/definitions/stage_def.gd","275","5558181e7e3f09142189007c2eb826aed8ca7c3261edea3e79a5ef388e2cd4ac","2026-08-17T04:55:37.9546050Z","runtime"
"godot/data/definitions/stage_def.gd.uid","20","4ad57181e2f712cb05c82f07bd05748631273951495e981aedc5e879f9867405","2026-08-17T06:43:35.1244962Z","runtime"
"godot/data/definitions/status_effect_def.gd","335","f125f7e75053b3675a61180cf5592d3c404db5194a48a5b5e111b97a30f08aa5","2026-08-17T04:55:46.0727104Z","runtime"
"godot/data/definitions/status_effect_def.gd.uid","20","d7d5bd05d1e0ce26cf4bf42d815a662afc8f9cca29013c527eab8d5f64895996","2026-08-17T06:43:35.1294953Z","runtime"
"godot/data/definitions/weapon_def.gd","216","15dea42ea8db844b1846e4d58b6137eeb2b68394d4e8ff05f1e54645e076074a","2026-08-17T04:55:34.5930566Z","runtime"
"godot/data/definitions/weapon_def.gd.uid","20","93c21ae75aa8d9a7fe973e06cddb5f12021c10c46cfd1121ad7c1e5e210cc80e","2026-08-17T06:43:35.1354956Z","runtime"
"godot/data/migrations/migration_000_to_001.gd","117","b54e060f120d98d185a2e1e9cc97f78c7eaa87ebd6cffd645d5f189b51fc7ea8","2026-08-17T04:40:30.2138905Z","runtime"
"godot/data/migrations/migration_000_to_001.gd.uid","20","b824ee0dfc15025c714c556ca9b16119db83a379659b627e0beac7b0dc7e44d8","2026-08-17T06:43:35.1404958Z","runtime"
"godot/data/schemas/game_data.schema.json","485","b266460b39bccd73922df036f4c01f86820df587968cef32a41d3c744dcaf9a6","2026-08-17T05:05:10.5692583Z","runtime"
"godot/data/schemas/scenario.schema.json","356","c014ad080d434b614e3a5e818223139a9c5c9a79a78d2e1e15f38a4f92794b9a","2026-08-17T05:05:12.4166780Z","runtime"
"godot/export_presets.cfg","3016","6b003ab13fd4a156c83c71fab4ec8b12e8af333166837599ea632b98a2e6ac5f","2026-08-18T02:20:41.5020334Z","runtime"
"godot/localization/en.csv","6920","4afcb4835cec327e16c7879cd9cd02a7266f528172584066405d890697dfb19a","2026-08-18T04:19:01.1103091Z","runtime"
"godot/localization/en.csv.import","315","81d0f4bd638772e7d819c1d24dc482854d2576f46000cf588fd8f92c8cdca576","2026-08-17T06:43:35.4644960Z","runtime"
"godot/localization/en.text.translation","8373","6886e92b118c70e65d087128afd4a10ac6a1aa30a0ad9c7bd4909d975f9638be","2026-08-17T06:43:35.4624964Z","runtime"
"godot/localization/ko.csv","8537","c913bcb13a5ea3ef2d41217ca7221b0671d6c67ead81755db9caa3554740a6ed","2026-08-18T04:19:01.1083108Z","runtime"
"godot/localization/ko.csv.import","314","1a6ebd9f36c9243fcfad78ea2b99c70c24066e4c31ebe0c7b40321338817a601","2026-08-17T06:43:35.4574999Z","runtime"
"godot/localization/ko.text.translation","10149","5788f05a4552c52e093426a8fd8455f52bc9b95b99c2e69ccaaa7b6ce1403667","2026-08-17T06:43:35.4564995Z","runtime"
"godot/progression/account_progression.gd","528","b330e6181a948175d53e5c416645336a0140965bff81084f6351b9ed20f3d6da","2026-08-17T04:44:46.4356810Z","runtime"
"godot/progression/account_progression.gd.uid","20","0c0008950704997e3efdcb412c8f7f64ba11de1f1a1254b27598951ad30b7c81","2026-08-17T06:43:35.1544956Z","runtime"
"godot/progression/breakthrough_service.gd","1179","e06565679949fcef432e22f8fca294994b0e53b98c358ba742519df355695619","2026-08-17T13:24:40.3315062Z","runtime"
"godot/progression/breakthrough_service.gd.uid","19","e2e0647041cead1170a7a5b5cbe3477b968be4ebab0981400353cb4091e8e71e","2026-08-17T06:43:35.1594959Z","runtime"
"godot/progression/character_progression.gd","3227","f9431650758a71d26b5796d09395e3737edfbe9a70183c914e0bcf445bc8a1d3","2026-08-17T13:19:52.1847719Z","runtime"
"godot/progression/character_progression.gd.uid","20","00293a2adad35720ff4c25eb5d8eb4a56bc2524678c443d9878d4c27079b3ac6","2026-08-17T06:43:35.1644963Z","runtime"
"godot/progression/inventory_service.gd","404","66f1c87d116692e1dd35589c41658220c3e5bd2a5f165cfc9877cbc5237586ac","2026-08-17T04:44:44.9259371Z","runtime"
"godot/progression/inventory_service.gd.uid","20","7c85245737128ef9643f656265f155d6b53898f00a6c0d7c848e1a28a3a85ae7","2026-08-17T06:43:35.1694953Z","runtime"
"godot/progression/relationship_service.gd","446","62a5a847600ad10f2170df53de5df3a8af59a8a81ecb3bfbedcde0b10422406e","2026-08-17T04:44:55.5061973Z","runtime"
"godot/progression/relationship_service.gd.uid","20","aff323bc5a23ebb52137b17d131d1a5c1075828ee31a30ceff680d23b7330f6c","2026-08-17T06:43:35.1734961Z","runtime"
"godot/progression/reward_service.gd","1985","2ddaff1bfcb7d356b49bf74b64326974a26d7f75faa562e5bad8e1daf9892b7e","2026-08-17T13:19:20.5665530Z","runtime"
"godot/progression/reward_service.gd.uid","20","6788b3af73d045a8b0d0fefab3fb82df424f0e579df3d0fcf081b3ec7054f661","2026-08-17T06:43:35.1784966Z","runtime"
"godot/progression/skill_upgrade_service.gd","2042","7693f6bec836b30b2a1115b66699e7b1fb4cb3a7b0637b26deaae1bea9998163","2026-08-17T13:24:38.2432934Z","runtime"
"godot/progression/skill_upgrade_service.gd.uid","19","de20802b5d369e398209f3fe58166dd520b71de0d436632df2f167111b387016","2026-08-17T06:43:35.1834963Z","runtime"
"godot/progression/weapon_upgrade_service.gd","3655","ddb912cbac3c3791e810d8ddde2d82c1791afdbae6c7608a965231ddd8664705","2026-08-17T13:24:42.3320968Z","runtime"
"godot/progression/weapon_upgrade_service.gd.uid","20","4ebc0d23b16aa77feaf8ca26b916880a10828afa7ca97d69d2d19debd218d3a4","2026-08-17T06:43:35.1904963Z","runtime"
"godot/project.godot","1514","9593f0b53b1f43336de35c9f4a190b6806ce19d6f3719b02522828a2da898bc3","2026-08-18T03:22:01.7116886Z","runtime"
"godot/screens/app_shell.gd","60660","fcece2b2c9355f93660c7fa3c5fa511151092a2d44bc836f2f026e269a666531","2026-08-18T04:33:30.9974124Z","runtime"
"godot/screens/app_shell.gd.uid","20","a5ce2746e242a6a500aabe40f2efc8e543c84a2c8d86b5a65dc9ca5198c0a5f4","2026-08-17T06:43:35.2074951Z","runtime"
"godot/screens/boot/boot.tscn","283","81f444eeefe60eccce05d128dfd2bca74db4423dd2493a74c9ea3514a1e980ba","2026-08-17T04:34:35.5525128Z","runtime"
"godot/story/scenario_parser.gd","1021","a785e2fbb2b5d03c5b9247650d479399b52cdb2a569742d99e7463caa297ad1f","2026-08-17T04:46:14.2498874Z","runtime"
"godot/story/scenario_parser.gd.uid","20","68b4c96cc70f33acd4e0031d759325f35fddcade4b04acd595fb313fa2b5f98d","2026-08-17T06:43:35.2134957Z","runtime"
"godot/story/scenario_runner.gd","5151","c29dc8e0391d41e41ff9956f36650f110dc7ac37b34cdd4a4bfcd098475575db","2026-08-17T13:28:40.3332385Z","runtime"
"godot/story/scenario_runner.gd.uid","20","c1f7cce5e7ba475d556f49f12293250b1ece5ba2116b2025bc73e4492986d9b4","2026-08-17T06:43:35.2184970Z","runtime"
"godot/story/scenario_state.gd","504","64a8811aa75b38228b68a912acd26ac3aeea6b835a61b6c42256af5c5a0ff9fd","2026-08-17T04:46:12.6987413Z","runtime"
"godot/story/scenario_state.gd.uid","20","d6c71c96a99b2bd35661dad314b996b025cf668a193319349247d03dff303ce8","2026-08-17T06:43:35.2224953Z","runtime"
"godot/tests/art/test_premium_art.gd","4829","909ef08923a72e15b3c4b48c15c074450bd2324d98bd0d4fc5176e8b94bee91b","2026-08-17T23:36:28.5624148Z","runtime"
"godot/tests/art/test_premium_art.gd.uid","19","e79c20daa5848c6390071fb001d664bc7cb42e55a8cc47d69ceb3d9500b94bb5","2026-08-17T23:37:39.0221960Z","runtime"
"godot/tests/test_runner.gd","27881","1745719a45b63da8c7bfb26d35fead1633e751de3e85566100c86974d46f6ac5","2026-08-17T13:34:02.8099230Z","runtime"
"godot/tests/test_runner.gd.uid","19","ac1cc64ad9b3447e843bf9ce20bb1a3ee51f65ab7be8fc972eddaa251e8bb888","2026-08-17T06:43:35.2294958Z","runtime"
"godot/tests/test_runner.tscn","200","980fc4e877bdb64f596e87330c84b739a9fae061a77247c5cf03b3a7361262d0","2026-08-17T06:48:49.8768913Z","runtime"
"godot/tools/balance_factor_probe.gd","4555","8fd30f2bc725ca61942918fc6d95687799eccbaf168d89cccff45ddfa2bef9cb","2026-08-18T01:06:27.9967562Z","runtime"
"godot/tools/balance_factor_probe.gd.uid","19","ced253d06fd9e1ab915cf5287cc2b16c4fcafdad48661eb9bad023b54ca34fd5","2026-08-18T01:19:36.9919346Z","runtime"
"godot/tools/balance_factor_probe.tscn","185","ddd5289be3a828cb50d0d78ea4e59b957fb889e11ec0603a40684e90fa954741","2026-08-18T00:38:29.6033739Z","runtime"
"godot/tools/balance_hardening_matrix.gd","9441","ac8bdd971c4919cb53b4b5ef68f6ad55206aa500c19dde5619166437824b5ff6","2026-08-18T00:43:22.8325858Z","runtime"
"godot/tools/balance_hardening_matrix.gd.uid","20","e9bf80b041729abb1567c41808892cd3f7a1e3a87641c510ccc75daf52e5e785","2026-08-18T01:19:37.0019350Z","runtime"
"godot/tools/balance_hardening_matrix.tscn","193","1a57fd15f96c45327df664757a798b37817d8ba826f4bc3778d9f023ce68dcaf","2026-08-18T00:32:26.9619451Z","runtime"
"godot/tools/capture_visual_qa.gd","3748","30966b6fc7a69182145f927065a7e419ac4c4f428c9e514fa56e817d926450e3","2026-08-17T13:50:08.3761422Z","runtime"
"godot/tools/capture_visual_qa.gd.uid","19","caa338d6eaa34318ba000fdfcd0c39ddd2523a3b44fbd535e799f21837597573","2026-08-17T08:34:57.8476085Z","runtime"
"godot/tools/capture_visual_qa.tscn","179","6282b5326349de564a18ce2cfecdc3be2311d7031a97dfa29f84edf824676a27","2026-08-17T08:25:20.5733944Z","runtime"
"godot/tools/create_chapter_template.gd","610","2cccbe437520866ea7fa1719762ddc95475b936540e6b228319fbed1e271ee65","2026-08-17T05:05:03.1906204Z","runtime"
"godot/tools/create_chapter_template.gd.uid","20","d799c2967ebce8afb868aa18956b7588bbbbcfd165f7055b0a64d96b5d634674","2026-08-17T06:43:35.2334965Z","runtime"
"godot/tools/data_compiler.gd","1303","fc3708fc211989721a9ae3f4a0d2b426ee26f070e78601e2844c9e500a8c0819","2026-08-17T13:15:38.8231202Z","runtime"
"godot/tools/data_compiler.gd.uid","20","f7a1c5e33def0d63b30bd6dfa5f41ba3bb45f3e761333b788dc8231e7a670c0f","2026-08-17T06:43:35.2384987Z","runtime"
"godot/tools/export_balance_tables.gd","881","9f32ca9906614faaa42ddc73aa5d510fabf3839fc823c8c2986f5964fa541163","2026-08-17T05:05:05.1650091Z","runtime"
"godot/tools/export_balance_tables.gd.uid","20","6dc67f5382fd44e872b74bfb72dc7dbc560630c2f8de6d656b3c8596c0b5e50b","2026-08-17T06:43:35.2444966Z","runtime"
"godot/tools/load_test.gd","3473","521b62bec788a590f35d8d733dbdbe48700a5e003c5becd546804cc8df8388e9","2026-08-17T13:36:32.0993080Z","runtime"
"godot/tools/load_test.gd.uid","20","37976a9bdbb39c4c28de499d4579971fdeee29cc0dd42f549e18d3550df751a1","2026-08-17T13:37:12.0357472Z","runtime"
"godot/tools/load_test.tscn","164","ce74d4337c223eed9ffdf6cde784b56eefafea8c9f668950297e54e5eb54b121","2026-08-17T13:35:19.7439436Z","runtime"
"godot/tools/simulate_battles.gd","3005","0e3a3f10d82b49f572323334411dbe0b3f47b0561ac5fbfe03df29614976846d","2026-08-17T13:33:44.5358743Z","runtime"
"godot/tools/simulate_battles.gd.uid","20","0be0ec0582eb0dc72b022ca3619fcd7cf9c0de5ddf093cb5fc1c20a40b2d4ef8","2026-08-17T06:43:35.2494953Z","runtime"
"godot/tools/simulate_battles.tscn","178","c032eb6831658de0908cf666caec352b793a803227c06b4a3742a78bef887b7f","2026-08-17T08:41:00.2974979Z","runtime"
"godot/tools/validate_all.gd","1298","48b7b6343c92f4a0434c1d3b3d74ff62bcbafbceb97fd506b916d964a9350f14","2026-08-17T05:04:57.1669153Z","runtime"
"godot/tools/validate_all.gd.uid","20","2f923a7d29f2b285adc38d58c6ad5685879c5fc407325f31a1dea8fbc5c92709","2026-08-17T06:43:35.2554961Z","runtime"
"godot/tools/validate_asset_manifest.gd","741","d0a66cde16bc5c0851136f90935ec78b6fc5f9cf93fd4f62c5e8dbc52bc2e96e","2026-08-17T14:04:45.6384391Z","runtime"
"godot/tools/validate_asset_manifest.gd.uid","20","4ea9e7bdef9a8f999c129ee0ceb92b81af473032682da0cdb223e66419fda2ce","2026-08-17T14:08:52.2901580Z","runtime"
"godot/web/offline.html","719","187b97136e9b21107aa67f48969b782471ea934caf688348420fa06ef99b64e3","2026-08-17T09:08:40.4069687Z","runtime"
"README.md","1800","8d6fb435fafa49a4a62c34143d3bb949af7695469c3e541fc846bc469270031a","2026-08-17T09:46:48.5036374Z","source"
"reports/art_next_phase/ART_GAP_MATRIX.csv","3517","3a100d70fb729358e7c81868ba5bca06c7487b6d19292c2f6775acc616ee3f55","2026-08-18T01:40:32.2018270Z","report"
"reports/art_next_phase/ASSET_FACTORY_PREMIUM_CAPABILITY.md","839","49f0316a34fdac09f352fab8808e1c83f701bdbb5026802f82fd53d7e58baa22","2026-08-18T01:40:32.1998263Z","report"
"reports/art_next_phase/ASSET_LINEAGE_AUDIT.csv","1910","f0a2f0951296e2fa670ba0c2219cfb1164d64e3a3125ff2a9476dd7914aced18","2026-08-18T01:45:41.0326457Z","report"
"reports/art_next_phase/BLENDER_RENDER_PIPELINE.md","993","e3e8b6065e671efd0efb92d18792f1283d1e899aba9e3a84a569e0007d32d32a","2026-08-18T01:40:32.1998263Z","report"
"reports/art_next_phase/CURRENT_RUNTIME_ASSET_MAP.md","582","65c4f4b063470b430a860bebb2f5092b29fcd11ecea03902face944f5ba35741","2026-08-18T01:40:32.2008267Z","report"
"reports/art_next_phase/FALLBACK_USAGE_REPORT.csv","195","1dc2ec8f4d299cdd667fda2c6c704171bbbfb6b9d716dc05540bb409dad763d1","2026-08-18T01:40:32.2018270Z","report"
"reports/art_next_phase/REUSABLE_COMPONENT_MAP.md","646","ba602429932d359f3bd3eebb9ea8739662c866e7e9c08b4eb429a9a4521a1895","2026-08-18T01:40:32.2008267Z","report"
"reports/art_pipeline/COMMERCIAL_MODEL_LICENSE_AUDIT.md","2796","12f632b942c6431e0e1f55e1a74e7c1b982bc2726afd2d6621aae3bba58bae7e","2026-08-17T07:19:50.9729450Z","report"
"reports/art_pipeline/LEGACY_ASSET_BASELINE.json","24697","3d28ec1da464fc125f1b5c411c416385dfd85289cf5ebd6c0ecfb7941a986509","2026-08-17T06:12:38.2138333Z","report"
"reports/art_pipeline/LOCAL_MODEL_DISCOVERY.md","3204","48bf1a0cf5c4c2c368a480e5a53bcc1cef969d42f59c9483080fc7f5c61d6cb0","2026-08-17T07:19:49.2455578Z","report"
"reports/art_qa/COMBAT_DIRECTION_AND_ANIMATION_R21_R26.md","2688","aabeff2b3a1e9c5ca86e11859c47a227e106753ec9928d703240eaa3f62b64fd","2026-08-17T11:57:10.2246602Z","report"
"reports/art_qa/COMBAT_PARTY_R27.md","3305","ea9cd48278cd94fbc4aefe800f5e5294f0f6f13b7a72e1b5ab2587f200eb557e","2026-08-17T12:30:55.5609397Z","report"
"reports/art_qa/ENEMIES_AND_PROJECTILES_R28.md","4543","9f4beaab888ae214bb20ba04232b182ca1d165287fd5b831ac1668d5b5e6cd05","2026-08-17T13:09:45.8413076Z","report"
"reports/art_qa/enemy_projectile_r28_preview.gif","511740","fe94c17b72d66e613cb1cc671e0139d302bcf1b892e2f6a8c23cb3f4dd138068","2026-08-17T12:49:46.5057306Z","report"
"reports/art_qa/LOCAL_CONCEPT_REVISION_01.md","1171","5452b3663cebd8987a40fb5b677fed30b089fca3349451052ccf61516345d715","2026-08-17T07:04:37.4198996Z","report"
"reports/art_qa/LOCAL_CONCEPT_REVISION_02.md","842","4e294c418f897bc900c311a7295df48a200faab46184097cf52861aeb3084abc","2026-08-17T07:10:14.4992853Z","report"
"reports/art_qa/LOCAL_CONCEPT_REVISION_03_INPAINT.md","1286","fef9ec80fdd81f44a634414c6490e2350759d74da49f9e546a09b93c1d6afcb4","2026-08-17T07:36:44.4458157Z","report"
"reports/art_qa/LOCAL_CONCEPT_REVISION_05_POLICY.md","1603","973b9032e35e03f43bdcf35d6305583c6bc92828be78c104d34007f606e4942a","2026-08-17T07:50:55.6564998Z","report"
"reports/art_qa/LOCAL_CONCEPT_REVISION_06_CONTROLNET_ROLE.md","1260","dc6b9dc1528bd547bb2ef6f63541625f59da8513f75be2630da35b22cbc8e087","2026-08-17T08:04:12.7448827Z","report"
"reports/art_qa/LOCAL_CONCEPT_REVISION_07_DEPTH_ROLE.md","1265","b6ffddc73fb22116cb66753bcc10f9b587fd91cf3c66120e6317c431346d46ef","2026-08-17T08:17:54.0442784Z","report"
"reports/art_qa/LOCAL_CONCEPT_REVISION_08_10.md","1782","1d6af765e46d6611dd7de91d3516b78dc46099ce965e4f72665d34319c02e26a","2026-08-17T09:56:34.0776585Z","report"
"reports/art_qa/LOCAL_CONCEPT_REVISION_11_15.md","2661","1079b21d9cde05f27ccb0b77ae1c3a88183821f1b5e6a71d0a3407b56a6bf020","2026-08-17T10:33:32.3231178Z","report"
"reports/art_qa/LOCAL_CONCEPT_REVISION_16_20.md","2640","58b12140a02577c8f631d9feb570f8f2df5615dcd47175f22265e7cb9a2d9716","2026-08-17T10:59:43.1554622Z","report"
"reports/art_qa/party_r27_animation_preview.gif","3596743","e0c025e95995eaada8c07e76117a4382d359714bde3e96ceac1afc5eff589e19","2026-08-17T12:29:50.1585020Z","report"
"reports/art_qa/player_projectiles_r28_preview.gif","136643","b493db929224819add18820e2a9d59d4aef8af224e1c3dff575a13b7d221df5f","2026-08-17T13:03:28.6154615Z","report"
"reports/art_review/BACKGROUND_SCORECARD.csv","277","d2af9c3c39e402b02f874fec9d14318b7a7a84c71882a26269fda091ab65d41b","2026-08-18T01:45:44.9801901Z","report"
"reports/art_review/BLENDER_SOURCE_LIST.txt","1274","3f1695bbefcedf5be5e2180308d469f5fefe4710ccd2e70986154242cc666c26","2026-08-18T01:49:25.4779993Z","report"
"reports/art_review/contact_sheets_r5/PILOT_BACKGROUNDS.png","1196747","310205269fbf3f9cbdce326605b2c45e68196e625f2baf29626e790017ae48b1","2026-08-17T23:59:58.9128863Z","report"
"reports/art_review/contact_sheets_r5/PILOT_BOSS.png","514750","05d650560dd1030405273a9531a4cd48cd3375834c8cd9f37bf750e28ef89745","2026-08-17T23:59:58.0480543Z","report"
"reports/art_review/contact_sheets_r5/PILOT_ELITE_ENEMY.png","622910","669abfb1927119321c41477fed55721fb2dec755ccb4916e8d96963afcfcdb67","2026-08-17T23:59:57.7460543Z","report"
"reports/art_review/contact_sheets_r5/PILOT_EVENT_CG.png","1079336","3e8fcba401335d8342d154dfa76cf4f74f357bc06e9d5f9e9973dd137708366e","2026-08-17T23:59:59.2958863Z","report"
"reports/art_review/contact_sheets_r5/PILOT_EXPRESSIONS.png","1749988","139338fe2be225053ac33ed604b67b930e27a942d4d13f7a50d87bebab738a86","2026-08-17T23:59:55.5689080Z","report"
"reports/art_review/contact_sheets_r5/PILOT_FACE_CLOSEUP.png","757293","abf5cfc5bd6c491402c190d12ed1a3a7b6d8ebb56ba0727ffedeb0e90e1f2e06","2026-08-17T23:59:54.7150488Z","report"
"reports/art_review/contact_sheets_r5/PILOT_FULLBODY.png","1186246","be935504451f7f38b560ba90aeda4e4e0e5c2c0d4ea18b4412bae47879836459","2026-08-17T23:59:54.2590779Z","report"
"reports/art_review/contact_sheets_r5/PILOT_ICONS.png","909201","3e1011c457aa9b8aa9bf226245731e48ceab4d957ec53621efaf3eaf184bf203","2026-08-17T23:59:59.6138865Z","report"
"reports/art_review/contact_sheets_r5/PILOT_NORMAL_ENEMY.png","663661","3d3cd59f1f6857c7cba6b29ac0d76032ced223c8c21e37af8b238ed32fa5a35f","2026-08-17T23:59:57.4200543Z","report"
"reports/art_review/contact_sheets_r5/PILOT_SD_ANIMATION_STRIPS.png","1662515","627f422d00a43da6458de14c2d040e74704cfceeab985bbd927fe02e46aba04d","2026-08-17T23:59:57.0757603Z","report"
"reports/art_review/contact_sheets_r5/PILOT_SD_KEYFRAMES.png","1177174","b1a594b5423b625368c9e60863f4a26d7f38bff0819b877653062b56cf2655f9","2026-08-17T23:59:56.2450751Z","report"
"reports/art_review/contact_sheets_r5/PILOT_VFX_R2.png","694390","2cfa46281505118c7bc01bc679deb76cab5fcc76c1158c115778e3e6424af46c","2026-08-18T00:12:21.2066590Z","report"
"reports/art_review/contact_sheets_r5/PILOT_VFX.png","803648","9976449811ea1fcd6744a0ca12c258ace327a1c14df9f700d8209ce61a7d9e47","2026-08-17T23:59:58.3686442Z","report"
"reports/art_review/contact_sheets/PILOT_BACKGROUNDS.png","1196747","310205269fbf3f9cbdce326605b2c45e68196e625f2baf29626e790017ae48b1","2026-08-17T23:43:43.0982170Z","report"
"reports/art_review/contact_sheets/PILOT_BOSS.png","506296","9633e9c0ccaa7014e64eabbffbf1968074ce6c75b0cc11977198329605c04232","2026-08-17T23:43:42.2114904Z","report"
"reports/art_review/contact_sheets/PILOT_ELITE_ENEMY.png","602389","e641b5da9b5e5f85d307c2f4aaca587030c21488e12cbade8f858d34ef651cf6","2026-08-17T23:43:41.9145088Z","report"
"reports/art_review/contact_sheets/PILOT_EVENT_CG.png","1079336","3e8fcba401335d8342d154dfa76cf4f74f357bc06e9d5f9e9973dd137708366e","2026-08-17T23:43:43.4780165Z","report"
"reports/art_review/contact_sheets/PILOT_EXPRESSIONS.png","1749988","139338fe2be225053ac33ed604b67b930e27a942d4d13f7a50d87bebab738a86","2026-08-17T23:43:39.7397436Z","report"
"reports/art_review/contact_sheets/PILOT_FACE_CLOSEUP.png","757293","abf5cfc5bd6c491402c190d12ed1a3a7b6d8ebb56ba0727ffedeb0e90e1f2e06","2026-08-17T23:43:38.8943158Z","report"
"reports/art_review/contact_sheets/PILOT_FULLBODY.png","1186246","be935504451f7f38b560ba90aeda4e4e0e5c2c0d4ea18b4412bae47879836459","2026-08-17T23:43:38.4475494Z","report"
"reports/art_review/contact_sheets/PILOT_ICONS.png","909201","3e1011c457aa9b8aa9bf226245731e48ceab4d957ec53621efaf3eaf184bf203","2026-08-17T23:43:43.7961146Z","report"
"reports/art_review/contact_sheets/PILOT_NORMAL_ENEMY.png","664791","2e7391dd610b43d7064b335b3ab39656c5525d797f5feab9b0c32df17ee50901","2026-08-17T23:43:41.5892902Z","report"
"reports/art_review/contact_sheets/PILOT_SD_ANIMATION_STRIPS.png","1704753","200a643ff282b3d639b5ab4e60c497437cca6fb4322e164a15411e6457e76c20","2026-08-17T23:43:41.2377991Z","report"
"reports/art_review/contact_sheets/PILOT_SD_KEYFRAMES.png","1154968","df59c690e19752e50875addc51aa1a2dd480995567f749bfdb95490bb21a8053","2026-08-17T23:43:40.3724836Z","report"
"reports/art_review/contact_sheets/PILOT_VFX.png","326285","1bfb0b1c7774f83228b293c0cd790d4753ac4abef9950997c03ca1a889d72d92","2026-08-17T23:43:42.5632580Z","report"
"reports/art_review/contact_sheets/R6/PILOT_BACKGROUNDS.png","1196708","c1cf54c4cc1330caa54805f1f051fd2af9b6c37497fdcc263b23e56a687028cb","2026-08-18T02:59:57.1652458Z","report"
"reports/art_review/contact_sheets/R6/PILOT_BOSS.png","523637","03236fabd6312b6f99a88c86e4f9374d18ad2f56ebc7df075fe9ac8e8f30e0f9","2026-08-18T02:59:56.2797402Z","report"
"reports/art_review/contact_sheets/R6/PILOT_ELITE_ENEMY.png","624416","3c8e81576cedbe0f2069e6570976b98fdcff3287f3770528d9df8fa72863294d","2026-08-18T02:59:55.9361969Z","report"
"reports/art_review/contact_sheets/R6/PILOT_EVENT_CG.png","1079346","b4805de93e15ad6e42c887ab356d9d0b47fddc5f3cfd05b653edad260c28a30d","2026-08-18T02:59:57.5622445Z","report"
"reports/art_review/contact_sheets/R6/PILOT_EXPRESSIONS.png","1749988","139338fe2be225053ac33ed604b67b930e27a942d4d13f7a50d87bebab738a86","2026-08-18T02:59:53.6028949Z","report"
"reports/art_review/contact_sheets/R6/PILOT_FACE_CLOSEUP.png","757103","f4a324f4e25a3665f7af0bdad3cd0ed3b16bdabb06cc83635a7d0eb909ac6870","2026-08-18T02:59:52.7168941Z","report"
"reports/art_review/contact_sheets/R6/PILOT_FULLBODY.png","1186373","fd8bff7d138ce19ffdb5909cfbb9ab5e8d184943489bb02cd9ff8ac4fdea44e3","2026-08-18T02:59:52.2399306Z","report"
"reports/art_review/contact_sheets/R6/PILOT_ICONS.png","909201","3e1011c457aa9b8aa9bf226245731e48ceab4d957ec53621efaf3eaf184bf203","2026-08-18T02:59:57.9098850Z","report"
"reports/art_review/contact_sheets/R6/PILOT_NORMAL_ENEMY.png","667707","0955813b1e0ac78bbfc09f4196f50563b7ff39bd5f2a79461a22b04c6fc47474","2026-08-18T02:59:55.5771971Z","report"
"reports/art_review/contact_sheets/R6/PILOT_SD_ANIMATION_STRIPS.png","1483177","04b959ee3e583287c016041c0ceb7d7146354782df0d2bbdd4e1a993a250af45","2026-08-18T02:59:55.1975724Z","report"
"reports/art_review/contact_sheets/R6/PILOT_SD_KEYFRAMES.png","1221302","037b92ab4561978bfe23ca065793706ed05d67be3507accbc25e8eb799775ede","2026-08-18T02:59:54.3066397Z","report"
"reports/art_review/contact_sheets/R6/PILOT_VFX.png","694390","2cfa46281505118c7bc01bc679deb76cab5fcc76c1158c115778e3e6424af46c","2026-08-18T02:59:56.5952449Z","report"
"reports/art_review/contact_sheets/R6P2/PILOT_BACKGROUNDS.png","1196708","c1cf54c4cc1330caa54805f1f051fd2af9b6c37497fdcc263b23e56a687028cb","2026-08-18T03:07:32.4318600Z","report"
"reports/art_review/contact_sheets/R6P2/PILOT_BOSS.png","511255","aebe726076b6faf5227d3d756b677bbaa0aaa977cbf10665564a2f3fca855faf","2026-08-18T03:07:31.5918593Z","report"
"reports/art_review/contact_sheets/R6P2/PILOT_ELITE_ENEMY.png","617369","b3778d45c0e49a33a70528f538e4765d1ff565faaa5a7227a0899ee469d3ba99","2026-08-18T03:07:31.2848593Z","report"
"reports/art_review/contact_sheets/R6P2/PILOT_EVENT_CG.png","1079346","b4805de93e15ad6e42c887ab356d9d0b47fddc5f3cfd05b653edad260c28a30d","2026-08-18T03:07:32.8156024Z","report"
"reports/art_review/contact_sheets/R6P2/PILOT_EXPRESSIONS.png","1749988","139338fe2be225053ac33ed604b67b930e27a942d4d13f7a50d87bebab738a86","2026-08-18T03:07:29.1712768Z","report"
"reports/art_review/contact_sheets/R6P2/PILOT_FACE_CLOSEUP.png","757103","f4a324f4e25a3665f7af0bdad3cd0ed3b16bdabb06cc83635a7d0eb909ac6870","2026-08-18T03:07:28.3170387Z","report"
"reports/art_review/contact_sheets/R6P2/PILOT_FULLBODY.png","1186373","fd8bff7d138ce19ffdb5909cfbb9ab5e8d184943489bb02cd9ff8ac4fdea44e3","2026-08-18T03:07:27.8730386Z","report"
"reports/art_review/contact_sheets/R6P2/PILOT_ICONS.png","909201","3e1011c457aa9b8aa9bf226245731e48ceab4d957ec53621efaf3eaf184bf203","2026-08-18T03:07:33.1426016Z","report"
"reports/art_review/contact_sheets/R6P2/PILOT_NORMAL_ENEMY.png","656546","6039ae9fe475f69494992f5c323799e675bb77f92ea73fa2c5f5d3ae2d9badc1","2026-08-18T03:07:30.9570963Z","report"
"reports/art_review/contact_sheets/R6P2/PILOT_SD_ANIMATION_STRIPS.png","1579262","4412bb0a57566763d14edcee05f75433be73d0acb891aa7bc5c391e95f6b6c02","2026-08-18T03:07:30.6240546Z","report"
"reports/art_review/contact_sheets/R6P2/PILOT_SD_KEYFRAMES.png","1168134","a2d3f192e18f4495eb17c86f1914320eb068e24a0466179de3b793b81dad85ce","2026-08-18T03:07:29.7942792Z","report"
"reports/art_review/contact_sheets/R6P2/PILOT_VFX.png","694390","2cfa46281505118c7bc01bc679deb76cab5fcc76c1158c115778e3e6424af46c","2026-08-18T03:07:31.8878596Z","report"
"reports/art_review/ILLUSTRATION_SCORECARD.csv","343","e19f91d1e18f1ece7cb95a22e4603519f663d81887d9394daf365f4de3b069ba","2026-08-18T04:32:32.3872376Z","report"
"reports/art_review/PILOT_SCORECARD.csv","302","39953bf951005e8ff8acf1ac13935d008942a16926fd6f01ff7905e9977d110d","2026-08-18T04:30:48.6582418Z","report"
"reports/art_review/REFERENCE_PARITY_REPORT.md","2114","22a4bb262b35481b9d995f1a5213efc9502e2cf19fa579ee80d37b331047f184","2026-08-18T04:47:47.2998459Z","report"
"reports/art_review/RENDER_COMMANDS.md","893","e8c5a1ef1bf64b55ddf83bcadb5253a8c28cdc886e482d73f7fb0461b6e8031f","2026-08-18T01:49:26.7425810Z","report"
"reports/art_review/SD_SCORECARD.csv","674","ce6b856eda5d4de6fe60eda92dea887a61cade3d50c84bd47ad1ab9d72517fac","2026-08-18T04:32:34.2062349Z","report"
"reports/art_review/VFX_SCORECARD.csv","325","8e329a40aa90c2a073bd0514bc0d5b3e10cf26172de496e0fab49337b8ce2f98","2026-08-18T04:32:33.2944947Z","report"
"reports/ASSET_FACTORY_DISCOVERY.md","1342","9b4dc27a9055173884211bf0c9ad291b5c70ad36aed3ff0120c8ebfdac4e9a4e","2026-08-17T05:07:23.8008031Z","report"
"reports/ASSET_INTEGRATION_REPORT.md","1923","7f50ec7d489135d8ba3309f520d3835f2f3a8aaa63dd0b9b502dc8fe062391a0","2026-08-17T14:10:56.2919784Z","report"
"reports/ASSET_LICENSE_AUDIT.md","1188","82efe1fe2454dd3c9b162ebca54bf67b20718b8bf485b7f285e3470f5b5622de","2026-08-17T14:10:58.6850046Z","report"
"reports/balance_hardening/after_matrix_final.json","15535179","e474afcaa60b1e49d2b2352f33c2d4699cb168a53e58d7f9a9b43fce70235fcc","2026-08-18T01:06:04.6036186Z","report"
"reports/balance_hardening/after_matrix.json","13392104","a06ea72e37a704bcb059f16cbbd504b603755a4781ce64c7a6b4e4ecaf1e0e9b","2026-08-18T00:57:32.1248719Z","report"
"reports/balance_hardening/before_matrix.json","13398467","8c5f531598d7cc330b2e062b8667f39c6f81d770dfd974d82360fbf07004146e","2026-08-18T00:35:57.5514886Z","report"
"reports/balance_hardening/factor_probe_h05_fine.json","1537","2c60af8e8ad1cf0f579baec82fb6c7a3688dfe78424c7461f6b913b751c93fd7","2026-08-18T01:14:07.8585445Z","report"
"reports/balance_hardening/factor_probe.json","2621","b460839fd38726de219d48d6b77388642ee4d22d65bfd2584cb402fec17e36fa","2026-08-18T00:46:19.0509092Z","report"
"reports/balance_hardening/smoke_matrix.json","183497","a8184bcde4a2bd06e8b44d6f79b14db12721e84f146f2740cdfa971361f00a21","2026-08-18T00:32:37.8109247Z","report"
"reports/BALANCE_SIMULATION_REPORT.md","1117","de157ee9d57f6ce48fef067a0d403fa3e4d1a3becc031a1256bb2242f67dfd26","2026-08-17T14:10:13.0573023Z","report"
"reports/balance_simulation.json","16381","24456f576739a573383a114a43476cc9eb96dcd228ff7c74caba4c89f364fc10","2026-08-17T13:48:19.3528606Z","report"
"reports/BUILD_REPORT.md","1632","10320b842324446211a765654430a8b06a91ce4ceb8be1e435506a9f38e3322a","2026-08-17T14:15:56.3871702Z","report"
"reports/CHARACTER_GROWTH_TABLE.md","3600","cb5f601996206b4d7b78baed188e377f923e796eab9bcb5ade85baaf845b0a13","2026-08-18T04:19:01.1133095Z","report"
"reports/DATA_AUDIT.md","1630","5eb056589c7f726f7435349401c77d51a8e4326b3f95276765764c33e3356291","2026-08-17T14:09:51.1076278Z","report"
"reports/FINAL_BALANCE_HARDENING_REPORT.md","1727","75e798a91c37064ede1fc3c7cd4134d04fe9bd96432dc2e20658cdb71f4a2193","2026-08-18T01:49:27.9682044Z","report"
"reports/FINAL_BROWSER_SOAK_REPORT.md","2844","70270b65a768d5fe7e5e84447d68fde8149d622b11341ba04fa0659e10d67dd5","2026-08-18T04:48:16.3556536Z","report"
"reports/FINAL_IMPLEMENTATION_REPORT.md","4252","86cfc3296676026d8ba40edd906ac99a9f463a5231bc3cd8b82951b2942d3f6c","2026-08-17T14:15:58.5884903Z","report"
"reports/FINAL_PREMIUM_ART_PILOT_REPORT.md","3760","1e8ffc343c1c588fc3362007d5881c5a39935a4cd2ea264e9f64794eebb7d609","2026-08-18T04:49:37.9870037Z","report"
"reports/FOUNDATION_DISCOVERY.md","1479","0cded737b87a760c1a83d20fc2cfa6a02103bc5b2e6fa80239e1b3cd4b6dc10b","2026-08-17T14:12:39.4180317Z","report"
"reports/KNOWN_LIMITATIONS.md","1773","9e931ea9aa246ff59d3ac2107c0079d85be0cc75bf8f0debec6f9676cf9114f0","2026-08-17T14:12:15.5900322Z","report"
"reports/legal/ASSET_OWNERSHIP_MATRIX.csv","1088","aa8297a91f3dabd42b414b83288e355e23fbb9104f04cbe247b8d5b969dfbb9e","2026-08-18T01:59:53.4733878Z","report"
"reports/legal/UNRESOLVED_ASSETS.md","360","92dd7644af374b068a657e26e6fedf78ee9d6ccfd65edfb247b451f0e8a3e2b4","2026-08-18T01:59:54.3371805Z","report"
"reports/load_test.json","684","444cc70ea50e05d4244160c67309f617cb3900c1f18578a80f8f879ac137b535","2026-08-17T13:48:18.4248860Z","report"
"reports/screenshots/battle_pause.png","272450","06248743310919f9fa41b0bde7f86e3af9d2e76e59db93b09ef4b73c970b58e3","2026-08-17T13:50:20.4555229Z","report"
"reports/screenshots/battle_r27_attack.png","46744","42507b3aa40d7c6270b80a393874a22af0abd652e3327ebc2416e10bae4d2f6c","2026-08-17T12:29:04.6501258Z","report"
"reports/screenshots/battle_r27_entry.png","45890","4125fb5600018601c9190d4475fcccdfb615e64314ec4b505571ff0248458be5","2026-08-17T12:29:04.6491293Z","report"
"reports/screenshots/battle_r28_enemies.png","50413","af8bf09bb5ed25a27d11781554ef708fcfe834df266eb4bffdffc2c7306027f8","2026-08-17T12:52:30.7415252Z","report"
"reports/screenshots/battle_r28_enemy_projectile.png","50413","af8bf09bb5ed25a27d11781554ef708fcfe834df266eb4bffdffc2c7306027f8","2026-08-17T12:52:30.7425237Z","report"
"reports/screenshots/battle_r28_player_projectiles.png","51052","2d1100b71bcce2dfe7182ad1d005150fa1d67e9cd40960e89872faa17a0d30c6","2026-08-17T12:52:30.7425237Z","report"
"reports/screenshots/battle.png","340279","b20dfc2e10dcdf00f8b86da77987948e96b81dffdf68c35553d47e46b0fefe17","2026-08-17T13:50:20.3705963Z","report"
"reports/screenshots/capture_manifest.json","2717","b47a723e75e59924399fad5b531ab9bd1d7720147a1dd7b326949c171e71c8c1","2026-08-17T13:50:20.5591326Z","report"
"reports/screenshots/character_detail.png","183269","2f508a7458cc6c72534f5f351f57b725eceb2a6f78e7278a02d741b614b18c4c","2026-08-17T13:50:18.1689868Z","report"
"reports/screenshots/formation.png","71167","04ac22b0957d9417c7dfeb8110080d7007fed42b85d173d02292bc405870f411","2026-08-17T13:50:18.0594711Z","report"
"reports/screenshots/home.png","51585","679239c202a8f36212c308d48d0894a6046aff03ceeed2eeda134331fb862c42","2026-08-17T13:50:17.8765688Z","report"
"reports/screenshots/README.md","850","54958fbaafbd38f1944ebb192559000f0913bc98e6c80eb3b163d19a1d4ac614","2026-08-17T08:43:58.7954442Z","report"
"reports/screenshots/result.png","59872","9d4394d5e405a1437d4711e5b3f85003e685b7e33642865ec637f91d410df577","2026-08-17T13:50:20.5511263Z","report"
"reports/screenshots/skill_upgrade.png","183269","2f508a7458cc6c72534f5f351f57b725eceb2a6f78e7278a02d741b614b18c4c","2026-08-17T13:50:18.2686009Z","report"
"reports/screenshots/stage_select.png","51605","32e052f21de86e430a5757e835abcf3b5da8c4eb4335c2d3636fde9a4e7af3aa","2026-08-17T13:50:18.4524522Z","report"
"reports/screenshots/story.png","247209","9cd6d38b7807eb7f8fe31e518d1139884ab2c02ed57423016a20534e9d8045ec","2026-08-17T13:50:17.9753923Z","report"
"reports/screenshots/title.png","41618","f68e5ad344b86a6503ebf3f93d842ee247c6a1c32042b9d044015ad9de7f7461","2026-08-17T13:50:17.7959717Z","report"
"reports/screenshots/weapon_upgrade.png","183269","2f508a7458cc6c72534f5f351f57b725eceb2a6f78e7278a02d741b614b18c4c","2026-08-17T13:50:18.3682277Z","report"
"reports/screenshots/web/02_title_chrome_ready.png","35492","a070f683957ffba48db590c7b77cf2e4f495296cb7c67d0795d2f2f720fbcd32","2026-08-17T09:30:39.0491721Z","report"
"reports/screenshots/web/02_title_chrome.png","64894","f24ca2bc023766bace3788d7a441a1ed7938832d9112b2ee67d5717b123b079d","2026-08-17T09:25:16.3937618Z","report"
"reports/screenshots/web/03_title_iab_localization_fix.png","18200","e3eb9c6e33a1ebade413aee0719ec6643a9a0f0d1050d7532b738ba678b82620","2026-08-17T09:44:13.6018871Z","report"
"reports/screenshots/web/04_home_iab.png","26853","1536c45475c9201a13034e68ce5ceeac94003018de109aa76ca4c7616aca8309","2026-08-17T09:44:26.5473729Z","report"
"reports/screenshots/web/05_story_select_iab.png","30370","bc30be335a9b68509f11d14a817f98d8a14285027af5dc3dd1f31d5c70d56262","2026-08-17T09:44:36.9438416Z","report"
"reports/screenshots/web/06_formation_iab.png","37748","4fc35dde3a458d2eccd6bbf83a70d25a57f14f3564973f21342f96393c12c5e9","2026-08-17T09:44:46.6981219Z","report"
"reports/screenshots/web/07_stage_select_iab.png","26890","5dbe64f034245bb048552757fd1cbfea0382a96090c148474887dbafe2d42858","2026-08-17T09:44:53.6235295Z","report"
"reports/screenshots/web/08_stage_detail_iab.png","25083","46b86e62ae52cb257a6ff0278747432659e2e6b4e97b3770390e7b52fac8cd64","2026-08-17T09:45:00.2863926Z","report"
"reports/screenshots/web/09_battle_iab.png","35704","4fba4c7cd5230d2b77addfa59e1d13463130796232d46f85f92959066a38ba8b","2026-08-17T09:45:11.5631520Z","report"
"reports/static_validation.json","6668","e89b8f626e2a45118912f9e85c6d3047e4d7a673d87ee704279b3ba2aab1f018","2026-08-18T04:19:01.7104788Z","report"
"reports/TEST_REPORT.md","2013","5fde5f465d45014a08e6f84b4759de6030cd756f893c1b374ac5affbcd7f4261","2026-08-17T14:11:26.1667163Z","report"
"reports/web_qa_chrome.json","510","20c57c6a32fa495eeaf304931b377da04b4998f317357baca1a6e2579472c386","2026-08-17T14:14:04.0100888Z","report"
"reports/web_size/ASSET_BUDGET.md","882","4666c9a0fd672be9bfb944d6239059a9b902f515ff982fd83016f40f804513ed","2026-08-18T01:49:24.3480453Z","report"
"reports/web_size/BASELINE_PACKAGE_AUDIT.csv","512","5bacc4d377686c60aa6666bba99234ff5a60ea2b24897d2f92d17cc4814a9ce0","2026-08-18T01:49:21.0759488Z","report"
"reports/web_size/PILOT_PACKAGE_AUDIT.csv","732","5a3b1fd01db96cf023404348dd8228873f88561186ff30475247baca2be27938","2026-08-18T04:47:44.9979478Z","report"
"reports/web_size/TOP_50_LARGEST_FILES.csv","605","2ba5d209321a492ff7dddde548342422e8502bf529de1412e970c7e9f6c0b68f","2026-08-18T01:49:23.2601170Z","report"
"tests/README.md","243","69a3698184ad18317c52c8bb635d4905ed4f955add9f6d0608d4a2bb52fb320d","2026-08-17T05:07:27.3376918Z","test"
"tools/asset_bridge/asset_bridge_config.json","583","5651a5686632dce388c693b9b40a22ababc5a3c4a900a31a13a2b49b06221bb7","2026-08-17T13:51:46.4141180Z","tool"
"tools/asset_bridge/ASSET_BRIDGE_README.md","1180","d7530d9665621c140c57e23726cd7cf9d66fb928878b7edd3985b547f8c1afa6","2026-08-17T14:14:23.7908100Z","tool"
"tools/asset_bridge/build_sprite_metadata.gd","620","1c20b0120136f6f0bb32e99f9c9b8f0acc64f219f6b4f8a773b5e70dd3e61564","2026-08-17T04:52:58.7256802Z","tool"
"tools/asset_bridge/sync_assets.py","9827","c01c54db40ef7d6aebd0afb00b95a6f01ef2baf19f63ec4dff9d2be3cb2b90d1","2026-08-17T14:00:28.0978538Z","tool"
"tools/asset_bridge/validate_asset_manifest.gd","741","404a234a7731de50e87e54248f5e1ebeab254ec729384acf59d5dd8037c1fac2","2026-08-17T04:52:56.7241211Z","tool"
"tools/generate_data.py","30744","c2c2a17cc3459c0bb7ee6f8da80bada3c778e20bd5eb6358be4b1546f180beb5","2026-08-18T00:58:28.3988321Z","tool"
"tools/install_godot_web_templates.py","2709","833c68fd09b05fe203f9ec0fcede84b2e7c703f5c2039be1cd682eefaae8acfd","2026-08-17T09:09:39.0741801Z","tool"
"tools/install_godot_windows_templates.py","6805","b51225c11bffb337d2c386271745046216c76654228c7f29c26b33af35ab1f24","2026-08-17T08:37:42.5469433Z","tool"
"tools/local_art_pipeline/build_combat_animation_pack.py","15461","0ecf5d7ccf485490e55dee50f193bd57c13aa1c5a579d1c8e00a8b46a64b80b5","2026-08-17T12:40:17.9878888Z","tool"
"tools/local_art_pipeline/build_enemy_projectile_preview.py","2341","6a6e4e2d940c69c0206a3adaff6055a653f20a95b56c85f57d398d3908c3cc8f","2026-08-17T12:49:36.4457185Z","tool"
"tools/local_art_pipeline/build_party_animation_preview.py","2360","cd75614af88cfe8f5f2fc30a009b55f897a6185651db367e0a0d7dbfdece4ca7","2026-08-17T12:29:39.4379725Z","tool"
"tools/local_art_pipeline/build_player_projectile_preview.py","2182","5200472bb7cb54ca3ea8100a202f58489ec4a6919346921a4eaaaef5efca9f14","2026-08-17T13:03:22.0125520Z","tool"
"tools/local_art_pipeline/build_projectile_animation_packs.py","7880","c5120560765ff2ac30ccafe822341ef3829d670812d00eeacad87aacb8013b32","2026-08-17T13:02:08.9417281Z","tool"
"tools/local_art_pipeline/compose_guardian_combat_direction_r24.py","4311","6d7fd4149d6ab6cce294460d58a35cf695c66eaff909d7c8921b710a2c6a1c3b","2026-08-17T11:23:12.0622199Z","tool"
"tools/local_art_pipeline/generate_guardian_combat_direction_r21.py","10309","21e5ebb78ab738afcd88d57104c0603fe49c4f35cd2c8793215a461465cdba26","2026-08-17T11:05:46.8828295Z","tool"
"tools/local_art_pipeline/generate_guardian_combat_direction_r22.py","7634","6f7b75be1dac39f70a11be6a2fb3f35f40308a3fc5db867f1ac4d0cc8fca98f5","2026-08-17T11:14:01.2117683Z","tool"
"tools/local_art_pipeline/generate_sdxl_chibi_depth_guardian_r12.py","11618","16637934efa82cd18a70ab969cd470839a73633deaf3ff42a09c265ffe409f78","2026-08-17T10:07:44.1631892Z","tool"
"tools/local_art_pipeline/generate_sdxl_chibi_guardian_r11.py","9046","5e189f675be3fabf0ed6d8f39ca6a4003d83e8ca42a675a66f4a054ef43bf94e","2026-08-17T10:03:51.0854458Z","tool"
"tools/local_art_pipeline/generate_sdxl_controlnet_role_pilot.py","14114","0f904cdcecdef63a7bf3eadfa823e7ef8e3c02c9547cd6e0f3c72abca13aea4e","2026-08-17T07:53:08.4411972Z","tool"
"tools/local_art_pipeline/generate_sdxl_depth_role_pilot.py","12560","3ff1083d74f05f87ed5080a5e630f44e4bcc8294bbdfa8fc68dadca95f62d9ac","2026-08-17T08:15:36.9941727Z","tool"
"tools/local_art_pipeline/generate_sdxl_ip_depth_pilot_r08.py","12503","126b0e2f3a10c9dbab1952a8511a7783f0b870db9064105d0d33c72005fd4847","2026-08-17T09:19:49.9537072Z","tool"
"tools/local_art_pipeline/generate_sdxl_pilot_concepts.py","9917","58d8db8da295419b7e0e6be56186d81ec73bd92d7dbc8569914db1353d34a954","2026-08-17T07:45:57.0364460Z","tool"
"tools/local_art_pipeline/inpaint_chibi_guardian_r14.py","10729","a6d6c323cc2a64ce27dab7bf3b23c8746ae2c5792ccf1fe2cf6107c735e04446","2026-08-17T10:15:11.1057843Z","tool"
"tools/local_art_pipeline/inpaint_chibi_guardian_r15.py","11290","62db81ad7b3bba5db18c112b6b3f696176e143f1e607f1a8d788ae6d5554380d","2026-08-17T10:26:17.6367877Z","tool"
"tools/local_art_pipeline/inpaint_chibi_guardian_r16.py","11364","ed1eb1a7bdc507c5d8fdcc55b87f8ac433a56e85461b0d508f8d18402f752f6f","2026-08-17T10:32:43.0755787Z","tool"
"tools/local_art_pipeline/inpaint_chibi_guardian_r17.py","10805","885bc3dc268a210de9069f86f28f12b7f20324753f50d8804c3ebd891766c74c","2026-08-17T10:41:26.6670380Z","tool"
"tools/local_art_pipeline/inpaint_chibi_guardian_r18.py","10057","9c42855312e0ea8c436d1b4382a499d386e79ca19044eec1e80d5f8d83cc36be","2026-08-17T10:45:20.0909898Z","tool"
"tools/local_art_pipeline/inpaint_chibi_guardian_r20.py","7656","36f2277db7c5370256589cf6cf12b9603895a622b89df36c890beb14142596fa","2026-08-17T10:57:20.0688580Z","tool"
"tools/local_art_pipeline/inpaint_guardian_combat_direction_r23.py","9398","6f6a0441bb7c618499422ac9bf40adc33f393fc03d4f4fe6fd1434be43ce3bcb","2026-08-17T11:17:51.5155345Z","tool"
"tools/local_art_pipeline/inpaint_guardian_combat_grip_r25.py","8136","c74d67ee176acf5b135ad5a95fc471b76478f078c901ff24351680378c0af7a8","2026-08-17T11:28:15.5504279Z","tool"
"tools/local_art_pipeline/inpaint_guardian_visible_grip_r26.py","7455","51f0b2a3631e0d247246b5edd4760f65eeac2d7128b0c687abad2c2cb10f58a1","2026-08-17T11:38:02.0328472Z","tool"
"tools/local_art_pipeline/model_policy.json","5716","702a4859a0a730bff829a784d1fb7ff88b09438dbe61da15a33c81cb31f29cbb","2026-08-17T07:17:58.1418362Z","tool"
"tools/local_art_pipeline/polish_chibi_guardian_r19.py","8120","12cc99b2d4b84be39230b46a20ec13614cb4dcaa5be409002a4d183bddf025b1","2026-08-17T10:50:33.8787607Z","tool"
"tools/local_art_pipeline/refine_blender_guardian_r10.py","9369","bd032acd80723e1852369653bad94c2f4b22465ef0b115aef411c9fbb2a9f8a1","2026-08-17T09:54:42.6650035Z","tool"
"tools/local_art_pipeline/refine_sdxl_chibi_guardian_r13.py","8659","ad8d66f3d09e26043220821f9f0e3af3ea3cb4f8782f8f9c75f3acf0e382bb80","2026-08-17T10:12:54.5476661Z","tool"
"tools/local_art_pipeline/refine_sdxl_controlnet_pilot.py","12061","a727ebf5022547c37ccd465b6ae84cc50fe8e0321ac7b38de4c1a361ed53d014","2026-08-17T07:43:21.7568860Z","tool"
"tools/local_art_pipeline/refine_sdxl_inpaint_pilot.py","10165","16be7e3df9e2e6f0985086b91e6eeeadf46ecb7d7a2f8fffa367e2e16525e045","2026-08-17T07:43:18.4679946Z","tool"
"tools/policy/project_content_policy.json","1524","7c9685ec3fd9b18f7cf6da655735641f40a34b06a4415caee00de8b53859532e","2026-08-17T07:42:02.5417453Z","tool"
"tools/powershell/BUILD_BACKGROUNDS.ps1","96","3ae5e9482ce130103666710b03c5be07df5c53bd5fda0d00f81bfcac96b1b8a9","2026-08-17T23:27:36.4811413Z","tool"
"tools/powershell/BUILD_BLENDER_CONCEPT_BRIDGE.ps1","832","b3e0fb006a9e6688efc0c75c304b77fa117bc79ab57e4df7c94af737860969de","2026-08-17T07:10:12.3709732Z","tool"
"tools/powershell/BUILD_BLENDER_GUARDIAN_R09.ps1","597","b334a47e0d197725594897fc36ffe782adae359caee22e00f313a4640d3466c0","2026-08-17T09:51:31.3332046Z","tool"
"tools/powershell/BUILD_BOSS_ASSETS.ps1","96","3ae5e9482ce130103666710b03c5be07df5c53bd5fda0d00f81bfcac96b1b8a9","2026-08-17T23:27:36.4811413Z","tool"
"tools/powershell/BUILD_CHARACTER_ART.ps1","96","3ae5e9482ce130103666710b03c5be07df5c53bd5fda0d00f81bfcac96b1b8a9","2026-08-17T23:27:36.4715699Z","tool"
"tools/powershell/BUILD_ENEMY_ASSETS.ps1","96","3ae5e9482ce130103666710b03c5be07df5c53bd5fda0d00f81bfcac96b1b8a9","2026-08-17T23:27:36.4797300Z","tool"
"tools/powershell/BUILD_EVENT_CG.ps1","96","3ae5e9482ce130103666710b03c5be07df5c53bd5fda0d00f81bfcac96b1b8a9","2026-08-17T23:27:36.4821424Z","tool"
"tools/powershell/BUILD_ICONS.ps1","96","3ae5e9482ce130103666710b03c5be07df5c53bd5fda0d00f81bfcac96b1b8a9","2026-08-17T23:27:36.4821424Z","tool"
"tools/powershell/BUILD_LOCAL_ART_BLENDER_SDXL_R10.ps1","357","596ae56c3eecae425cc713a454dd6a9e562c7ab53bf787a12b8f37b398e6d748","2026-08-17T09:54:00.2634094Z","tool"
"tools/powershell/BUILD_LOCAL_ART_CHIBI_DEPTH_R12.ps1","368","a58966dcd5d2e66fbc4e4c1905741df714d08bf92dc60f87611c68e0a7ce43ae","2026-08-17T10:07:16.3748752Z","tool"
"tools/powershell/BUILD_LOCAL_ART_CHIBI_R11.ps1","362","e2f360026567d7ca43261d23204e2f2626d7f7ebc6da841ca11833ded2992d9a","2026-08-17T09:59:52.7246876Z","tool"
"tools/powershell/BUILD_LOCAL_ART_CONCEPTS.ps1","796","fc7e1129333762289853ca9095b83df48dac656d86868b2959a2c3b2da00165e","2026-08-17T07:43:08.7296667Z","tool"
"tools/powershell/BUILD_LOCAL_ART_CONTROLNET_R04.ps1","1054","9886514e1e7b5f6573a948a2cb16b41bc29b278f7b7c7bfef961bfa6c3c43a7b","2026-08-17T07:38:07.4712808Z","tool"
"tools/powershell/BUILD_LOCAL_ART_CONTROLNET_R06.ps1","843","e8286c7263ea9d7ee4f32cb70f174d460ddcb8c0833222933d4eb4850413220d","2026-08-17T07:53:10.1878856Z","tool"
"tools/powershell/BUILD_LOCAL_ART_DEPTH_R07.ps1","820","2063052ef2e6261910cd2203ddb7b0174714cc800ef02b9bec7856d1ff08cd1b","2026-08-17T08:06:03.5809111Z","tool"
"tools/powershell/BUILD_LOCAL_ART_INPAINT_R03.ps1","837","9bdbaed4e7b8e06e81971b7f24799088b9097687f5375af933538a2eec61b106","2026-08-17T07:32:46.9261714Z","tool"
"tools/powershell/BUILD_LOCAL_ART_IP_DEPTH_R08.ps1","916","486020062f2bc4a8492444e2d0854c6b9701c087a20dd321746acfe80ac80c80","2026-08-17T08:58:04.6855398Z","tool"
"tools/powershell/BUILD_PREMIUM_PILOT.ps1","433","5f288be6e6f8547da188d0b8a8fe4fb90848a5b61489ad1a2f306709c0d2eab0","2026-08-17T23:27:36.4715699Z","tool"
"tools/powershell/BUILD_SD_ASSETS.ps1","96","3ae5e9482ce130103666710b03c5be07df5c53bd5fda0d00f81bfcac96b1b8a9","2026-08-17T23:27:36.4797300Z","tool"
"tools/powershell/BUILD_VFX.ps1","384","e85a9a346837fd6dcae1d064ecbece81f07ce4799428d1daa68f6fb8da5c2bdd","2026-08-18T00:29:45.8873006Z","tool"
"tools/powershell/BUILD_WEB_ART_PILOT.ps1","2498","2815c8e03d0fdb405459dc90382f07b138b350864c2c72a4c5a4813918f2701c","2026-08-18T01:27:54.5725438Z","tool"
"tools/powershell/BUILD_WEB_DEVELOPMENT.ps1","600","34662ebb42bbc9523472ad4cbb61a086144b04b6c280d5987cde598543d3be16","2026-08-17T12:25:25.9150795Z","tool"
"tools/powershell/BUILD_WEB_R6.ps1","4184","e1518e7ce664e521698a26e87a07324a8e11aa8f51aea4f6da69d693af8c86c3","2026-08-18T03:43:50.8097741Z","tool"
"tools/powershell/BUILD_WEB_RELEASE.ps1","601","093dd7758e80321ab140fbb2b0937a67d102e55ae834090327bf42147d568c1e","2026-08-17T12:25:28.0753439Z","tool"
"tools/powershell/CAPTURE_VISUAL_QA.ps1","324","517ebd963abc95f082a3d86abb8abeed42846239e47fad015111584c28a9d066","2026-08-17T08:27:17.7206011Z","tool"
"tools/powershell/COMMON.ps1","6061","e12f29c6e1cd817a318d480458cac01eb437efe38f5e9011236a16ebaf7efb8d","2026-08-17T23:54:24.4797395Z","tool"
"tools/powershell/HASH_BUILDS.ps1","578","cfe073653afb9715a73042c560aed601968e56a65c5f669907aa60600cbe8a9d","2026-08-17T05:03:51.8455157Z","tool"
"tools/powershell/INSTALL_GODOT_WEB_TEMPLATES.ps1","577","a72e9b6508dec4e84d9b676803fbd6c25fa4a1f50fcbd2eab2ec1bb7022e8381","2026-08-17T09:09:21.6821477Z","tool"
"tools/powershell/INSTALL_GODOT_WINDOWS_TEMPLATES.ps1","564","18a351884cfad09f9eb2e1a23c78843ae84dfc937454c19a96ce3be55d2ad365","2026-08-17T08:37:04.0202916Z","tool"
"tools/powershell/MIGRATE_LEGACY_ASSETS.ps1","3930","d0233597cabafc5d2f72a717c88532aaff608c0e131080ef8afb96d62afb787f","2026-08-17T13:54:37.7508871Z","tool"
"tools/powershell/PACKAGE_HTML.ps1","431","4ae4b70b5e540bc1129b4799b473a51ba250a751af5c3d3774b9b17a096e5104","2026-08-17T09:09:27.3217753Z","tool"
"tools/powershell/PACKAGE_SOURCE.ps1","1835","cf7dfba44eb4595bd4962fe3f7540f6c4337574ca752c6148267110af300a208","2026-08-17T13:54:40.0278952Z","tool"
"tools/powershell/RUN_BALANCE_HARDENING.ps1","620","938be4219677a844ecdf0369cceac9af9cc0f2d4d81667cd73b4a9dca03d195a","2026-08-18T00:32:27.8902802Z","tool"
"tools/powershell/RUN_EDITOR.ps1","181","cfc205e2847a6ad8ec770e78b072f3f5b2accbf17f6060c423d4e2cdf95efa5a","2026-08-17T12:21:50.0739006Z","tool"
"tools/powershell/RUN_GAME.ps1","169","a6840132cbc3b9272cfdf8cbe96a8d6961ad25def525f78ae91ed1bc2f52b47d","2026-08-17T12:21:52.2878488Z","tool"
"tools/powershell/RUN_HEADLESS_TESTS.ps1","215","508781594f8f646b01d7ca7e133a98b50a3f755c43581300e1c539bdfd2091b6","2026-08-17T06:54:38.3629979Z","tool"
"tools/powershell/RUN_LOAD_TEST.ps1","213","c571ecd7d78fad1cdc084b59659e0e0be2ab508e6c142bc28e776a602871e088","2026-08-17T13:35:21.6030184Z","tool"
"tools/powershell/SIMULATE_BATTLES.ps1","319","f08d21a67553835d8eee5c7b1080959c61c3ef487c97aaa7f6589447a9d0f91a","2026-08-17T08:41:02.1905532Z","tool"
"tools/powershell/SYNC_ART_TO_GODOT.ps1","4159","2bfed1c70d0da86d29e227d7f9326d042a095b1f646f8c49426f8a020bb7a559","2026-08-18T00:29:45.8883000Z","tool"
"tools/powershell/SYNC_ASSETS.ps1","436","6f95df2adbb6f13eed907b81928c947fe0478a45c232a7c036c74f70d1762e4d","2026-08-17T14:07:51.1782020Z","tool"
"tools/powershell/VALIDATE_ALL.ps1","382","647ee80a8c44767f9e38db45ab8cfb84f8f38bb52641cf22c4b65e8d340a7264","2026-08-17T06:54:40.0293815Z","tool"
"tools/powershell/VALIDATE_ART_ASSETS.ps1","365","54a6c90e4b1aeccef4423ec858e26ac6e58dc3a5ce9dc46bb62e86914d4ec4cc","2026-08-18T00:29:45.8883000Z","tool"
"tools/premium_asset_factory/blender_sources/premium/guardian_r09/chr001_maeru_guardian_sd_r09.blend","462426","3d13e37adfb2b655be42b0bf1b7174dfaacf1c965779d45600f6b5a8f18c9d06","2026-08-17T09:52:37.4409261Z","tool"
"tools/premium_asset_factory/blender_sources/premium/silhouettes/pilot_silhouettes.blend","244727","cb13511651e6ca630196da3c103f683fdf724ac8891b207024c4d56428d95081","2026-08-17T06:40:05.1847380Z","tool"
"tools/premium_asset_factory/blender_sources/premium/silhouettes/README.md","207","ff8cdd11a8a41a7eab48ec4c218f7283787374e99be7f437bba588e6bd5f0b50","2026-08-17T06:36:20.6947443Z","tool"
"tools/premium_asset_factory/blender/premium/__pycache__/common.cpython-311.pyc","34446","c6ac6080ffe69bc2244823ca2539d18d06d02d271b0aafe77c63ecb048c6d15d","2026-08-17T06:40:01.5151479Z","tool"
"tools/premium_asset_factory/blender/premium/build_guardian_sd_r09.py","11679","afdd0ee25d33b5992a45eff654c2563a4728f4a45b58606eff3bdf2422a76b28","2026-08-17T09:51:29.5447028Z","tool"
"tools/premium_asset_factory/blender/premium/build_premium_pilot.py","3790","9413fea6ee1219e84c702c7a6e942ec072d82afc8b25a90fcce640d3312bc1d5","2026-08-17T06:38:59.0440727Z","tool"
"tools/premium_asset_factory/blender/premium/common.py","20821","cb871a64fef430c06de497e9bcd6d2cc5f407ace522506e85ca3a335564d2b2d","2026-08-17T06:38:57.1715926Z","tool"
"tools/premium_asset_factory/blender/premium/import_concept_guides.py","4917","15d1d6270fe55341bd5ff42a4345274a6a30645f708cc75683497747dc82d9d1","2026-08-17T07:44:01.3178432Z","tool"
"tools/premium_asset_factory/concept_inputs/concept_bridge_manifest.json","1142","269b4040414941616d7dcbf5ac6fcf68e1ccd0d095079a36a7c510ad3e776633","2026-08-17T07:41:09.9334221Z","tool"
"tools/validate_static.py","12515","ed8ca7aa72295af5466f69996430617ce7d95f4ed11842be8ab00a35835d9806","2026-08-17T14:08:26.8064604Z","tool"
"tools/web_qa/inspect_running_browser.mjs","4246","e0b68fdeb0db3581a971ec072ab93d689bce3d8b0b5ff65d64113a9e069d0a7f","2026-08-17T09:30:13.1032861Z","tool"
"tools/web_qa/run_headless_web_qa.mjs","5568","c2dd1d789c15d6d2bc6b6f3ee7a8a9edeb38587b63f219fcdc97a5d7be604188","2026-08-17T09:26:34.5417541Z","tool"
"work/art_gen/blender_guardian_sd_r09/chr001_maeru_guardian_sd_r09_qa.png","550209","ce2f7bf759803f64b177d47a187ba86d61b69f118e930dab43f3abf55fbec1b2","2026-08-17T09:52:37.4299262Z","source"
"work/art_gen/blender_guardian_sd_r09/chr001_maeru_guardian_sd_r09_transparent.png","460314","4ce884df6d610a1d11c010098840b824351cbe09fa6b1fae117dd2662b135187","2026-08-17T09:52:37.2035898Z","source"
"work/art_gen/blender_guardian_sd_r09/guardian_sd_r09_manifest.json","1431","46692ae04054870cc15a5a466bdb983016b8c0db58e888d905a32d2e3feb07b9","2026-08-17T09:56:30.4344493Z","source"
"work/art_gen/blender_sdxl_guardian_r10/blender_sdxl_r10_manifest.json","4281","271baedffd295a7f3c0b78b4915ce999b0916360913d7418fd5788b5fa760600","2026-08-17T09:56:32.2567541Z","source"
"work/art_gen/blender_sdxl_guardian_r10/chr001_maeru_guardian_blender_sdxl_r10v01_seed171101.png","478148","32050892f6402ae7562cc83d739bf9da3cbdd9bec00d4c6c1d740ea5328d50e6","2026-08-17T09:55:41.1679407Z","source"
"work/art_gen/blender_sdxl_guardian_r10/chr001_maeru_guardian_blender_sdxl_r10v02_seed171102.png","502595","26cc58d86eec7aeb78f7129e32918f6610f1c70b025b15fbcfc12686c75b14e0","2026-08-17T09:55:48.6143459Z","source"
"work/art_gen/guardian_combat_direction_r24/chr001_maeru_guardian_combat_right30_r24_shift45.png","507101","e3035724236e67b1f7250c6cdac74c55cbbb63bc913d2a5efbad08ebf1d959a6","2026-08-17T11:23:32.6582358Z","source"
"work/art_gen/guardian_combat_direction_r24/chr001_maeru_guardian_combat_right30_r24.png","489084","85d61110ba27107e1470eb69bd7a27a3a3a325d417589afbb46044a7c8d2a33e","2026-08-17T11:22:45.7124221Z","source"
"work/art_gen/guardian_combat_direction_r24/combat_direction_r24_manifest.json","1093","0a5818697af1968520eb996fe74221cdc279fae5ff7077353ec897c9f79ab372","2026-08-17T11:23:32.6717542Z","source"
"work/art_gen/imagegen_enemies_r28/enm001_rush_drone_base.png","2161216","fed83075f6ecd1aa24c3163207946cbd261abc67f0b9ef067dc96f0c6347bcda","2026-08-17T12:37:24.5861131Z","source"
"work/art_gen/imagegen_enemies_r28/enm002_arc_mote_base.png","1860347","e3944a6e54b796be1dda3cc4aad8c8066d17a471c2a344bdbabb3de9295386ca","2026-08-17T12:38:31.5177202Z","source"
"work/art_gen/imagegen_party_r27/chr001_maeru_guardian_base.png","1691501","759f8eec17703dd75adf8f5adb0ff749e3cd76a32bc40b2b19eca0dbc079724a","2026-08-17T12:04:45.5758505Z","source"
"work/art_gen/imagegen_party_r27/chr002_roan_vanguard_base.png","1547977","5f19f0a08f1453602761b621596cafa0cb6405d078901a96c3135d1ad079a5ba","2026-08-17T12:06:17.4810482Z","source"
"work/art_gen/imagegen_party_r27/chr003_narin_assault_base.png","1622150","7daf61c38a9caa78bd2ae4761fe6c0b87ecffe1eb69ae91603cefe11d12c1a4d","2026-08-17T12:07:10.5638831Z","source"
"work/art_gen/imagegen_party_r27/chr004_eda_assault_base.png","1564774","ae8e2800320eb2ef0f4a360113a760df1b78d1821a45f4cfdd3ec424f353efac","2026-08-17T12:08:32.5676709Z","source"
"work/art_gen/imagegen_party_r27/chr005_soren_artillery_base.png","1768022","6c178bf38ba5fdfdabb18e6f10bfae4d444704966dc134fbf9b2f6d6fdace5d8","2026-08-17T12:12:02.9220639Z","source"
"work/art_gen/logs/blender_guardian_r09_retry_stderr.log","0","e3b0c44298fc1c149afbf4c8996fb92427ae41e4649b934ca495991b7852b855","2026-08-17T09:52:34.8268700Z","source"
"work/art_gen/logs/blender_guardian_r09_retry_stdout.log","1495","35183e2c4bb47e63cc55b33d192279b61671b3860f9bf1c6ec4e309c5c7e33a1","2026-08-17T09:52:37.5129266Z","source"
"work/art_gen/logs/blender_guardian_r09_stderr.log","77","9c2894ff5e262ffb157c442c1aef1bb49c642ebdbd75e4ced16683f3ebe10757","2026-08-17T09:51:58.7534880Z","source"
"work/art_gen/logs/blender_guardian_r09_stdout.log","196","5db3948b63620fe0194abdaf8068760c74840f0b390c5b516dee1b16c865501c","2026-08-17T09:51:58.8779300Z","source"
"work/art_gen/logs/blender_sdxl_r10_stderr.log","4846","2513536d43d408734ceebed55dbbf6a40d70f0bacc769a58de6422761e0dc721","2026-08-17T09:55:47.6100948Z","source"
"work/art_gen/logs/blender_sdxl_r10_stdout.log","656","52cb6ce15727eb27894eb8eaef7625ba48bc30632ee0f4a45306185cdfac9063","2026-08-17T09:55:48.6388516Z","source"
"work/art_gen/logs/guardian_combat_direction_r21_stderr.log","12877","c9d5f1d17c41ea13ed1217d26af6eaa3045ea79490fbcee01a3cfa9945f3a2f2","2026-08-17T11:10:44.8889461Z","source"
"work/art_gen/logs/guardian_combat_direction_r21_stdout.log","1044","9785934c65af65bbab30a201ba68bc01a9bb0182964eb1062cf4071bfb5f119a","2026-08-17T11:10:47.0793774Z","source"
"work/art_gen/logs/guardian_combat_direction_r22_stderr.log","9332","507dfab57d1652e81832d69017dc87d18adc3bd33e4a1b916fe3668010b2ee02","2026-08-17T11:15:55.4896204Z","source"
"work/art_gen/logs/guardian_combat_direction_r22_stdout.log","1044","4a325718a8a754c76d6fefd0db008e5e1b4dc8df84d5a13b05e29aa5cd0b69e3","2026-08-17T11:15:56.6201790Z","source"
"work/art_gen/logs/guardian_combat_direction_r23_stderr.log","7248","fb759b4001c284a4dabe02540f80bf5436bb2fbd216665fe9991e9be013818e8","2026-08-17T11:21:11.8208086Z","source"
"work/art_gen/logs/guardian_combat_direction_r23_stdout.log","784","085951c4551b75a408b03fa4f0f73e8c481f2f666b23cbbd5ae7626b44695b81","2026-08-17T11:21:14.1970563Z","source"
"work/art_gen/logs/r08_guardian_retry_stderr.log","6225","078aa97e918277fd202e88ef1cb4afb8d59fce448c7e589a8bc8d6513dfa6d4b","2026-08-17T09:21:41.6683062Z","source"
"work/art_gen/logs/r08_guardian_retry_stdout.log","674","ed5464c92ac0aa22bc8de294e5c253e62b28b6433ed973c4d810f07e2f382930","2026-08-17T09:21:43.3392925Z","source"
"work/art_gen/logs/r08_guardian_stderr.log","6766","81c10598282bcd2bc58ecd741a281730480785b12f3d8a9f5e1cf575b527fd2e","2026-08-17T09:11:17.5099859Z","source"
"work/art_gen/logs/r08_guardian_stdout.log","64","8deef0d426e29bf05a95f6e918cb9956427e2a46ff1ff29b5ce2c596ed4c3655","2026-08-17T09:11:05.2161247Z","source"
"work/art_gen/logs/sdxl_chibi_depth_guardian_r12_stderr.log","12126","7d9377342e99ac0d30d39db930e7367f544dd83cc766e427fc94299f1405b34c","2026-08-17T10:10:21.7337671Z","source"
"work/art_gen/logs/sdxl_chibi_depth_guardian_r12_stdout.log","1006","be775cc7a92f101ac74b25d4882d4a3a61aa22b5f197355153462d23e1e58d29","2026-08-17T10:10:23.2601639Z","source"
"work/art_gen/logs/sdxl_chibi_guardian_r11_stderr.log","11959","be55a55696e7b6629810c173868bf5de070b6904a8bdcf9d68501da66633f522","2026-08-17T10:05:32.9182116Z","source"
"work/art_gen/logs/sdxl_chibi_guardian_r11_stdout.log","940","70d5b2d6f5e177e0ef3ff272304429b612b71f5adfd56af2191a852b776a624f","2026-08-17T10:05:33.6819049Z","source"
"work/art_gen/logs/sdxl_chibi_guardian_r14_stderr.log","7778","af147dc14205247f0330d4eab3f427df8e50b81b04c54e6daac4a9babbeb3824","2026-08-17T10:23:34.3195062Z","source"
"work/art_gen/logs/sdxl_chibi_guardian_r14_stdout.log","726","81b87e56d18574d2d82d156675d1911139cf5c2d23cc4754ec23d1979805ea05","2026-08-17T10:23:36.6620416Z","source"
"work/art_gen/logs/sdxl_chibi_guardian_r15_stderr.log","7806","7c628a69f6ae6ad9d1997421aa0cd4c756ce76edd0b12d8a6027a34d5db3c9c4","2026-08-17T10:28:37.8102677Z","source"
"work/art_gen/logs/sdxl_chibi_guardian_r15_stdout.log","720","c8bbf44e431c4b61cb2ba6459c8a1932aa13397e9ab1d293294cf0ed8a650c44","2026-08-17T10:28:40.1508208Z","source"
"work/art_gen/logs/sdxl_chibi_guardian_r16_stderr.log","5616","73ec6c8b9efb920ad142afb3bdb91f509ee1558239ea0ead75108dc8266b8e2e","2026-08-17T10:40:43.4185746Z","source"
"work/art_gen/logs/sdxl_chibi_guardian_r16_stdout.log","720","ecda32847674ab66691a93d5cdb536205b486bce6b6a1a511f11de884200a382","2026-08-17T10:40:45.9544746Z","source"
"work/art_gen/logs/sdxl_chibi_guardian_r17_stderr.log","4225","54e85e4cf9d9c65745ccd9e38fcf574b7258a98f170195117ecf412ec3ad253c","2026-08-17T10:43:08.6733317Z","source"
"work/art_gen/logs/sdxl_chibi_guardian_r17_stdout.log","720","2ac7b6f83d5d325fc5bb62a2ffa864865ee978512249bf2bc19597e0c88aa9d7","2026-08-17T10:43:11.2187700Z","source"
"work/art_gen/logs/sdxl_chibi_guardian_r18_stderr.log","5013","2b3aa315b2403ff7a2eab7773abc23a0005828d6d9ddc68d4c11f6a17a4f9b89","2026-08-17T10:47:31.2128777Z","source"
"work/art_gen/logs/sdxl_chibi_guardian_r18_stdout.log","724","96e63ae4e5bc2f160741a74c67e0a49e9ecda6cc75847333319c5a0ebf3ccc8f","2026-08-17T10:47:34.0322171Z","source"
"work/art_gen/logs/sdxl_chibi_guardian_r19_stderr.log","4196","11cd2a7de0a775122e8aae76d12436a95eea0f3b1ca2fdc8858b01fc7e2d8843","2026-08-17T10:55:58.0975008Z","source"
"work/art_gen/logs/sdxl_chibi_guardian_r19_stdout.log","636","2a2f153a49e84b07767d4cc433f9adcf1be7d9f07f63099985918cec7dc4c4d3","2026-08-17T10:55:59.8728985Z","source"
"work/art_gen/logs/sdxl_chibi_guardian_r20_stderr.log","3058","2f89c423b67176ff88d78ac9da310a2d86b7661df35bcf51e45ea7991cfe7be1","2026-08-17T10:58:14.4024548Z","source"
"work/art_gen/logs/sdxl_chibi_guardian_r20_stdout.log","636","62eba848a98223646298716bcd2236558e8fed549f3a8984fc2552c4f1f23167","2026-08-17T10:58:16.6434763Z","source"
"work/art_gen/r25.stderr.log","126","69ef7ffe6267faf2d57edd30f27d349bf567825bd1011dcdc7229fa925832540","2026-08-17T11:33:45.5925000Z","source"
"work/art_gen/r25.stdout.log","0","e3b0c44298fc1c149afbf4c8996fb92427ae41e4649b934ca495991b7852b855","2026-08-17T11:33:45.5108864Z","source"
"work/art_gen/r25b.stderr.log","7540","4df7998e8df86436db5a4495cd0421ef80d0e3762ee11d84ddec3d9408fb850c","2026-08-17T11:36:42.5173261Z","source"
"work/art_gen/r25b.stdout.log","1009","9d366bf9353c9f95e2f5d5fc64e383e17e4d5784532b2a5d05fdeec557755daf","2026-08-17T11:36:44.6581566Z","source"
"work/art_gen/r26.stderr.log","9112","2c16dd5ad4c040b63bd9e01097d8731ad1fcde76241f3fa82f3680d627efbc9d","2026-08-17T11:39:25.2064770Z","source"
"work/art_gen/r26.stdout.log","1016","947a038e4e2cfa680b30bc8470afd4463729028ace62c059445d6ebc8bbe2aa7","2026-08-17T11:39:27.2298399Z","source"
"work/art_gen/sdxl_chibi_depth_guardian_r12/chibi_depth_guardian_r12_manifest.json","9055","44337d307fcbeb7b7d563c05bb03bd6a04243247321f3647e359158a60f1769e","2026-08-17T10:39:48.3087432Z","source"
"work/art_gen/sdxl_chibi_depth_guardian_r12/chr001_guardian_r12_project_appearance.png","438800","9227d6c9cdd91bca2ab932acf5abf42cd36ac824bd94276e2dcf2c25d57ff5f0","2026-08-17T10:09:01.8883103Z","source"
"work/art_gen/sdxl_chibi_depth_guardian_r12/chr001_guardian_r12_project_depth.png","44219","43ae763992231afb33a895a066645fea6c64e882a41f304a92fe6a6f3a9ab5ba","2026-08-17T10:09:01.5981689Z","source"
"work/art_gen/sdxl_chibi_depth_guardian_r12/chr001_maeru_guardian_chibi_depth_r12v01_seed171121.png","503575","fa6b2f50d049a93f8b165420c604f2e6d3c398e541fa2e2c6ca73c9e6cb08850","2026-08-17T10:09:29.3845369Z","source"
"work/art_gen/sdxl_chibi_depth_guardian_r12/chr001_maeru_guardian_chibi_depth_r12v02_seed171122.png","428319","4b43b781ae3fddcbed49bed73e43e9db967b9f4d43f154b29bdf8184fc584dee","2026-08-17T10:09:47.0936799Z","source"
"work/art_gen/sdxl_chibi_depth_guardian_r12/chr001_maeru_guardian_chibi_depth_r12v03_seed171123.png","362485","a42231cec5aea03072554bb8dd6b1770f3b9ad6f6da2f9d09b8cd23e98361d45","2026-08-17T10:10:05.4475974Z","source"
"work/art_gen/sdxl_chibi_depth_guardian_r12/chr001_maeru_guardian_chibi_depth_r12v04_seed171124.png","375881","51b97cfa78c791f322dc3c030d64cb1c2e91e00a032ecb907e670a54d04985d4","2026-08-17T10:10:23.2441650Z","source"
"work/art_gen/sdxl_chibi_guardian_r11/chibi_guardian_r11_manifest.json","7909","cde7a64902e66a47545d6d9b6f9a4acb23cdbb244e48f87c8640c4884db97f39","2026-08-17T10:39:45.9426994Z","source"
"work/art_gen/sdxl_chibi_guardian_r11/chr001_maeru_guardian_chibi_r11v01_seed171111.png","372527","b881affb4eff68bdfc7024d090e2efd8c46274127fc5b11a483a6750ad281fc4","2026-08-17T10:04:58.8661513Z","source"
"work/art_gen/sdxl_chibi_guardian_r11/chr001_maeru_guardian_chibi_r11v02_seed171112.png","498323","5a08eb4cc05fae00ff75f4f6878f50682a5d7dad7e22f4f074aa470c83a17890","2026-08-17T10:05:10.3019348Z","source"
"work/art_gen/sdxl_chibi_guardian_r11/chr001_maeru_guardian_chibi_r11v03_seed171113.png","525561","f3d93c484a2d3b5cd5e6955e7d28533bbf4e61de27b68e8be85d78071229bb1d","2026-08-17T10:05:22.2970742Z","source"
"work/art_gen/sdxl_chibi_guardian_r11/chr001_maeru_guardian_chibi_r11v04_seed171114.png","438800","9227d6c9cdd91bca2ab932acf5abf42cd36ac824bd94276e2dcf2c25d57ff5f0","2026-08-17T10:05:33.6582334Z","source"
"work/art_gen/sdxl_chibi_guardian_r14/chibi_guardian_r14_manifest.json","3203","bd3b3824b5e9cf51b40489e936b062bf2fa9f6d1d25e16ab2b1781d280f9f25f","2026-08-17T10:24:29.9746572Z","source"
"work/art_gen/sdxl_chibi_guardian_r14/chr001_guardian_r14_clean_base.png","364863","9eb7199864f4e83bce323e4472d74719c13bdd24bf1103f38799f873fe804b7a","2026-08-17T10:15:52.2574009Z","source"
"work/art_gen/sdxl_chibi_guardian_r14/chr001_guardian_r14_costume_mask.png","15134","267464ed845c1f9a31a8fca5997e9e404715df780023368b9833673763d6c650","2026-08-17T10:15:52.2860118Z","source"
"work/art_gen/sdxl_chibi_guardian_r14/chr001_guardian_r14_grip_mask.png","9127","6013bce3700745355578e6e545e94a4ab249fa813f593d8f7e611694c51a91b6","2026-08-17T10:15:52.2953610Z","source"
"work/art_gen/sdxl_chibi_guardian_r14/chr001_guardian_r14v01_costume_seed171141.png","420555","a23cd96033350b08bba1ea4e0eead3e4bb077076ca3bc822ce24290a371f9463","2026-08-17T10:23:03.5789756Z","source"
"work/art_gen/sdxl_chibi_guardian_r14/chr001_guardian_r14v02_costume_seed171142.png","419885","75f4a6ba8766d30eed2c3e13c2a08878241154393d35156433c1d66ca05ada06","2026-08-17T10:23:25.8738264Z","source"
"work/art_gen/sdxl_chibi_guardian_r14/chr001_maeru_guardian_chibi_r14v01_seed171151.png","437704","b34e0af7f6508eb76c86d32f4864cc932b4d7f5ed7b365e27e0e9174ad0f6f01","2026-08-17T10:23:14.6638065Z","source"
"work/art_gen/sdxl_chibi_guardian_r14/chr001_maeru_guardian_chibi_r14v02_seed171152.png","457624","1ba3247cc1306a13a71bc763db874f99eab9daf297676a6f18f85151ff5568d0","2026-08-17T10:23:36.6465242Z","source"
"work/art_gen/sdxl_chibi_guardian_r15/chibi_guardian_r15_manifest.json","3121","c3b0d611adc82e3a540ce30f2c58030e572778b39307009ad62ddee8445f7d57","2026-08-17T10:30:18.1978460Z","source"
"work/art_gen/sdxl_chibi_guardian_r15/chr001_guardian_r15_body_mask.png","6612","8001aed1154674bb22f96d9066377e67ec277305e4941fe8b43ce386d95b367b","2026-08-17T10:27:13.4926250Z","source"
"work/art_gen/sdxl_chibi_guardian_r15/chr001_guardian_r15_connection_guide.png","431078","d0566fc44e8c203454322fb1bdec41253127f40e8b8240729919b0df0e8c9148","2026-08-17T10:27:13.4846261Z","source"
"work/art_gen/sdxl_chibi_guardian_r15/chr001_guardian_r15_grip_mask.png","4436","f868eecbde6192843de1b8886075be3e28332719b185ab8dc21ddfd647823e8e","2026-08-17T10:27:13.4976259Z","source"
"work/art_gen/sdxl_chibi_guardian_r15/chr001_guardian_r15v01_body_seed171161.png","506605","8909f4664336d1a23fe06b8443f7dd57402b4ccacb4640c2dea1b8c1b8887736","2026-08-17T10:28:10.0515589Z","source"
"work/art_gen/sdxl_chibi_guardian_r15/chr001_guardian_r15v02_body_seed171162.png","454095","bbfcc156acf8b583da36565d13629c3c71b752c9941c14ba0cbf5995a6c27dc9","2026-08-17T10:28:30.4549986Z","source"
"work/art_gen/sdxl_chibi_guardian_r15/chr001_maeru_guardian_chibi_r15v01_seed171171.png","527712","3a82bc57cfbe5a7e75dfdc9dace50a97b7d4728f878e957b9e403749885c2615","2026-08-17T10:28:19.4605768Z","source"
"work/art_gen/sdxl_chibi_guardian_r15/chr001_maeru_guardian_chibi_r15v02_seed171172.png","531772","f005cea405c2bb66385fd0d3d4a8263592ea19348d7c45a1ce96812cd0ff6369","2026-08-17T10:28:40.1255189Z","source"
"work/art_gen/sdxl_chibi_guardian_r16/chibi_guardian_r16_manifest.json","3443","43611f62aba9b94e990ab25152c0d987dd756b6a6d9771e95c41d1eafc1d3984","2026-08-17T10:41:44.7901784Z","source"
"work/art_gen/sdxl_chibi_guardian_r16/chr001_guardian_r16_body_mask.png","8615","bbb76cc9f4c59dbaeee5a62388a2d9b198cb1d92707de668766f801aa154377b","2026-08-17T10:33:28.0556130Z","source"
"work/art_gen/sdxl_chibi_guardian_r16/chr001_guardian_r16_grip_mask.png","4318","396c6ca5748958d32b8184cc5ffe29a2328e7930582bf3a8b6c0caf85fad8cd1","2026-08-17T10:33:28.0596169Z","source"
"work/art_gen/sdxl_chibi_guardian_r16/chr001_guardian_r16_structure_guide.png","391330","0444973e287e2ba790ea97d7b7dbcb31c19bfc4c78b96407a68a91231b5309d0","2026-08-17T10:33:28.0370150Z","source"
"work/art_gen/sdxl_chibi_guardian_r16/chr001_guardian_r16v01_body_seed171181.png","470650","2d98be5187c5b399d79e4c720fc62e77cb232476923fda661f2a55ba7ce1cdd2","2026-08-17T10:33:45.1943644Z","source"
"work/art_gen/sdxl_chibi_guardian_r16/chr001_guardian_r16v02_body_seed171182.png","470182","21b3ee6fd4ddacac03032dbc904591cbdba6c13371ce617933ebbcc47852b33e","2026-08-17T10:40:37.8441360Z","source"
"work/art_gen/sdxl_chibi_guardian_r16/chr001_maeru_guardian_chibi_r16v01_seed171191.png","507124","71be82d927554b35841fd421a32b54909ab28f4b2e827d031a6b783b55acaf57","2026-08-17T10:34:04.6509337Z","source"
"work/art_gen/sdxl_chibi_guardian_r16/chr001_maeru_guardian_chibi_r16v02_seed171192.png","502592","28035a53d4a2b51e2441ce2d439a94090cef3ba2d2cae5ba3aae695643a04227","2026-08-17T10:40:45.9364715Z","source"
"work/art_gen/sdxl_chibi_guardian_r17/chibi_guardian_r17_manifest.json","3155","1df34f1455a3bcf17875457cc51c4dabd9be56366d25ab9fc6a6bb06a0f24637","2026-08-17T10:48:54.5425529Z","source"
"work/art_gen/sdxl_chibi_guardian_r17/chr001_guardian_r17_body_mask.png","7948","82094ff70ed7586fcb8cca61801a459a9a0b09ec7a1e1f58f282012d95bdd41f","2026-08-17T10:42:33.0341406Z","source"
"work/art_gen/sdxl_chibi_guardian_r17/chr001_guardian_r17_grip_mask.png","3491","1003ca4f92e4d5c250fa7422e4643128ab91c5ddb7188d2798610853e4cd453c","2026-08-17T10:42:33.0463940Z","source"
"work/art_gen/sdxl_chibi_guardian_r17/chr001_guardian_r17_structure_guide.png","471540","73205dff94727d078a92c7155794b3af5f0557a2b2f66b49f46c495da22ede9d","2026-08-17T10:42:33.0251393Z","source"
"work/art_gen/sdxl_chibi_guardian_r17/chr001_guardian_r17v01_body_seed171201.png","527784","b2e397f09826ae66972d5764fe410a8966218bf8ecf185ec7b56fd108013a3f7","2026-08-17T10:42:47.5341574Z","source"
"work/art_gen/sdxl_chibi_guardian_r17/chr001_guardian_r17v02_body_seed171202.png","539955","d0b0cb061fb3902daab6e68294298627c719a8608e4d12bd9358e3de50ff7652","2026-08-17T10:43:04.4903268Z","source"
"work/art_gen/sdxl_chibi_guardian_r17/chr001_maeru_guardian_chibi_r17v01_seed171211.png","556205","3bccf52c5d74c383633d81d044e358616197cf222f7b044141a307dbc23ad0a7","2026-08-17T10:42:55.1586311Z","source"
"work/art_gen/sdxl_chibi_guardian_r17/chr001_maeru_guardian_chibi_r17v02_seed171212.png","563614","cb66618b27fa0bf809495ae11933fbe3edc606e398e77506c08ab405701b1971","2026-08-17T10:43:11.2022441Z","source"
"work/art_gen/sdxl_chibi_guardian_r18/chibi_guardian_r18_manifest.json","3256","ae6cd5465e9e82f662dcf020411abc92462623e600db083a211041a349041739","2026-08-17T10:48:56.5207001Z","source"
"work/art_gen/sdxl_chibi_guardian_r18/chr001_guardian_r18_bottom_mask.png","4716","d29f3065fce65f991cc3863e1936fbab966806b5e13ca60b91468b1cc1e47f99","2026-08-17T10:46:55.4240806Z","source"
"work/art_gen/sdxl_chibi_guardian_r18/chr001_guardian_r18_grip_mask.png","3589","eff1c3d249adb41ea937881f6dfd2bd0990471824bef6d2bd8450743bc8bdbb5","2026-08-17T10:46:55.4270804Z","source"
"work/art_gen/sdxl_chibi_guardian_r18/chr001_guardian_r18_guide.png","542822","b22f60fa8bd9ee8de763cd3269fe246d3e01ef575e99e117bb79aed00420e1b1","2026-08-17T10:46:55.4190755Z","source"
"work/art_gen/sdxl_chibi_guardian_r18/chr001_guardian_r18v01_bottom_seed171221.png","591709","2ea337f971bb503060575dbbef3cdb90567ab23d0310500da8ff7e9b566f9e8b","2026-08-17T10:47:09.6326623Z","source"
"work/art_gen/sdxl_chibi_guardian_r18/chr001_guardian_r18v02_bottom_seed171222.png","578988","e0f7d00cefa07c05367769d43f617804ddc34d35c6d4d4edc1632ac4a8c22f4f","2026-08-17T10:47:26.3138609Z","source"
"work/art_gen/sdxl_chibi_guardian_r18/chr001_maeru_guardian_chibi_r18v01_seed171231.png","600435","dbf2e750a8b57370fd2072b5f663850ef1739c8118df76d1aa4af8a731665739","2026-08-17T10:47:16.9984562Z","source"
"work/art_gen/sdxl_chibi_guardian_r18/chr001_maeru_guardian_chibi_r18v02_seed171232.png","592754","ee92a14a9886db95d55d4c99d9dc622624a77b4f6dda0364997a78e45ef6d95e","2026-08-17T10:47:34.0071865Z","source"
"work/art_gen/sdxl_chibi_guardian_r19/chibi_guardian_r19_manifest.json","3097","c3c5a43d3347ff37945ae9e7f3a7ae1a32d391cc4ec06ac56aa23d06c702d1d7","2026-08-17T10:59:21.8827925Z","source"
"work/art_gen/sdxl_chibi_guardian_r19/chr001_guardian_r19_canny_guide.png","8463","cc4257938f5b6033318468ebb4ac4ca6318f6a36a60602c117dac05eadeb0afc","2026-08-17T10:55:33.9545590Z","source"
"work/art_gen/sdxl_chibi_guardian_r19/chr001_maeru_guardian_chibi_r19v01_seed171241.png","585052","50425241a4b9bb143d4d9f961f6f940117792e459cdb9b254669bc8133445567","2026-08-17T10:55:50.7926709Z","source"
"work/art_gen/sdxl_chibi_guardian_r19/chr001_maeru_guardian_chibi_r19v02_seed171242.png","580916","d41e2165751585d3e2ff40c67537f4d9b9d75c0e28d4d35fe659d1d21547ac95","2026-08-17T10:55:59.8454832Z","source"
"work/art_gen/sdxl_chibi_guardian_r20/chibi_guardian_r20_manifest.json","3158","98cbba4be720fa66d45ee7f2f3d28d0a9e6ed9a17c9195534a8ac187f100a34d","2026-08-17T10:59:24.1280686Z","source"
"work/art_gen/sdxl_chibi_guardian_r20/chr001_guardian_r20_gauntlet_guide.png","576769","f7475c6f7473b76d183c6f56c0c78965949c188777f74abef4a2d1f25d29c813","2026-08-17T10:57:57.0861656Z","source"
"work/art_gen/sdxl_chibi_guardian_r20/chr001_guardian_r20_gauntlet_mask.png","3704","5a5ab0793b3c759e3151ac582f90f2b99e752ef37a5237355fc3a13252471745","2026-08-17T10:57:57.0901665Z","source"
"work/art_gen/sdxl_chibi_guardian_r20/chr001_maeru_guardian_chibi_r20v01_seed171251.png","580061","0c2eb1690bd4c9cb8aace90198d8d0ce6c4bc62ba4c15b6b5071ea7432e047a4","2026-08-17T10:58:09.0109308Z","source"
"work/art_gen/sdxl_chibi_guardian_r20/chr001_maeru_guardian_chibi_r20v02_seed171252.png","581488","8bb3fd060cccd790e1659ba9266edc0ce3714dad689d25bf9c861f77e662be3a","2026-08-17T10:58:16.6254760Z","source"
"work/art_gen/sdxl_guardian_combat_direction_r21/chr001_guardian_r21_appearance.png","580061","0c2eb1690bd4c9cb8aace90198d8d0ce6c4bc62ba4c15b6b5071ea7432e047a4","2026-08-17T11:06:49.5926807Z","source"
"work/art_gen/sdxl_guardian_combat_direction_r21/chr001_guardian_r21_lower_right_depth.png","43163","6781715025e9c75306fea1294566677e699da2e8aa0a2b4e0d629fe935000986","2026-08-17T11:06:49.0698649Z","source"
"work/art_gen/sdxl_guardian_combat_direction_r21/chr001_maeru_guardian_combat_right30_r21v01_seed171261.png","424941","c0610a4cc132a84acdfd3b69e8aab86f8cc85f6a9a772338439cf9693253bea7","2026-08-17T11:07:22.8740959Z","source"
"work/art_gen/sdxl_guardian_combat_direction_r21/chr001_maeru_guardian_combat_right30_r21v02_seed171262.png","839663","694a52dc77102c26711d84f757f792a9e1be8f236ad5205799b4f21484644958","2026-08-17T11:07:43.6371512Z","source"
"work/art_gen/sdxl_guardian_combat_direction_r21/chr001_maeru_guardian_combat_right30_r21v03_seed171263.png","425535","1da0678d33576a4ab39dae9c68dc5c4d2a2e82a21de1e630f1ef0a282e624a24","2026-08-17T11:08:04.4661841Z","source"
"work/art_gen/sdxl_guardian_combat_direction_r21/chr001_maeru_guardian_combat_right30_r21v04_seed171264.png","485786","9db2a86fbc9fb7dfea1939bb770dc87459592a33662ad530707092811836fa4a","2026-08-17T11:10:47.0570447Z","source"
"work/art_gen/sdxl_guardian_combat_direction_r21/combat_direction_r21_manifest.json","6319","4c9474ebb029326a86d81f5b6f9011aec5d7d7c67cc1577934184a9dcf9c96a1","2026-08-17T11:10:47.0783789Z","source"
"work/art_gen/sdxl_guardian_combat_direction_r22/chr001_guardian_r22_mirrored_perspective_guide.png","570376","9e3942baf41ddf201c76eeb3120c2ae19c2586e9ed384e7dfffdb90201b81e71","2026-08-17T11:15:14.5675564Z","source"
"work/art_gen/sdxl_guardian_combat_direction_r22/chr001_maeru_guardian_combat_right30_r22v01_seed171271.png","579047","045a74615e6a0fa8d92ab45f3538fdb7323880e5df0c7b7e862115d66389472a","2026-08-17T11:15:28.1039363Z","source"
"work/art_gen/sdxl_guardian_combat_direction_r22/chr001_maeru_guardian_combat_right30_r22v02_seed171272.png","579389","345be0b9aee7dea6db17d981d104fb17b8e4c416d6ffb76534c0be119fa5c301","2026-08-17T11:15:37.0484262Z","source"
"work/art_gen/sdxl_guardian_combat_direction_r22/chr001_maeru_guardian_combat_right30_r22v03_seed171273.png","566477","f50155363efe776af8376e12af975783d49397fdceebcd821e811f3ed2d546f2","2026-08-17T11:15:46.7051933Z","source"
"work/art_gen/sdxl_guardian_combat_direction_r22/chr001_maeru_guardian_combat_right30_r22v04_seed171274.png","565628","0960b8387b3082b8a4a1bfa0891dabb2bcfd3f98aab5fb5ec1eeb5ba77c84b8f","2026-08-17T11:15:56.5963586Z","source"
"work/art_gen/sdxl_guardian_combat_direction_r22/combat_direction_r22_manifest.json","5563","6a3bdd231a5bace3189b06e89bea12d1f0df296e943f91a1060703ebbeaf20f7","2026-08-17T11:15:56.6190338Z","source"
"work/art_gen/sdxl_guardian_combat_direction_r23/chr001_guardian_r23_clean_source.png","562958","400f6e5156aade412f786a62789f641b45f2253fdc87b8f5810aaa388b17a534","2026-08-17T11:18:52.0085064Z","source"
"work/art_gen/sdxl_guardian_combat_direction_r23/chr001_guardian_r23_face_mask.png","7437","c1ca9dcf0718f1755728747ffc9452213fbfcbaed1c22e5554f75031b7937945","2026-08-17T11:18:52.0180302Z","source"
"work/art_gen/sdxl_guardian_combat_direction_r23/chr001_guardian_r23_grip_mask.png","6657","4ab91b02cc731836a1cb33fc798ec6cd6bc76618f8592c3bafe9a111b7cd5d62","2026-08-17T11:18:52.0255311Z","source"
"work/art_gen/sdxl_guardian_combat_direction_r23/chr001_guardian_r23v01_face_seed171281.png","585284","8f9123e20b4e46441e3fbf0dec3e0084c06158e85b01da0c1d4e65fbc3afeaea","2026-08-17T11:19:38.2786269Z","source"
"work/art_gen/sdxl_guardian_combat_direction_r23/chr001_guardian_r23v02_face_seed171282.png","554642","0a7b2e126a4efead59e358b728ff0907831254b24b087d557fcb0d9bfd53d0fa","2026-08-17T11:21:04.1543378Z","source"
"work/art_gen/sdxl_guardian_combat_direction_r23/chr001_maeru_guardian_combat_right30_r23v01_seed171291.png","608326","df60b2efba7a076cb549c96cae963c3e9032228c49c778c95c65fab765a93222","2026-08-17T11:20:52.0424729Z","source"
"work/art_gen/sdxl_guardian_combat_direction_r23/chr001_maeru_guardian_combat_right30_r23v02_seed171292.png","569421","959e926c7db6207d8d08cfd5d6a1755aa735e5ee4c0021635a8c39000b981671","2026-08-17T11:21:14.1727975Z","source"
"work/art_gen/sdxl_guardian_combat_direction_r23/combat_direction_r23_manifest.json","3151","43f521160aee85909d93b1e2fffdcada968f484e2f52e4978ff1a333bc520371","2026-08-17T11:21:14.1960666Z","source"
"work/art_gen/sdxl_guardian_combat_grip_r25/chr001_guardian_r25_grip_connection_mask.png","8217","cbd064d2272de981f17522bcd187a3273467d581d1f9197dfaa8064d28449162","2026-08-17T11:35:41.1778593Z","source"
"work/art_gen/sdxl_guardian_combat_grip_r25/chr001_maeru_guardian_combat_right30_r25v01_seed171301.png","566087","7bc3858412354ff0546b1e98525c5ec6826937625a726ce8e3d50de36675fe99","2026-08-17T11:36:15.1277647Z","source"
"work/art_gen/sdxl_guardian_combat_grip_r25/chr001_maeru_guardian_combat_right30_r25v02_seed171302.png","532330","b1c04532c348eadd7b69e13d8b994bf8f2372dc898996486f99bfe2c5aabc156","2026-08-17T11:36:25.0572826Z","source"
"work/art_gen/sdxl_guardian_combat_grip_r25/chr001_maeru_guardian_combat_right30_r25v03_seed171303.png","533056","9c1be354e4eef896f1ab202d90358598cb638bde1ce14a509d84d5ab2e85053b","2026-08-17T11:36:35.0397549Z","source"
"work/art_gen/sdxl_guardian_combat_grip_r25/chr001_maeru_guardian_combat_right30_r25v04_seed171304.png","555464","31f01fff5bba1bb26cdbe367431929a2a4aa52dd9749d48d659f030e9a1d351e","2026-08-17T11:36:44.6446423Z","source"
"work/art_gen/sdxl_guardian_combat_grip_r25/combat_grip_r25_manifest.json","5421","ab0235403a8bd6c4fa2ff6e6c134eb8b8cc1e654e09933b95cdd70f50c294f36","2026-08-17T11:36:44.6571577Z","source"
"work/art_gen/sdxl_guardian_visible_grip_r26/chr001_guardian_r26_visible_grip_mask.png","5809","aa96d282cb046af34ed107deed71c708d8e28013cf4655d61fad992eb61eafe5","2026-08-17T11:38:42.3864311Z","source"
"work/art_gen/sdxl_guardian_visible_grip_r26/chr001_maeru_guardian_combat_right30_r26v01_seed171311.png","562311","6b5b3554cc9eec700d7992ee1c075e745b54166270bafdaa601e65fa5fb438c7","2026-08-17T11:38:56.5650038Z","source"
"work/art_gen/sdxl_guardian_visible_grip_r26/chr001_maeru_guardian_combat_right30_r26v02_seed171312.png","585771","3ec18cf67c2192a7da935abed93cfaa9072de61a479bf8cc82a8be05a0a3ac19","2026-08-17T11:39:06.7064890Z","source"
"work/art_gen/sdxl_guardian_visible_grip_r26/chr001_maeru_guardian_combat_right30_r26v03_seed171313.png","541258","0b6fdb1f65cbc3a4b6fa0fd012ea037a11a827b448ccc56e44efe040eca1c076","2026-08-17T11:39:16.9697751Z","source"
"work/art_gen/sdxl_guardian_visible_grip_r26/chr001_maeru_guardian_combat_right30_r26v04_seed171314.png","533891","f189338e458201f193ced31e0fe1c075ca3646a9a2a83c1ca9b45d88b33479a1","2026-08-17T11:39:27.2097900Z","source"
"work/art_gen/sdxl_guardian_visible_grip_r26/visible_grip_r26_manifest.json","5480","4ef830e2b9c40405c0efb4b2d677db7a491f62734a439430ee56bd00ab427ce0","2026-08-17T11:57:04.2017635Z","source"
"work/art_gen/sdxl_ip_depth_pilot_r08/CHR001_MAERU_GUARDIAN/chr001_guardian_r08_project_appearance.png","564421","28ad7eaee8827d14674f1311e4dc1c4c8585b812610a3013ba0ae78697e8ea22","2026-08-17T09:20:50.5815092Z","source"
"work/art_gen/sdxl_ip_depth_pilot_r08/CHR001_MAERU_GUARDIAN/chr001_guardian_r08_project_depth.png","65829","bd0bdcab550d33f21dd0e7e98534168b5a0bddb8c7eb1268c90520b2abb1fc91","2026-08-17T09:20:50.2445030Z","source"
"work/art_gen/sdxl_ip_depth_pilot_r08/CHR001_MAERU_GUARDIAN/chr001_maeru_guardian_concept_r08v01_seed171081.png","733799","e648cea568f7034c47b2f6f3cd0e766ec56cb335fd5f3db2142dcaea969afafd","2026-08-17T09:21:20.4371112Z","source"
"work/art_gen/sdxl_ip_depth_pilot_r08/CHR001_MAERU_GUARDIAN/chr001_maeru_guardian_concept_r08v02_seed171082.png","775510","a5e43c04351cdfc656b0965c5f67d3458f42e4a4a0ba252fd4364b24f5e0f728","2026-08-17T09:21:43.3101856Z","source"
"work/art_gen/sdxl_ip_depth_pilot_r08/ip_depth_manifest.json","4873","09981055f240f6c7e8c61c51144fa7187d00127062861cf581a3331dc4325fbe","2026-08-17T09:56:28.5497496Z","source"
"work/art_gen/sdxl_policy_pilot_r05/CHR001_MAERU_GUARDIAN/chr001_maeru_guardian_concept_r05v01_seed171011.png","730544","d5cd2264dcab5676b829a635fbd8c93dc6fe291223290392a552d4aa3ff1e039","2026-08-17T07:48:00.5737172Z","source"
"work/art_gen/sdxl_policy_pilot_r05/CHR001_MAERU_GUARDIAN/chr001_maeru_guardian_concept_r05v02_seed171012.png","819176","374e3df5c26988c9b190bda57ffe15500d7202a267ffc650c72d8febd365a176","2026-08-17T07:48:11.9492728Z","source"
"work/art_gen/sdxl_policy_pilot_r05/CHR008_IRI_MEDIC/chr008_iri_medic_concept_r05v01_seed178011.png","874870","7c40a2918083e64e4e76570a67dddea310218ee8b59e550a35c2f12e2706ea36","2026-08-17T07:48:22.7884592Z","source"
"work/art_gen/sdxl_policy_pilot_r05/CHR008_IRI_MEDIC/chr008_iri_medic_concept_r05v02_seed178012.png","578090","17a05e025ce3ed662d72f6b18860b5af9792037cee891a7857c325eb9f6f74fc","2026-08-17T07:48:34.4831496Z","source"
"work/art_gen/sdxl_policy_pilot_r05/concept_manifest.json","7439","99987cf4f4bdf3c6f6e3962e06fe8326bc55c39f1b2bf85a81edf65efbe58ce3","2026-08-17T07:50:53.9057987Z","source"
"work/chrome_godot_download/Default/Preferences","252","37ab48cca7f9685fd141ea978a1fdbd9f3c98f026d26c06a56ce57523b32ea53","2026-08-17T06:10:56.1175376Z","source"
"work/godot_user_r25/Roaming/Godot/app_userdata/LANTERNLINE DEV/logs/godot.log","2884","64e43cb5885ed3432c6d0500b37e527f158a48f50710abdc9e10965783710bbc","2026-08-17T12:00:08.4182766Z","source"
"work/godot_user_r25/Roaming/Godot/app_userdata/LANTERNLINE DEV/logs/godot2026-08-17T20.49.28.log","2945","6d10c9a3cac991e1eec9a8cb84421b86972b894974ee1af3cb0286d06065849e","2026-08-17T11:49:28.8521059Z","source"
"work/godot_user_r25/Roaming/Godot/app_userdata/LANTERNLINE DEV/logs/godot2026-08-17T20.55.19.log","2884","64e43cb5885ed3432c6d0500b37e527f158a48f50710abdc9e10965783710bbc","2026-08-17T11:55:19.8441879Z","source"
"work/godot_user_r25/Roaming/Godot/app_userdata/LANTERNLINE DEV/logs/godot2026-08-17T20.57.24.log","1476","e9229dbc9d7e7a06b97c30b40889ffdb9efc2c97b56222be40be9fb4ffe25a66","2026-08-17T11:57:24.0462951Z","source"
"work/godot_user_r25/Roaming/Godot/app_userdata/LANTERNLINE DEV/logs/godot2026-08-17T21.00.07.log","2884","64e43cb5885ed3432c6d0500b37e527f158a48f50710abdc9e10965783710bbc","2026-08-17T12:00:07.8935096Z","source"
"work/godot_user_r25/Roaming/Godot/app_userdata/LANTERNLINE DEV/save_v1.backup.json","8","98e8e66d98f45504a80923203572020d15c102340a21a5201c92c598a7e34b69","2026-08-17T12:00:08.4172761Z","source"
"work/godot_user_r25/Roaming/Godot/app_userdata/LANTERNLINE DEV/save_v1.json","6704","bd735460d41049e679b22b6e935658cd29bf3da77061c600512873564ad863ea","2026-08-17T12:00:08.4062811Z","source"
"work/godot_user_r25/Roaming/Godot/app_userdata/LANTERNLINE DEV/shader_cache/CanvasShaderGLES3/958e52cedf6d95c603fcce0cbaf72253a2eed3294c868c3e36fa4bc188a8ea5a/6bb7c9a2fd1c4a8fa77cb96555b9b4a720209981.cache","51577","19374cf501cd2c9db425f1c861fc0087f78759948501c8f7d7625b321903f103","2026-08-17T11:55:22.1403381Z","source"
"work/godot_user_r25/Roaming/Godot/app_userdata/LANTERNLINE DEV/shader_cache/CopyShaderGLES3/74d83d3f129fac3d701fb49fdab3e1ae7033340d999e3e10995e3b7fb2d3a645/6bb7c9a2fd1c4a8fa77cb96555b9b4a720209981.cache","118055","301d13d1757dd395c557c6649463cfbf4844757bd43714c7ced3793e1c8c2e65","2026-08-17T11:55:20.5649470Z","source"
"work/godot_user_r25/Roaming/Godot/app_userdata/LANTERNLINE DEV/shader_cache/FeedShaderGLES3/07d0852685ecbec21009b89969481781ddf6e0eefc3617204c9d2cebe38a0a6f/6bb7c9a2fd1c4a8fa77cb96555b9b4a720209981.cache","8261","23ab85c23fb3889e43d9803ad6c53490f8c556009ea04277337c5c8721d788b2","2026-08-17T11:55:20.5739492Z","source"
"work/godot_user_r25/Roaming/Godot/app_userdata/LANTERNLINE DEV/shader_cache/PostShaderGLES3/f6f0681a2beb8a1faf162f72132faad14375351aab1d621ac76f8c2bfa414421/6bb7c9a2fd1c4a8fa77cb96555b9b4a720209981.cache","13656","e0e892da6b360858cb559e09282a908dd7fa9735ef424af10f1b1c019abafc11","2026-08-17T11:55:20.5719467Z","source"
"work/godot_user_r25/Roaming/Godot/app_userdata/LANTERNLINE DEV/shader_cache/SceneShaderGLES3/046a217ee8c06ec5f18730f9bef0535e1e347c1aacfee4559a33c9a92ac5e448/6bb7c9a2fd1c4a8fa77cb96555b9b4a720209981.cache","800909","488145670005a962aceef274b1a39b8695a7663ec99f7d03e0bb608f3afcf135","2026-08-17T11:55:20.5944596Z","source"
"work/godot_user/Local/Godot/editor_doc_cache-4.7.res","3269339","1e73f3a800374096ba02b319631fed1285c3149dbe098d0e445f0f70c2f14af7","2026-08-17T06:47:25.1877509Z","source"
"work/godot_user/Roaming/Godot/app_userdata/LANTERNLINE DEV/logs/godot.log","2475","1a7c6165262f87585e6f9e16aa0e5974bb59aa72b563b5f6494262c87fa0aab8","2026-08-17T09:35:37.9365293Z","source"
"work/godot_user/Roaming/Godot/app_userdata/LANTERNLINE DEV/logs/godot2026-08-17T17.29.36.log","2475","1a7c6165262f87585e6f9e16aa0e5974bb59aa72b563b5f6494262c87fa0aab8","2026-08-17T08:29:36.4947260Z","source"
"work/godot_user/Roaming/Godot/app_userdata/LANTERNLINE DEV/logs/godot2026-08-17T17.33.03.log","1476","e9229dbc9d7e7a06b97c30b40889ffdb9efc2c97b56222be40be9fb4ffe25a66","2026-08-17T08:33:03.2961761Z","source"
"work/godot_user/Roaming/Godot/app_userdata/LANTERNLINE DEV/logs/godot2026-08-17T17.41.21.log","1476","e9229dbc9d7e7a06b97c30b40889ffdb9efc2c97b56222be40be9fb4ffe25a66","2026-08-17T08:41:21.3534113Z","source"
"work/godot_user/Roaming/Godot/app_userdata/LANTERNLINE DEV/logs/godot2026-08-17T18.35.37.log","1075","48d9d4e586c1d9f4a24b502a82ee02958af280c5e9073864ad1368633c8de94c","2026-08-17T09:35:37.4038431Z","source"
"work/godot_user/Roaming/Godot/app_userdata/LANTERNLINE DEV/save_v1.backup.json","8","98e8e66d98f45504a80923203572020d15c102340a21a5201c92c598a7e34b69","2026-08-17T09:35:37.9355294Z","source"
"work/godot_user/Roaming/Godot/app_userdata/LANTERNLINE DEV/save_v1.json","6704","e39dfbb07db1de5f5b549e846f3fa594e03350ff07dca890310c0d4c1e72aeca","2026-08-17T09:35:37.9275293Z","source"
"work/godot_user/Roaming/Godot/app_userdata/LANTERNLINE DEV/shader_cache/CanvasShaderGLES3/958e52cedf6d95c603fcce0cbaf72253a2eed3294c868c3e36fa4bc188a8ea5a/6bb7c9a2fd1c4a8fa77cb96555b9b4a720209981.cache","51577","16f54760d3f859b00a0fe9a27dd8ae622a6974b7f69bd2ac7f6313e97165cbcc","2026-08-17T08:27:28.9013870Z","source"
"work/godot_user/Roaming/Godot/app_userdata/LANTERNLINE DEV/shader_cache/CopyShaderGLES3/74d83d3f129fac3d701fb49fdab3e1ae7033340d999e3e10995e3b7fb2d3a645/6bb7c9a2fd1c4a8fa77cb96555b9b4a720209981.cache","118055","d7dff4d72f4719e1d449e69711930cbda281e9db973bf705e80fa04d5665883e","2026-08-17T08:27:27.1743972Z","source"
"work/godot_user/Roaming/Godot/app_userdata/LANTERNLINE DEV/shader_cache/FeedShaderGLES3/07d0852685ecbec21009b89969481781ddf6e0eefc3617204c9d2cebe38a0a6f/6bb7c9a2fd1c4a8fa77cb96555b9b4a720209981.cache","8261","9d243de77ed701b4e8fd0017f8bc5d35fa1537ba567f4e7d2e875ec507bdee45","2026-08-17T08:27:27.1853964Z","source"
"work/godot_user/Roaming/Godot/app_userdata/LANTERNLINE DEV/shader_cache/PostShaderGLES3/f6f0681a2beb8a1faf162f72132faad14375351aab1d621ac76f8c2bfa414421/6bb7c9a2fd1c4a8fa77cb96555b9b4a720209981.cache","13656","77dcdba5ae11ecd75bae02968467c15a5614b79c34f8dcb8e46d18fe555131d2","2026-08-17T08:27:27.1823971Z","source"
"work/godot_user/Roaming/Godot/app_userdata/LANTERNLINE DEV/shader_cache/SceneShaderGLES3/046a217ee8c06ec5f18730f9bef0535e1e347c1aacfee4559a33c9a92ac5e448/6bb7c9a2fd1c4a8fa77cb96555b9b4a720209981.cache","800909","c0a5ae27f493a569800aed0271d424755faf9d6147cd3a0cfe65fb8d86546117","2026-08-17T08:27:27.2094075Z","source"
"work/godot_user/Roaming/Godot/editor_settings-4.7.tres","17803","2de3fcb7c29bafa618d7e36cb09de6234632d31a822ce4f7de1cc15c59cba384","2026-08-17T09:14:14.0776356Z","source"
"work/web_qa/chrome_probe_profile/ActorSafetyLists/9.5220.3721/_metadata/verified_contents.json","1766","c70f14691dd8bc69bfa3302e3b4b2fc4d5c8fec178909dc2b1973e401e04f5ff","2026-07-22T10:35:20.0000000Z","source"
"work/web_qa/chrome_probe_profile/ActorSafetyLists/9.5220.3721/listdata.json","2645951","6ee96ce2e55a80cde09b460049a4eb87f7d1e56510c7bba75b23d0b88c7c69ee","2026-07-22T10:35:20.0000000Z","source"
"work/web_qa/chrome_probe_profile/ActorSafetyLists/9.5220.3721/manifest.json","82","15b76e26b3c8d083448d6fc8aecd353a071eeefa5d33f3508bfaef801c1f8e14","2026-07-22T10:35:20.0000000Z","source"
"work/web_qa/chrome_probe_profile/AmountExtractionHeuristicRegexes/4/_metadata/verified_contents.json","1770","7b6a0e35b924a1a8ec78a59d4d5ead7cb73fcfe03d946c3a4a70ba17f81ade03","2025-10-14T17:20:04.0000000Z","source"
"work/web_qa/chrome_probe_profile/AmountExtractionHeuristicRegexes/4/heuristic_regexes.binarypb","633","a10f65d7e0d56702d6f08850c8bee9bd51af17f4be051900ff2b88c9217e425f","2025-10-14T17:20:04.0000000Z","source"
"work/web_qa/chrome_probe_profile/AmountExtractionHeuristicRegexes/4/manifest.json","94","95a2b0748baee70740ff2d5da78f98b5a29950562f989591f0b0b5bf13354b85","2025-10-14T17:20:04.0000000Z","source"
"work/web_qa/chrome_probe_profile/BrowserMetrics-spare.pma","4194304","bb9f8df61474d25e71fa00722318cd387396ca1736605e1248821cc0de3d3af8","2026-08-17T09:30:39.6874120Z","source"
"work/web_qa/chrome_probe_profile/CaptchaProviders/8.5419.4434/_metadata/verified_contents.json","1778","54c040ee0e23c3878308a505e28a6c616a321adae3690695b37af7b86a1a0e3c","2026-01-12T06:23:36.0000000Z","source"
"work/web_qa/chrome_probe_profile/CaptchaProviders/8.5419.4434/captcha_providers.json","414","9e389af6a5bbbdaf1d162eb8f54f6db6fcd33e070b3958c4330b185152847281","2026-01-12T06:23:36.0000000Z","source"
"work/web_qa/chrome_probe_profile/CaptchaProviders/8.5419.4434/manifest.json","91","738bc3a347d6ffbcaad9fc9db10a11059993886d214c56025cc978207e759cde","2026-01-12T06:23:36.0000000Z","source"
"work/web_qa/chrome_probe_profile/CertificateRevocation/10720/_metadata/verified_contents.json","1512","630b8cb0cdc9fceba7f74680f5c3a2f2f554582861e1b2409e13308ec705eba0","2026-08-16T23:58:42.0000000Z","source"
"work/web_qa/chrome_probe_profile/CertificateRevocation/10720/crl-set","1520200","7401f55dbddce1a05c4b1df6db5abb08b31ca1a840369d58489321256dd94768","2026-08-16T23:58:42.0000000Z","source"
"work/web_qa/chrome_probe_profile/CertificateRevocation/10720/LICENSE","1558","3dbd2c90050b652d63656481c3e5871c52261575292db77d4ea63419f187a55b","2026-08-16T23:58:42.0000000Z","source"
"work/web_qa/chrome_probe_profile/CertificateRevocation/10720/manifest.json","94","5df6eee97f9b2b587766e39117e63009f677cad7ebf19ace207cb04863bcea64","2026-08-16T23:58:42.0000000Z","source"
"work/web_qa/chrome_probe_profile/component_crx_cache/261bea60d22ebca3a95ce335c03ec751a0b58b2b7bdbd6ea51dfa54381b07775","11361","261bea60d22ebca3a95ce335c03ec751a0b58b2b7bdbd6ea51dfa54381b07775","2026-08-17T09:30:35.0945522Z","source"
"work/web_qa/chrome_probe_profile/component_crx_cache/269b53acf425802431432dd578284e91a80d505b6a0d06b16e1917bbb7dfec99","23323983","269b53acf425802431432dd578284e91a80d505b6a0d06b16e1917bbb7dfec99","2026-08-17T09:33:57.4342546Z","source"
"work/web_qa/chrome_probe_profile/component_crx_cache/28ffb6016cf29e05ea9d4e5132ff37997c10bd2cfb3799e350676270fbd8c43a","1525224","28ffb6016cf29e05ea9d4e5132ff37997c10bd2cfb3799e350676270fbd8c43a","2026-08-17T07:06:54.0000000Z","source"
"work/web_qa/chrome_probe_profile/component_crx_cache/3eb16d6c28b502ac4cfee8f4a148df05f4d93229fa36a71db8b08d06329ff18a","5407","3eb16d6c28b502ac4cfee8f4a148df05f4d93229fa36a71db8b08d06329ff18a","2019-09-05T20:55:32.0000000Z","source"
"work/web_qa/chrome_probe_profile/component_crx_cache/4448b37acb13eb51a842a8ebc85ea826729571c7293f2213d855d3a76cb9a4f8","2650095","4448b37acb13eb51a842a8ebc85ea826729571c7293f2213d855d3a76cb9a4f8","2026-08-17T09:34:43.2371923Z","source"
"work/web_qa/chrome_probe_profile/component_crx_cache/545666a4efd056351597bb386aea1368105ededc976ed5650d8682daab9f37ff","878447","545666a4efd056351597bb386aea1368105ededc976ed5650d8682daab9f37ff","2023-02-23T06:55:42.0000000Z","source"
"work/web_qa/chrome_probe_profile/component_crx_cache/56c21927faa028be6ce18c931660eec37e41da4bfbfd47cafa48350f828c0dbd","16701","56c21927faa028be6ce18c931660eec37e41da4bfbfd47cafa48350f828c0dbd","2025-07-24T18:06:07.0000000Z","source"
"work/web_qa/chrome_probe_profile/component_crx_cache/57d139ba6ba3160287788817c3bf3228d44720b80144f66d583d4de0730a5d27","426450","57d139ba6ba3160287788817c3bf3228d44720b80144f66d583d4de0730a5d27","2026-08-10T14:56:37.0000000Z","source"
"work/web_qa/chrome_probe_profile/component_crx_cache/733776833212346a1018b95197c61bed2d107fbb7790a985ef692780e02f31cb","184399","733776833212346a1018b95197c61bed2d107fbb7790a985ef692780e02f31cb","2026-08-17T09:30:14.2063628Z","source"
"work/web_qa/chrome_probe_profile/component_crx_cache/761eb76e8194189ad0b321b748723375a0b6375389f7ea99698ba07ff81a5cc8","569889","761eb76e8194189ad0b321b748723375a0b6375389f7ea99698ba07ff81a5cc8","2026-08-13T14:57:33.0000000Z","source"
"work/web_qa/chrome_probe_profile/component_crx_cache/7b05c14dba04ed522210b733f004cb0e74d7679a653b19bd029f9bc0e6b19903","12491","7b05c14dba04ed522210b733f004cb0e74d7679a653b19bd029f9bc0e6b19903","2026-01-29T21:01:18.0000000Z","source"
"work/web_qa/chrome_probe_profile/component_crx_cache/9bec6c2c0185d3305ac8495047a1aa01e725d58f8f18d219742a2988f07cd93a","188589","9bec6c2c0185d3305ac8495047a1aa01e725d58f8f18d219742a2988f07cd93a","2026-08-17T09:31:36.9445536Z","source"
"work/web_qa/chrome_probe_profile/component_crx_cache/abd93867c038d4d17c101ace2226d7e21303d984d7097271392bae6be478495b","4817","abd93867c038d4d17c101ace2226d7e21303d984d7097271392bae6be478495b","2025-10-15T00:28:23.0000000Z","source"
"work/web_qa/chrome_probe_profile/component_crx_cache/ae216724654f3e52d3c502328caf83f773e66cc5818c38850165864005a35169","4596","ae216724654f3e52d3c502328caf83f773e66cc5818c38850165864005a35169","2026-01-12T14:31:40.0000000Z","source"
"work/web_qa/chrome_probe_profile/component_crx_cache/ae38058ef6659ce0b8058d3b8f7542f635910015fe40ccfc1e98d2464c383f32","14631","ae38058ef6659ce0b8058d3b8f7542f635910015fe40ccfc1e98d2464c383f32","2026-08-03T14:04:32.0000000Z","source"
"work/web_qa/chrome_probe_profile/component_crx_cache/ae76c9b7882b2ef9425d3e0118869ac99c37fea90ea9e773ebd7d0bebfbf36ca","249742","ae76c9b7882b2ef9425d3e0118869ac99c37fea90ea9e773ebd7d0bebfbf36ca","2026-08-17T09:33:20.0478329Z","source"
"work/web_qa/chrome_probe_profile/component_crx_cache/c52c62a7c50daf7d3f73ec16977cd4b0ea401710807d5dbe3850941dd1b73a70","1114805","c52c62a7c50daf7d3f73ec16977cd4b0ea401710807d5dbe3850941dd1b73a70","2023-10-06T07:12:06.0000000Z","source"
"work/web_qa/chrome_probe_profile/component_crx_cache/metadata.json","1916","37bee8fc8339d793407f2a176c14eeb73675834f0055138afa7db690a06b062f","2026-08-17T09:35:55.4500795Z","source"
"work/web_qa/chrome_probe_profile/Crashpad/metadata","0","e3b0c44298fc1c149afbf4c8996fb92427ae41e4649b934ca495991b7852b855","2026-08-17T09:29:09.6454914Z","source"
"work/web_qa/chrome_probe_profile/Crashpad/settings.dat","40","bb8c7b5f883d8f07674a0e712b47c8710453114b94b2b24a5838c802fdb752ee","2026-08-17T09:29:09.8235073Z","source"
"work/web_qa/chrome_probe_profile/CrashpadMetrics-active.pma","1048576","57621605f66e10124818f1704a8de9692c9ea40a96245c22863aeff75b7e40fd","2026-08-17T09:29:12.0537290Z","source"
"work/web_qa/chrome_probe_profile/Crowd Deny/2026.8.13.60/_metadata/verified_contents.json","1766","3762fb85b6d8d6547b2f2261d2239d238eb088dc15fc4350f17ab78466739b55","2026-08-12T18:08:52.0000000Z","source"
"work/web_qa/chrome_probe_profile/Crowd Deny/2026.8.13.60/manifest.json","108","14638fed350838c30ce13539b2af29427506a43b35845d5d32163fb275a90e45","2026-08-12T18:08:52.0000000Z","source"
"work/web_qa/chrome_probe_profile/Crowd Deny/2026.8.13.60/Preload Data","245575","27a21ee6948145ac7478cee3cfa22765ddc4f5de12a9de90db40890761a341f3","2026-08-12T18:08:38.0000000Z","source"
"work/web_qa/chrome_probe_profile/Default/Account Web Data","77824","b671fc77f2eab823e977a4d842eaa80acefcc4a7fc205a76766a96f5196e65a8","2026-08-17T09:29:09.8316691Z","source"
"work/web_qa/chrome_probe_profile/Default/Account Web Data-journal","0","e3b0c44298fc1c149afbf4c8996fb92427ae41e4649b934ca495991b7852b855","2026-08-17T09:29:09.8336684Z","source"
"work/web_qa/chrome_probe_profile/Default/Affiliation Database","53248","687908afd0adf027324f343db40bdaceefe64afec45a24f08286b91f2d1bb181","2026-08-17T09:29:09.8235073Z","source"
"work/web_qa/chrome_probe_profile/Default/Affiliation Database-journal","0","e3b0c44298fc1c149afbf4c8996fb92427ae41e4649b934ca495991b7852b855","2026-08-17T09:29:09.8252205Z","source"
"work/web_qa/chrome_probe_profile/Default/AutofillAiModelCache/LOCK","0","e3b0c44298fc1c149afbf4c8996fb92427ae41e4649b934ca495991b7852b855","2026-08-17T09:29:12.1817294Z","source"
"work/web_qa/chrome_probe_profile/Default/AutofillAiModelCache/LOG","0","e3b0c44298fc1c149afbf4c8996fb92427ae41e4649b934ca495991b7852b855","2026-08-17T09:29:12.1807295Z","source"
"work/web_qa/chrome_probe_profile/Default/AutofillStrikeDatabase/LOCK","0","e3b0c44298fc1c149afbf4c8996fb92427ae41e4649b934ca495991b7852b855","2026-08-17T09:29:12.1827300Z","source"
"work/web_qa/chrome_probe_profile/Default/AutofillStrikeDatabase/LOG","0","e3b0c44298fc1c149afbf4c8996fb92427ae41e4649b934ca495991b7852b855","2026-08-17T09:29:12.1827300Z","source"
"work/web_qa/chrome_probe_profile/Default/BookmarkMergedSurfaceOrdering","6","4489f9e3e454748b3521eb214e0a5694d562cff3d9ff511cb456953c8f534c00","2026-08-17T09:29:12.1327293Z","source"
"work/web_qa/chrome_probe_profile/Default/BrowsingTopicsSiteData","28672","71a956cf71030a295cc2e0ee4694be069de8739d39150dee5ce685eff32f75b7","2026-08-17T09:29:12.1897293Z","source"
"work/web_qa/chrome_probe_profile/Default/BrowsingTopicsSiteData-journal","0","e3b0c44298fc1c149afbf4c8996fb92427ae41e4649b934ca495991b7852b855","2026-08-17T09:29:12.1917295Z","source"
"work/web_qa/chrome_probe_profile/Default/BrowsingTopicsState","414","f1f8921a7281ceb20f8e80905d74465394e683d11a6f60c9d55f8804c5d0af45","2026-08-17T09:29:14.5916508Z","source"
"work/web_qa/chrome_probe_profile/Default/BudgetDatabase/LOCK","0","e3b0c44298fc1c149afbf4c8996fb92427ae41e4649b934ca495991b7852b855","2026-08-17T09:29:12.1937300Z","source"
"work/web_qa/chrome_probe_profile/Default/BudgetDatabase/LOG","0","e3b0c44298fc1c149afbf4c8996fb92427ae41e4649b934ca495991b7852b855","2026-08-17T09:29:12.1937300Z","source"
"work/web_qa/chrome_probe_profile/Default/Cache/Cache_Data/data_0","45056","08e09517f6e3b6e07c0afecf0d0897afcb7491b79c126a05709944c0b9c08775","2026-08-17T09:29:13.8167672Z","source"
"work/web_qa/chrome_probe_profile/Default/Cache/Cache_Data/data_1","270336","d46e1bb22f764fe3a1eb84525ba19fa7280b34b7ea7a4e297f5badefd8c4873f","2026-08-17T14:34:14.4535092Z","source"
"work/web_qa/chrome_probe_profile/Default/Cache/Cache_Data/data_2","1056768","5edf81597b341a7c21478801066090d1cfe04dfa15432300f5b9c01f204b065c","2026-08-17T09:29:13.8077659Z","source"
"work/web_qa/chrome_probe_profile/Default/Cache/Cache_Data/data_3","4202496","1147d2a5f4333b4f8e3cb4ae86d25e44055ae91fdb3c9ff399b6c6f79abaa5a3","2026-08-17T09:29:13.8167672Z","source"
"work/web_qa/chrome_probe_profile/Default/Cache/Cache_Data/f_000001","21443","3cb4495c0b98dfbe4b663cbf2b6836473572339beb66d902367893162a70be0e","2026-08-17T09:29:09.9802436Z","source"
"work/web_qa/chrome_probe_profile/Default/Cache/Cache_Data/f_000002","279815","68586d6daafc93c6e697b3fb258976874aa7459b8931165ebb1dc3c9614cc42c","2026-08-17T09:29:10.0022423Z","source"
"work/web_qa/chrome_probe_profile/Default/Cache/Cache_Data/f_000003","45330","fa5899c58f176bbc4684533d06580c6e3ed47d4d6db4bc28441b422705ffb59a","2026-08-17T09:29:10.0772438Z","source"
"work/web_qa/chrome_probe_profile/Default/Cache/Cache_Data/f_000004","39513091","35116f68540ac41acf7d71ea457added91b5e960a9cca3e2acc72918eaf01277","2026-08-17T09:29:10.1982450Z","source"
"work/web_qa/chrome_probe_profile/Default/Cache/Cache_Data/f_000005","2420544","6d076914525a5cd3741bd52468694928b3d146be0657a8edb340f2f2930454f9","2026-08-17T09:29:10.0942437Z","source"
"work/web_qa/chrome_probe_profile/Default/Cache/Cache_Data/f_000006","451968","a075b01d9b015c616511a9e87da77da3d9881621db32f584e4606ddabf1c1100","2026-08-17T09:29:10.2132430Z","source"
"work/web_qa/chrome_probe_profile/Default/Cache/Cache_Data/f_000007","11476456","75b5e033a0d6e1bba1e7ce6aad6f723d84128cda7f2048339c8c498f049f49bc","2026-08-17T09:29:10.4252437Z","source"
"work/web_qa/chrome_probe_profile/Default/Cache/Cache_Data/index","524656","3979aaa589d0d4bab499fba8fffd71ee31219372e0a66f6da9d76cbc9ac316f5","2026-08-17T09:29:09.9172429Z","source"
"work/web_qa/chrome_probe_profile/Default/Cache/No_Vary_Search/journal.baj","4","9c169428d852e25bd59b27652ed533d2a1f09f96e4c329fa5e06f47e16731543","2026-08-17T09:29:09.9502434Z","source"
"work/web_qa/chrome_probe_profile/Default/Cache/No_Vary_Search/snapshot.baf","20","0c2dd377ed0cc66161e9db8f89f7d8bcb3ad8c06c4a054bdcba214ab05f58c9a","2026-08-17T09:29:09.9422445Z","source"
"work/web_qa/chrome_probe_profile/Default/chrome_cart_db/LOCK","0","e3b0c44298fc1c149afbf4c8996fb92427ae41e4649b934ca495991b7852b855","2026-08-17T09:29:09.7734883Z","source"
"work/web_qa/chrome_probe_profile/Default/chrome_cart_db/LOG","0","e3b0c44298fc1c149afbf4c8996fb92427ae41e4649b934ca495991b7852b855","2026-08-17T09:29:09.7704892Z","source"
"work/web_qa/chrome_probe_profile/Default/ClientCertificates/LOCK","0","e3b0c44298fc1c149afbf4c8996fb92427ae41e4649b934ca495991b7852b855","2026-08-17T09:29:09.7594889Z","source"
"work/web_qa/chrome_probe_profile/Default/ClientCertificates/LOG","0","e3b0c44298fc1c149afbf4c8996fb92427ae41e4649b934ca495991b7852b855","2026-08-17T09:29:09.7584883Z","source"
"work/web_qa/chrome_probe_profile/Default/Code Cache/js/9ae92dc60697485b_0","1933","d9be11236970771773a320f99233f7e5a3fc6fb29128b905c4df145b2925cf6c","2026-08-17T09:29:18.7984755Z","source"
"work/web_qa/chrome_probe_profile/Default/Code Cache/js/ba678a2fbd8c358c_0","298","2fb301bee213c34963ced76212bde1c11085b4f4bd085e3bbb2799db24ab4865","2026-08-17T09:29:09.9602440Z","source"
"work/web_qa/chrome_probe_profile/Default/Code Cache/js/index","24","fbcfe23a2ecb82b7100c50811691dde0a33aa3da8d176be9882a9db485dc0f2d","2026-08-17T09:29:09.7554879Z","source"
"work/web_qa/chrome_probe_profile/Default/Code Cache/js/index-dir/the-real-index","96","8dd33829d205e6498f510e807044a081a83c6925473838bad422697c319c2281","2026-08-17T09:29:34.3374440Z","source"
"work/web_qa/chrome_probe_profile/Default/Code Cache/wasm/index","24","fbcfe23a2ecb82b7100c50811691dde0a33aa3da8d176be9882a9db485dc0f2d","2026-08-17T09:29:09.7554879Z","source"
"work/web_qa/chrome_probe_profile/Default/Code Cache/wasm/index-dir/the-real-index","48","12159d43487c96ce73f9c4260a864d81011fc2d509e27439123e0715f743f5b5","2026-08-17T09:29:09.7564885Z","source"
"work/web_qa/chrome_probe_profile/Default/commerce_subscription_db/LOCK","0","e3b0c44298fc1c149afbf4c8996fb92427ae41e4649b934ca495991b7852b855","2026-08-17T09:29:09.7894882Z","source"
"work/web_qa/chrome_probe_profile/Default/commerce_subscription_db/LOG","0","e3b0c44298fc1c149afbf4c8996fb92427ae41e4649b934ca495991b7852b855","2026-08-17T09:29:09.7894882Z","source"
"work/web_qa/chrome_probe_profile/Default/DawnGraphiteCache/data_0","8192","d6a5fe39cd672781b256e0e3102f7022635f1d4bb7cfcc90a80fffe4d0f3877e","2026-08-17T09:29:09.8144878Z","source"
"work/web_qa/chrome_probe_profile/Default/DawnGraphiteCache/data_1","270336","10d030126246e63f8b5194fb07676eb6f229c33fcef4b06123ee32873221517e","2026-08-17T14:34:14.5435177Z","source"
"work/web_qa/chrome_probe_profile/Default/DawnGraphiteCache/data_2","8192","ec1702806f4cc7c42a82fc2b38e89835fde7c64bb32060e0823c9077ca92efb7","2026-08-17T09:29:09.8154878Z","source"
"work/web_qa/chrome_probe_profile/Default/DawnGraphiteCache/data_3","8192","e09f42c398d688dce168570291f1f92d079987deda3099a34adb9e8c0522b30c","2026-08-17T09:29:09.8159395Z","source"
"work/web_qa/chrome_probe_profile/Default/DawnGraphiteCache/index","262512","39caf596816d6f6980facd3857ee4901d19a92924baa22fb9b40aab6f0cc53b1","2026-08-17T09:29:09.8134885Z","source"
"work/web_qa/chrome_probe_profile/Default/DawnWebGPUCache/data_0","8192","d6a5fe39cd672781b256e0e3102f7022635f1d4bb7cfcc90a80fffe4d0f3877e","2026-08-17T09:29:09.8104881Z","source"
"work/web_qa/chrome_probe_profile/Default/DawnWebGPUCache/data_1","270336","aa51d1b9477c71429b2beb83032a3ab65d4fb6685d7eaeb0e58d5b09d4bb2bab","2026-08-17T14:34:14.5435177Z","source"
"work/web_qa/chrome_probe_profile/Default/DawnWebGPUCache/data_2","8192","ec1702806f4cc7c42a82fc2b38e89835fde7c64bb32060e0823c9077ca92efb7","2026-08-17T09:29:09.8114882Z","source"
"work/web_qa/chrome_probe_profile/Default/DawnWebGPUCache/data_3","8192","e09f42c398d688dce168570291f1f92d079987deda3099a34adb9e8c0522b30c","2026-08-17T09:29:09.8124887Z","source"
"work/web_qa/chrome_probe_profile/Default/DawnWebGPUCache/index","262512","2d85ee3486d6f8fe50eb16cdbecac8d706488cbffd6a174423451029ee633549","2026-08-17T09:29:09.8094879Z","source"
"work/web_qa/chrome_probe_profile/Default/declarative_performance_observer.db","32768","610da3f204433431c7c0626b7488888cc40e732ebe759f6399a8ac348eb4ca25","2026-08-17T09:29:12.0927315Z","source"
"work/web_qa/chrome_probe_profile/Default/declarative_performance_observer.db-journal","0","e3b0c44298fc1c149afbf4c8996fb92427ae41e4649b934ca495991b7852b855","2026-08-17T09:29:12.0957281Z","source"
"work/web_qa/chrome_probe_profile/Default/DIPS","4096","0ab48b25cba617ed3a4acca0161813b314c095ef63544bb4af60769eb1012977","2026-08-17T09:29:12.1187292Z","source"
"work/web_qa/chrome_probe_profile/Default/DIPS-wal","86552","fcdae21a49093226323349dda9ddaaa60542f755aea911cdd0d7c0c482381798","2026-08-17T14:29:12.1883929Z","source"
"work/web_qa/chrome_probe_profile/Default/discount_infos_db/LOCK","0","e3b0c44298fc1c149afbf4c8996fb92427ae41e4649b934ca495991b7852b855","2026-08-17T09:29:09.7734883Z","source"
"work/web_qa/chrome_probe_profile/Default/discount_infos_db/LOG","0","e3b0c44298fc1c149afbf4c8996fb92427ae41e4649b934ca495991b7852b855","2026-08-17T09:29:09.7664884Z","source"
"work/web_qa/chrome_probe_profile/Default/discounts_db/LOCK","0","e3b0c44298fc1c149afbf4c8996fb92427ae41e4649b934ca495991b7852b855","2026-08-17T09:29:09.7714875Z","source"
"work/web_qa/chrome_probe_profile/Default/discounts_db/LOG","0","e3b0c44298fc1c149afbf4c8996fb92427ae41e4649b934ca495991b7852b855","2026-08-17T09:29:09.7714875Z","source"
"work/web_qa/chrome_probe_profile/Default/Download Service/EntryDB/LOCK","0","e3b0c44298fc1c149afbf4c8996fb92427ae41e4649b934ca495991b7852b855","2026-08-17T09:29:19.7594269Z","source"
"work/web_qa/chrome_probe_profile/Default/Download Service/EntryDB/LOG","0","e3b0c44298fc1c149afbf4c8996fb92427ae41e4649b934ca495991b7852b855","2026-08-17T09:29:19.7594269Z","source"
"work/web_qa/chrome_probe_profile/Default/engine_allowlist.bf","360","63e82eb5c06b4c0057d99777bb9b9b8967a5629d20bf795a24448d79c24be281","2026-08-17T09:29:09.7914881Z","source"
"work/web_qa/chrome_probe_profile/Default/Extension Rules/000003.log","95","5b149d68659ebeab90f1116b8704a32dc240fbf85171bd4a4f70d57a3d8d4bb8","2026-08-17T09:29:12.9297961Z","source"
"work/web_qa/chrome_probe_profile/Default/Extension Rules/CURRENT","16","0f1bad70c7bd1e0a69562853ec529355462fcd0423263a3d39d6d0d70b780443","2026-08-17T09:29:09.7864878Z","source"
"work/web_qa/chrome_probe_profile/Default/Extension Rules/LOCK","0","e3b0c44298fc1c149afbf4c8996fb92427ae41e4649b934ca495991b7852b855","2026-08-17T09:29:09.7794888Z","source"
"work/web_qa/chrome_probe_profile/Default/Extension Rules/LOG","355","dc7a55d21decfa0eb0b54acfedfa21b09afb7f0176cdeea7f8e40bf3099e1793","2026-08-17T09:29:09.7934887Z","source"
"work/web_qa/chrome_probe_profile/Default/Extension Rules/MANIFEST-000001","41","f9d31b278e215eb0d0e9cd709edfa037e828f36214ab7906f612160fead4b2b4","2026-08-17T09:29:09.7804893Z","source"
"work/web_qa/chrome_probe_profile/Default/Extension Scripts/000003.log","95","5b149d68659ebeab90f1116b8704a32dc240fbf85171bd4a4f70d57a3d8d4bb8","2026-08-17T09:29:12.9297961Z","source"
"work/web_qa/chrome_probe_profile/Default/Extension Scripts/CURRENT","16","0f1bad70c7bd1e0a69562853ec529355462fcd0423263a3d39d6d0d70b780443","2026-08-17T09:29:09.8024883Z","source"
"work/web_qa/chrome_probe_profile/Default/Extension Scripts/LOCK","0","e3b0c44298fc1c149afbf4c8996fb92427ae41e4649b934ca495991b7852b855","2026-08-17T09:29:09.7944886Z","source"
"work/web_qa/chrome_probe_profile/Default/Extension Scripts/LOG","359","8b699acd745e6f10fdf564bc21463d9910c174f88eeb4506d99a4ce23eb2a544","2026-08-17T09:29:09.8084879Z","source"
"work/web_qa/chrome_probe_profile/Default/Extension Scripts/MANIFEST-000001","41","f9d31b278e215eb0d0e9cd709edfa037e828f36214ab7906f612160fead4b2b4","2026-08-17T09:29:09.7954880Z","source"
"work/web_qa/chrome_probe_profile/Default/Extension State/000003.log","285","fff9c841af450dfefe7f284f645d4a26b048e6bd5709ad766b308172bc260a53","2026-08-17T09:29:12.9297961Z","source"
"work/web_qa/chrome_probe_profile/Default/Extension State/CURRENT","16","0f1bad70c7bd1e0a69562853ec529355462fcd0423263a3d39d6d0d70b780443","2026-08-17T09:29:09.9172429Z","source"
"work/web_qa/chrome_probe_profile/Default/Extension State/LOCK","0","e3b0c44298fc1c149afbf4c8996fb92427ae41e4649b934ca495991b7852b855","2026-08-17T09:29:09.9052435Z","source"
"work/web_qa/chrome_probe_profile/Default/Extension State/LOG","355","440c924224f35e0b3bddfa6862e7330f2779b1ac7d30af0868c0d9aea1ab8921","2026-08-17T09:29:09.9272439Z","source"
"work/web_qa/chrome_probe_profile/Default/Extension State/MANIFEST-000001","41","f9d31b278e215eb0d0e9cd709edfa037e828f36214ab7906f612160fead4b2b4","2026-08-17T09:29:09.9102433Z","source"
"work/web_qa/chrome_probe_profile/Default/Extensions/ghbmnnjooekpmoecnnnilnnbdlolhkhi/1.109.1_0/_locales/af/messages.json","908","b40bde5b612cfff936370b32fb0c58cc205fc89937729504c6c0b527b60e2cba","2026-08-17T09:29:12.7037928Z","source"
"work/web_qa/chrome_probe_profile/Default/Extensions/ghbmnnjooekpmoecnnnilnnbdlolhkhi/1.109.1_0/_locales/am/messages.json","1285","3d0361a85adfcd35d0de74135723a75b646965e775188f7dcdd35e3e42db788e","2026-08-17T09:29:12.7057932Z","source"
"work/web_qa/chrome_probe_profile/Default/Extensions/ghbmnnjooekpmoecnnnilnnbdlolhkhi/1.109.1_0/_locales/ar/messages.json","1244","abd0919121956ab535e6a235de67764f46cfc944071fcf2302148f5fb0e8c65a","2026-08-17T09:29:12.7067937Z","source"
"work/web_qa/chrome_probe_profile/Default/Extensions/ghbmnnjooekpmoecnnnilnnbdlolhkhi/1.109.1_0/_locales/as/messages.json","2847","01b549ef285c94b31891997c7d5728bee7b56040f8847f279fc46e5cc262c4e3","2026-08-04T07:15:02.0000000Z","source"
"work/web_qa/chrome_probe_profile/Default/Extensions/ghbmnnjooekpmoecnnnilnnbdlolhkhi/1.109.1_0/_locales/az/messages.json","977","628145f4281fa825d75f1e332998904466abd050e8b0dc8bb9b6a20488d78a66","2026-08-17T09:29:12.7077943Z","source"
"work/web_qa/chrome_probe_profile/Default/Extensions/ghbmnnjooekpmoecnnnilnnbdlolhkhi/1.109.1_0/_locales/be/messages.json","3107","ddf16859a15f3eb3334d6241975ca3988ac3eafc3d96452ac3a4afd3644c8550","2026-08-04T07:15:02.0000000Z","source"
"work/web_qa/chrome_probe_profile/Default/Extensions/ghbmnnjooekpmoecnnnilnnbdlolhkhi/1.109.1_0/_locales/bg/messages.json","1389","ac4a8b5b7c0b0dd1c07910f30dcfbdf1bcb701cfcfd182b6153fd3911d566c0e","2026-08-17T09:29:12.7087941Z","source"
"work/web_qa/chrome_probe_profile/Default/Extensions/ghbmnnjooekpmoecnnnilnnbdlolhkhi/1.109.1_0/_locales/bn/messages.json","1763","1dbf38e425c5c7fc39e8077a837df0443692463ba1fbe94e288ab5a93242c46e","2026-08-17T09:29:12.7097942Z","source"
"work/web_qa/chrome_probe_profile/Default/Extensions/ghbmnnjooekpmoecnnnilnnbdlolhkhi/1.109.1_0/_locales/ca/messages.json","930","d6e65238187a430ff29d4c10cf1c46b3f0fa4b91a5900a17c5dfd16e67ffc9bd","2026-08-17T09:29:12.7107941Z","source"
"work/web_qa/chrome_probe_profile/Default/Extensions/ghbmnnjooekpmoecnnnilnnbdlolhkhi/1.109.1_0/_locales/cs/messages.json","913","21ae66ce537095408d21670585ad12599b0f575ff2cb3ee34e3a48f8cc71cfab","2026-08-17T09:29:12.7117944Z","source"
"work/web_qa/chrome_probe_profile/Default/Extensions/ghbmnnjooekpmoecnnnilnnbdlolhkhi/1.109.1_0/_locales/cy/messages.json","806","a482663292a913b02a9cde4635c7c92270bf3c8726fd274475dc2c490019a7c9","2026-08-04T07:15:02.0000000Z","source"
"work/web_qa/chrome_probe_profile/Default/Extensions/ghbmnnjooekpmoecnnnilnnbdlolhkhi/1.109.1_0/_locales/da/messages.json","883","48847d57c75af51a44cbf8f7ef1a4496c2007e58ed56d340724fda1604ff9195","2026-08-17T09:29:12.7127936Z","source"
"work/web_qa/chrome_probe_profile/Default/Extensions/ghbmnnjooekpmoecnnnilnnbdlolhkhi/1.109.1_0/_locales/de/messages.json","1031","36ac525fa6e28f18572d71d75293970e0e1ead68f358c20da4fdc643eea2c1c5","2026-08-17T09:29:12.7137928Z","source"
"work/web_qa/chrome_probe_profile/Default/Extensions/ghbmnnjooekpmoecnnnilnnbdlolhkhi/1.109.1_0/_locales/el/messages.json","1613","37ca6ab271d6e7c9b00b846fdb969811c9ce7864a85b5714027050795ea24f00","2026-08-17T09:29:12.7147942Z","source"
"work/web_qa/chrome_probe_profile/Default/Extensions/ghbmnnjooekpmoecnnnilnnbdlolhkhi/1.109.1_0/_locales/en_CA/messages.json","851","6895648577286002f1dc9c3366f558484eb7020d52bbf64a296406e61d09599c","2026-08-17T09:29:12.7157942Z","source"
"work/web_qa/chrome_probe_profile/Default/Extensions/ghbmnnjooekpmoecnnnilnnbdlolhkhi/1.109.1_0/_locales/en_GB/messages.json","848","ab5cda04013dce0195e80af714fbf3a67675283768ffd062cf3cf16edb49f5d4","2026-08-17T09:29:12.7167924Z","source"
"work/web_qa/chrome_probe_profile/Default/Extensions/ghbmnnjooekpmoecnnnilnnbdlolhkhi/1.109.1_0/_locales/en_US/messages.json","1425","102b586b197ea7d6edfeb874b97f95b05d229ea6a92780ea8544c4ff1e6bc5b1","2026-08-17T09:29:12.7177944Z","source"
"work/web_qa/chrome_probe_profile/Default/Extensions/ghbmnnjooekpmoecnnnilnnbdlolhkhi/1.109.1_0/_locales/en/messages.json","851","6895648577286002f1dc9c3366f558484eb7020d52bbf64a296406e61d09599c","2026-08-17T09:29:12.7157942Z","source"
"work/web_qa/chrome_probe_profile/Default/Extensions/ghbmnnjooekpmoecnnnilnnbdlolhkhi/1.109.1_0/_locales/es_419/messages.json","959","90a560ff82605db7eda26c90331650ff9e42c0b596cedb79b23598dec1b4988f","2026-08-17T09:29:12.7197931Z","source"
"work/web_qa/chrome_probe_profile/Default/Extensions/ghbmnnjooekpmoecnnnilnnbdlolhkhi/1.109.1_0/_locales/es/messages.json","961","2008f4faab71ab8c76a5d8811ad40102c380b6b929ce0bce9c378a7cadfc05eb","2026-08-17T09:29:12.7187937Z","source"
"work/web_qa/chrome_probe_profile/Default/Extensions/ghbmnnjooekpmoecnnnilnnbdlolhkhi/1.109.1_0/_locales/et/messages.json","968","cc31b877238da6c1d51d9a6155fde565727a1956572f466c387b7e41c4923a29","2026-08-17T09:29:12.7207927Z","source"
"work/web_qa/chrome_probe_profile/Default/Extensions/ghbmnnjooekpmoecnnnilnnbdlolhkhi/1.109.1_0/_locales/eu/messages.json","838","a41670d52423ba69c7a65e7e153e7b9994e8dd0370c584bda0714bd61c49c578","2026-08-04T07:15:02.0000000Z","source"
"work/web_qa/chrome_probe_profile/Default/Extensions/ghbmnnjooekpmoecnnnilnnbdlolhkhi/1.109.1_0/_locales/fa/messages.json","1305","7c4c09d19ac4da30cc0f7f521825f44c4dfbc19482a127fbfb2b74b3468f48f1","2026-08-17T09:29:12.7227950Z","source"
"work/web_qa/chrome_probe_profile/Default/Extensions/ghbmnnjooekpmoecnnnilnnbdlolhkhi/1.109.1_0/_locales/fi/messages.json","911","2d752a5dbe80e34ea9a18c958b4c754f3bc10d63279484e4df5880b8fd1894d2","2026-08-17T09:29:12.7417971Z","source"
"work/web_qa/chrome_probe_profile/Default/Extensions/ghbmnnjooekpmoecnnnilnnbdlolhkhi/1.109.1_0/_locales/fil/messages.json","939","f51eeb7aaf5f2103c1043d520e5a4de0fa75e4dc375e23a2c2c4afd4d9293a72","2026-08-17T09:29:12.7427960Z","source"
"work/web_qa/chrome_probe_profile/Default/Extensions/ghbmnnjooekpmoecnnnilnnbdlolhkhi/1.109.1_0/_locales/fr_CA/messages.json","972","4caa46656ecc46a420aa98d3307731e84f5ac1a89111d2e808a228c436d83834","2026-08-17T09:29:12.7447964Z","source"
"work/web_qa/chrome_probe_profile/Default/Extensions/ghbmnnjooekpmoecnnnilnnbdlolhkhi/1.109.1_0/_locales/fr/messages.json","977","0518287950a8b010ffc8d52554eb82e5d93b6c3571823b7ceca898906c11abcc","2026-08-17T09:29:12.7437968Z","source"
"work/web_qa/chrome_probe_profile/Default/Extensions/ghbmnnjooekpmoecnnnilnnbdlolhkhi/1.109.1_0/_locales/gl/messages.json","927","9890710df0fbf1db41bce41fe2f62424a3bd39d755d29e829744ed3da0c2ce1d","2026-08-04T07:15:02.0000000Z","source"
"work/web_qa/chrome_probe_profile/Default/Extensions/ghbmnnjooekpmoecnnnilnnbdlolhkhi/1.109.1_0/_locales/gu/messages.json","1658","fe8218df25db54e633927c4a1640b1a41b8e6cb3360fa386b5382f833b0b237c","2026-08-17T09:29:12.7457966Z","source"
"work/web_qa/chrome_probe_profile/Default/Extensions/ghbmnnjooekpmoecnnnilnnbdlolhkhi/1.109.1_0/_locales/hi/messages.json","1672","d2d1afa224cda388ff1dc8fac24cda228d7ce09de5d375947d7207fa4a6c4f8d","2026-08-17T09:29:12.7467943Z","source"
"work/web_qa/chrome_probe_profile/Default/Extensions/ghbmnnjooekpmoecnnnilnnbdlolhkhi/1.109.1_0/_locales/hr/messages.json","935","73e6e246ceeab9875625cd4889fbf931f93b7b9deaa11288ae1a0f8a6e311e76","2026-08-17T09:29:12.7477942Z","source"
"work/web_qa/chrome_probe_profile/Default/Extensions/ghbmnnjooekpmoecnnnilnnbdlolhkhi/1.109.1_0/_locales/hu/messages.json","1065","958c0f664fca20855fa84293566b2ddb7f297185619143457d6479e6ac81d240","2026-08-17T09:29:12.7487944Z","source"
"work/web_qa/chrome_probe_profile/Default/Extensions/ghbmnnjooekpmoecnnnilnnbdlolhkhi/1.109.1_0/_locales/hy/messages.json","2771","0b16e3f8bd904a767284345ae86a0a9927c47afe89e05ea2b13ad80009bdf9e4","2026-08-04T07:15:02.0000000Z","source"
"work/web_qa/chrome_probe_profile/Default/Extensions/ghbmnnjooekpmoecnnnilnnbdlolhkhi/1.109.1_0/_locales/id/messages.json","858","e3c86ddd2efebe88eed8484765a9868202546149753e03a61eb7c28fd62cfca1","2026-08-17T09:29:12.7497942Z","source"
"work/web_qa/chrome_probe_profile/Default/Extensions/ghbmnnjooekpmoecnnnilnnbdlolhkhi/1.109.1_0/_locales/is/messages.json","954","943e61988c859bb088f548889f0449885525dd660626a89ba67b2c94cfbfbb1b","2026-08-04T07:15:02.0000000Z","source"
"work/web_qa/chrome_probe_profile/Default/Extensions/ghbmnnjooekpmoecnnnilnnbdlolhkhi/1.109.1_0/_locales/it/messages.json","899","f41862665b13c0b4c4f562ef1743684cce29d4bcf7fe3ea494208df253e33885","2026-08-17T09:29:12.7507933Z","source"
"work/web_qa/chrome_probe_profile/Default/Extensions/ghbmnnjooekpmoecnnnilnnbdlolhkhi/1.109.1_0/_locales/iw/messages.json","2230","bbb81c32f482ba3216c9b1189c70cef39ca8c2181af3538ffa07b4c6ad52f06a","2026-08-04T07:15:02.0000000Z","source"
"work/web_qa/chrome_probe_profile/Default/Extensions/ghbmnnjooekpmoecnnnilnnbdlolhkhi/1.109.1_0/_locales/ja/messages.json","1160","34ac08f3c4f2d42962a3395508818b48ca323d22f498738cc9f09e78cb197d73","2026-08-17T09:29:12.7517947Z","source"
"work/web_qa/chrome_probe_profile/Default/Extensions/ghbmnnjooekpmoecnnnilnnbdlolhkhi/1.109.1_0/_locales/ka/messages.json","3264","30898bbf51bdd58db397ff780f061e33431a38ef5cfc288b5177ecf76b399f26","2026-08-04T07:15:02.0000000Z","source"
"work/web_qa/chrome_probe_profile/Default/Extensions/ghbmnnjooekpmoecnnnilnnbdlolhkhi/1.109.1_0/_locales/kk/messages.json","1447","63da18c0def0244edf035ebc05e1b4c4f7c9fcbde91e8ebc5e1742eab413e131","2026-08-17T09:29:12.7527942Z","source"
"work/web_qa/chrome_probe_profile/Default/Extensions/ghbmnnjooekpmoecnnnilnnbdlolhkhi/1.109.1_0/_locales/km/messages.json","3122","a6118f0a0de329e07c01f53cd6fb4fed43e54c5f53db4cd1c7f5b2b4d9fb10e6","2026-08-04T07:15:02.0000000Z","source"
"work/web_qa/chrome_probe_profile/Default/Extensions/ghbmnnjooekpmoecnnnilnnbdlolhkhi/1.109.1_0/_locales/kn/messages.json","1895","30078ef35a76e02a400f03b3698708a0145d9b57241cc4009e010696895cf3a1","2026-08-17T09:29:12.7537931Z","source"
"work/web_qa/chrome_probe_profile/Default/Extensions/ghbmnnjooekpmoecnnnilnnbdlolhkhi/1.109.1_0/_locales/ko/messages.json","1042","c52d9b955d229373725a6e713334bbb31ea72efa9b5cf4fbd76a566417b12cac","2026-08-17T09:29:12.7547927Z","source"
"work/web_qa/chrome_probe_profile/Default/Extensions/ghbmnnjooekpmoecnnnilnnbdlolhkhi/1.109.1_0/_locales/lo/messages.json","2535","89082fb05229826bc222f5d22c158235f025f0e6df67ff135a18bd899e13bb8f","2026-08-04T07:15:02.0000000Z","source"
"work/web_qa/chrome_probe_profile/Default/Extensions/ghbmnnjooekpmoecnnnilnnbdlolhkhi/1.109.1_0/_locales/lt/messages.json","1028","5dfcbd4dfeaec3abe973a78277d3bd02cd77ae635d5c8cd1f816446c61808f59","2026-08-17T09:29:12.7547927Z","source"
"work/web_qa/chrome_probe_profile/Default/Extensions/ghbmnnjooekpmoecnnnilnnbdlolhkhi/1.109.1_0/_locales/lv/messages.json","994","0621de9161748f45d53052ed8a430962139d7f19074c7ffe7223ecb06b0b87db","2026-08-17T09:29:12.7557930Z","source"
"work/web_qa/chrome_probe_profile/Default/Extensions/ghbmnnjooekpmoecnnnilnnbdlolhkhi/1.109.1_0/_locales/mk/messages.json","2875","d0ae7739adea379b6390d1ee65699fc78d8649b7977503b062f34a52690a5744","2026-08-04T07:15:02.0000000Z","source"
"work/web_qa/chrome_probe_profile/Default/Extensions/ghbmnnjooekpmoecnnnilnnbdlolhkhi/1.109.1_0/_locales/ml/messages.json","2091","22ca9415e294d9c3ec3384b9d08cdaf5164af73b4e4c251559e09e529c843ea6","2026-08-17T09:29:12.7567924Z","source"
"work/web_qa/chrome_probe_profile/Default/Extensions/ghbmnnjooekpmoecnnnilnnbdlolhkhi/1.109.1_0/_locales/mn/messages.json","2778","613d8751f6cc9d3fa319f4b7ea8b2bd3bed37fd077482ca825929dd7c12a69a8","2026-08-04T07:15:02.0000000Z","source"
"work/web_qa/chrome_probe_profile/Default/Extensions/ghbmnnjooekpmoecnnnilnnbdlolhkhi/1.109.1_0/_locales/mr/messages.json","1719","adeb082a9c754dfd5a9d47340a3ddcc19bf9c7efa6e629a2f1796305f1c9a66f","2026-08-17T09:29:12.7577938Z","source"
"work/web_qa/chrome_probe_profile/Default/Extensions/ghbmnnjooekpmoecnnnilnnbdlolhkhi/1.109.1_0/_locales/ms/messages.json","936","2824cf97513dc3ecc261f378bfd595ae95a5997e9d1c63f5731a58b1f8cd54f9","2026-08-17T09:29:12.7587937Z","source"
"work/web_qa/chrome_probe_profile/Default/Extensions/ghbmnnjooekpmoecnnnilnnbdlolhkhi/1.109.1_0/_locales/my/messages.json","3830","243befbd6b67a21433dcc97dc1a728896d3a070dc20055eb04d644e1bb955fe7","2026-08-04T07:15:02.0000000Z","source"
"work/web_qa/chrome_probe_profile/Default/Extensions/ghbmnnjooekpmoecnnnilnnbdlolhkhi/1.109.1_0/_locales/ne/messages.json","3160","34c00e5e0690a2dfe5e5d47c6e7acf7052510df82d902cd2b3ebcdedd7c1a61c","2026-08-04T07:15:02.0000000Z","source"
"work/web_qa/chrome_probe_profile/Default/Extensions/ghbmnnjooekpmoecnnnilnnbdlolhkhi/1.109.1_0/_locales/nl/messages.json","914","f3fe1ffcb182183b76e1b46c4463168c746a38e461fd25ca91ff2a40846f1d61","2026-08-17T09:29:12.7597936Z","source"
"work/web_qa/chrome_probe_profile/Default/Extensions/ghbmnnjooekpmoecnnnilnnbdlolhkhi/1.109.1_0/_locales/no/messages.json","878","21ceff02b45a4bfd60d144879dfa9f427949a027dd49a3eb0e9e345bd0b7c9a8","2026-08-17T09:29:12.7607939Z","source"
"work/web_qa/chrome_probe_profile/Default/Extensions/ghbmnnjooekpmoecnnnilnnbdlolhkhi/1.109.1_0/_locales/or/messages.json","2902","4fa7d3ed5b6003b4b0b3d1cedf0a7dd6489b96311b4bc320e8a3dd16852d59d9","2026-08-04T07:15:02.0000000Z","source"
"work/web_qa/chrome_probe_profile/Default/Extensions/ghbmnnjooekpmoecnnnilnnbdlolhkhi/1.109.1_0/_locales/pa/messages.json","2766","bbd37d41b7de6f93948fa2437a7699d4c30a3c39e736179702f212cb36a3133c","2026-08-04T07:15:02.0000000Z","source"
"work/web_qa/chrome_probe_profile/Default/Extensions/ghbmnnjooekpmoecnnnilnnbdlolhkhi/1.109.1_0/_locales/pl/messages.json","978","e00ff20437599a5c184ca0c79546cb6500171a95e5f24b9b5535e89a89d3ec3d","2026-08-17T09:29:12.7617940Z","source"
"work/web_qa/chrome_probe_profile/Default/Extensions/ghbmnnjooekpmoecnnnilnnbdlolhkhi/1.109.1_0/_locales/pt_BR/messages.json","889","e1e271d195f102684616637aa6a899ca75817ebd557868ae0d6150a12bfa856b","2026-08-17T09:29:12.7627937Z","source"
"work/web_qa/chrome_probe_profile/Default/Extensions/ghbmnnjooekpmoecnnnilnnbdlolhkhi/1.109.1_0/_locales/pt_PT/messages.json","914","e93b8e7fb86d2f7dfae57416bb1fb6ee0eea25629b972a5922940f0023c85f90","2026-08-17T09:29:12.7637939Z","source"
"work/web_qa/chrome_probe_profile/Default/Extensions/ghbmnnjooekpmoecnnnilnnbdlolhkhi/1.109.1_0/_locales/ro/messages.json","937","085787999d78fadff9600c9dc5e3ff4fb4eb9be06d6bb19df2eef8c284be7b20","2026-08-17T09:29:12.7647951Z","source"
"work/web_qa/chrome_probe_profile/Default/Extensions/ghbmnnjooekpmoecnnnilnnbdlolhkhi/1.109.1_0/_locales/ru/messages.json","1341","c0a776448a258efd47065bf3f4b45260d1b4cb431d57ecc97995e122249081f6","2026-08-17T09:29:12.7647951Z","source"
"work/web_qa/chrome_probe_profile/Default/Extensions/ghbmnnjooekpmoecnnnilnnbdlolhkhi/1.109.1_0/_locales/si/messages.json","2846","54241ebe651a8344235cc47afd274c080abaebc8c3a25afb95d8373b6a5670a2","2026-08-04T07:15:02.0000000Z","source"
"work/web_qa/chrome_probe_profile/Default/Extensions/ghbmnnjooekpmoecnnnilnnbdlolhkhi/1.109.1_0/_locales/sk/messages.json","934","903060ec9e76040b46deb47bbb041d0b28a6816cb9b892d7342fc7dc6782f87c","2026-08-17T09:29:12.7657943Z","source"
"work/web_qa/chrome_probe_profile/Default/Extensions/ghbmnnjooekpmoecnnnilnnbdlolhkhi/1.109.1_0/_locales/sl/messages.json","963","aab9cf9098294a46dc0f2fa468afff7ca7c323a1a0efa70c9db1e3a4da05d1d4","2026-08-17T09:29:12.7667940Z","source"
"work/web_qa/chrome_probe_profile/Default/Extensions/ghbmnnjooekpmoecnnnilnnbdlolhkhi/1.109.1_0/_locales/sq/messages.json","923","ea42c8f96c26ccb55a95f1f7bbbaf151ed36e9c737c54bb3c5081f3fdb9e9066","2026-08-04T07:15:02.0000000Z","source"
"work/web_qa/chrome_probe_profile/Default/Extensions/ghbmnnjooekpmoecnnnilnnbdlolhkhi/1.109.1_0/_locales/sr/messages.json","1320","4e8b69e864f57cddd4dc4e4faf2c28d496874d06016bc22e8d39e0cb69552769","2026-08-17T09:29:12.7677939Z","source"
"work/web_qa/chrome_probe_profile/Default/Extensions/ghbmnnjooekpmoecnnnilnnbdlolhkhi/1.109.1_0/_locales/sv/messages.json","884","64b1e422b346ab77c5d1c77142685b3ff7661d498767d104b0c24cb36d0eb859","2026-08-17T09:29:12.7687942Z","source"
"work/web_qa/chrome_probe_profile/Default/Extensions/ghbmnnjooekpmoecnnnilnnbdlolhkhi/1.109.1_0/_locales/sw/messages.json","980","0d20680b74af10ef8c754fcde259124a438dce3848305b0caf994d98e787d263","2026-08-17T09:29:12.7697931Z","source"
"work/web_qa/chrome_probe_profile/Default/Extensions/ghbmnnjooekpmoecnnnilnnbdlolhkhi/1.109.1_0/_locales/ta/messages.json","1941","6282bf9df12ad453858b0b531c8999d5fd6251eb855234546a1b30858462231a","2026-08-17T09:29:12.7707941Z","source"
"work/web_qa/chrome_probe_profile/Default/Extensions/ghbmnnjooekpmoecnnnilnnbdlolhkhi/1.109.1_0/_locales/te/messages.json","1969","026c164bae27dbb36a564888a796aa3f188aad9e0c37176d48910395cf772cea","2026-08-17T09:29:12.7707941Z","source"
"work/web_qa/chrome_probe_profile/Default/Extensions/ghbmnnjooekpmoecnnnilnnbdlolhkhi/1.109.1_0/_locales/th/messages.json","1674","d147631b2334a25b8aa4519e4a30fb3a1a85b6a0396bc688c68dc124ec387d58","2026-08-17T09:29:12.7717938Z","source"
"work/web_qa/chrome_probe_profile/Default/Extensions/ghbmnnjooekpmoecnnnilnnbdlolhkhi/1.109.1_0/_locales/tr/messages.json","1063","b9066a162bee00fd50dc48c71b32b69dffa362a01f84b45698b017a624f46824","2026-08-17T09:29:12.7727929Z","source"
"work/web_qa/chrome_probe_profile/Default/Extensions/ghbmnnjooekpmoecnnnilnnbdlolhkhi/1.109.1_0/_locales/uk/messages.json","1333","9fa26ff09f6acde2457ed366c0c4124b6cac1435d0c4fd8a870a0c090417da19","2026-08-17T09:29:12.7737937Z","source"
"work/web_qa/chrome_probe_profile/Default/Extensions/ghbmnnjooekpmoecnnnilnnbdlolhkhi/1.109.1_0/_locales/ur/messages.json","1263","5da836224d0f3a96f1c5eb5063061aad837ca9fc6fed15d19c66da25cf56f8ac","2026-08-17T09:29:12.7747938Z","source"
"work/web_qa/chrome_probe_profile/Default/Extensions/ghbmnnjooekpmoecnnnilnnbdlolhkhi/1.109.1_0/_locales/uz/messages.json","865","1eba3f2228c3e838a666f85ba3ee42c1d62c98a51287c5cf1de3fcd204c3bc4c","2026-08-17T09:29:12.7747938Z","source"
"work/web_qa/chrome_probe_profile/Default/Extensions/ghbmnnjooekpmoecnnnilnnbdlolhkhi/1.109.1_0/_locales/vi/messages.json","1074","597c5f32bc999746bc5c2ed1e5115c523b7eb1d33f81b042203e1c1df4bbcafe","2026-08-17T09:29:12.7757932Z","source"
"work/web_qa/chrome_probe_profile/Default/Extensions/ghbmnnjooekpmoecnnnilnnbdlolhkhi/1.109.1_0/_locales/zh_CN/messages.json","873","c047235c983d3dcf835d4ecc1c9270c6262a09a5acadf093d87e709c0a23cae7","2026-08-17T09:29:12.7767930Z","source"
"work/web_qa/chrome_probe_profile/Default/Extensions/ghbmnnjooekpmoecnnnilnnbdlolhkhi/1.109.1_0/_locales/zh_HK/messages.json","1205","30f44cfad052d73d86d12fa20cfc111563a3b2e4523b43f7d66d934ba8dace91","2026-08-04T07:15:02.0000000Z","source"
"work/web_qa/chrome_probe_profile/Default/Extensions/ghbmnnjooekpmoecnnnilnnbdlolhkhi/1.109.1_0/_locales/zh_TW/messages.json","843","f94c6ddedf067642a1af18d629778ec65e02b6097a8532b7e794502747aeb008","2026-08-17T09:29:12.7777939Z","source"
"work/web_qa/chrome_probe_profile/Default/Extensions/ghbmnnjooekpmoecnnnilnnbdlolhkhi/1.109.1_0/_locales/zu/messages.json","912","ec78ddd4ccf32b5d76ec701a20167c3fbd146d79a505e4fb0421fc1e5cf4aa63","2026-08-04T07:15:02.0000000Z","source"
"work/web_qa/chrome_probe_profile/Default/Extensions/ghbmnnjooekpmoecnnnilnnbdlolhkhi/1.109.1_0/_metadata/computed_hashes.json","6126","c510ca4aa3523c5f556ae64ae31afe8263a540370e86179b5c018b1fbec59fcb","2026-08-17T09:29:12.9557934Z","source"
"work/web_qa/chrome_probe_profile/Default/Extensions/ghbmnnjooekpmoecnnnilnnbdlolhkhi/1.109.1_0/_metadata/verified_contents.json","11914","02727607d383d493bbca250f4dbb3f15d6e49d9f67586373348d21f6b08483e8","2026-08-17T09:29:12.5027943Z","source"
"work/web_qa/chrome_probe_profile/Default/Extensions/ghbmnnjooekpmoecnnnilnnbdlolhkhi/1.109.1_0/128.png","5069","2576b1798cd3fa5745897dbe8f1ab12eaf12110827d290b44c6fc0396ba3bba2","2026-08-17T09:29:12.5767925Z","source"
"work/web_qa/chrome_probe_profile/Default/Extensions/ghbmnnjooekpmoecnnnilnnbdlolhkhi/1.109.1_0/dasherSettingSchema.json","854","6c69ce0fe6fab14f1990a320d704fee362c175c00eb6c9224aa6f41108918ca6","2026-08-04T07:15:02.0000000Z","source"
"work/web_qa/chrome_probe_profile/Default/Extensions/ghbmnnjooekpmoecnnnilnnbdlolhkhi/1.109.1_0/manifest.json","2526","9868c63c1f5df8ebcb0ebaffc98ee98565c3f4f94e1a3cabdf88673b94324c7c","2026-08-17T09:29:12.5527946Z","source"
"work/web_qa/chrome_probe_profile/Default/Extensions/ghbmnnjooekpmoecnnnilnnbdlolhkhi/1.109.1_0/offscreendocument_main.js","129822","ae0a1e0da6effb15bb71856e82d36d69a8253366c941f648b7cbec3f74b0a73e","2026-08-04T07:15:02.0000000Z","source"
"work/web_qa/chrome_probe_profile/Default/Extensions/ghbmnnjooekpmoecnnnilnnbdlolhkhi/1.109.1_0/offscreendocument.html","97","b9fa2d52a4ffabb438b56184131b893b04655b01f336066415d4fe839efe64e7","2026-08-04T07:15:02.0000000Z","source"
"work/web_qa/chrome_probe_profile/Default/Extensions/ghbmnnjooekpmoecnnnilnnbdlolhkhi/1.109.1_0/page_embed_script.js","339","21d28a770a73704374bea8b0eada7e4e4649ea9b85b17a9ba0b01c19e1ae1395","2026-08-04T07:15:02.0000000Z","source"
"work/web_qa/chrome_probe_profile/Default/Extensions/ghbmnnjooekpmoecnnnilnnbdlolhkhi/1.109.1_0/service_worker_bin_prod.js","135742","108c7add8cba49512da24b2a1b95cef35d778691ef5a5d01ba66c2ba7dcee00c","2026-08-04T07:15:02.0000000Z","source"
"work/web_qa/chrome_probe_profile/Default/Extensions/nmmhkkegccagdldgiimedpiccmgmieda/1.0.0.6_0/_locales/bg/messages.json","796","a114e2783d0e9b12155017323ba70838f0f82a71c7ee8dc1f115ae36991241f8","2026-08-17T09:29:12.5067947Z","source"
"work/web_qa/chrome_probe_profile/Default/Extensions/nmmhkkegccagdldgiimedpiccmgmieda/1.0.0.6_0/_locales/ca/messages.json","675","c67898b67f9c9209eafda6532b62d5789863cfb855998dd6a70e7775316cec20","2026-08-17T09:29:12.5077938Z","source"
"work/web_qa/chrome_probe_profile/Default/Extensions/nmmhkkegccagdldgiimedpiccmgmieda/1.0.0.6_0/_locales/cs/messages.json","641","32290d69a90e6baac428b10382c99221b12773bb9a184f3b93dfb48a4f6d7a40","2026-08-17T09:29:12.5097928Z","source"
"work/web_qa/chrome_probe_profile/Default/Extensions/nmmhkkegccagdldgiimedpiccmgmieda/1.0.0.6_0/_locales/da/messages.json","624","4977d4a053542ff66967faed6b06585dd70e68e20bfeb533b66fe3287f9655d9","2026-08-17T09:29:12.5107943Z","source"
"work/web_qa/chrome_probe_profile/Default/Extensions/nmmhkkegccagdldgiimedpiccmgmieda/1.0.0.6_0/_locales/de/messages.json","651","a62ffab910e31531758eee48b2cc71a8857bec3021dead50b668cba3c8667053","2026-08-17T09:29:12.5117934Z","source"
"work/web_qa/chrome_probe_profile/Default/Extensions/nmmhkkegccagdldgiimedpiccmgmieda/1.0.0.6_0/_locales/el/messages.json","787","a052c32b4fcac61152eb0adb2c260fb6a8256ad104aa0013db93e9798d41a070","2026-08-17T09:29:12.5127942Z","source"
"work/web_qa/chrome_probe_profile/Default/Extensions/nmmhkkegccagdldgiimedpiccmgmieda/1.0.0.6_0/_locales/en_GB/messages.json","593","92f1246c21dd5fd7266ebfd65798c61e403d01a816cc3cf780db5c8aa2e3d9c9","2026-08-17T09:29:12.5147932Z","source"
"work/web_qa/chrome_probe_profile/Default/Extensions/nmmhkkegccagdldgiimedpiccmgmieda/1.0.0.6_0/_locales/en/messages.json","593","92f1246c21dd5fd7266ebfd65798c61e403d01a816cc3cf780db5c8aa2e3d9c9","2026-08-17T09:29:12.5137935Z","source"
"work/web_qa/chrome_probe_profile/Default/Extensions/nmmhkkegccagdldgiimedpiccmgmieda/1.0.0.6_0/_locales/es_419/messages.json","637","6659bc3705311d7641a73995dcfea80c7734f2f4ebbc3787b3892a240348324f","2026-08-17T09:29:12.5157944Z","source"
"work/web_qa/chrome_probe_profile/Default/Extensions/nmmhkkegccagdldgiimedpiccmgmieda/1.0.0.6_0/_locales/es/messages.json","661","4db9b2721e625c18b9e05c04b31af5d9694712f1caaf6219abe34bb08e5db1c7","2026-08-17T09:29:12.5157944Z","source"
"work/web_qa/chrome_probe_profile/Default/Extensions/nmmhkkegccagdldgiimedpiccmgmieda/1.0.0.6_0/_locales/et/messages.json","595","c85800bf45942fcc7fd6b1df929c25f9cc2a977a6678966bd03d4b6b69889afd","2026-08-17T09:29:12.5167942Z","source"
"work/web_qa/chrome_probe_profile/Default/Extensions/nmmhkkegccagdldgiimedpiccmgmieda/1.0.0.6_0/_locales/fi/messages.json","647","0bde54b20845124113383b6eb81e43a0f05e4eb0c44bee3c1dfac4cc5fec2836","2026-08-17T09:29:12.5177947Z","source"
"work/web_qa/chrome_probe_profile/Default/Extensions/nmmhkkegccagdldgiimedpiccmgmieda/1.0.0.6_0/_locales/fil/messages.json","658","ec002ed92359f67818b49455dfc579e140368e6a004080af022fd4f57f6b03f2","2026-08-17T09:29:12.5187931Z","source"
"work/web_qa/chrome_probe_profile/Default/Extensions/nmmhkkegccagdldgiimedpiccmgmieda/1.0.0.6_0/_locales/fr/messages.json","677","599491f8c52b945c16c441adf45bfd45afae046da07757d97c56af4de75ed3b5","2026-08-17T09:29:12.5197936Z","source"
"work/web_qa/chrome_probe_profile/Default/Extensions/nmmhkkegccagdldgiimedpiccmgmieda/1.0.0.6_0/_locales/hi/messages.json","835","8106d98c4f8da16db698444409558e29cc96735e188bfa303c333a5d99231c1d","2026-08-17T09:29:12.5207943Z","source"
"work/web_qa/chrome_probe_profile/Default/Extensions/nmmhkkegccagdldgiimedpiccmgmieda/1.0.0.6_0/_locales/hr/messages.json","618","a2b2ec359a9dd9dccce02859ce1e738bd30faa4a05f1dc522893ffdf722bbc15","2026-08-17T09:29:12.5217959Z","source"
"work/web_qa/chrome_probe_profile/Default/Extensions/nmmhkkegccagdldgiimedpiccmgmieda/1.0.0.6_0/_locales/hu/messages.json","683","32a249749f12adb6a220bf9adc272c7e5d9ad5497a38b0086d961e3aba17fbc6","2026-08-17T09:29:12.5227928Z","source"
"work/web_qa/chrome_probe_profile/Default/Extensions/nmmhkkegccagdldgiimedpiccmgmieda/1.0.0.6_0/_locales/id/messages.json","604","c6e8800450602de0f39fe9f6854472383813fb454b08abae7e25a9167ce004c3","2026-08-17T09:29:12.5237937Z","source"
"work/web_qa/chrome_probe_profile/Default/Extensions/nmmhkkegccagdldgiimedpiccmgmieda/1.0.0.6_0/_locales/it/messages.json","603","cd891c45f7586fb4a2514205a11f260e4a6d4482fa03d901909dd9f57be0536d","2026-08-17T09:29:12.5237937Z","source"
"work/web_qa/chrome_probe_profile/Default/Extensions/nmmhkkegccagdldgiimedpiccmgmieda/1.0.0.6_0/_locales/ja/messages.json","697","706312a4a2aef3317223f141eb2b82685345b7eed444f16bb4df3a272716da1f","2026-08-17T09:29:12.5247931Z","source"
"work/web_qa/chrome_probe_profile/Default/Extensions/nmmhkkegccagdldgiimedpiccmgmieda/1.0.0.6_0/_locales/ko/messages.json","631","d1467b8d037114403e8f4efc52e88c4a7feb96126be4cff883feff1084ef7e68","2026-08-17T09:29:12.5257940Z","source"
"work/web_qa/chrome_probe_profile/Default/Extensions/nmmhkkegccagdldgiimedpiccmgmieda/1.0.0.6_0/_locales/lt/messages.json","665","7c311ab751d840d750c11553c083785813e079c1d464fe568a98c9e3ef3db96c","2026-08-17T09:29:12.5267939Z","source"
"work/web_qa/chrome_probe_profile/Default/Extensions/nmmhkkegccagdldgiimedpiccmgmieda/1.0.0.6_0/_locales/lv/messages.json","671","1fa1df2ca8516def490fb8484e9aa498acff80eef5c9258ffe42d3678e6c7ded","2026-08-17T09:29:12.5277929Z","source"
"work/web_qa/chrome_probe_profile/Default/Extensions/nmmhkkegccagdldgiimedpiccmgmieda/1.0.0.6_0/_locales/nb/messages.json","624","2cd700aeb57d89c2e73333d0702556ee3ff3863516170f85669bc680fcbdc4e0","2026-08-17T09:29:12.5287951Z","source"
"work/web_qa/chrome_probe_profile/Default/Extensions/nmmhkkegccagdldgiimedpiccmgmieda/1.0.0.6_0/_locales/nl/messages.json","615","92be7c2dc9cfbe5a65e9ce6488d364c8d7ec19e7b67a31e4d43c1cb2b169671c","2026-08-17T09:29:12.5297930Z","source"
"work/web_qa/chrome_probe_profile/Default/Extensions/nmmhkkegccagdldgiimedpiccmgmieda/1.0.0.6_0/_locales/pl/messages.json","636","e2699f98c511b18a2afb82eae9a4804b646c4ff1077d80e77c17a3943a6373c2","2026-08-17T09:29:12.5307934Z","source"
"work/web_qa/chrome_probe_profile/Default/Extensions/nmmhkkegccagdldgiimedpiccmgmieda/1.0.0.6_0/_locales/pt_BR/messages.json","636","6374880fdd1f8af1ee8aea6a06b73be0ab265afceb4fe6f08bde3b3989264b21","2026-08-17T09:29:12.5317945Z","source"
"work/web_qa/chrome_probe_profile/Default/Extensions/nmmhkkegccagdldgiimedpiccmgmieda/1.0.0.6_0/_locales/pt_PT/messages.json","622","c1c94f65fabaf17def98a8587711a56d61b1e5607500e9b01f2824db109f9e83","2026-08-17T09:29:12.5327933Z","source"
"work/web_qa/chrome_probe_profile/Default/Extensions/nmmhkkegccagdldgiimedpiccmgmieda/1.0.0.6_0/_locales/ro/messages.json","641","113a13900cba62fe8aed06751971c23a80a99b47f9be219cf884d57db19611d9","2026-08-17T09:29:12.5327933Z","source"
"work/web_qa/chrome_probe_profile/Default/Extensions/nmmhkkegccagdldgiimedpiccmgmieda/1.0.0.6_0/_locales/ru/messages.json","744","fbaf22ce6e16de174ced8cb5ea3098cca1c3426a2111ff33bd3e64da64ed67ab","2026-08-17T09:29:12.5337931Z","source"
"work/web_qa/chrome_probe_profile/Default/Extensions/nmmhkkegccagdldgiimedpiccmgmieda/1.0.0.6_0/_locales/sk/messages.json","647","7fa16af97e6cfc52ec6008eb679d3f30e7e0c24f9ef2d18a9228eaf4ded9d63b","2026-08-17T09:29:12.5347932Z","source"
"work/web_qa/chrome_probe_profile/Default/Extensions/nmmhkkegccagdldgiimedpiccmgmieda/1.0.0.6_0/_locales/sl/messages.json","617","18aff072ee0df7c3495045435c752a805606e6d5d462ef2321c443f1773f4b3a","2026-08-17T09:29:12.5357945Z","source"
"work/web_qa/chrome_probe_profile/Default/Extensions/nmmhkkegccagdldgiimedpiccmgmieda/1.0.0.6_0/_locales/sr/messages.json","743","7ffde34c58e7c376c042de64def6481dae32be8b70f0b18edf536290cbe0c818","2026-08-17T09:29:12.5367943Z","source"
"work/web_qa/chrome_probe_profile/Default/Extensions/nmmhkkegccagdldgiimedpiccmgmieda/1.0.0.6_0/_locales/sv/messages.json","630","b8ba77e0089b0676545ec16d32468b727812b444f90b33a7a5b748e6c36c4388","2026-08-17T09:29:12.5377931Z","source"
"work/web_qa/chrome_probe_profile/Default/Extensions/nmmhkkegccagdldgiimedpiccmgmieda/1.0.0.6_0/_locales/th/messages.json","945","2feca577f43d97baeea464741d585892103585208fd0a935b810a03bdce83c88","2026-08-17T09:29:12.5387940Z","source"
"work/web_qa/chrome_probe_profile/Default/Extensions/nmmhkkegccagdldgiimedpiccmgmieda/1.0.0.6_0/_locales/tr/messages.json","631","a7cb86f30c9c31fe5540282c308ba96adb4ec16ef98c87129eb88105e5bef5fc","2026-08-17T09:29:12.5397930Z","source"
"work/web_qa/chrome_probe_profile/Default/Extensions/nmmhkkegccagdldgiimedpiccmgmieda/1.0.0.6_0/_locales/uk/messages.json","720","68aba284751eb9c856032062ef9b1651e2a1e5ce5fda0977ffc97d63ba7bed9e","2026-08-17T09:29:12.5407928Z","source"
"work/web_qa/chrome_probe_profile/Default/Extensions/nmmhkkegccagdldgiimedpiccmgmieda/1.0.0.6_0/_locales/vi/messages.json","695","051f96ed874c11c4a13589b5f68964e4f5b03b52dda223d56524f2ca23760c04","2026-08-17T09:29:12.5407928Z","source"
"work/web_qa/chrome_probe_profile/Default/Extensions/nmmhkkegccagdldgiimedpiccmgmieda/1.0.0.6_0/_locales/zh_CN/messages.json","595","d804f2a040d21d7511efd5213d8e1721d64964a1a0dbb48e21622ceedc9d967e","2026-08-17T09:29:12.5417932Z","source"
"work/web_qa/chrome_probe_profile/Default/Extensions/nmmhkkegccagdldgiimedpiccmgmieda/1.0.0.6_0/_locales/zh_TW/messages.json","634","c6f8c640f3353a7b9b1432a0c139c1aeec40133800e6c9b467b63991ad660308","2026-08-17T09:29:12.5427929Z","source"
"work/web_qa/chrome_probe_profile/Default/Extensions/nmmhkkegccagdldgiimedpiccmgmieda/1.0.0.6_0/_metadata/computed_hashes.json","11217","965203d541e442c107dbc6d5b395168123d0397559774beae4e5b9abc44ef268","2026-08-17T09:29:12.6617948Z","source"
"work/web_qa/chrome_probe_profile/Default/Extensions/nmmhkkegccagdldgiimedpiccmgmieda/1.0.0.6_0/_metadata/verified_contents.json","7780","52a24fa2fb3bcb18d9d8571ae385c4a830ff98ce4c18384d40a84ea7f6ba7f69","2021-01-28T15:51:02.0000000Z","source"
"work/web_qa/chrome_probe_profile/Default/Extensions/nmmhkkegccagdldgiimedpiccmgmieda/1.0.0.6_0/craw_background.js","544643","04cd9494b0ed83924dad12202630b20d053d9e2819c8e826a386c814cc0a1697","2021-01-28T15:20:58.0000000Z","source"
"work/web_qa/chrome_probe_profile/Default/Extensions/nmmhkkegccagdldgiimedpiccmgmieda/1.0.0.6_0/craw_window.js","261316","5721a4b3f8e09c869a629effd350b51c9d46f0ac136717d4db6265c0ee6f9ac8","2021-01-28T15:20:56.0000000Z","source"
"work/web_qa/chrome_probe_profile/Default/Extensions/nmmhkkegccagdldgiimedpiccmgmieda/1.0.0.6_0/css/craw_window.css","1741","10dfbd2d98950b79ee12f6b8e3885aabe31543048de56ad4fc0a5e34d0d9d4ec","2013-10-07T12:22:20.0000000Z","source"
"work/web_qa/chrome_probe_profile/Default/Extensions/nmmhkkegccagdldgiimedpiccmgmieda/1.0.0.6_0/html/craw_window.html","810","bb8742615e4cd996ae5d0200e443ae6a6f0b473255f03affdb8fb4660de4554d","2013-08-07T13:33:38.0000000Z","source"
"work/web_qa/chrome_probe_profile/Default/Extensions/nmmhkkegccagdldgiimedpiccmgmieda/1.0.0.6_0/images/flapper.gif","70364","2b73533f47a99ffea9cc405ffafa9c4c53623f62487aebfba415945120b22040","2013-08-07T13:33:38.0000000Z","source"
"work/web_qa/chrome_probe_profile/Default/Extensions/nmmhkkegccagdldgiimedpiccmgmieda/1.0.0.6_0/images/icon_128.png","4346","ffabe30fdfbe544f611f47d542a6db95c785a993edbace0d7d3116cd90183b24","2026-08-17T09:29:12.5037942Z","source"
"work/web_qa/chrome_probe_profile/Default/Extensions/nmmhkkegccagdldgiimedpiccmgmieda/1.0.0.6_0/images/icon_16.png","582","ea3a6eb816e3a8cab8f923cea33bad0a3fa29caefb92147c1a38060b9f5b3058","2026-08-17T09:29:12.5047929Z","source"
"work/web_qa/chrome_probe_profile/Default/Extensions/nmmhkkegccagdldgiimedpiccmgmieda/1.0.0.6_0/images/topbar_floating_button_close.png","252","131817cd9311c03df22d769dd2ad7fa2e6e9558863a89f7e5e1657424031a937","2013-08-07T13:33:38.0000000Z","source"
"work/web_qa/chrome_probe_profile/Default/Extensions/nmmhkkegccagdldgiimedpiccmgmieda/1.0.0.6_0/images/topbar_floating_button_hover.png","160","721b7aaa9a42a54a349881615a12e3a26983aca48e173fd2f66e66aa0d725735","2013-08-07T13:33:38.0000000Z","source"
"work/web_qa/chrome_probe_profile/Default/Extensions/nmmhkkegccagdldgiimedpiccmgmieda/1.0.0.6_0/images/topbar_floating_button_maximize.png","166","afa4ea944cbdec8543242e627ef46d5bfd3766dcac664e7e50cdeef2b352740c","2013-08-07T13:33:38.0000000Z","source"
"work/web_qa/chrome_probe_profile/Default/Extensions/nmmhkkegccagdldgiimedpiccmgmieda/1.0.0.6_0/images/topbar_floating_button_pressed.png","160","5c10ce0589eb115600f77381130b70ae0b7b3752614d86d4c89e857658aa222b","2013-08-07T13:33:38.0000000Z","source"
"work/web_qa/chrome_probe_profile/Default/Extensions/nmmhkkegccagdldgiimedpiccmgmieda/1.0.0.6_0/images/topbar_floating_button.png","160","d5f9234dc36e7ffa85f35b2359a4f82276f8395efa76e4553507ea990b27fc6c","2013-08-07T13:33:38.0000000Z","source"
"work/web_qa/chrome_probe_profile/Default/Extensions/nmmhkkegccagdldgiimedpiccmgmieda/1.0.0.6_0/manifest.json","1322","f52714812d68c577a445169d11e84df6751c2d6886bc429643072bb5d61c6c27","2026-08-17T09:29:12.4729390Z","source"
"work/web_qa/chrome_probe_profile/Default/Favicons","28672","36981263b7425b658586010b3c58e2d9c3bddbafc81ad978acd77632d3a57f46","2026-08-17T09:29:19.9931557Z","source"
"work/web_qa/chrome_probe_profile/Default/Favicons-journal","0","e3b0c44298fc1c149afbf4c8996fb92427ae41e4649b934ca495991b7852b855","2026-08-17T09:29:19.9941562Z","source"
"work/web_qa/chrome_probe_profile/Default/GCM Store/000003.log","1157","e2daaf7901d88d743d7e2304756bc1ce9b4ddb76c9939419736e4756a2d228b9","2026-08-17T09:29:15.6538473Z","source"
"work/web_qa/chrome_probe_profile/Default/GCM Store/CURRENT","16","0f1bad70c7bd1e0a69562853ec529355462fcd0423263a3d39d6d0d70b780443","2026-08-17T09:29:12.2832777Z","source"
"work/web_qa/chrome_probe_profile/Default/GCM Store/Encryption/000003.log","0","e3b0c44298fc1c149afbf4c8996fb92427ae41e4649b934ca495991b7852b855","2026-08-17T09:29:12.2783323Z","source"
"work/web_qa/chrome_probe_profile/Default/GCM Store/Encryption/CURRENT","16","0f1bad70c7bd1e0a69562853ec529355462fcd0423263a3d39d6d0d70b780443","2026-08-17T09:29:12.2727520Z","source"
"work/web_qa/chrome_probe_profile/Default/GCM Store/Encryption/LOCK","0","e3b0c44298fc1c149afbf4c8996fb92427ae41e4649b934ca495991b7852b855","2026-08-17T09:29:12.2696339Z","source"
"work/web_qa/chrome_probe_profile/Default/GCM Store/Encryption/LOG","363","42e5783a740cce0636cb78f78a62e1fb51b8e141a221da92bafbb5fe4cde9ccc","2026-08-17T09:29:12.2783323Z","source"
"work/web_qa/chrome_probe_profile/Default/GCM Store/Encryption/MANIFEST-000001","41","f9d31b278e215eb0d0e9cd709edfa037e828f36214ab7906f612160fead4b2b4","2026-08-17T09:29:12.2696339Z","source"
"work/web_qa/chrome_probe_profile/Default/GCM Store/LOCK","0","e3b0c44298fc1c149afbf4c8996fb92427ae41e4649b934ca495991b7852b855","2026-08-17T09:29:12.2793368Z","source"
"work/web_qa/chrome_probe_profile/Default/GCM Store/LOG","341","d27fdc9698d9c4f12f7ffebbd99bb020ce45c9d4c02a3d8d20bc21516177ea88","2026-08-17T09:29:12.2903727Z","source"
"work/web_qa/chrome_probe_profile/Default/GCM Store/MANIFEST-000001","41","f9d31b278e215eb0d0e9cd709edfa037e828f36214ab7906f612160fead4b2b4","2026-08-17T09:29:12.2793368Z","source"
"work/web_qa/chrome_probe_profile/Default/GPUCache/data_0","45056","37ff258a1455b7b148befc029c40eb12e758049306cd2b58ebdbacb90dd43818","2026-08-17T09:29:13.7897649Z","source"
"work/web_qa/chrome_probe_profile/Default/GPUCache/data_1","270336","3330aee8c6e21a11cae505651a15668535c1315830159bf534fe0869ab1f0237","2026-08-17T14:34:14.5435177Z","source"
"work/web_qa/chrome_probe_profile/Default/GPUCache/data_2","1056768","75389d554885b81a5f775561ae224c81f53fee11c0107ff24f0c8bd40fb3f7b1","2026-08-17T09:29:10.6328918Z","source"
"work/web_qa/chrome_probe_profile/Default/GPUCache/data_3","4202496","8fb8f4c7568a7bd567622e3a9f4af17057f0c0304fbe234cbf86e56bdcaacd59","2026-08-17T09:29:13.7897649Z","source"
"work/web_qa/chrome_probe_profile/Default/GPUCache/f_000001","57968","eadb48fee7b407b7bde5f95d7dbc9d23a532288e21817a4dee6cccf275e69088","2026-08-17T09:29:11.8570901Z","source"
"work/web_qa/chrome_probe_profile/Default/GPUCache/f_000002","58524","f5e698ac553ccc667ad5f653babf55cecfe623924d9f85471cb8b5cacb5f2992","2026-08-17T09:29:13.2447998Z","source"
"work/web_qa/chrome_probe_profile/Default/GPUCache/index","262512","5404444cb699b333315fee7e4bacc84538e0fdb1878200dba07703e3851f7fdb","2026-08-17T09:29:09.7984878Z","source"
"work/web_qa/chrome_probe_profile/Default/heavy_ad_intervention_opt_out.db","16384","d44b405304e372a3cf70f2dc1e68c727504a0f28fa186fef47b8450b1527ae68","2026-08-17T09:29:12.1137282Z","source"
"work/web_qa/chrome_probe_profile/Default/heavy_ad_intervention_opt_out.db-journal","0","e3b0c44298fc1c149afbf4c8996fb92427ae41e4649b934ca495991b7852b855","2026-08-17T09:29:12.1147278Z","source"
"work/web_qa/chrome_probe_profile/Default/History","163840","cbd5e97cb936fdf0ff572127cbe73a9ac9ad66ba2d69e46cdf8cf0d30de30775","2026-08-17T09:29:19.9873215Z","source"
"work/web_qa/chrome_probe_profile/Default/History-journal","8720","dbf0c528bec4431b11c126deb6b9ae47de3982f34bc9d2e0d3287af5e4aae9b6","2026-08-17T09:30:09.8243244Z","source"
"work/web_qa/chrome_probe_profile/Default/IndexedDB/http_127.0.0.1_8060.indexeddb.leveldb/000003.log","1362","d66efae4712788c8ef590609c6d39261c034ceecbf09447a7c1900ae2c376df3","2026-08-17T09:29:10.2602441Z","source"
"work/web_qa/chrome_probe_profile/Default/IndexedDB/http_127.0.0.1_8060.indexeddb.leveldb/CURRENT","16","0f1bad70c7bd1e0a69562853ec529355462fcd0423263a3d39d6d0d70b780443","2026-08-17T09:29:10.2422434Z","source"
"work/web_qa/chrome_probe_profile/Default/IndexedDB/http_127.0.0.1_8060.indexeddb.leveldb/LOCK","0","e3b0c44298fc1c149afbf4c8996fb92427ae41e4649b934ca495991b7852b855","2026-08-17T09:29:10.2392445Z","source"
"work/web_qa/chrome_probe_profile/Default/IndexedDB/http_127.0.0.1_8060.indexeddb.leveldb/LOG","419","b7956703db49539422f91c4f31b05c0609a07aae4d824e22ddcd105cc3d2882b","2026-08-17T09:29:10.2512430Z","source"
"work/web_qa/chrome_probe_profile/Default/IndexedDB/http_127.0.0.1_8060.indexeddb.leveldb/MANIFEST-000001","23","720a78803b84cbcc8eb204d5cf8ea6ee2f693be0ab2124ddf2b81455de02a3ed","2026-08-17T09:29:10.2392445Z","source"
"work/web_qa/chrome_probe_profile/Default/Local Extension Settings/ghbmnnjooekpmoecnnnilnnbdlolhkhi/000003.log","49","9d89630da3bde9505d4c2cc684eb01c2d4d7d11028d01d309aca12b064f779e6","2026-08-17T09:29:13.0017936Z","source"
"work/web_qa/chrome_probe_profile/Default/Local Extension Settings/ghbmnnjooekpmoecnnnilnnbdlolhkhi/CURRENT","16","0f1bad70c7bd1e0a69562853ec529355462fcd0423263a3d39d6d0d70b780443","2026-08-17T09:29:12.9967932Z","source"
"work/web_qa/chrome_probe_profile/Default/Local Extension Settings/ghbmnnjooekpmoecnnnilnnbdlolhkhi/LOCK","0","e3b0c44298fc1c149afbf4c8996fb92427ae41e4649b934ca495991b7852b855","2026-08-17T09:29:12.9927929Z","source"
"work/web_qa/chrome_probe_profile/Default/Local Extension Settings/ghbmnnjooekpmoecnnnilnnbdlolhkhi/LOG","439","dbf2aef0ec0284445a4a604b17f4a3f769b5d8bed39a15a1958c0df5fe066c76","2026-08-17T09:29:13.0007930Z","source"
"work/web_qa/chrome_probe_profile/Default/Local Extension Settings/ghbmnnjooekpmoecnnnilnnbdlolhkhi/MANIFEST-000001","41","f9d31b278e215eb0d0e9cd709edfa037e828f36214ab7906f612160fead4b2b4","2026-08-17T09:29:12.9937931Z","source"
"work/web_qa/chrome_probe_profile/Default/Local Storage/leveldb/000003.log","49","af47b5d07d2f1aa55711e00774a429289267a82e604602df8fdd2c5047626159","2026-08-17T09:30:09.8393799Z","source"
"work/web_qa/chrome_probe_profile/Default/Local Storage/leveldb/CURRENT","16","0f1bad70c7bd1e0a69562853ec529355462fcd0423263a3d39d6d0d70b780443","2026-08-17T09:29:09.8159395Z","source"
"work/web_qa/chrome_probe_profile/Default/Local Storage/leveldb/LOCK","0","e3b0c44298fc1c149afbf4c8996fb92427ae41e4649b934ca495991b7852b855","2026-08-17T09:29:09.7964873Z","source"
"work/web_qa/chrome_probe_profile/Default/Local Storage/leveldb/LOG","367","1ad155023631d094bc4d05736041353f7e7f7ee49f1f5d6650cd103177fb4501","2026-08-17T09:29:09.8289301Z","source"
"work/web_qa/chrome_probe_profile/Default/Local Storage/leveldb/MANIFEST-000001","41","f9d31b278e215eb0d0e9cd709edfa037e828f36214ab7906f612160fead4b2b4","2026-08-17T09:29:09.8064878Z","source"
"work/web_qa/chrome_probe_profile/Default/LOCK","0","e3b0c44298fc1c149afbf4c8996fb92427ae41e4649b934ca495991b7852b855","2026-08-17T09:29:09.7904886Z","source"
"work/web_qa/chrome_probe_profile/Default/LOG","0","e3b0c44298fc1c149afbf4c8996fb92427ae41e4649b934ca495991b7852b855","2026-08-17T09:29:09.7894882Z","source"
"work/web_qa/chrome_probe_profile/Default/Login Data","40960","05e8c5e696093d57d273f916a2c9f2ef9b055eea6cb41f3ae258255409a89012","2026-08-17T09:29:09.7744880Z","source"
"work/web_qa/chrome_probe_profile/Default/Login Data For Account","40960","05e8c5e696093d57d273f916a2c9f2ef9b055eea6cb41f3ae258255409a89012","2026-08-17T09:29:09.7744880Z","source"
"work/web_qa/chrome_probe_profile/Default/Login Data For Account-journal","0","e3b0c44298fc1c149afbf4c8996fb92427ae41e4649b934ca495991b7852b855","2026-08-17T09:29:09.7764884Z","source"
"work/web_qa/chrome_probe_profile/Default/Login Data-journal","0","e3b0c44298fc1c149afbf4c8996fb92427ae41e4649b934ca495991b7852b855","2026-08-17T09:29:09.7764884Z","source"
"work/web_qa/chrome_probe_profile/Default/Network Action Predictor","53248","e229f1676f9123961e814197fbea469176defec9780bc1d089ffea10d187e6d7","2026-08-17T09:29:12.0767283Z","source"
"work/web_qa/chrome_probe_profile/Default/Network Action Predictor-journal","0","e3b0c44298fc1c149afbf4c8996fb92427ae41e4649b934ca495991b7852b855","2026-08-17T09:29:12.0787297Z","source"
"work/web_qa/chrome_probe_profile/Default/Network/Cookies","20480","40cfaef080aad157b7f8e0fade5b8a83ca8eb2a84fcea586458803c1e4d32e5b","2026-08-17T09:29:09.9472434Z","source"
"work/web_qa/chrome_probe_profile/Default/Network/Cookies-journal","0","e3b0c44298fc1c149afbf4c8996fb92427ae41e4649b934ca495991b7852b855","2026-08-17T09:29:09.9502434Z","source"
"work/web_qa/chrome_probe_profile/Default/Network/Device Bound Sessions","20480","ed90c803dbac3e3d245fe75145506230f1b47dfc7f16274c79dd1565ade4e014","2026-08-17T09:29:09.9272439Z","source"
"work/web_qa/chrome_probe_profile/Default/Network/Device Bound Sessions-journal","0","e3b0c44298fc1c149afbf4c8996fb92427ae41e4649b934ca495991b7852b855","2026-08-17T09:29:09.9302437Z","source"
"work/web_qa/chrome_probe_profile/Default/Network/Network Persistent State","3144","9f4ed33291aea51ecbe72325b43b414e80c32315717b02d5ce75a6e75167d128","2026-08-17T13:41:57.0372872Z","source"
"work/web_qa/chrome_probe_profile/Default/Network/NetworkDataMigrated","0","e3b0c44298fc1c149afbf4c8996fb92427ae41e4649b934ca495991b7852b855","2026-08-17T09:29:09.7844888Z","source"
"work/web_qa/chrome_probe_profile/Default/Network/Reporting and NEL","36864","8a4d9ffbcb0d2d8a1d363170b34a866a08b7695559510e52ab7d83c40f41db5b","2026-08-17T09:29:40.1035962Z","source"
"work/web_qa/chrome_probe_profile/Default/Network/Reporting and NEL-journal","0","e3b0c44298fc1c149afbf4c8996fb92427ae41e4649b934ca495991b7852b855","2026-08-17T09:29:40.1055998Z","source"
"work/web_qa/chrome_probe_profile/Default/Network/TransportSecurity","188","25e416548bb2768fa42a8709e8e799c1038e40db30b45e46ac0d352c05852e4f","2026-08-17T09:39:10.2134572Z","source"
"work/web_qa/chrome_probe_profile/Default/Network/Trust Tokens","36864","8b5a62a399e316009e0c0ee1727ede327893d7f82f38a136e795422b3f9c333c","2026-08-17T09:29:09.9152440Z","source"
"work/web_qa/chrome_probe_profile/Default/Network/Trust Tokens-journal","0","e3b0c44298fc1c149afbf4c8996fb92427ae41e4649b934ca495991b7852b855","2026-08-17T09:29:09.9182448Z","source"
"work/web_qa/chrome_probe_profile/Default/optimization_guide_hint_cache_store/LOCK","0","e3b0c44298fc1c149afbf4c8996fb92427ae41e4649b934ca495991b7852b855","2026-08-17T09:29:12.1807295Z","source"
"work/web_qa/chrome_probe_profile/Default/optimization_guide_hint_cache_store/LOG","0","e3b0c44298fc1c149afbf4c8996fb92427ae41e4649b934ca495991b7852b855","2026-08-17T09:29:12.1797300Z","source"
"work/web_qa/chrome_probe_profile/Default/parcel_tracking_db/LOCK","0","e3b0c44298fc1c149afbf4c8996fb92427ae41e4649b934ca495991b7852b855","2026-08-17T09:29:09.7714875Z","source"
"work/web_qa/chrome_probe_profile/Default/parcel_tracking_db/LOG","0","e3b0c44298fc1c149afbf4c8996fb92427ae41e4649b934ca495991b7852b855","2026-08-17T09:29:09.7664884Z","source"
"work/web_qa/chrome_probe_profile/Default/PersistentOriginTrials/LOCK","0","e3b0c44298fc1c149afbf4c8996fb92427ae41e4649b934ca495991b7852b855","2026-08-17T09:29:09.7854882Z","source"
"work/web_qa/chrome_probe_profile/Default/PersistentOriginTrials/LOG","0","e3b0c44298fc1c149afbf4c8996fb92427ae41e4649b934ca495991b7852b855","2026-08-17T09:29:09.7794888Z","source"
"work/web_qa/chrome_probe_profile/Default/Preferences","15470","3aa660b2e7154fadec76c515a9f558f7182a3229df2b892179deed9cb07776f4","2026-08-17T14:35:04.5174441Z","source"
"work/web_qa/chrome_probe_profile/Default/PreferredApps","33","42b55d126d1e640b1ed7a6bdcb9a46c81df461fa7e131f4f8c7108c2c61c14de","2026-08-17T09:29:12.1817294Z","source"
"work/web_qa/chrome_probe_profile/Default/README","180","c43668eec4a8d88a5b3a06a84f8846853fe33e54293c2db56899a5a5dfb4d944","2026-08-17T09:29:09.7364881Z","source"
"work/web_qa/chrome_probe_profile/Default/Safe Browsing Network/NetworkDataMigrated","0","e3b0c44298fc1c149afbf4c8996fb92427ae41e4649b934ca495991b7852b855","2026-08-17T09:29:09.8492431Z","source"
"work/web_qa/chrome_probe_profile/Default/Secure Preferences","20628","f84d87cf57967fb2ca447401ca6e107860f3713ab102874721e1909bad50872b","2026-08-17T14:35:04.5254497Z","source"
"work/web_qa/chrome_probe_profile/Default/Segmentation Platform/SegmentInfoDB/LOCK","0","e3b0c44298fc1c149afbf4c8996fb92427ae41e4649b934ca495991b7852b855","2026-08-17T09:29:09.7914881Z","source"
"work/web_qa/chrome_probe_profile/Default/Segmentation Platform/SegmentInfoDB/LOG","0","e3b0c44298fc1c149afbf4c8996fb92427ae41e4649b934ca495991b7852b855","2026-08-17T09:29:09.7904886Z","source"
"work/web_qa/chrome_probe_profile/Default/Segmentation Platform/SignalDB/LOCK","0","e3b0c44298fc1c149afbf4c8996fb92427ae41e4649b934ca495991b7852b855","2026-08-17T09:29:09.7924888Z","source"
"work/web_qa/chrome_probe_profile/Default/Segmentation Platform/SignalDB/LOG","0","e3b0c44298fc1c149afbf4c8996fb92427ae41e4649b934ca495991b7852b855","2026-08-17T09:29:09.7924888Z","source"
"work/web_qa/chrome_probe_profile/Default/Segmentation Platform/SignalStorageConfigDB/LOCK","0","e3b0c44298fc1c149afbf4c8996fb92427ae41e4649b934ca495991b7852b855","2026-08-17T09:29:09.7934887Z","source"
"work/web_qa/chrome_probe_profile/Default/Segmentation Platform/SignalStorageConfigDB/LOG","0","e3b0c44298fc1c149afbf4c8996fb92427ae41e4649b934ca495991b7852b855","2026-08-17T09:29:09.7934887Z","source"
"work/web_qa/chrome_probe_profile/Default/ServerCertificate","20480","4d2411474fd0bd7237bae798a21959c422dccc3275d742b8de4440cc244b22ce","2026-08-17T09:29:09.7714875Z","source"
"work/web_qa/chrome_probe_profile/Default/ServerCertificate-journal","0","e3b0c44298fc1c149afbf4c8996fb92427ae41e4649b934ca495991b7852b855","2026-08-17T09:29:09.7734883Z","source"
"work/web_qa/chrome_probe_profile/Default/Service Worker/CacheStorage/6f2fb982473e9902c2cd54e2fa89c0b19c1f9852/8fe2950a-0c14-4982-a862-19d3ffd575f9/0b5ed8130b6f3ba7_0","45758","f06d309ef590e16f7386c60a1f06dc9da467f6d4300c95459b36df9cf4d895f9","2026-08-17T09:29:13.8337651Z","source"
"work/web_qa/chrome_probe_profile/Default/Service Worker/CacheStorage/6f2fb982473e9902c2cd54e2fa89c0b19c1f9852/8fe2950a-0c14-4982-a862-19d3ffd575f9/27ee6e9f3c21b7fc_0","1160","6ed5feae0960ab11cc83c25d795f86de0977948068717dee7aaf4ca6a5cd3a03","2026-08-17T09:29:13.8327668Z","source"
"work/web_qa/chrome_probe_profile/Default/Service Worker/CacheStorage/6f2fb982473e9902c2cd54e2fa89c0b19c1f9852/8fe2950a-0c14-4982-a862-19d3ffd575f9/50960902e484bd96_0","280258","27fbae4848ec65821bec01df780b03a319cf972cc2fbe5933eb887800ff47d3d","2026-08-17T09:29:13.8327668Z","source"
"work/web_qa/chrome_probe_profile/Default/Service Worker/CacheStorage/6f2fb982473e9902c2cd54e2fa89c0b19c1f9852/8fe2950a-0c14-4982-a862-19d3ffd575f9/50960902e484bd96_1","428582","7dee21d8e876be6b119e7df34bd49c6a1253d4a99c2614d4cd70550071f2d521","2026-08-17T09:29:13.8327668Z","source"
"work/web_qa/chrome_probe_profile/Default/Service Worker/CacheStorage/6f2fb982473e9902c2cd54e2fa89c0b19c1f9852/8fe2950a-0c14-4982-a862-19d3ffd575f9/5fd6c53a90b8cdf2_0","5963","c95a947989777f53b5e1023f93057c3bfabd07b13eb300571019ee91e720450f","2026-08-17T09:29:13.8307661Z","source"
"work/web_qa/chrome_probe_profile/Default/Service Worker/CacheStorage/6f2fb982473e9902c2cd54e2fa89c0b19c1f9852/8fe2950a-0c14-4982-a862-19d3ffd575f9/6f4c8e28b43e5ca6_0","12619","2cf6dd1a31026c58474be6ee7805dee4ebedf489942727f28c3e9eda3b3cf8e9","2026-08-17T09:29:13.8337651Z","source"
"work/web_qa/chrome_probe_profile/Default/Service Worker/CacheStorage/6f2fb982473e9902c2cd54e2fa89c0b19c1f9852/8fe2950a-0c14-4982-a862-19d3ffd575f9/896cc533adf6c187_0","7767","eba71c067aa91a0c6a21eb15e7a10a2cedae1c8d1b90c3ec652b5678d92a33be","2026-08-17T09:29:13.8347676Z","source"
"work/web_qa/chrome_probe_profile/Default/Service Worker/CacheStorage/6f2fb982473e9902c2cd54e2fa89c0b19c1f9852/8fe2950a-0c14-4982-a862-19d3ffd575f9/896cc533adf6c187_1","5716","a94c5316b1283be3a95eb1fad915a39d76b166eeb465fa429717cb6088729d87","2026-08-17T09:29:13.8347676Z","source"
"work/web_qa/chrome_probe_profile/Default/Service Worker/CacheStorage/6f2fb982473e9902c2cd54e2fa89c0b19c1f9852/8fe2950a-0c14-4982-a862-19d3ffd575f9/91eec632c7aa94c0_0","3460","8e8d32cb4a95e72288aa130fd72e940d22057a713c0e695eacf3c1065564515c","2026-08-17T09:29:13.8365028Z","source"
"work/web_qa/chrome_probe_profile/Default/Service Worker/CacheStorage/6f2fb982473e9902c2cd54e2fa89c0b19c1f9852/8fe2950a-0c14-4982-a862-19d3ffd575f9/91eec632c7aa94c0_1","1781","87803da4bfdcc4bd17b5ee612904a4b3cd7a50a0db90387edf136cfb8878167f","2026-08-17T09:29:13.8365028Z","source"
"work/web_qa/chrome_probe_profile/Default/Service Worker/CacheStorage/6f2fb982473e9902c2cd54e2fa89c0b19c1f9852/8fe2950a-0c14-4982-a862-19d3ffd575f9/index","24","fbcfe23a2ecb82b7100c50811691dde0a33aa3da8d176be9882a9db485dc0f2d","2026-08-17T09:29:13.8077659Z","source"
"work/web_qa/chrome_probe_profile/Default/Service Worker/CacheStorage/6f2fb982473e9902c2cd54e2fa89c0b19c1f9852/8fe2950a-0c14-4982-a862-19d3ffd575f9/index-dir/the-real-index","216","e2fd98684626b0d137eac509dd2d346e17021a109a02121c40405d120707a089","2026-08-17T09:29:33.8398274Z","source"
"work/web_qa/chrome_probe_profile/Default/Service Worker/CacheStorage/6f2fb982473e9902c2cd54e2fa89c0b19c1f9852/index.txt","237","8cc5fd054bc7622c4e0be576cafc70581063620f5aed7c5c4f61173531e6f196","2026-08-17T09:29:33.9001901Z","source"
"work/web_qa/chrome_probe_profile/Default/Service Worker/Database/000003.log","3296","59a9df504dfb20594e9d0e4a7bdc9de458715c39377bfc402ed380a35ed643f6","2026-08-17T09:29:13.8365028Z","source"
"work/web_qa/chrome_probe_profile/Default/Service Worker/Database/CURRENT","16","0f1bad70c7bd1e0a69562853ec529355462fcd0423263a3d39d6d0d70b780443","2026-08-17T09:29:09.9352434Z","source"
"work/web_qa/chrome_probe_profile/Default/Service Worker/Database/LOCK","0","e3b0c44298fc1c149afbf4c8996fb92427ae41e4649b934ca495991b7852b855","2026-08-17T09:29:09.9262435Z","source"
"work/web_qa/chrome_probe_profile/Default/Service Worker/Database/LOG","369","553a74fa35054dfd2249351bd5fda05521dd82aae6bd4682973f72941b5628d1","2026-08-17T09:29:09.9432446Z","source"
"work/web_qa/chrome_probe_profile/Default/Service Worker/Database/MANIFEST-000001","41","f9d31b278e215eb0d0e9cd709edfa037e828f36214ab7906f612160fead4b2b4","2026-08-17T09:29:09.9272439Z","source"
"work/web_qa/chrome_probe_profile/Default/Service Worker/ScriptCache/2cc80dabc69f58b6_0","472","7433e2de592bac3d53e34206cd580d140d107eae0defa146b238d209d3b34c87","2026-08-17T09:29:09.9462435Z","source"
"work/web_qa/chrome_probe_profile/Default/Service Worker/ScriptCache/4cb013792b196a35_0","10387","9bfcd210dc08c82ce5d351f0b2e015d246be763173e1310cc3fe651d99c308aa","2026-08-17T09:29:10.0102433Z","source"
"work/web_qa/chrome_probe_profile/Default/Service Worker/ScriptCache/4cb013792b196a35_1","7201","f624e5c8f3660ef8ce781cebb9cc3eba4f31d063381190b3c112c0f8bece0a90","2026-08-17T09:29:10.0152424Z","source"
"work/web_qa/chrome_probe_profile/Default/Service Worker/ScriptCache/ba23d8ecda68de77_0","6194","8ed068889cc160e8a3e8a75737f65ad04851d0e15b59fe76e0e01c064d1fff18","2026-08-17T09:29:13.7977655Z","source"
"work/web_qa/chrome_probe_profile/Default/Service Worker/ScriptCache/ba23d8ecda68de77_1","7721","e62a2da5f9024dae66d9f44f3bfa52425dbd51c126915572c4d0b09a46e180e7","2026-08-17T09:29:13.8097680Z","source"
"work/web_qa/chrome_probe_profile/Default/Service Worker/ScriptCache/f1cdccba37924bda_0","136139","9e18f1093f467a2b50a6110cdc59bd71fa3ff94de6584856c48434c4643b6838","2026-08-17T09:29:12.9787924Z","source"
"work/web_qa/chrome_probe_profile/Default/Service Worker/ScriptCache/f1cdccba37924bda_1","339969","abe048fa5e5f2b4448d8802cfe12bc365170deb00ff05ccacefafae03f2a50e4","2026-08-17T09:29:13.0007930Z","source"
"work/web_qa/chrome_probe_profile/Default/Service Worker/ScriptCache/index","24","fbcfe23a2ecb82b7100c50811691dde0a33aa3da8d176be9882a9db485dc0f2d","2026-08-17T09:29:09.9262435Z","source"
"work/web_qa/chrome_probe_profile/Default/Service Worker/ScriptCache/index-dir/the-real-index","144","fb2938cb2d2906bed372840b8cbb7be196775bf8839110e80b3a42a7b100ffdb","2026-08-17T09:29:33.8244025Z","source"
"work/web_qa/chrome_probe_profile/Default/Session Storage/000003.log","201","388d04b582928fa762c4f79c15f902d4d813fbcc0f8496124b34ddd739e9c556","2026-08-17T09:29:24.9740053Z","source"
"work/web_qa/chrome_probe_profile/Default/Session Storage/CURRENT","16","0f1bad70c7bd1e0a69562853ec529355462fcd0423263a3d39d6d0d70b780443","2026-08-17T09:29:09.9062440Z","source"
"work/web_qa/chrome_probe_profile/Default/Session Storage/LOCK","0","e3b0c44298fc1c149afbf4c8996fb92427ae41e4649b934ca495991b7852b855","2026-08-17T09:29:09.8462442Z","source"
"work/web_qa/chrome_probe_profile/Default/Session Storage/LOG","355","a9cb34bbddb5e3254077808932a73244c8f8cfad7c550e241d317bcb52c00f84","2026-08-17T09:29:09.9242449Z","source"
"work/web_qa/chrome_probe_profile/Default/Session Storage/MANIFEST-000001","41","f9d31b278e215eb0d0e9cd709edfa037e828f36214ab7906f612160fead4b2b4","2026-08-17T09:29:09.8582440Z","source"
"work/web_qa/chrome_probe_profile/Default/Sessions/Session_13431432552260847","1008","d60199986d940417cef340962cecac84629847783b4a46edbc3963aed045fa95","2026-08-17T09:29:12.2603367Z","source"
"work/web_qa/chrome_probe_profile/Default/Shared Dictionary/cache/index","24","fbcfe23a2ecb82b7100c50811691dde0a33aa3da8d176be9882a9db485dc0f2d","2026-08-17T09:29:09.8592445Z","source"
"work/web_qa/chrome_probe_profile/Default/Shared Dictionary/cache/index-dir/the-real-index","48","8d9e9ee036f03cf5333a92bf6bed9ca29b6798bc468bb809ceeb207e799d4aa3","2026-08-17T09:29:09.9032436Z","source"
"work/web_qa/chrome_probe_profile/Default/Shared Dictionary/db","45056","fbb86c665b2fed35c372ce8996eb1c4e31082aedd6ad5fc6086cfac889c3471b","2026-08-17T09:29:09.9252435Z","source"
"work/web_qa/chrome_probe_profile/Default/Shared Dictionary/db-journal","0","e3b0c44298fc1c149afbf4c8996fb92427ae41e4649b934ca495991b7852b855","2026-08-17T09:29:09.9282447Z","source"
"work/web_qa/chrome_probe_profile/Default/shared_proto_db/000003.log","89558","8c6944a39a62d0cafb649cc0f3b79c343dc7b740f27a6278a3e83b561278ed86","2026-08-17T09:31:09.9444048Z","source"
"work/web_qa/chrome_probe_profile/Default/shared_proto_db/CURRENT","16","0f1bad70c7bd1e0a69562853ec529355462fcd0423263a3d39d6d0d70b780443","2026-08-17T09:29:09.9292440Z","source"
"work/web_qa/chrome_probe_profile/Default/shared_proto_db/LOCK","0","e3b0c44298fc1c149afbf4c8996fb92427ae41e4649b934ca495991b7852b855","2026-08-17T09:29:09.9202427Z","source"
"work/web_qa/chrome_probe_profile/Default/shared_proto_db/LOG","355","b8073bbc5db7d15165b47feff539e8ce7d4c7066f913dfdac4be563c759d5e7c","2026-08-17T09:29:09.9402435Z","source"
"work/web_qa/chrome_probe_profile/Default/shared_proto_db/MANIFEST-000001","41","f9d31b278e215eb0d0e9cd709edfa037e828f36214ab7906f612160fead4b2b4","2026-08-17T09:29:09.9232427Z","source"
"work/web_qa/chrome_probe_profile/Default/shared_proto_db/metadata/000003.log","994","2a9842657a793aef90ee337653e67e658092a61649775065850faca125575521","2026-08-17T09:29:19.7594269Z","source"
"work/web_qa/chrome_probe_profile/Default/shared_proto_db/metadata/CURRENT","16","0f1bad70c7bd1e0a69562853ec529355462fcd0423263a3d39d6d0d70b780443","2026-08-17T09:29:09.9022444Z","source"
"work/web_qa/chrome_probe_profile/Default/shared_proto_db/metadata/LOCK","0","e3b0c44298fc1c149afbf4c8996fb92427ae41e4649b934ca495991b7852b855","2026-08-17T09:29:09.8532444Z","source"
"work/web_qa/chrome_probe_profile/Default/shared_proto_db/metadata/LOG","373","4bdd4e5b9f2d2b47eb8a64d0536be02b47b44b3ef01efa7034c41a1a93ac5e92","2026-08-17T09:29:09.9152440Z","source"
"work/web_qa/chrome_probe_profile/Default/shared_proto_db/metadata/MANIFEST-000001","41","f9d31b278e215eb0d0e9cd709edfa037e828f36214ab7906f612160fead4b2b4","2026-08-17T09:29:09.8582440Z","source"
"work/web_qa/chrome_probe_profile/Default/SharedStorage","4096","0ab48b25cba617ed3a4acca0161813b314c095ef63544bb4af60769eb1012977","2026-08-17T09:31:09.7674071Z","source"
"work/web_qa/chrome_probe_profile/Default/SharedStorage-wal","0","e3b0c44298fc1c149afbf4c8996fb92427ae41e4649b934ca495991b7852b855","2026-08-17T09:31:09.7704067Z","source"
"work/web_qa/chrome_probe_profile/Default/Shortcuts","20480","7766a9b60e33ceb16bfc581390f10a79361348e2271d02235c23f77b744d6b4d","2026-08-17T09:29:12.1097289Z","source"
"work/web_qa/chrome_probe_profile/Default/Shortcuts-journal","0","e3b0c44298fc1c149afbf4c8996fb92427ae41e4649b934ca495991b7852b855","2026-08-17T09:29:12.1117286Z","source"
"work/web_qa/chrome_probe_profile/Default/Site Characteristics Database/000003.log","40","f096bc366a931fba656bdcd77b24af15a5f29fc53281a727c79f82c608ecfab8","2026-08-17T09:29:09.7924888Z","source"
"work/web_qa/chrome_probe_profile/Default/Site Characteristics Database/CURRENT","16","0f1bad70c7bd1e0a69562853ec529355462fcd0423263a3d39d6d0d70b780443","2026-08-17T09:29:09.7784882Z","source"
"work/web_qa/chrome_probe_profile/Default/Site Characteristics Database/LOCK","0","e3b0c44298fc1c149afbf4c8996fb92427ae41e4649b934ca495991b7852b855","2026-08-17T09:29:09.7584883Z","source"
"work/web_qa/chrome_probe_profile/Default/Site Characteristics Database/LOG","383","ef58cc6ee604b25f756164e07263489f57c7a399ce893a91c2f5bae2d590301d","2026-08-17T09:29:09.7904886Z","source"
"work/web_qa/chrome_probe_profile/Default/Site Characteristics Database/MANIFEST-000001","41","f9d31b278e215eb0d0e9cd709edfa037e828f36214ab7906f612160fead4b2b4","2026-08-17T09:29:09.7664884Z","source"
"work/web_qa/chrome_probe_profile/Default/Storage/ext/nmmhkkegccagdldgiimedpiccmgmieda/def/Code Cache/js/5dea14b9816ec6d9_0","308","922e33f29b44f694e11647cbe099e92d83f93e92a98fd8be2dd9409df66408d2","2026-08-17T09:29:12.7227950Z","source"
"work/web_qa/chrome_probe_profile/Default/Storage/ext/nmmhkkegccagdldgiimedpiccmgmieda/def/Code Cache/js/index","24","fbcfe23a2ecb82b7100c50811691dde0a33aa3da8d176be9882a9db485dc0f2d","2026-08-17T09:29:12.6477936Z","source"
"work/web_qa/chrome_probe_profile/Default/Storage/ext/nmmhkkegccagdldgiimedpiccmgmieda/def/Code Cache/js/index-dir/the-real-index","72","c61feee26158cf9c3d64578c7df51767c4a597a811df066faca9028961b71fb1","2026-08-17T09:29:32.7234443Z","source"
"work/web_qa/chrome_probe_profile/Default/Storage/ext/nmmhkkegccagdldgiimedpiccmgmieda/def/Code Cache/wasm/index","24","fbcfe23a2ecb82b7100c50811691dde0a33aa3da8d176be9882a9db485dc0f2d","2026-08-17T09:29:12.6477936Z","source"
"work/web_qa/chrome_probe_profile/Default/Storage/ext/nmmhkkegccagdldgiimedpiccmgmieda/def/Code Cache/wasm/index-dir/the-real-index","48","84d4cb9bb7549763a7e335ba742ed00e7f3fa0cd63eb0eb3f1d59089b4d58113","2026-08-17T09:29:12.6507936Z","source"
"work/web_qa/chrome_probe_profile/Default/Storage/ext/nmmhkkegccagdldgiimedpiccmgmieda/def/DawnGraphiteCache/data_0","8192","d6a5fe39cd672781b256e0e3102f7022635f1d4bb7cfcc90a80fffe4d0f3877e","2026-08-17T09:29:12.6637938Z","source"
"work/web_qa/chrome_probe_profile/Default/Storage/ext/nmmhkkegccagdldgiimedpiccmgmieda/def/DawnGraphiteCache/data_1","270336","b1e963d702392fb7224786e7d56d43973e9b9efd1b89c17814d7c558ffc0cdec","2026-08-17T09:29:27.7454351Z","source"
"work/web_qa/chrome_probe_profile/Default/Storage/ext/nmmhkkegccagdldgiimedpiccmgmieda/def/DawnGraphiteCache/data_2","8192","ec1702806f4cc7c42a82fc2b38e89835fde7c64bb32060e0823c9077ca92efb7","2026-08-17T09:29:12.6647946Z","source"
"work/web_qa/chrome_probe_profile/Default/Storage/ext/nmmhkkegccagdldgiimedpiccmgmieda/def/DawnGraphiteCache/data_3","8192","e09f42c398d688dce168570291f1f92d079987deda3099a34adb9e8c0522b30c","2026-08-17T09:29:12.6647946Z","source"
"work/web_qa/chrome_probe_profile/Default/Storage/ext/nmmhkkegccagdldgiimedpiccmgmieda/def/DawnGraphiteCache/index","262512","e9d4f4dec29cecc5217cd390d9a20aea4ffe55010eec22db662e329d18d97818","2026-08-17T09:29:12.6627945Z","source"
"work/web_qa/chrome_probe_profile/Default/Storage/ext/nmmhkkegccagdldgiimedpiccmgmieda/def/DawnWebGPUCache/data_0","8192","d6a5fe39cd672781b256e0e3102f7022635f1d4bb7cfcc90a80fffe4d0f3877e","2026-08-17T09:29:12.6597941Z","source"
"work/web_qa/chrome_probe_profile/Default/Storage/ext/nmmhkkegccagdldgiimedpiccmgmieda/def/DawnWebGPUCache/data_1","270336","b1e963d702392fb7224786e7d56d43973e9b9efd1b89c17814d7c558ffc0cdec","2026-08-17T09:29:27.7454351Z","source"
"work/web_qa/chrome_probe_profile/Default/Storage/ext/nmmhkkegccagdldgiimedpiccmgmieda/def/DawnWebGPUCache/data_2","8192","ec1702806f4cc7c42a82fc2b38e89835fde7c64bb32060e0823c9077ca92efb7","2026-08-17T09:29:12.6607950Z","source"
"work/web_qa/chrome_probe_profile/Default/Storage/ext/nmmhkkegccagdldgiimedpiccmgmieda/def/DawnWebGPUCache/data_3","8192","e09f42c398d688dce168570291f1f92d079987deda3099a34adb9e8c0522b30c","2026-08-17T09:29:12.6617948Z","source"
"work/web_qa/chrome_probe_profile/Default/Storage/ext/nmmhkkegccagdldgiimedpiccmgmieda/def/DawnWebGPUCache/index","262512","886040ea81d00ba5fdad32d75d30ac048a6d10cf28aa24360a0f349574b4628c","2026-08-17T09:29:12.6557943Z","source"
"work/web_qa/chrome_probe_profile/Default/Storage/ext/nmmhkkegccagdldgiimedpiccmgmieda/def/declarative_performance_observer.db","32768","610da3f204433431c7c0626b7488888cc40e732ebe759f6399a8ac348eb4ca25","2026-08-17T09:29:12.7007932Z","source"
"work/web_qa/chrome_probe_profile/Default/Storage/ext/nmmhkkegccagdldgiimedpiccmgmieda/def/declarative_performance_observer.db-journal","0","e3b0c44298fc1c149afbf4c8996fb92427ae41e4649b934ca495991b7852b855","2026-08-17T09:29:12.7017931Z","source"
"work/web_qa/chrome_probe_profile/Default/Storage/ext/nmmhkkegccagdldgiimedpiccmgmieda/def/GPUCache/data_0","8192","d6a5fe39cd672781b256e0e3102f7022635f1d4bb7cfcc90a80fffe4d0f3877e","2026-08-17T09:29:12.6487941Z","source"
"work/web_qa/chrome_probe_profile/Default/Storage/ext/nmmhkkegccagdldgiimedpiccmgmieda/def/GPUCache/data_1","270336","b1e963d702392fb7224786e7d56d43973e9b9efd1b89c17814d7c558ffc0cdec","2026-08-17T09:29:27.7444355Z","source"
"work/web_qa/chrome_probe_profile/Default/Storage/ext/nmmhkkegccagdldgiimedpiccmgmieda/def/GPUCache/data_2","8192","ec1702806f4cc7c42a82fc2b38e89835fde7c64bb32060e0823c9077ca92efb7","2026-08-17T09:29:12.6507936Z","source"
"work/web_qa/chrome_probe_profile/Default/Storage/ext/nmmhkkegccagdldgiimedpiccmgmieda/def/GPUCache/data_3","8192","e09f42c398d688dce168570291f1f92d079987deda3099a34adb9e8c0522b30c","2026-08-17T09:29:12.6527941Z","source"
"work/web_qa/chrome_probe_profile/Default/Storage/ext/nmmhkkegccagdldgiimedpiccmgmieda/def/GPUCache/index","262512","427af50172fddef744465d1ed79981c5ed845aec02d95821b2251a9aa6fd06a0","2026-08-17T09:29:12.6487941Z","source"
"work/web_qa/chrome_probe_profile/Default/Storage/ext/nmmhkkegccagdldgiimedpiccmgmieda/def/Local Storage/leveldb/000003.log","49","af47b5d07d2f1aa55711e00774a429289267a82e604602df8fdd2c5047626159","2026-08-17T09:30:12.7467261Z","source"
"work/web_qa/chrome_probe_profile/Default/Storage/ext/nmmhkkegccagdldgiimedpiccmgmieda/def/Local Storage/leveldb/CURRENT","16","0f1bad70c7bd1e0a69562853ec529355462fcd0423263a3d39d6d0d70b780443","2026-08-17T09:29:12.7197931Z","source"
"work/web_qa/chrome_probe_profile/Default/Storage/ext/nmmhkkegccagdldgiimedpiccmgmieda/def/Local Storage/leveldb/LOCK","0","e3b0c44298fc1c149afbf4c8996fb92427ae41e4649b934ca495991b7852b855","2026-08-17T09:29:12.7067937Z","source"
"work/web_qa/chrome_probe_profile/Default/Storage/ext/nmmhkkegccagdldgiimedpiccmgmieda/def/Local Storage/leveldb/LOG","465","0ebcf1baa721a815616914d7f6ff6a0c4056cb98261f3415c10d47099be90ba8","2026-08-17T09:29:12.7277927Z","source"
"work/web_qa/chrome_probe_profile/Default/Storage/ext/nmmhkkegccagdldgiimedpiccmgmieda/def/Local Storage/leveldb/MANIFEST-000001","41","f9d31b278e215eb0d0e9cd709edfa037e828f36214ab7906f612160fead4b2b4","2026-08-17T09:29:12.7117944Z","source"
"work/web_qa/chrome_probe_profile/Default/Storage/ext/nmmhkkegccagdldgiimedpiccmgmieda/def/Network/Device Bound Sessions","20480","ed90c803dbac3e3d245fe75145506230f1b47dfc7f16274c79dd1565ade4e014","2026-08-17T09:29:12.6767932Z","source"
"work/web_qa/chrome_probe_profile/Default/Storage/ext/nmmhkkegccagdldgiimedpiccmgmieda/def/Network/Device Bound Sessions-journal","0","e3b0c44298fc1c149afbf4c8996fb92427ae41e4649b934ca495991b7852b855","2026-08-17T09:29:12.6787951Z","source"
"work/web_qa/chrome_probe_profile/Default/Storage/ext/nmmhkkegccagdldgiimedpiccmgmieda/def/Network/Network Persistent State","59","226eec4486509917aa336afebd6ff65777b75b65f1fb06891d2a857a9421a974","2026-08-17T09:29:22.6566801Z","source"
"work/web_qa/chrome_probe_profile/Default/Storage/ext/nmmhkkegccagdldgiimedpiccmgmieda/def/Network/NetworkDataMigrated","0","e3b0c44298fc1c149afbf4c8996fb92427ae41e4649b934ca495991b7852b855","2026-08-17T09:29:12.6507936Z","source"
"work/web_qa/chrome_probe_profile/Default/Storage/ext/nmmhkkegccagdldgiimedpiccmgmieda/def/Network/Trust Tokens","36864","8b5a62a399e316009e0c0ee1727ede327893d7f82f38a136e795422b3f9c333c","2026-08-17T09:29:12.6777940Z","source"
"work/web_qa/chrome_probe_profile/Default/Storage/ext/nmmhkkegccagdldgiimedpiccmgmieda/def/Network/Trust Tokens-journal","0","e3b0c44298fc1c149afbf4c8996fb92427ae41e4649b934ca495991b7852b855","2026-08-17T09:29:12.6807952Z","source"
"work/web_qa/chrome_probe_profile/Default/Storage/ext/nmmhkkegccagdldgiimedpiccmgmieda/def/Session Storage/000003.log","49","ffd700cf04be6fe8d51e2ffb8a2e37bc3fa95a6679a4102fa35e8494c2350eae","2026-08-17T09:29:27.7803216Z","source"
"work/web_qa/chrome_probe_profile/Default/Storage/ext/nmmhkkegccagdldgiimedpiccmgmieda/def/Session Storage/CURRENT","16","0f1bad70c7bd1e0a69562853ec529355462fcd0423263a3d39d6d0d70b780443","2026-08-17T09:29:27.7683185Z","source"
"work/web_qa/chrome_probe_profile/Default/Storage/ext/nmmhkkegccagdldgiimedpiccmgmieda/def/Session Storage/LOCK","0","e3b0c44298fc1c149afbf4c8996fb92427ae41e4649b934ca495991b7852b855","2026-08-17T09:29:27.7588086Z","source"
"work/web_qa/chrome_probe_profile/Default/Storage/ext/nmmhkkegccagdldgiimedpiccmgmieda/def/Session Storage/LOG","453","667b0c79b3a64d6c3b96330b7c07acd3202a505de5c70c5e907a11e52c1bff1a","2026-08-17T09:29:27.7753182Z","source"
"work/web_qa/chrome_probe_profile/Default/Storage/ext/nmmhkkegccagdldgiimedpiccmgmieda/def/Session Storage/MANIFEST-000001","41","f9d31b278e215eb0d0e9cd709edfa037e828f36214ab7906f612160fead4b2b4","2026-08-17T09:29:27.7613181Z","source"
"work/web_qa/chrome_probe_profile/Default/Storage/ext/nmmhkkegccagdldgiimedpiccmgmieda/def/Shared Dictionary/cache/index","24","fbcfe23a2ecb82b7100c50811691dde0a33aa3da8d176be9882a9db485dc0f2d","2026-08-17T09:29:12.6527941Z","source"
"work/web_qa/chrome_probe_profile/Default/Storage/ext/nmmhkkegccagdldgiimedpiccmgmieda/def/Shared Dictionary/cache/index-dir/the-real-index","48","701eb5fc620db751626e50275e653c3a31288da71cb87dbf7d786b56ee05ec79","2026-08-17T09:29:12.6547945Z","source"
"work/web_qa/chrome_probe_profile/Default/Storage/ext/nmmhkkegccagdldgiimedpiccmgmieda/def/Shared Dictionary/db","45056","fbb86c665b2fed35c372ce8996eb1c4e31082aedd6ad5fc6086cfac889c3471b","2026-08-17T09:29:12.6727931Z","source"
"work/web_qa/chrome_probe_profile/Default/Storage/ext/nmmhkkegccagdldgiimedpiccmgmieda/def/Shared Dictionary/db-journal","0","e3b0c44298fc1c149afbf4c8996fb92427ae41e4649b934ca495991b7852b855","2026-08-17T09:29:12.6757925Z","source"
"work/web_qa/chrome_probe_profile/Default/Storage/ext/nmmhkkegccagdldgiimedpiccmgmieda/def/SharedStorage","4096","0ab48b25cba617ed3a4acca0161813b314c095ef63544bb4af60769eb1012977","2026-08-17T09:31:12.6641229Z","source"
"work/web_qa/chrome_probe_profile/Default/Storage/ext/nmmhkkegccagdldgiimedpiccmgmieda/def/SharedStorage-wal","0","e3b0c44298fc1c149afbf4c8996fb92427ae41e4649b934ca495991b7852b855","2026-08-17T09:31:12.6661219Z","source"
"work/web_qa/chrome_probe_profile/Default/Sync Data/LevelDB/000003.log","3176","badab0bc0b6053b7a0abf0304a7cd70e08bc5f6515bb437f8698cb3ea9e9cd12","2026-08-17T09:29:12.5027943Z","source"
"work/web_qa/chrome_probe_profile/Default/Sync Data/LevelDB/CURRENT","16","0f1bad70c7bd1e0a69562853ec529355462fcd0423263a3d39d6d0d70b780443","2026-08-17T09:29:09.7744880Z","source"
"work/web_qa/chrome_probe_profile/Default/Sync Data/LevelDB/LOCK","0","e3b0c44298fc1c149afbf4c8996fb92427ae41e4649b934ca495991b7852b855","2026-08-17T09:29:09.7524884Z","source"
"work/web_qa/chrome_probe_profile/Default/Sync Data/LevelDB/LOG","359","0dc50944e5778feaebce5a98408877511981b971f5a9f790fa245122a2c1cbcf","2026-08-17T09:29:09.7854882Z","source"
"work/web_qa/chrome_probe_profile/Default/Sync Data/LevelDB/MANIFEST-000001","41","f9d31b278e215eb0d0e9cd709edfa037e828f36214ab7906f612160fead4b2b4","2026-08-17T09:29:09.7664884Z","source"
"work/web_qa/chrome_probe_profile/Default/Top Sites","20480","06557f73e64d012cb54db15b66b4b5f7cc977d71fef6e67f88d8b157a0b03fde","2026-08-17T09:29:24.8786189Z","source"
"work/web_qa/chrome_probe_profile/Default/Top Sites-journal","0","e3b0c44298fc1c149afbf4c8996fb92427ae41e4649b934ca495991b7852b855","2026-08-17T09:29:24.8806168Z","source"
"work/web_qa/chrome_probe_profile/Default/trusted_vault.pb","84","b87bf305aafae1f1ec7dd947176c9529b2a9cbd4a3bf296fce25fc009e725366","2026-08-17T09:29:10.2152431Z","source"
"work/web_qa/chrome_probe_profile/Default/Web Applications/Manifest Resources/aghbiahbpaijignceidepookljebhfak/Icons/128.png","10243","36fa37d7b13869e4ab189350764cab7b7006f24dc85b8998dba7fe6d1a229da4","2026-08-17T09:29:12.2711741Z","source"
"work/web_qa/chrome_probe_profile/Default/Web Applications/Manifest Resources/aghbiahbpaijignceidepookljebhfak/Icons/192.png","10103","ec1370090506692a566f9572cf962fe24819c496793229adb93b4e25524bf625","2026-08-17T09:29:12.2742896Z","source"
"work/web_qa/chrome_probe_profile/Default/Web Applications/Manifest Resources/aghbiahbpaijignceidepookljebhfak/Icons/256.png","30010","7ca88ce2772a18613c1c30b8715bc435942cb8e112185515a342e282b449e8d5","2026-08-17T09:29:12.2819692Z","source"
"work/web_qa/chrome_probe_profile/Default/Web Applications/Manifest Resources/aghbiahbpaijignceidepookljebhfak/Icons/32.png","1854","efeb751507c77b56963b563705e3d20325805e332988bb3e48cd891e2dd11b3c","2026-08-17T09:29:12.2651108Z","source"
"work/web_qa/chrome_probe_profile/Default/Web Applications/Manifest Resources/aghbiahbpaijignceidepookljebhfak/Icons/48.png","2982","82fc9e7be1c1dc78bcca8c54db0fcd89e4658d542070b418b1d3f0c82e1a7389","2026-08-17T09:29:12.2666425Z","source"
"work/web_qa/chrome_probe_profile/Default/Web Applications/Manifest Resources/aghbiahbpaijignceidepookljebhfak/Icons/64.png","4159","88ee95cc4940438e85c0f103638c8bfc8f326bc25c7223c5f6455657b0fcb128","2026-08-17T09:29:12.2670873Z","source"
"work/web_qa/chrome_probe_profile/Default/Web Applications/Manifest Resources/aghbiahbpaijignceidepookljebhfak/Icons/96.png","6955","3d5cf5e1f10b583ed4f0bb84e82e5adef1dae546ff7befc7974d459ba807b542","2026-08-17T09:29:12.2680924Z","source"
"work/web_qa/chrome_probe_profile/Default/Web Applications/Manifest Resources/aghbiahbpaijignceidepookljebhfak/Trusted Icons/Icons/128.png","10243","36fa37d7b13869e4ab189350764cab7b7006f24dc85b8998dba7fe6d1a229da4","2026-08-17T09:29:12.2919195Z","source"
"work/web_qa/chrome_probe_profile/Default/Web Applications/Manifest Resources/aghbiahbpaijignceidepookljebhfak/Trusted Icons/Icons/192.png","10103","ec1370090506692a566f9572cf962fe24819c496793229adb93b4e25524bf625","2026-08-17T09:29:12.2950292Z","source"
"work/web_qa/chrome_probe_profile/Default/Web Applications/Manifest Resources/aghbiahbpaijignceidepookljebhfak/Trusted Icons/Icons/256.png","30010","7ca88ce2772a18613c1c30b8715bc435942cb8e112185515a342e282b449e8d5","2026-08-17T09:29:12.3000335Z","source"
"work/web_qa/chrome_probe_profile/Default/Web Applications/Manifest Resources/aghbiahbpaijignceidepookljebhfak/Trusted Icons/Icons/32.png","1854","efeb751507c77b56963b563705e3d20325805e332988bb3e48cd891e2dd11b3c","2026-08-17T09:29:12.2862265Z","source"
"work/web_qa/chrome_probe_profile/Default/Web Applications/Manifest Resources/aghbiahbpaijignceidepookljebhfak/Trusted Icons/Icons/48.png","2982","82fc9e7be1c1dc78bcca8c54db0fcd89e4658d542070b418b1d3f0c82e1a7389","2026-08-17T09:29:12.2862265Z","source"
"work/web_qa/chrome_probe_profile/Default/Web Applications/Manifest Resources/aghbiahbpaijignceidepookljebhfak/Trusted Icons/Icons/64.png","4159","88ee95cc4940438e85c0f103638c8bfc8f326bc25c7223c5f6455657b0fcb128","2026-08-17T09:29:12.2872297Z","source"
"work/web_qa/chrome_probe_profile/Default/Web Applications/Manifest Resources/aghbiahbpaijignceidepookljebhfak/Trusted Icons/Icons/96.png","6955","3d5cf5e1f10b583ed4f0bb84e82e5adef1dae546ff7befc7974d459ba807b542","2026-08-17T09:29:12.2887938Z","source"
"work/web_qa/chrome_probe_profile/Default/Web Applications/Manifest Resources/agimnkijcaahngcdmfeangaknmldooml/Icons/128.png","10369","21e62dd92c76155912fca7c320837039c05d087d2a6590e7637b9e82ce576947","2026-08-17T09:29:12.4319575Z","source"
"work/web_qa/chrome_probe_profile/Default/Web Applications/Manifest Resources/agimnkijcaahngcdmfeangaknmldooml/Icons/192.png","7081","62fa13461b5d8d6fb313a58ad0f60f461a80e68aefc1931755ffa4c2a8510fb6","2026-08-17T09:29:12.4337261Z","source"
"work/web_qa/chrome_probe_profile/Default/Web Applications/Manifest Resources/agimnkijcaahngcdmfeangaknmldooml/Icons/256.png","26383","b48e75f50a26c8a54b6aa4c2d866bba84e15035a9567cc7c51ab7ea2e29f367b","2026-08-17T09:29:12.4415927Z","source"
"work/web_qa/chrome_probe_profile/Default/Web Applications/Manifest Resources/agimnkijcaahngcdmfeangaknmldooml/Icons/32.png","1572","7cce326e62b1efd08d37bee0c3cd20258a2527e5b267a359c03240a76badced0","2026-08-17T09:29:12.4257332Z","source"
"work/web_qa/chrome_probe_profile/Default/Web Applications/Manifest Resources/agimnkijcaahngcdmfeangaknmldooml/Icons/48.png","2572","442bdbf96a0bbf2274f4f2a7a2a27bcf0e0851131284797df90bff59f738894d","2026-08-17T09:29:12.4257332Z","source"
"work/web_qa/chrome_probe_profile/Default/Web Applications/Manifest Resources/agimnkijcaahngcdmfeangaknmldooml/Icons/64.png","3945","6b2ff6fdec1a618e884b82acdff34292f05002959e1ccabf9c2723d383a47f98","2026-08-17T09:29:12.4273175Z","source"
"work/web_qa/chrome_probe_profile/Default/Web Applications/Manifest Resources/agimnkijcaahngcdmfeangaknmldooml/Icons/96.png","7033","8b45cd8893a8f096233044c28161139a3751b81f48751ad3bbc761f6db19f8d9","2026-08-17T09:29:12.4304173Z","source"
"work/web_qa/chrome_probe_profile/Default/Web Applications/Manifest Resources/agimnkijcaahngcdmfeangaknmldooml/Trusted Icons/Icons/128.png","10369","21e62dd92c76155912fca7c320837039c05d087d2a6590e7637b9e82ce576947","2026-08-17T09:29:12.4493238Z","source"
"work/web_qa/chrome_probe_profile/Default/Web Applications/Manifest Resources/agimnkijcaahngcdmfeangaknmldooml/Trusted Icons/Icons/192.png","7081","62fa13461b5d8d6fb313a58ad0f60f461a80e68aefc1931755ffa4c2a8510fb6","2026-08-17T09:29:12.4524488Z","source"
"work/web_qa/chrome_probe_profile/Default/Web Applications/Manifest Resources/agimnkijcaahngcdmfeangaknmldooml/Trusted Icons/Icons/256.png","26383","b48e75f50a26c8a54b6aa4c2d866bba84e15035a9567cc7c51ab7ea2e29f367b","2026-08-17T09:29:12.4586339Z","source"
"work/web_qa/chrome_probe_profile/Default/Web Applications/Manifest Resources/agimnkijcaahngcdmfeangaknmldooml/Trusted Icons/Icons/32.png","1572","7cce326e62b1efd08d37bee0c3cd20258a2527e5b267a359c03240a76badced0","2026-08-17T09:29:12.4435559Z","source"
"work/web_qa/chrome_probe_profile/Default/Web Applications/Manifest Resources/agimnkijcaahngcdmfeangaknmldooml/Trusted Icons/Icons/48.png","2572","442bdbf96a0bbf2274f4f2a7a2a27bcf0e0851131284797df90bff59f738894d","2026-08-17T09:29:12.4445606Z","source"
"work/web_qa/chrome_probe_profile/Default/Web Applications/Manifest Resources/agimnkijcaahngcdmfeangaknmldooml/Trusted Icons/Icons/64.png","3945","6b2ff6fdec1a618e884b82acdff34292f05002959e1ccabf9c2723d383a47f98","2026-08-17T09:29:12.4461020Z","source"
"work/web_qa/chrome_probe_profile/Default/Web Applications/Manifest Resources/agimnkijcaahngcdmfeangaknmldooml/Trusted Icons/Icons/96.png","7033","8b45cd8893a8f096233044c28161139a3751b81f48751ad3bbc761f6db19f8d9","2026-08-17T09:29:12.4477690Z","source"
"work/web_qa/chrome_probe_profile/Default/Web Applications/Manifest Resources/fhihpiojkbmbpdjeoajapmgkhlnakfjf/Icons/128.png","7998","f347cab07bc35efee9af2cd12d1759679c95ed4301ef9b26f63a3c3ca01b81a8","2026-08-17T09:29:12.3232735Z","source"
"work/web_qa/chrome_probe_profile/Default/Web Applications/Manifest Resources/fhihpiojkbmbpdjeoajapmgkhlnakfjf/Icons/192.png","8310","a40d5f045ad67b296abb8c3aedebad36d11de19c27ab991e0e27ec8cd5e09e18","2026-08-17T09:29:12.3266425Z","source"
"work/web_qa/chrome_probe_profile/Default/Web Applications/Manifest Resources/fhihpiojkbmbpdjeoajapmgkhlnakfjf/Icons/256.png","22274","f6a845fa0308781327f9f9f3f1d657a64348b50ed7c8613e69d76d7d2f8b8adc","2026-08-17T09:29:12.3333042Z","source"
"work/web_qa/chrome_probe_profile/Default/Web Applications/Manifest Resources/fhihpiojkbmbpdjeoajapmgkhlnakfjf/Icons/32.png","1273","61df75b6fe5027556482806e295bdb5d7720a51771bdcc1b377b70829b40f22c","2026-08-17T09:29:12.3198421Z","source"
"work/web_qa/chrome_probe_profile/Default/Web Applications/Manifest Resources/fhihpiojkbmbpdjeoajapmgkhlnakfjf/Icons/48.png","2149","a515ad281e595a9f3e1967a07b2bdf613f651cba1b048fa55e7ba86af0394f7a","2026-08-17T09:29:12.3198421Z","source"
"work/web_qa/chrome_probe_profile/Default/Web Applications/Manifest Resources/fhihpiojkbmbpdjeoajapmgkhlnakfjf/Icons/64.png","2960","42afb31349eebbfaa6289cf8a5c65288fb7b4cdff5cb99823e7f93a992629a3b","2026-08-17T09:29:12.3215575Z","source"
"work/web_qa/chrome_probe_profile/Default/Web Applications/Manifest Resources/fhihpiojkbmbpdjeoajapmgkhlnakfjf/Icons/96.png","5149","e1ea1bd9d66f0f7b550a43af33073cc80a270d2ec0cad510ccecb64e50d9c0ae","2026-08-17T09:29:12.3215575Z","source"
"work/web_qa/chrome_probe_profile/Default/Web Applications/Manifest Resources/fhihpiojkbmbpdjeoajapmgkhlnakfjf/Trusted Icons/Icons/128.png","7998","f347cab07bc35efee9af2cd12d1759679c95ed4301ef9b26f63a3c3ca01b81a8","2026-08-17T09:29:12.3414259Z","source"
"work/web_qa/chrome_probe_profile/Default/Web Applications/Manifest Resources/fhihpiojkbmbpdjeoajapmgkhlnakfjf/Trusted Icons/Icons/192.png","8310","a40d5f045ad67b296abb8c3aedebad36d11de19c27ab991e0e27ec8cd5e09e18","2026-08-17T09:29:12.3431190Z","source"
"work/web_qa/chrome_probe_profile/Default/Web Applications/Manifest Resources/fhihpiojkbmbpdjeoajapmgkhlnakfjf/Trusted Icons/Icons/256.png","22274","f6a845fa0308781327f9f9f3f1d657a64348b50ed7c8613e69d76d7d2f8b8adc","2026-08-17T09:29:12.3498609Z","source"
"work/web_qa/chrome_probe_profile/Default/Web Applications/Manifest Resources/fhihpiojkbmbpdjeoajapmgkhlnakfjf/Trusted Icons/Icons/32.png","1273","61df75b6fe5027556482806e295bdb5d7720a51771bdcc1b377b70829b40f22c","2026-08-17T09:29:12.3348039Z","source"
"work/web_qa/chrome_probe_profile/Default/Web Applications/Manifest Resources/fhihpiojkbmbpdjeoajapmgkhlnakfjf/Trusted Icons/Icons/48.png","2149","a515ad281e595a9f3e1967a07b2bdf613f651cba1b048fa55e7ba86af0394f7a","2026-08-17T09:29:12.3365694Z","source"
"work/web_qa/chrome_probe_profile/Default/Web Applications/Manifest Resources/fhihpiojkbmbpdjeoajapmgkhlnakfjf/Trusted Icons/Icons/64.png","2960","42afb31349eebbfaa6289cf8a5c65288fb7b4cdff5cb99823e7f93a992629a3b","2026-08-17T09:29:12.3365694Z","source"
"work/web_qa/chrome_probe_profile/Default/Web Applications/Manifest Resources/fhihpiojkbmbpdjeoajapmgkhlnakfjf/Trusted Icons/Icons/96.png","5149","e1ea1bd9d66f0f7b550a43af33073cc80a270d2ec0cad510ccecb64e50d9c0ae","2026-08-17T09:29:12.3382822Z","source"
"work/web_qa/chrome_probe_profile/Default/Web Applications/Manifest Resources/fmgjjmmmlfnkbppncabfkddbjimcfncm/Icons/128.png","8591","05043c90fd7c795f665f7d4374673857da8ba578ef01a9563cf81bf98410de57","2026-08-17T09:29:12.1797300Z","source"
"work/web_qa/chrome_probe_profile/Default/Web Applications/Manifest Resources/fmgjjmmmlfnkbppncabfkddbjimcfncm/Icons/192.png","7564","e77ddd838401a22545cde73bc8dadabfb059ea65ef0784836c7dc823ffbb587a","2026-08-17T09:29:12.1827300Z","source"
"work/web_qa/chrome_probe_profile/Default/Web Applications/Manifest Resources/fmgjjmmmlfnkbppncabfkddbjimcfncm/Icons/256.png","21836","02d9d896281e088a9ef8562cc1dce71ffba7db465f7379a0bb69ddf3dc2de52e","2026-08-17T09:29:12.1867299Z","source"
"work/web_qa/chrome_probe_profile/Default/Web Applications/Manifest Resources/fmgjjmmmlfnkbppncabfkddbjimcfncm/Icons/32.png","1650","4ef6af3958daea67637a1034e4ff3910360c34f8d5bba1bd15dcdf7078bc3c77","2026-08-17T09:29:12.1747306Z","source"
"work/web_qa/chrome_probe_profile/Default/Web Applications/Manifest Resources/fmgjjmmmlfnkbppncabfkddbjimcfncm/Icons/48.png","2751","c9a6445efb6b3ed818d1e703f82f6c0445b49efc69b1480c61cdb2944114f523","2026-08-17T09:29:12.1757303Z","source"
"work/web_qa/chrome_probe_profile/Default/Web Applications/Manifest Resources/fmgjjmmmlfnkbppncabfkddbjimcfncm/Icons/64.png","3605","e7e71e63123edd2441d670e4f27134615639e695670c3fd8e566706cc2c65654","2026-08-17T09:29:12.1767300Z","source"
"work/web_qa/chrome_probe_profile/Default/Web Applications/Manifest Resources/fmgjjmmmlfnkbppncabfkddbjimcfncm/Icons/96.png","5693","360654ce87e12eca80b384779ecfcf54f95d264c5e75d5b0a4c9f9304e7610c0","2026-08-17T09:29:12.1777303Z","source"
"work/web_qa/chrome_probe_profile/Default/Web Applications/Manifest Resources/fmgjjmmmlfnkbppncabfkddbjimcfncm/Trusted Icons/Icons/128.png","8591","05043c90fd7c795f665f7d4374673857da8ba578ef01a9563cf81bf98410de57","2026-08-17T09:29:12.1937300Z","source"
"work/web_qa/chrome_probe_profile/Default/Web Applications/Manifest Resources/fmgjjmmmlfnkbppncabfkddbjimcfncm/Trusted Icons/Icons/192.png","7564","e77ddd838401a22545cde73bc8dadabfb059ea65ef0784836c7dc823ffbb587a","2026-08-17T09:29:12.1965395Z","source"
"work/web_qa/chrome_probe_profile/Default/Web Applications/Manifest Resources/fmgjjmmmlfnkbppncabfkddbjimcfncm/Trusted Icons/Icons/256.png","21836","02d9d896281e088a9ef8562cc1dce71ffba7db465f7379a0bb69ddf3dc2de52e","2026-08-17T09:29:12.2034520Z","source"
"work/web_qa/chrome_probe_profile/Default/Web Applications/Manifest Resources/fmgjjmmmlfnkbppncabfkddbjimcfncm/Trusted Icons/Icons/32.png","1650","4ef6af3958daea67637a1034e4ff3910360c34f8d5bba1bd15dcdf7078bc3c77","2026-08-17T09:29:12.1897293Z","source"
"work/web_qa/chrome_probe_profile/Default/Web Applications/Manifest Resources/fmgjjmmmlfnkbppncabfkddbjimcfncm/Trusted Icons/Icons/48.png","2751","c9a6445efb6b3ed818d1e703f82f6c0445b49efc69b1480c61cdb2944114f523","2026-08-17T09:29:12.1897293Z","source"
"work/web_qa/chrome_probe_profile/Default/Web Applications/Manifest Resources/fmgjjmmmlfnkbppncabfkddbjimcfncm/Trusted Icons/Icons/64.png","3605","e7e71e63123edd2441d670e4f27134615639e695670c3fd8e566706cc2c65654","2026-08-17T09:29:12.1917295Z","source"
"work/web_qa/chrome_probe_profile/Default/Web Applications/Manifest Resources/fmgjjmmmlfnkbppncabfkddbjimcfncm/Trusted Icons/Icons/96.png","5693","360654ce87e12eca80b384779ecfcf54f95d264c5e75d5b0a4c9f9304e7610c0","2026-08-17T09:29:12.1917295Z","source"
"work/web_qa/chrome_probe_profile/Default/Web Applications/Manifest Resources/kefjledonklijopmnomlcbpllchaibag/Icons/128.png","10085","9ad3eeebc2ae8f90ce1d00941f4d471603af3c02e249bf756d248cbeeb37cc52","2026-08-17T09:29:12.3762100Z","source"
"work/web_qa/chrome_probe_profile/Default/Web Applications/Manifest Resources/kefjledonklijopmnomlcbpllchaibag/Icons/192.png","10277","f2d0468ecdf68d9b0ebf829d68ee1e2894c14358c40334342423fbb5ea8f7a57","2026-08-17T09:29:12.3793185Z","source"
"work/web_qa/chrome_probe_profile/Default/Web Applications/Manifest Resources/kefjledonklijopmnomlcbpllchaibag/Icons/256.png","29566","90f78b856899a392438857ef6a85c50fcd1d48dde01483a3764c06a95c3d419e","2026-08-17T09:29:12.3884150Z","source"
"work/web_qa/chrome_probe_profile/Default/Web Applications/Manifest Resources/kefjledonklijopmnomlcbpllchaibag/Icons/32.png","1559","56578e78a0175e9b89fef5927f9f41c7fdca566174daa7f47abbf8fb6d4afbd0","2026-08-17T09:29:12.3691174Z","source"
"work/web_qa/chrome_probe_profile/Default/Web Applications/Manifest Resources/kefjledonklijopmnomlcbpllchaibag/Icons/48.png","2568","d859584cdaacb63559fdc79dde2a585db9fe163eeafeaba3427e79755d78e079","2026-08-17T09:29:12.3701215Z","source"
"work/web_qa/chrome_probe_profile/Default/Web Applications/Manifest Resources/kefjledonklijopmnomlcbpllchaibag/Icons/64.png","3642","7c98c778ec28216e89c3d8bfa6cdf69580e9f9e5f4c5cdb886c865f928d4af4c","2026-08-17T09:29:12.3716597Z","source"
"work/web_qa/chrome_probe_profile/Default/Web Applications/Manifest Resources/kefjledonklijopmnomlcbpllchaibag/Icons/96.png","6371","9554b438be1edeb0dcd3b00833997fa872f0e278b6e86c74f595c474597c16d7","2026-08-17T09:29:12.3732037Z","source"
"work/web_qa/chrome_probe_profile/Default/Web Applications/Manifest Resources/kefjledonklijopmnomlcbpllchaibag/Trusted Icons/Icons/128.png","10085","9ad3eeebc2ae8f90ce1d00941f4d471603af3c02e249bf756d248cbeeb37cc52","2026-08-17T09:29:12.3978335Z","source"
"work/web_qa/chrome_probe_profile/Default/Web Applications/Manifest Resources/kefjledonklijopmnomlcbpllchaibag/Trusted Icons/Icons/192.png","10277","f2d0468ecdf68d9b0ebf829d68ee1e2894c14358c40334342423fbb5ea8f7a57","2026-08-17T09:29:12.4014221Z","source"
"work/web_qa/chrome_probe_profile/Default/Web Applications/Manifest Resources/kefjledonklijopmnomlcbpllchaibag/Trusted Icons/Icons/256.png","29566","90f78b856899a392438857ef6a85c50fcd1d48dde01483a3764c06a95c3d419e","2026-08-17T09:29:12.4085807Z","source"
"work/web_qa/chrome_probe_profile/Default/Web Applications/Manifest Resources/kefjledonklijopmnomlcbpllchaibag/Trusted Icons/Icons/32.png","1559","56578e78a0175e9b89fef5927f9f41c7fdca566174daa7f47abbf8fb6d4afbd0","2026-08-17T09:29:12.3918146Z","source"
"work/web_qa/chrome_probe_profile/Default/Web Applications/Manifest Resources/kefjledonklijopmnomlcbpllchaibag/Trusted Icons/Icons/48.png","2568","d859584cdaacb63559fdc79dde2a585db9fe163eeafeaba3427e79755d78e079","2026-08-17T09:29:12.3921265Z","source"
"work/web_qa/chrome_probe_profile/Default/Web Applications/Manifest Resources/kefjledonklijopmnomlcbpllchaibag/Trusted Icons/Icons/64.png","3642","7c98c778ec28216e89c3d8bfa6cdf69580e9f9e5f4c5cdb886c865f928d4af4c","2026-08-17T09:29:12.3931321Z","source"
"work/web_qa/chrome_probe_profile/Default/Web Applications/Manifest Resources/kefjledonklijopmnomlcbpllchaibag/Trusted Icons/Icons/96.png","6371","9554b438be1edeb0dcd3b00833997fa872f0e278b6e86c74f595c474597c16d7","2026-08-17T09:29:12.3952797Z","source"
"work/web_qa/chrome_probe_profile/Default/Web Applications/Manifest Resources/mpnpojknpmmopombnjdcgaaiekajbnjb/Icons/128.png","7291","d173f0e97e87ceec803e9be8d516c37ef220f50a1dfd292f079ba533e8ada701","2026-08-17T09:29:12.2261935Z","source"
"work/web_qa/chrome_probe_profile/Default/Web Applications/Manifest Resources/mpnpojknpmmopombnjdcgaaiekajbnjb/Icons/192.png","7313","99a6cf62c77486adceea84981408d4939f87f53d198d8fc9114a63ea1ac12275","2026-08-17T09:29:12.2278732Z","source"
"work/web_qa/chrome_probe_profile/Default/Web Applications/Manifest Resources/mpnpojknpmmopombnjdcgaaiekajbnjb/Icons/256.png","21355","251a227d8cd7d5e85e2c7a8a3de52804626bdab74096e0d38a0ed8183bf6f5c3","2026-08-17T09:29:12.2346804Z","source"
"work/web_qa/chrome_probe_profile/Default/Web Applications/Manifest Resources/mpnpojknpmmopombnjdcgaaiekajbnjb/Icons/32.png","1288","0eb5b575bc5ad0f0fe9e7747e7c8844397113e460ecb454780192355773d7265","2026-08-17T09:29:12.2209762Z","source"
"work/web_qa/chrome_probe_profile/Default/Web Applications/Manifest Resources/mpnpojknpmmopombnjdcgaaiekajbnjb/Icons/48.png","2132","b44887b22da066690f192fcf504c99a16f17588777de201db29ce0708149aba0","2026-08-17T09:29:12.2209762Z","source"
"work/web_qa/chrome_probe_profile/Default/Web Applications/Manifest Resources/mpnpojknpmmopombnjdcgaaiekajbnjb/Icons/64.png","2921","5bffe545e04d375416d4d974bf8fc6ec77d09963c16ce8eb4311e89f0c6b3815","2026-08-17T09:29:12.2227070Z","source"
"work/web_qa/chrome_probe_profile/Default/Web Applications/Manifest Resources/mpnpojknpmmopombnjdcgaaiekajbnjb/Icons/96.png","4911","a13946a861f936023fd5e11c19fafd29033c0fe26fabd8fe9a55459335e4eca3","2026-08-17T09:29:12.2244337Z","source"
"work/web_qa/chrome_probe_profile/Default/Web Applications/Manifest Resources/mpnpojknpmmopombnjdcgaaiekajbnjb/Trusted Icons/Icons/128.png","7291","d173f0e97e87ceec803e9be8d516c37ef220f50a1dfd292f079ba533e8ada701","2026-08-17T09:29:12.2415644Z","source"
"work/web_qa/chrome_probe_profile/Default/Web Applications/Manifest Resources/mpnpojknpmmopombnjdcgaaiekajbnjb/Trusted Icons/Icons/192.png","7313","99a6cf62c77486adceea84981408d4939f87f53d198d8fc9114a63ea1ac12275","2026-08-17T09:29:12.2432775Z","source"
"work/web_qa/chrome_probe_profile/Default/Web Applications/Manifest Resources/mpnpojknpmmopombnjdcgaaiekajbnjb/Trusted Icons/Icons/256.png","21355","251a227d8cd7d5e85e2c7a8a3de52804626bdab74096e0d38a0ed8183bf6f5c3","2026-08-17T09:29:12.2501107Z","source"
"work/web_qa/chrome_probe_profile/Default/Web Applications/Manifest Resources/mpnpojknpmmopombnjdcgaaiekajbnjb/Trusted Icons/Icons/32.png","1288","0eb5b575bc5ad0f0fe9e7747e7c8844397113e460ecb454780192355773d7265","2026-08-17T09:29:12.2363829Z","source"
"work/web_qa/chrome_probe_profile/Default/Web Applications/Manifest Resources/mpnpojknpmmopombnjdcgaaiekajbnjb/Trusted Icons/Icons/48.png","2132","b44887b22da066690f192fcf504c99a16f17588777de201db29ce0708149aba0","2026-08-17T09:29:12.2363829Z","source"
"work/web_qa/chrome_probe_profile/Default/Web Applications/Manifest Resources/mpnpojknpmmopombnjdcgaaiekajbnjb/Trusted Icons/Icons/64.png","2921","5bffe545e04d375416d4d974bf8fc6ec77d09963c16ce8eb4311e89f0c6b3815","2026-08-17T09:29:12.2380987Z","source"
"work/web_qa/chrome_probe_profile/Default/Web Applications/Manifest Resources/mpnpojknpmmopombnjdcgaaiekajbnjb/Trusted Icons/Icons/96.png","4911","a13946a861f936023fd5e11c19fafd29033c0fe26fabd8fe9a55459335e4eca3","2026-08-17T09:29:12.2398068Z","source"
"work/web_qa/chrome_probe_profile/Default/Web Applications/Manifest Resources/pommaclcbfghclhalboakcipcmmndhcj/Icons/128.png","8958","c4d6a0f6c263a4d611fd6ec65643b9844f6eb0c1c9c0ec64b2fa9fcaad149170","2026-08-17T09:29:12.4810874Z","source"
"work/web_qa/chrome_probe_profile/Default/Web Applications/Manifest Resources/pommaclcbfghclhalboakcipcmmndhcj/Icons/192.png","6710","b76aa025f0516496f80008232c3f1e9584cd74090ac50c0d67c89d619595e58d","2026-08-17T09:29:12.4825169Z","source"
"work/web_qa/chrome_probe_profile/Default/Web Applications/Manifest Resources/pommaclcbfghclhalboakcipcmmndhcj/Icons/256.png","22941","b989f789c07c6d8f103d42c1adbd90a2152e54ac006a4db4956be29e5b292e94","2026-08-17T09:29:12.4869225Z","source"
"work/web_qa/chrome_probe_profile/Default/Web Applications/Manifest Resources/pommaclcbfghclhalboakcipcmmndhcj/Icons/32.png","1741","d036530ce6b5320532f359ee4b96e5b2338f78640e91bcab10e7f2e637574240","2026-08-17T09:29:12.4764647Z","source"
"work/web_qa/chrome_probe_profile/Default/Web Applications/Manifest Resources/pommaclcbfghclhalboakcipcmmndhcj/Icons/48.png","2790","04ab9b9bb94719dffe4487c44a9b5d2386b56e5d34f4b26e0c6c9c0505d78f22","2026-08-17T09:29:12.4774698Z","source"
"work/web_qa/chrome_probe_profile/Default/Web Applications/Manifest Resources/pommaclcbfghclhalboakcipcmmndhcj/Icons/64.png","3966","09a66a69d37f7e99b104f442f878fd72e8fb3637eefba61987aaaa7a2a1cb185","2026-08-17T09:29:12.4774698Z","source"
"work/web_qa/chrome_probe_profile/Default/Web Applications/Manifest Resources/pommaclcbfghclhalboakcipcmmndhcj/Icons/96.png","6314","2561ac539473f6175a4387169cdf3237a7ac46dfa7de354b60d8f2c03e081e74","2026-08-17T09:29:12.4790088Z","source"
"work/web_qa/chrome_probe_profile/Default/Web Applications/Manifest Resources/pommaclcbfghclhalboakcipcmmndhcj/Trusted Icons/Icons/128.png","8958","c4d6a0f6c263a4d611fd6ec65643b9844f6eb0c1c9c0ec64b2fa9fcaad149170","2026-08-17T09:29:12.4943021Z","source"
"work/web_qa/chrome_probe_profile/Default/Web Applications/Manifest Resources/pommaclcbfghclhalboakcipcmmndhcj/Trusted Icons/Icons/192.png","6710","b76aa025f0516496f80008232c3f1e9584cd74090ac50c0d67c89d619595e58d","2026-08-17T09:29:12.4960420Z","source"
"work/web_qa/chrome_probe_profile/Default/Web Applications/Manifest Resources/pommaclcbfghclhalboakcipcmmndhcj/Trusted Icons/Icons/256.png","22941","b989f789c07c6d8f103d42c1adbd90a2152e54ac006a4db4956be29e5b292e94","2026-08-17T09:29:12.5007950Z","source"
"work/web_qa/chrome_probe_profile/Default/Web Applications/Manifest Resources/pommaclcbfghclhalboakcipcmmndhcj/Trusted Icons/Icons/32.png","1741","d036530ce6b5320532f359ee4b96e5b2338f78640e91bcab10e7f2e637574240","2026-08-17T09:29:12.4894705Z","source"
"work/web_qa/chrome_probe_profile/Default/Web Applications/Manifest Resources/pommaclcbfghclhalboakcipcmmndhcj/Trusted Icons/Icons/48.png","2790","04ab9b9bb94719dffe4487c44a9b5d2386b56e5d34f4b26e0c6c9c0505d78f22","2026-08-17T09:29:12.4910162Z","source"
"work/web_qa/chrome_probe_profile/Default/Web Applications/Manifest Resources/pommaclcbfghclhalboakcipcmmndhcj/Trusted Icons/Icons/64.png","3966","09a66a69d37f7e99b104f442f878fd72e8fb3637eefba61987aaaa7a2a1cb185","2026-08-17T09:29:12.4910162Z","source"
"work/web_qa/chrome_probe_profile/Default/Web Applications/Manifest Resources/pommaclcbfghclhalboakcipcmmndhcj/Trusted Icons/Icons/96.png","6314","2561ac539473f6175a4387169cdf3237a7ac46dfa7de354b60d8f2c03e081e74","2026-08-17T09:29:12.4925639Z","source"
"work/web_qa/chrome_probe_profile/Default/Web Data","157696","5d2ed7744a352b2f6a90931da0ed04d54084bf702e5a4061ee29288d02467e6e","2026-08-17T09:29:14.8733659Z","source"
"work/web_qa/chrome_probe_profile/Default/Web Data-journal","0","e3b0c44298fc1c149afbf4c8996fb92427ae41e4649b934ca495991b7852b855","2026-08-17T09:29:14.8743711Z","source"
"work/web_qa/chrome_probe_profile/Default/WebStorage/QuotaManager","40960","f66d467d729e845622a6fa658f6220e98100c4c3c59c269e26bd38675b6965aa","2026-08-17T09:29:43.0168229Z","source"
"work/web_qa/chrome_probe_profile/Default/WebStorage/QuotaManager-journal","0","e3b0c44298fc1c149afbf4c8996fb92427ae41e4649b934ca495991b7852b855","2026-08-17T09:29:43.0188246Z","source"
"work/web_qa/chrome_probe_profile/en-US-10-1.bdic","451968","a075b01d9b015c616511a9e87da77da3d9881621db32f584e4606ddabf1c1100","2026-08-17T09:29:10.2152431Z","source"
"work/web_qa/chrome_probe_profile/extensions_crx_cache/metadata.json","13","2771d13c637c267132afff9db67537bef95708534b79ae8d954254c4e64e4e0f","2026-08-17T09:29:19.8635460Z","source"
"work/web_qa/chrome_probe_profile/FileTypePolicies/145.0.7584.0/_metadata/verified_contents.json","1439","7fcb89cf8d975c3982b3fe815e53224e7548b73fcf1b65e613b2867fddcb3077","2025-12-18T00:40:20.0000000Z","source"
"work/web_qa/chrome_probe_profile/FileTypePolicies/145.0.7584.0/download_file_types.pb","8037","a1391aa8d42be124bd50c493886fe7b3a709059ee20b0e012b421390f4a3864e","2025-12-18T00:40:20.0000000Z","source"
"work/web_qa/chrome_probe_profile/FileTypePolicies/145.0.7584.0/manifest.json","86","31a56f514d228a98683b8cbf7e8a3ced78857ef3e745a06fbc2c5b33162d3220","2025-12-18T00:40:20.0000000Z","source"
"work/web_qa/chrome_probe_profile/first_party_sets.db","49152","a6bd93ac4745253b0e55c51ca514472a2a71c4e32fa72d206fe2a9d080ae7b08","2026-08-17T09:29:12.3150441Z","source"
"work/web_qa/chrome_probe_profile/first_party_sets.db-journal","0","e3b0c44298fc1c149afbf4c8996fb92427ae41e4649b934ca495991b7852b855","2026-08-17T09:29:12.3167662Z","source"
"work/web_qa/chrome_probe_profile/FirstPartySetsPreloaded/2025.7.24.0/_metadata/verified_contents.json","1864","0f5b3149363c15968328183021af8ca49f6e3c7b0343d1c10866befff0b59698","1980-01-01T00:00:00.0000000Z","source"
"work/web_qa/chrome_probe_profile/FirstPartySetsPreloaded/2025.7.24.0/LICENSE","1558","3dbd2c90050b652d63656481c3e5871c52261575292db77d4ea63419f187a55b","1980-01-01T00:00:00.0000000Z","source"
"work/web_qa/chrome_probe_profile/FirstPartySetsPreloaded/2025.7.24.0/manifest.json","85","2d905d7b28b1afd313753d14f6a916a2e56ec4c1316bfa43046b09214ceb6090","1980-01-01T00:00:00.0000000Z","source"
"work/web_qa/chrome_probe_profile/FirstPartySetsPreloaded/2025.7.24.0/sets.json","10367","baa0872250e769c30b6b7a8a1b2028eaf6af35113e47efd8f0b4ccfb98a52a32","1980-01-01T00:00:00.0000000Z","source"
"work/web_qa/chrome_probe_profile/GPUPersistentCache/DawnGraphiteCache/3NKWE443ILY3OIX46HBRH4ISRJW4UKAH/cache.db","0","e3b0c44298fc1c149afbf4c8996fb92427ae41e4649b934ca495991b7852b855","2026-08-17T09:29:09.7274873Z","source"
"work/web_qa/chrome_probe_profile/GPUPersistentCache/DawnGraphiteCache/3NKWE443ILY3OIX46HBRH4ISRJW4UKAH/cache.db-wal","0","e3b0c44298fc1c149afbf4c8996fb92427ae41e4649b934ca495991b7852b855","2026-08-17T09:29:09.7274873Z","source"
"work/web_qa/chrome_probe_profile/GPUPersistentCache/DawnGraphiteCache/3NKWE443ILY3OIX46HBRH4ISRJW4UKAH/cache.journal","0","e3b0c44298fc1c149afbf4c8996fb92427ae41e4649b934ca495991b7852b855","2026-08-17T09:29:09.7274873Z","source"
"work/web_qa/chrome_probe_profile/GrShaderCache/data_0","45056","e390f71054134fbf7d84b80a6e82e7d5a715786e8b6fbf25a2db37d167939ca9","2026-08-17T09:29:10.4762428Z","source"
"work/web_qa/chrome_probe_profile/GrShaderCache/data_1","270336","29211aba84381bc2828dc9d2175b67d67f2d0524ea069f8d8407c336644c2208","2026-08-17T14:34:14.8135262Z","source"
"work/web_qa/chrome_probe_profile/GrShaderCache/data_2","8192","ec1702806f4cc7c42a82fc2b38e89835fde7c64bb32060e0823c9077ca92efb7","2026-08-17T09:29:10.0602437Z","source"
"work/web_qa/chrome_probe_profile/GrShaderCache/data_3","4202496","83d92e8127f9c88f1a86994588a6ecb10ba6dcfe734217bc4159fbe02352cdb7","2026-08-17T09:29:10.4762428Z","source"
"work/web_qa/chrome_probe_profile/GrShaderCache/f_000001","21084","4cdbdae4634e3ed555b5ed88ce26eb7a0c1cf7f185004e90dfda5ab8c765921a","2026-08-17T09:29:10.1192440Z","source"
"work/web_qa/chrome_probe_profile/GrShaderCache/f_000002","16672","89c694e4d1e2cb4b2a0656d220c5feeb618d757745067a68e913292e4e673dd8","2026-08-17T09:29:10.2352428Z","source"
"work/web_qa/chrome_probe_profile/GrShaderCache/f_000003","16792","af44509f269b1065a385112a19f91b71f2e3dc2718c9fc4b7eae802ffeea8743","2026-08-17T09:29:10.3202429Z","source"
"work/web_qa/chrome_probe_profile/GrShaderCache/index","262512","5c7e9290a22a259be3147ab8f184dee3d509606256db0d357ca9c325b28b0627","2026-08-17T09:29:10.0582456Z","source"
"work/web_qa/chrome_probe_profile/hyphen-data/120.0.6050.0/_metadata/verified_contents.json","7328","65491b21947d60c87c6358dcf69df9aca2b99e8f3b611bd3d559699bbc25000b","2001-01-01T00:00:00.0000000Z","source"
"work/web_qa/chrome_probe_profile/hyphen-data/120.0.6050.0/hyph-af.hyb","72640","5487ee44a4cd706d0086522e90c59c76cdf2ac68ce506fd3eae6054b9220c0cf","2001-01-01T00:00:00.0000000Z","source"
"work/web_qa/chrome_probe_profile/hyphen-data/120.0.6050.0/hyph-as.hyb","703","c2784e33158a807135850f7125a7eaabe472b3cfc7afb82c74f02da69ea250fe","2001-01-01T00:00:00.0000000Z","source"
"work/web_qa/chrome_probe_profile/hyphen-data/120.0.6050.0/hyph-be.hyb","6098","25b7cfa039f82ac92990e1789de40988d490db9b613852fb24036b38ff87893c","2001-01-01T00:00:00.0000000Z","source"
"work/web_qa/chrome_probe_profile/hyphen-data/120.0.6050.0/hyph-bg.hyb","3467","7593f0395081e3eeb2d8516d10746608afd826cffd4e7e37d53936993d200a13","2001-01-01T00:00:00.0000000Z","source"
"work/web_qa/chrome_probe_profile/hyphen-data/120.0.6050.0/hyph-bn.hyb","703","c2784e33158a807135850f7125a7eaabe472b3cfc7afb82c74f02da69ea250fe","2001-01-01T00:00:00.0000000Z","source"
"work/web_qa/chrome_probe_profile/hyphen-data/120.0.6050.0/hyph-cs.hyb","64245","97a4755fe9e653a08969f1933e3db19c712078b227bd5aa6799093abc5a0edc3","2001-01-01T00:00:00.0000000Z","source"
"work/web_qa/chrome_probe_profile/hyphen-data/120.0.6050.0/hyph-cu.hyb","52842","2baee19d5024ff87dcf3a1b9d0da1b3ac5a1e506adeead3b96a4de5395d0290e","2001-01-01T00:00:00.0000000Z","source"
"work/web_qa/chrome_probe_profile/hyphen-data/120.0.6050.0/hyph-cy.hyb","35913","4d0569fe2f4b41b3164cf610310e1d996fd2c553cc39de6062e50f4e033cc207","2001-01-01T00:00:00.0000000Z","source"
"work/web_qa/chrome_probe_profile/hyphen-data/120.0.6050.0/hyph-da.hyb","6967","86fdfc8db62cdaa11f615dad3712da1f4708294e029a4aad0fc285d4ea16c4bd","2001-01-01T00:00:00.0000000Z","source"
"work/web_qa/chrome_probe_profile/hyphen-data/120.0.6050.0/hyph-de-1901.hyb","121393","8c5fa4b29519d17593e923bc6a9a284df7a6d07fac42f897110b8fb2e0baeef5","2001-01-01T00:00:00.0000000Z","source"
"work/web_qa/chrome_probe_profile/hyphen-data/120.0.6050.0/hyph-de-1996.hyb","120412","d673805547a0228d2f57a5ad551b8760cfcc521f38c49284ed3976e3515bca49","2001-01-01T00:00:00.0000000Z","source"
"work/web_qa/chrome_probe_profile/hyphen-data/120.0.6050.0/hyph-de-ch-1901.hyb","120218","8223a912160354e05735522fdb339dc59b353ad5d1e4f4cfa94898dc348e748f","2001-01-01T00:00:00.0000000Z","source"
"work/web_qa/chrome_probe_profile/hyphen-data/120.0.6050.0/hyph-el.hyb","4219","76ae3454fb0045adb83094832578aa4749ce4dc694c4edcf85b419c1e2d9bcd3","2001-01-01T00:00:00.0000000Z","source"
"work/web_qa/chrome_probe_profile/hyphen-data/120.0.6050.0/hyph-en-gb.hyb","46607","ae4b78009d18e849d87458677151ee3aad1608ad72ec050dfd2421d22e7d031f","2001-01-01T00:00:00.0000000Z","source"
"work/web_qa/chrome_probe_profile/hyphen-data/120.0.6050.0/hyph-en-us.hyb","59802","03727cd6f4aa71b203c4c74ca6987ac7d87f13037337ac6f4b6996c2a0dc5f8c","2001-01-01T00:00:00.0000000Z","source"
"work/web_qa/chrome_probe_profile/hyphen-data/120.0.6050.0/hyph-es.hyb","14995","137461792537a2e56a6475e81e2b9ad7a2bdabf1f4738fae186dca3022357349","2001-01-01T00:00:00.0000000Z","source"
"work/web_qa/chrome_probe_profile/hyphen-data/120.0.6050.0/hyph-et.hyb","21421","10079c66014dd2e6abfef5a018e6553fd5a036afb96bd2a235440a188f88b15e","2001-01-01T00:00:00.0000000Z","source"
"work/web_qa/chrome_probe_profile/hyphen-data/120.0.6050.0/hyph-eu.hyb","665","e2778a4fc7b8f064a32b6a44bc29f10e264d9d6214b8edb8ebd1f5f6d68e2eb2","2001-01-01T00:00:00.0000000Z","source"
"work/web_qa/chrome_probe_profile/hyphen-data/120.0.6050.0/hyph-fr.hyb","8165","00bd8b2d398d77575da2bfbbc5ec641aad7f2a87d4a31186ec169e85a27de5b7","2001-01-01T00:00:00.0000000Z","source"
"work/web_qa/chrome_probe_profile/hyphen-data/120.0.6050.0/hyph-ga.hyb","35824","1e3043f395bfb2a4c43d0480ba2f168ed622881cc3482359ca6e99821e983be8","2001-01-01T00:00:00.0000000Z","source"
"work/web_qa/chrome_probe_profile/hyphen-data/120.0.6050.0/hyph-gl.hyb","9289","89d98eff14e2cf1c2314efdf392339e62d7e786f100202a7377bf7b22095a0c5","2001-01-01T00:00:00.0000000Z","source"
"work/web_qa/chrome_probe_profile/hyphen-data/120.0.6050.0/hyph-gu.hyb","655","af0edb67c2219b803c3eb6c1dee6f2d41a3fe00468a9da8be8ef5056d701abf3","2001-01-01T00:00:00.0000000Z","source"
"work/web_qa/chrome_probe_profile/hyphen-data/120.0.6050.0/hyph-hi.hyb","687","f4df224d459fd111698dd5a13613c5bbf0ed11f04278d60230d028010eac0c42","2001-01-01T00:00:00.0000000Z","source"
"work/web_qa/chrome_probe_profile/hyphen-data/120.0.6050.0/hyph-hr.hyb","3031","d5f066a5657f1d7c39d053956df204b7926f40d2fe4f69573af09d909066e26c","2001-01-01T00:00:00.0000000Z","source"
"work/web_qa/chrome_probe_profile/hyphen-data/120.0.6050.0/hyph-hu.hyb","317251","8b3a16268cc932b226c17ff405b3cfb6eb38a9511a2043d653dc03729efceac1","2001-01-01T00:00:00.0000000Z","source"
"work/web_qa/chrome_probe_profile/hyphen-data/120.0.6050.0/hyph-hy.hyb","605","9b34dfca85cb27546829f104f137757efb274934c1e9d4991f55ad564962a76a","2001-01-01T00:00:00.0000000Z","source"
"work/web_qa/chrome_probe_profile/hyphen-data/120.0.6050.0/hyph-it.hyb","2512","f9c027d7fd44b01cd5e1cdf802e20c63560673098af18bea0930ba9af334e0f7","2001-01-01T00:00:00.0000000Z","source"
"work/web_qa/chrome_probe_profile/hyphen-data/120.0.6050.0/hyph-ka.hyb","9996","2472271c7955c67e9fdb86d0cd3c5d88f5e598da4f44b6741284b2bbcb2e4d52","2001-01-01T00:00:00.0000000Z","source"
"work/web_qa/chrome_probe_profile/hyphen-data/120.0.6050.0/hyph-kn.hyb","711","2b999d0a152f804601aa8f38ff0d3a6e5949977bf1daa76fa888acae21526287","2001-01-01T00:00:00.0000000Z","source"
"work/web_qa/chrome_probe_profile/hyphen-data/120.0.6050.0/hyph-la.hyb","1839","fd4b6f36135cd3b932e350ec2017dfd89d2e36ac226f54e4c8f2e4bc6db0593d","2001-01-01T00:00:00.0000000Z","source"
"work/web_qa/chrome_probe_profile/hyphen-data/120.0.6050.0/hyph-lt.hyb","7774","6fe2da26a96834fb9aecbe586d40f728df0ef676a4f235450054e66841b9e2ca","2001-01-01T00:00:00.0000000Z","source"
"work/web_qa/chrome_probe_profile/hyphen-data/120.0.6050.0/hyph-lv.hyb","38602","65962ccb5055e4c693e5ac493d6affdc810ec168eb2942f5705b7f4e464f9993","2001-01-01T00:00:00.0000000Z","source"
"work/web_qa/chrome_probe_profile/hyphen-data/120.0.6050.0/hyph-ml.hyb","776","90572db8f49b01ec6a102732cdf14fc3f07d363cbe0d261103e583043164e888","2001-01-01T00:00:00.0000000Z","source"
"work/web_qa/chrome_probe_profile/hyphen-data/120.0.6050.0/hyph-mn-cyrl.hyb","5142","0d2731f16aa2c90faec8e63260358cbccede403faf95e3af8c66bc2db0729ca0","2001-01-01T00:00:00.0000000Z","source"
"work/web_qa/chrome_probe_profile/hyphen-data/120.0.6050.0/hyph-mr.hyb","687","f4df224d459fd111698dd5a13613c5bbf0ed11f04278d60230d028010eac0c42","2001-01-01T00:00:00.0000000Z","source"
"work/web_qa/chrome_probe_profile/hyphen-data/120.0.6050.0/hyph-mul-ethi.hyb","3740","f2fac1bd069ffe5cd1112d94cc31137ed38a1b161093ecd74c9c1688428b688b","2001-01-01T00:00:00.0000000Z","source"
"work/web_qa/chrome_probe_profile/hyphen-data/120.0.6050.0/hyph-nb.hyb","145263","c2771fbb1bfff7db5e267dc7a4505a9675c6b98cfe7a8f7ae5686d7a5a2b3dd0","2001-01-01T00:00:00.0000000Z","source"
"work/web_qa/chrome_probe_profile/hyphen-data/120.0.6050.0/hyph-nl.hyb","77080","5ebde398944b461cf940f0520c5a49c0882b6f36f9ac5cda0538c8c8b44fb7ca","2001-01-01T00:00:00.0000000Z","source"
"work/web_qa/chrome_probe_profile/hyphen-data/120.0.6050.0/hyph-nn.hyb","145263","5bcbb58eaf65f13f6d039244d942f37c127344e3a0a2e6c32d08236945132809","2001-01-01T00:00:00.0000000Z","source"
"work/web_qa/chrome_probe_profile/hyphen-data/120.0.6050.0/hyph-or.hyb","647","4e9cd302baffc4ea3e9652327ea24072ebf37b5c4fc0719292bdac10aaad665b","2001-01-01T00:00:00.0000000Z","source"
"work/web_qa/chrome_probe_profile/hyphen-data/120.0.6050.0/hyph-pa.hyb","607","470329d28faa484f945d78ffefb176dcb6f2032c753e25bc014106ad24b2c68a","2001-01-01T00:00:00.0000000Z","source"
"work/web_qa/chrome_probe_profile/hyphen-data/120.0.6050.0/hyph-pt.hyb","1414","f6fbf1bcb260cc86256fc494f388f7b27d10865fbf8f61517dee25af4d58d6e8","2001-01-01T00:00:00.0000000Z","source"
"work/web_qa/chrome_probe_profile/hyphen-data/120.0.6050.0/hyph-ru.hyb","19886","336ce2048ffd31b7bcaf435e53badfaf0579e405042d49adbc0823f6be5f9614","2001-01-01T00:00:00.0000000Z","source"
"work/web_qa/chrome_probe_profile/hyphen-data/120.0.6050.0/hyph-sk.hyb","64103","138c5990961da21993653f54a413ddacb8921d6d70b892b7ca154d6e8ad2028c","2001-01-01T00:00:00.0000000Z","source"
"work/web_qa/chrome_probe_profile/hyphen-data/120.0.6050.0/hyph-sl.hyb","6631","ad746c68562603ac3b15e89da03c76e081c08e7d9c8d4c9f64763e53d696c77c","2001-01-01T00:00:00.0000000Z","source"
"work/web_qa/chrome_probe_profile/hyphen-data/120.0.6050.0/hyph-sq.hyb","2013","bc29c9401ce952414cbaebc5c8ee1d27c1706c6f77807b5ff713e2124438b3ca","2001-01-01T00:00:00.0000000Z","source"
"work/web_qa/chrome_probe_profile/hyphen-data/120.0.6050.0/hyph-sv.hyb","72119","56642aa5a37625ff9d034761d16b034d4ba5be74090cbd825956bbce2775ecd1","2001-01-01T00:00:00.0000000Z","source"
"work/web_qa/chrome_probe_profile/hyphen-data/120.0.6050.0/hyph-ta.hyb","554","40fda94856a86f065de8baa6184ea63dcdb011ee4ca498a7c1fee44c99314c67","2001-01-01T00:00:00.0000000Z","source"
"work/web_qa/chrome_probe_profile/hyphen-data/120.0.6050.0/hyph-te.hyb","703","516fa9654fa3aeaab480d40eaf6ad78fc039086bd8edc144be3d59525edcac29","2001-01-01T00:00:00.0000000Z","source"
"work/web_qa/chrome_probe_profile/hyphen-data/120.0.6050.0/hyph-tk.hyb","2712","77fdaed29bd842aaa976ab7ef81b617a15c0a2d1ebd1161c1bf26b79a108b5cd","2001-01-01T00:00:00.0000000Z","source"
"work/web_qa/chrome_probe_profile/hyphen-data/120.0.6050.0/hyph-uk.hyb","19417","1c626abe40d43f6d56a01b5b40305d7c7d6481f616eac00a3f3aaaaca8388786","2001-01-01T00:00:00.0000000Z","source"
"work/web_qa/chrome_probe_profile/hyphen-data/120.0.6050.0/hyph-und-ethi.hyb","3484","1de83cb787dfaf53fb7e6e8db3aae5008ad24ebdd28be02031306ea9e9f3e285","2001-01-01T00:00:00.0000000Z","source"
"work/web_qa/chrome_probe_profile/hyphen-data/120.0.6050.0/manifest.json","82","d571ef33b0e707571f10bb37b99a607d6f43afe33f53d15b4395b16ef3fda665","2001-01-01T00:00:00.0000000Z","source"
"work/web_qa/chrome_probe_profile/ko-3-0.bdic","11476456","75b5e033a0d6e1bba1e7ce6aad6f723d84128cda7f2048339c8c498f049f49bc","2026-08-17T09:29:10.4422439Z","source"
"work/web_qa/chrome_probe_profile/Last Browser","106","3615498fbef408a96bf30e01c318dac2d5451b054998119080e7faac5995f590","2026-08-17T09:29:12.1177302Z","source"
"work/web_qa/chrome_probe_profile/Last Version","14","605fbb0409f9ed9ee2b09c5f5df04d97c0e8f0031e595152d1a429710c301d66","2026-08-17T09:29:09.7334906Z","source"
"work/web_qa/chrome_probe_profile/Local State","77197","d519ef6418d49df40cc3a31ec0314ba2b38083fc3c4527c17e9ed69792eda518","2026-08-17T14:35:04.5294439Z","source"
"work/web_qa/chrome_probe_profile/MEIPreload/1.1.0.3/_metadata/verified_contents.json","1766","48264eccb505f5c0eb1e0d8ddabf79e4fd664018dce8f65642e0052fbeeba6ad","2000-01-01T00:00:00.0000000Z","source"
"work/web_qa/chrome_probe_profile/MEIPreload/1.1.0.3/manifest.json","202","8bd59f33a6e286c7e7352dfaebc9b03cea4e0e959a8ebb2f04b69bd92e107dc1","2000-01-01T00:00:00.0000000Z","source"
"work/web_qa/chrome_probe_profile/MEIPreload/1.1.0.3/preloaded_data.pb","8219","9b32ba9222d44bebc479ffa9704d2a9abccae153982838a3b9a79846b80877a3","2000-01-01T00:00:00.0000000Z","source"
"work/web_qa/chrome_probe_profile/optimization_guide_model_store/15/0CB888B74FE8F85E/74B80452A6FC59A3/model-info.pb","165","00f81098848e728351ea9cd53ebf8300027d49a52213acc2e6df23b93332d089","2026-08-17T09:29:22.5446785Z","source"
"work/web_qa/chrome_probe_profile/optimization_guide_model_store/15/0CB888B74FE8F85E/74B80452A6FC59A3/model.tflite","2737464","329b20f56d6438f20aef784d9bd7b686dd16550dc84967bb5be3dc0a1c29ce18","1980-01-01T00:00:00.0000000Z","source"
"work/web_qa/chrome_probe_profile/optimization_guide_model_store/15/0CB888B74FE8F85E/74B80452A6FC59A3/override_list.pb.gz","467851","3ad86e3c79ac3361688f6f0f287a8fbbe83d68c40dd778024f50747bcf4c290b","1980-01-01T00:00:00.0000000Z","source"
"work/web_qa/chrome_probe_profile/optimization_guide_model_store/15/0CB888B74FE8F85E/74B80452A6FC59A3/VERSION.txt","106","176033a28b6257a40a7827eae8142610a7e42a7d67bc507512712c186d4612a4","1980-01-01T00:00:00.0000000Z","source"
"work/web_qa/chrome_probe_profile/optimization_guide_model_store/2/0CB888B74FE8F85E/583D13FB7DF2CC9D/model-info.pb","12","5887dcfba850053c7d4cc3897c84f73a96baf16e48e00b87eb1e6fbd8e5101e6","2026-08-17T09:29:22.1900012Z","source"
"work/web_qa/chrome_probe_profile/optimization_guide_model_store/2/0CB888B74FE8F85E/583D13FB7DF2CC9D/model.tflite","392048","a0956386dc64fd9f4883c8741f950cd60a56859616b159c9e4251c9eb0ac5534","2023-03-20T06:01:58.0000000Z","source"
"work/web_qa/chrome_probe_profile/optimization_guide_model_store/20/0CB888B74FE8F85E/B3E18EABFC94118D/model-info.pb","164","fd9510efa2478b1709fa685f2c51c4517225ec618971819c808d64c8c49f6c9a","2026-08-17T09:29:22.4606810Z","source"
"work/web_qa/chrome_probe_profile/optimization_guide_model_store/20/0CB888B74FE8F85E/B3E18EABFC94118D/model.tflite","31520","e8c55250b30a5999403e9b7ad1031223ca3297e2a79de5bd169581f734691eab","2026-07-13T20:02:16.0000000Z","source"
"work/web_qa/chrome_probe_profile/optimization_guide_model_store/25/0CB888B74FE8F85E/67C77E29864ABF63/model-info.pb","146","51f2000516ddcfb407f7595409a75b3eb88cf236ed9d5d2c432c4b3ad3bfb8de","2026-08-17T09:29:23.0156803Z","source"
"work/web_qa/chrome_probe_profile/optimization_guide_model_store/25/0CB888B74FE8F85E/67C77E29864ABF63/model.tflite","180520","498e3205bf85da0a8f8b57e292d4bd12b31d691e04039c04bedcde75d1ea7459","2026-06-09T08:01:52.0000000Z","source"
"work/web_qa/chrome_probe_profile/optimization_guide_model_store/25/0CB888B74FE8F85E/67C77E29864ABF63/visual_model_desktop.tflite","3452826","eaea1c7eeb2af4fcb59c7db541df61057c4ccdb8a4d4f70af75776d70aa1850c","2026-06-09T08:01:52.0000000Z","source"
"work/web_qa/chrome_probe_profile/optimization_guide_model_store/26/0CB888B74FE8F85E/66D3AFA029B1DF30/model-info.pb","416","df5ace9343b9c960993fd8d97a3911d6cdfc2531ecd36d4bba32fef89dd46db3","2026-08-17T09:29:22.7546786Z","source"
"work/web_qa/chrome_probe_profile/optimization_guide_model_store/26/0CB888B74FE8F85E/66D3AFA029B1DF30/model.tflite","7112","92e81784c55f74000441d25a29c895b19ca1bd53efe0177ce3c27fbdb7869fa1","2023-10-02T17:38:46.0000000Z","source"
"work/web_qa/chrome_probe_profile/optimization_guide_model_store/43/0CB888B74FE8F85E/CD06EA825B013C53/model-info.pb","138","76710ebdc60b1488efd8da877e7597beed852f805a7043697faa92282c65c74d","2026-08-17T09:29:24.0033121Z","source"
"work/web_qa/chrome_probe_profile/optimization_guide_model_store/43/0CB888B74FE8F85E/CD06EA825B013C53/model.tflite","36778224","bbc7dc1ae142e321b07749bc824f487c199334f6cfc567166ce8e2e58bd955a4","2026-02-02T19:58:32.0000000Z","source"
"work/web_qa/chrome_probe_profile/optimization_guide_model_store/43/0CB888B74FE8F85E/CD06EA825B013C53/sentencepiece.model","794346","839ffa4b9afae8d77834a88b87781849aa021975d6063dec6085633fcaf7171c","2026-02-02T19:58:32.0000000Z","source"
"work/web_qa/chrome_probe_profile/optimization_guide_model_store/45/0CB888B74FE8F85E/FC24642F55ABBD7A/model-info.pb","7104","fab8e53a41540b352b8d58f37f23dc464ac8e0ecc47f65bd5f4be34df792c2e3","2026-08-17T09:29:23.1876155Z","source"
"work/web_qa/chrome_probe_profile/optimization_guide_model_store/45/0CB888B74FE8F85E/FC24642F55ABBD7A/model.tflite","131736","4c897707a45592774ffc4c65b207589efee2f1667798f96b4e37245047466e3e","1980-01-01T00:00:00.0000000Z","source"
"work/web_qa/chrome_probe_profile/optimization_guide_model_store/9/0CB888B74FE8F85E/80084453E754842F/model-info.pb","164","804b149ba8918e68e78c25d262ba95118b4088e0cf06bf9c9dd821bfc8815dca","2026-08-17T09:29:22.1170015Z","source"
"work/web_qa/chrome_probe_profile/optimization_guide_model_store/9/0CB888B74FE8F85E/80084453E754842F/model.tflite","31520","21ecf18a9eb18a66870208035d857a536d6d714e0eec47a86d316ade56bb90a4","2026-07-13T20:02:28.0000000Z","source"
"work/web_qa/chrome_probe_profile/OptimizationHints/727/_metadata/verified_contents.json","1766","d1a34f33a6f28e3600cd9844ff2c5ca4d5cd3d1f196e279ab19400dfc920adbc","1980-01-01T00:00:00.0000000Z","source"
"work/web_qa/chrome_probe_profile/OptimizationHints/727/manifest.json","108","90b050c7d1f136aaed30a0966934279f77bcdbd1a63a8c88e829c1db1bd93e50","1980-01-01T00:00:00.0000000Z","source"
"work/web_qa/chrome_probe_profile/OptimizationHints/727/optimization-hints.pb","565345","c5ee2343b2a35791fc13a03c34a4d9e22f6c2e1bc04d14d50815b299f419ee58","1980-01-01T00:00:00.0000000Z","source"
"work/web_qa/chrome_probe_profile/PKIMetadata/1748/_metadata/verified_contents.json","2080","357552ca4408d13d5fed985ee4aabee6c33eecdfcfd5a958a562aa83b8430939","1980-01-01T00:00:00.0000000Z","source"
"work/web_qa/chrome_probe_profile/PKIMetadata/1748/crs.pb","353227","4d604c5342cd4438e047f13d7349e0cd7888769449c280da1e8077157c157d0f","1980-01-01T00:00:00.0000000Z","source"
"work/web_qa/chrome_probe_profile/PKIMetadata/1748/ct_config.pb","53766","a1146d6b7a04c58d7313b6952dc93e37a58b124fe956c27a40017061bfc2bff6","1980-01-01T00:00:00.0000000Z","source"
"work/web_qa/chrome_probe_profile/PKIMetadata/1748/kp_pinslist.pb","10799","bf88f865c337c3937f5cd08027aa526a53972fc58f75f641002fec49ce7a22c9","1980-01-01T00:00:00.0000000Z","source"
"work/web_qa/chrome_probe_profile/PKIMetadata/1748/manifest.json","73","d2eeb1338569604b2edd7ae94e7794a3aa2750be526e9dd92f252bfa929acb06","1980-01-01T00:00:00.0000000Z","source"
"work/web_qa/chrome_probe_profile/PKIMetadata/1748/mtc_config.pb","3289","6be1a3f41cf86a4f98c8f7b40af69636a3d2159c1f8c1ff834669c5c026f89c6","1980-01-01T00:00:00.0000000Z","source"
"work/web_qa/chrome_probe_profile/Safe Browsing/ChromeExtMalware.store","106","197aa578fb92b9c35ecc6eab736b7b67c1bd9c96c6d10fb320ccbe709608f1db","2026-08-17T09:32:52.3496931Z","source"
"work/web_qa/chrome_probe_profile/Safe Browsing/ChromeExtMalware.store.32_13431432772338968","1913376","c136d99ed168eb0a9382a2461341236bc1d9aac708a1188f50640391e3efdea7","2026-08-17T09:32:52.3496931Z","source"
"work/web_qa/chrome_probe_profile/Safe Browsing/UrlBilling.store","106","a338588d3a45a8d935b939387731d7f9bc95fecd93bc82a9cae95c2913d912a0","2026-08-17T14:33:49.3494751Z","source"
"work/web_qa/chrome_probe_profile/Safe Browsing/UrlBilling.store.4_13431449014311055","49904","0a75cb67c0a95583a553e984c8996f085165728d2973446cc07c766ee43a0c43","2026-08-17T14:03:34.3112269Z","source"
"work/web_qa/chrome_probe_profile/Safe Browsing/UrlBilling.store.4_13431450829349053","49928","8ba1b66051c18df7177454874df5dbe00e9fbf554e6efd6061946325d7359759","2026-08-17T14:33:49.3484755Z","source"
"work/web_qa/chrome_probe_profile/Safe Browsing/UrlCsdAllowlist.store","133","dacadb8fc5681cd04c680340bcaae1f7f608739cd0cf4460b7c9f607eb97acb8","2026-08-17T09:32:52.3556914Z","source"
"work/web_qa/chrome_probe_profile/Safe Browsing/UrlCsdAllowlist.store.32_13431432772355320","800","9cc0aa0743014c98e4b9bf2b1bf6cbfbef612a287f762d8388c84faa94ef303c","2026-08-17T09:32:52.3546913Z","source"
"work/web_qa/chrome_probe_profile/Safe Browsing/UrlCsdAllowlist.store.4_13431432772355214","4016","79b902e503bd3a0a73ae7ae5a5c3e35f343c3a0cf4e6a369e25515a879b54e63","2026-08-17T09:32:52.3556914Z","source"
"work/web_qa/chrome_probe_profile/Safe Browsing/UrlCsdDownloadAllowlist.store","105","345866bcd94a9b69a15d67a1ee0437ce41642b2aaaa0f7e0d4bc5e89ddf35670","2026-08-17T09:32:52.3546913Z","source"
"work/web_qa/chrome_probe_profile/Safe Browsing/UrlCsdDownloadAllowlist.store.32_13431432772354013","37344","31a135f0860fd6ece1e2e6f0359e16381fc27638362ded746abf636c88252f8a","2026-08-17T09:32:52.3536922Z","source"
"work/web_qa/chrome_probe_profile/Safe Browsing/UrlHighConfidenceAllowlist.store","106","66e0706f1bbc983e0fcb593fdf000fba33736cb8af2e07cd7de06b8a700da6a8","2026-08-17T10:02:52.7041252Z","source"
"work/web_qa/chrome_probe_profile/Safe Browsing/UrlHighConfidenceAllowlist.store.32_13431432772309955","298816","4fd41768314a8f474c920f760c7e7e56d49bb1da02c73b8388600b9af93071d8","2026-08-17T09:32:52.3114857Z","source"
"work/web_qa/chrome_probe_profile/Safe Browsing/UrlHighConfidenceAllowlist.store.32_13431434572703257","307904","66a960d2da29d7f56c283427ef4c072755b68f092a905e14e3c3ce5df6c71472","2026-08-17T10:02:52.7041252Z","source"
"work/web_qa/chrome_probe_profile/Safe Browsing/UrlMalBin.store","106","8a9a683027f83ecd6b904c2e60c81081572608e497fb59d0d00f41477acce8af","2026-08-17T14:33:49.3474748Z","source"
"work/web_qa/chrome_probe_profile/Safe Browsing/UrlMalBin.store.4_13431449014309423","38552","6ed29f7a534b95740f5a16efffa2b1e2459123925c6788e3db492ac3a192ad0d","2026-08-17T14:03:34.3092294Z","source"
"work/web_qa/chrome_probe_profile/Safe Browsing/UrlMalBin.store.4_13431450829347908","38552","dd249cb88c9e6cd072d536fa1d59c18c86bc8f8cf597ee720ea15aa204dca20e","2026-08-17T14:33:49.3474748Z","source"
"work/web_qa/chrome_probe_profile/Safe Browsing/UrlMalware.store","106","930059758e167c3a394e8a76390434aaed61d226753750e515a5c10cb43bf900","2026-08-17T14:33:49.3454759Z","source"
"work/web_qa/chrome_probe_profile/Safe Browsing/UrlMalware.store.4_13431449014305692","108368","b3943f3c4ebf5271eb15592c54842f30b9785e45a2b40ee0d7c704aee762a370","2026-08-17T14:03:34.3052268Z","source"
"work/web_qa/chrome_probe_profile/Safe Browsing/UrlMalware.store.4_13431450829345431","108428","26b79cfc8a11cf9987e4039802ec32ecb35e344eb26519942f135f80d94d5769","2026-08-17T14:33:49.3454759Z","source"
"work/web_qa/chrome_probe_profile/Safe Browsing/UrlSoceng.store","107","02f1b702d8bd488f199ddeb25a485f8bc258260c7f432e286738c2bdb067aacf","2026-08-17T14:33:49.3424741Z","source"
"work/web_qa/chrome_probe_profile/Safe Browsing/UrlSoceng.store.4_13431449014270634","18185996","863fae87f3e3e16f8eeba8935ed0736c090b6a024f139b80120b85eeeeac87bc","2026-08-17T14:03:34.3012277Z","source"
"work/web_qa/chrome_probe_profile/Safe Browsing/UrlSoceng.store.4_13431450829324096","18186060","3187dad11525227e33b781f339baeb619f4f6028c37804a00be643aff982c476","2026-08-17T14:33:49.3424741Z","source"
"work/web_qa/chrome_probe_profile/Safe Browsing/UrlSubresourceFilter.store","106","2f92af7e5601c2cb7923f592912b7d66d57ac5794e534f0ce664af3e6adba793","2026-08-17T14:33:49.3504749Z","source"
"work/web_qa/chrome_probe_profile/Safe Browsing/UrlSubresourceFilter.store.4_13431447228211863","252980","dff59c3bc60c49db9382ef175a9bd516a9ea345bc8f1ac19ea5be4ba2106ef86","2026-08-17T13:33:48.2115485Z","source"
"work/web_qa/chrome_probe_profile/Safe Browsing/UrlSubresourceFilter.store.4_13431450829350115","252984","8b4d819f39c8dcc802b050be1bc2f581048173a7838c9a73d4ca42254f55b8f2","2026-08-17T14:33:49.3504749Z","source"
"work/web_qa/chrome_probe_profile/Safe Browsing/UrlSuspiciousSite.store","106","ea22f9ea50ad857c96975c353ae9c15be1d111b4f33f6fa6016aca879760343a","2026-08-17T12:33:11.1053545Z","source"
"work/web_qa/chrome_probe_profile/Safe Browsing/UrlSuspiciousSite.store.4_13431441762047877","31308","f85424a29f283694637ddb9e62b259ddb626b672f0cf648b52b85dd79267219a","2026-08-17T12:02:42.0486601Z","source"
"work/web_qa/chrome_probe_profile/Safe Browsing/UrlSuspiciousSite.store.4_13431443591103823","31304","e41fb36eca92da6418cf5d1cf281f780d20330c6ceea78b3e6a4c83e9b469a26","2026-08-17T12:33:11.1043495Z","source"
"work/web_qa/chrome_probe_profile/Safe Browsing/UrlUws.store","106","15ffb0d4035d12886b9eaf17bea9fd6d5d83ae599b4701371a6288738bc093db","2026-08-17T14:33:49.3464763Z","source"
"work/web_qa/chrome_probe_profile/Safe Browsing/UrlUws.store.4_13431449014307589","118200","70a67e80caee1bebdc8a63db50c397e6f19100b7369ff4fb6b57d6374554d7c6","2026-08-17T14:03:34.3072265Z","source"
"work/web_qa/chrome_probe_profile/Safe Browsing/UrlUws.store.4_13431450829346689","118232","45a9dbe922b219d20a56383cb7eac681bf0bbe085d140adf43b27afe85e15d25","2026-08-17T14:33:49.3464763Z","source"
"work/web_qa/chrome_probe_profile/SafetyTips/3091/_metadata/verified_contents.json","1758","6cc8b90820b5474238253b5c044555a7b646b1c76acd9068032e672b27dc7c76","2026-01-07T11:49:18.0000000Z","source"
"work/web_qa/chrome_probe_profile/SafetyTips/3091/manifest.json","72","8541ddcefc17c421e19c9768a70c4772315795eac3268fd8820b0fb4f409720a","2026-01-07T11:49:18.0000000Z","source"
"work/web_qa/chrome_probe_profile/SafetyTips/3091/safety_tips.pb","184462","3e2a292d081a583e0e612d9d7882898da20a966ee76c0a9162b271f8eb043360","2026-01-07T11:49:18.0000000Z","source"
"work/web_qa/chrome_probe_profile/segmentation_platform/ukm_db","49152","5d2f65915d19afebdf429e443457232e35c6b303d3beb6e6dfa6e3424fa7456f","2026-08-17T09:31:09.7384062Z","source"
"work/web_qa/chrome_probe_profile/segmentation_platform/ukm_db-wal","0","e3b0c44298fc1c149afbf4c8996fb92427ae41e4649b934ca495991b7852b855","2026-08-17T09:31:09.7394064Z","source"
"work/web_qa/chrome_probe_profile/ShaderCache/data_0","8192","d6a5fe39cd672781b256e0e3102f7022635f1d4bb7cfcc90a80fffe4d0f3877e","2026-08-17T09:29:09.7284878Z","source"
"work/web_qa/chrome_probe_profile/ShaderCache/data_1","270336","d98c9a50f17fbf578455d4756cb00877915624314147f9fcab56c180a165b260","2026-08-17T14:34:14.5435177Z","source"
"work/web_qa/chrome_probe_profile/ShaderCache/data_2","8192","ec1702806f4cc7c42a82fc2b38e89835fde7c64bb32060e0823c9077ca92efb7","2026-08-17T09:29:09.7294902Z","source"
"work/web_qa/chrome_probe_profile/ShaderCache/data_3","8192","e09f42c398d688dce168570291f1f92d079987deda3099a34adb9e8c0522b30c","2026-08-17T09:29:09.7294902Z","source"
"work/web_qa/chrome_probe_profile/ShaderCache/index","262512","ae00a8a31583f418a0805beedb32a70c69e5d02ed0ab98e99ffe559cc626af4e","2026-08-17T09:29:09.7274873Z","source"
"work/web_qa/chrome_probe_profile/SSLErrorAssistant/7/_metadata/verified_contents.json","1765","a0bc246e8e160a9bb32fa60f4e7a04d148a17125f426509466031e07731fdf81","1980-01-01T00:00:00.0000000Z","source"
"work/web_qa/chrome_probe_profile/SSLErrorAssistant/7/manifest.json","76","20b91160e2611d3159ad82857323febc906457756678ab73f305c3a1e399d18d","1980-01-01T00:00:00.0000000Z","source"
"work/web_qa/chrome_probe_profile/SSLErrorAssistant/7/ssl_error_assistant.pb","2816","ac354a4723aaa4f06bec385ddde4a4d0983ad51456f52b31a8068ec97d5b5ea7","2018-12-18T10:09:10.0000000Z","source"
"work/web_qa/chrome_probe_profile/Subresource Filter/Indexed Rules/38/9.70.0/Ruleset Data","249856","40d2404bb92c11e5c062dd0f82cef796b61bef75b6829a54f65e150840e4269d","2026-08-17T09:30:14.3073947Z","source"
"work/web_qa/chrome_probe_profile/Subresource Filter/Unindexed Rules/9.70.0/_metadata/verified_contents.json","1529","119e109098fda2964c8c23805ba3c34e7a847e72a9df4fd0628081e8be857ec5","2026-07-13T13:36:22.0000000Z","source"
"work/web_qa/chrome_probe_profile/Subresource Filter/Unindexed Rules/9.70.0/Filtering Rules","156247","6b7e98d71a5d85202f359344828ac98b03c41e5887a13189a053350ef3263a0f","2026-07-13T13:36:22.0000000Z","source"
"work/web_qa/chrome_probe_profile/Subresource Filter/Unindexed Rules/9.70.0/LICENSE.txt","24623","1d4ff95ce9c6e21fe4a4ff3b41e7a0df88638dd449d909a7b46974d3dfab7311","2026-07-13T13:34:44.0000000Z","source"
"work/web_qa/chrome_probe_profile/Subresource Filter/Unindexed Rules/9.70.0/manifest.json","114","1991f6274702b221d5adb88607fce1ba5513fee6f9ae007b20d97e79a4cd409b","2026-07-13T13:36:22.0000000Z","source"
"work/web_qa/chrome_probe_profile/TrustTokenKeyCommitments/2026.8.3.1/_metadata/verified_contents.json","1862","721a6439a0b19869aaace755c9e795f83aed516e4b42d8a13f4fd978d0586d18","2026-08-03T06:56:22.0000000Z","source"
"work/web_qa/chrome_probe_profile/TrustTokenKeyCommitments/2026.8.3.1/keys.json","8756","3d6c659801f1686ff3ac64bc3b24b1d0ae76ffdd5f0e9c399ba37d1354a15ab4","2026-08-03T06:56:22.0000000Z","source"
"work/web_qa/chrome_probe_profile/TrustTokenKeyCommitments/2026.8.3.1/LICENSE","1558","3dbd2c90050b652d63656481c3e5871c52261575292db77d4ea63419f187a55b","2026-08-03T06:56:22.0000000Z","source"
"work/web_qa/chrome_probe_profile/TrustTokenKeyCommitments/2026.8.3.1/manifest.json","78","c7e506687caffcf3906916ad3fc190a19212d67a2535479241096bd0d4418b03","2026-08-03T06:56:22.0000000Z","source"
"work/web_qa/chrome_probe_profile/Variations","85","b26da4f8c7e283aa74386da0229d66af14a37986b8ca828e054fc932f68dd557","2026-08-17T14:35:04.5174441Z","source"
"work/web_qa/chrome_probe_profile/WasmTtsEngine/20260806.1/_metadata/verified_contents.json","2610","10df4dbfa2c884ee517b5e23af22db4410facf49cdb709b7109af791951da469","2026-08-06T11:08:50.0000000Z","source"
"work/web_qa/chrome_probe_profile/WasmTtsEngine/20260806.1/background_compiled.js","18781","b43189588f47ec4db8fd31097c0a2d3c6cf032c81d3bde7de64c13559a9b1d27","2026-08-06T11:08:26.0000000Z","source"
"work/web_qa/chrome_probe_profile/WasmTtsEngine/20260806.1/bindings_main.js","243255","f22f0db0a3bd4623324fba457bc11bee6a96f0267c30f5d0601d011932dd5c66","2026-08-06T11:08:30.0000000Z","source"
"work/web_qa/chrome_probe_profile/WasmTtsEngine/20260806.1/bindings_main.wasm","22937785","a7e90a5364aa3734758855a26a1417fec0a4f46fdb10dd4dfa659c1b9e0c0569","2026-08-06T11:08:34.0000000Z","source"
"work/web_qa/chrome_probe_profile/WasmTtsEngine/20260806.1/manifest.json","83","149465fb7753b6b13cac38b74d130202edadb281cf8e695607fef47c13ed2e08","2026-08-06T11:08:50.0000000Z","source"
"work/web_qa/chrome_probe_profile/WasmTtsEngine/20260806.1/offscreen_compiled.js","65551","f87091d1732a2350da96bec1733b12602d72aee3117a4df6cbdc051fd17c1523","2026-08-06T11:08:40.0000000Z","source"
"work/web_qa/chrome_probe_profile/WasmTtsEngine/20260806.1/offscreen.html","115","90c94c10674d45fcf96eae555b55ab4c0250519850794d990d0e5a316596a1ec","2026-08-06T11:08:36.0000000Z","source"
"work/web_qa/chrome_probe_profile/WasmTtsEngine/20260806.1/streaming_worklet_processor.js","2352","aa543f45b3440d4fd1ec8bb5eaf5d165574e353848a7d3b32909d1e9e29ef61c","2026-08-06T11:08:44.0000000Z","source"
"work/web_qa/chrome_probe_profile/WasmTtsEngine/20260806.1/voices.json","49184","2fe773e4d1680866c59525216aaf2badb64c2eca29d679feef68574fac9b6c76","2026-08-06T11:08:46.0000000Z","source"
"work/web_qa/chrome_probe_profile/WasmTtsEngine/20260806.1/wasm_tts_manifest_v3.json","1151","32d7cfed6df3f0dd9d561c43f3cca697bc3399f3024a43a603d6e97801eb87e0","2026-08-06T11:08:50.0000000Z","source"
"work/web_qa/chrome_probe_profile/ZxcvbnData/3/_metadata/verified_contents.json","2437","5d6bcb37f239a11bcdeebf2960594eb2c26af18244572c07412f7af4a975c168","2023-02-21T23:20:38.0000000Z","source"
"work/web_qa/chrome_probe_profile/ZxcvbnData/3/english_wikipedia.txt","277015","b29af10c62218f948eb299e0c68b176ab1c5ecdfe9813bd957bf2c434e90813e","2020-06-02T08:10:56.0000000Z","source"
"work/web_qa/chrome_probe_profile/ZxcvbnData/3/female_names.txt","26708","08346ad80d8d829fda1064485420da1e0771ba1e0dcd954252d43b61c5116aaf","2020-06-02T08:10:56.0000000Z","source"
"work/web_qa/chrome_probe_profile/ZxcvbnData/3/male_names.txt","6672","34519e42ef61ea5eae6b9f74a735926c86ed8d1c19d21726da1af6039a66c688","2020-06-02T08:10:58.0000000Z","source"
"work/web_qa/chrome_probe_profile/ZxcvbnData/3/manifest.json","69","aeb364b60303212808fac02eb490ee5b054ae843ce084376e5981ef8767e5198","2023-02-21T23:20:38.0000000Z","source"
"work/web_qa/chrome_probe_profile/ZxcvbnData/3/passwords.txt","241951","f65b16793f0d335c87bf5bb4b19bcfc457462396169080b8c11a7c6f1d8b3731","2020-06-02T08:10:58.0000000Z","source"
"work/web_qa/chrome_probe_profile/ZxcvbnData/3/ranked_dicts","886570","5820d0bf9cfc363ff929492b1eb6df430039f4ac0e212a5b5411f7c2614f79d0","2023-02-21T23:20:38.0000000Z","source"
"work/web_qa/chrome_probe_profile/ZxcvbnData/3/surnames.txt","76077","3362648c77af4ee84a6383800fb5a5cb0493703d4bfc1557e05f315fc41b2699","2020-06-02T08:11:00.0000000Z","source"
"work/web_qa/chrome_probe_profile/ZxcvbnData/3/us_tv_and_film.txt","164290","f146e15ecba3f37adcd7aa4fb23797555d1ab55489fbb0b989c60073f638aaa0","2020-06-02T08:11:02.0000000Z","source"
"work/web_qa/chrome_probe_stderr.log","1279","99a134f0531f43b196beae7afb9ddcdb28bb35ea4e9e907df6455be6538cbfae","2026-08-17T10:08:28.5646757Z","source"
"work/web_qa/chrome_probe_stdout.log","0","e3b0c44298fc1c149afbf4c8996fb92427ae41e4649b934ca495991b7852b855","2026-08-17T09:29:09.6174888Z","source"
"work/web_qa/chrome_profile/Crashpad/metadata","0","e3b0c44298fc1c149afbf4c8996fb92427ae41e4649b934ca495991b7852b855","2026-08-17T09:25:15.3330151Z","source"
"work/web_qa/chrome_profile/Crashpad/settings.dat","40","3d6c56f22b927f5e3226132e4e726ee803d94781faa8584bbc8cd931c9791269","2026-08-17T09:25:16.3747621Z","source"
"work/web_qa/chrome_profile/CrashpadMetrics-active.pma","1048576","5ff0845170a70505db2fa2c6e71716e6c4e7fb3984333388ec04ee7aaf134568","2026-08-17T09:25:15.3360120Z","source"
"work/web_qa/chrome_profile/Default/Account Web Data","77824","b671fc77f2eab823e977a4d842eaa80acefcc4a7fc205a76766a96f5196e65a8","2026-08-17T09:25:15.6237246Z","source"
"work/web_qa/chrome_profile/Default/Account Web Data-journal","0","e3b0c44298fc1c149afbf4c8996fb92427ae41e4649b934ca495991b7852b855","2026-08-17T09:25:15.6267251Z","source"
"work/web_qa/chrome_profile/Default/Affiliation Database","53248","687908afd0adf027324f343db40bdaceefe64afec45a24f08286b91f2d1bb181","2026-08-17T09:25:15.6227244Z","source"
"work/web_qa/chrome_profile/Default/Affiliation Database-journal","0","e3b0c44298fc1c149afbf4c8996fb92427ae41e4649b934ca495991b7852b855","2026-08-17T09:25:15.6247260Z","source"
"work/web_qa/chrome_profile/Default/BookmarkMergedSurfaceOrdering","6","4489f9e3e454748b3521eb214e0a5694d562cff3d9ff511cb456953c8f534c00","2026-08-17T09:25:16.4680276Z","source"
"work/web_qa/chrome_profile/Default/Cache/Cache_Data/data_0","45056","254e22c8ff0b2bf1c90f0af5cfb13ad42ce1502f218519316dd1940852b775cd","2026-08-17T09:25:16.1677622Z","source"
"work/web_qa/chrome_profile/Default/Cache/Cache_Data/data_1","270336","2193c0e82463fd2fe7ac4f2ef84dfdbc73926c840fa3ce77f3b0eec7d80fd783","2026-08-17T09:25:16.4047619Z","source"
"work/web_qa/chrome_profile/Default/Cache/Cache_Data/data_2","1056768","e5a8244f3933cf9e385556fc8aa8c0cac2858ac97bed30b726d2de7568025852","2026-08-17T09:25:16.1677622Z","source"
"work/web_qa/chrome_profile/Default/Cache/Cache_Data/data_3","4202496","9d4e64dfdeabac0484b38ca57db07e471610ba940cfc10d3a4d2c137252c6229","2026-08-17T09:25:15.9687635Z","source"
"work/web_qa/chrome_profile/Default/Cache/Cache_Data/f_000001","21443","3cb4495c0b98dfbe4b663cbf2b6836473572339beb66d902367893162a70be0e","2026-08-17T09:25:15.7883522Z","source"
"work/web_qa/chrome_profile/Default/Cache/Cache_Data/f_000002","279815","68586d6daafc93c6e697b3fb258976874aa7459b8931165ebb1dc3c9614cc42c","2026-08-17T09:25:15.7908015Z","source"
"work/web_qa/chrome_profile/Default/Cache/Cache_Data/f_000003","451968","a075b01d9b015c616511a9e87da77da3d9881621db32f584e4606ddabf1c1100","2026-08-17T09:25:15.9597617Z","source"
"work/web_qa/chrome_profile/Default/Cache/Cache_Data/f_000004","39513091","35116f68540ac41acf7d71ea457added91b5e960a9cca3e2acc72918eaf01277","2026-08-17T09:25:16.1367627Z","source"
"work/web_qa/chrome_profile/Default/Cache/Cache_Data/f_000005","2420544","6d076914525a5cd3741bd52468694928b3d146be0657a8edb340f2f2930454f9","2026-08-17T09:25:16.0097643Z","source"
"work/web_qa/chrome_profile/Default/Cache/Cache_Data/f_000006","45330","fa5899c58f176bbc4684533d06580c6e3ed47d4d6db4bc28441b422705ffb59a","2026-08-17T09:25:15.9687635Z","source"
"work/web_qa/chrome_profile/Default/Cache/Cache_Data/f_000007","11476456","75b5e033a0d6e1bba1e7ce6aad6f723d84128cda7f2048339c8c498f049f49bc","2026-08-17T09:25:16.1677622Z","source"
"work/web_qa/chrome_profile/Default/Cache/Cache_Data/index","524656","14f9592a9be20356a2215feeadc1c5784726379a6f7b6df63069e653922046cb","2026-08-17T09:25:15.6643686Z","source"
"work/web_qa/chrome_profile/Default/Cache/No_Vary_Search/journal.baj","4","9c169428d852e25bd59b27652ed533d2a1f09f96e4c329fa5e06f47e16731543","2026-08-17T09:25:15.7003526Z","source"
"work/web_qa/chrome_profile/Default/Cache/No_Vary_Search/snapshot.baf","20","0c2dd377ed0cc66161e9db8f89f7d8bcb3ad8c06c4a054bdcba214ab05f58c9a","2026-08-17T09:25:15.6933512Z","source"
"work/web_qa/chrome_profile/Default/chrome_cart_db/LOCK","0","e3b0c44298fc1c149afbf4c8996fb92427ae41e4649b934ca495991b7852b855","2026-08-17T09:25:15.5627245Z","source"
"work/web_qa/chrome_profile/Default/chrome_cart_db/LOG","0","e3b0c44298fc1c149afbf4c8996fb92427ae41e4649b934ca495991b7852b855","2026-08-17T09:25:15.5617248Z","source"
"work/web_qa/chrome_profile/Default/ClientCertificates/LOCK","0","e3b0c44298fc1c149afbf4c8996fb92427ae41e4649b934ca495991b7852b855","2026-08-17T09:25:15.5617248Z","source"
"work/web_qa/chrome_profile/Default/ClientCertificates/LOG","0","e3b0c44298fc1c149afbf4c8996fb92427ae41e4649b934ca495991b7852b855","2026-08-17T09:25:15.5617248Z","source"
"work/web_qa/chrome_profile/Default/Code Cache/js/9ae92dc60697485b_0","777","579db8ab202260dd95ea5835890174643e1c9565a2fbed8923416898cc58d41c","2026-08-17T09:25:16.1907618Z","source"
"work/web_qa/chrome_profile/Default/Code Cache/js/ba678a2fbd8c358c_0","298","3817d275eeeb4dae4a6536ef3e573061dbc857d42f4a2b09571973f006a32a89","2026-08-17T09:25:15.7443520Z","source"
"work/web_qa/chrome_profile/Default/Code Cache/js/index","24","fbcfe23a2ecb82b7100c50811691dde0a33aa3da8d176be9882a9db485dc0f2d","2026-08-17T09:25:15.5627245Z","source"
"work/web_qa/chrome_profile/Default/Code Cache/js/index-dir/the-real-index","96","b7e9ec986dc39b9ce98c0cde4e0ace50b6541dcfded07c7fe0820715a2694a4b","2026-08-17T09:25:16.4037626Z","source"
"work/web_qa/chrome_profile/Default/Code Cache/wasm/index","24","fbcfe23a2ecb82b7100c50811691dde0a33aa3da8d176be9882a9db485dc0f2d","2026-08-17T09:25:15.5617248Z","source"
"work/web_qa/chrome_profile/Default/Code Cache/wasm/index-dir/the-real-index","48","03423ff69b967abdce419460247d35aa6787eb6ba7cfacc72d3957bca150f45e","2026-08-17T09:25:15.5647256Z","source"
"work/web_qa/chrome_profile/Default/commerce_subscription_db/LOCK","0","e3b0c44298fc1c149afbf4c8996fb92427ae41e4649b934ca495991b7852b855","2026-08-17T09:25:15.5637249Z","source"
"work/web_qa/chrome_profile/Default/commerce_subscription_db/LOG","0","e3b0c44298fc1c149afbf4c8996fb92427ae41e4649b934ca495991b7852b855","2026-08-17T09:25:15.5637249Z","source"
"work/web_qa/chrome_profile/Default/DawnGraphiteCache/data_0","8192","d6a5fe39cd672781b256e0e3102f7022635f1d4bb7cfcc90a80fffe4d0f3877e","2026-08-17T09:25:15.6207260Z","source"
"work/web_qa/chrome_profile/Default/DawnGraphiteCache/data_1","270336","b1e963d702392fb7224786e7d56d43973e9b9efd1b89c17814d7c558ffc0cdec","2026-08-17T09:25:16.4307621Z","source"
"work/web_qa/chrome_profile/Default/DawnGraphiteCache/data_2","8192","ec1702806f4cc7c42a82fc2b38e89835fde7c64bb32060e0823c9077ca92efb7","2026-08-17T09:25:15.6217247Z","source"
"work/web_qa/chrome_profile/Default/DawnGraphiteCache/data_3","8192","e09f42c398d688dce168570291f1f92d079987deda3099a34adb9e8c0522b30c","2026-08-17T09:25:15.6217247Z","source"
"work/web_qa/chrome_profile/Default/DawnGraphiteCache/index","262512","054d18507bf94500a46a0c2f55de2dfe3e8c141ac716ff199c5f123d7b946b49","2026-08-17T09:25:15.6197258Z","source"
"work/web_qa/chrome_profile/Default/DawnWebGPUCache/data_0","8192","d6a5fe39cd672781b256e0e3102f7022635f1d4bb7cfcc90a80fffe4d0f3877e","2026-08-17T09:25:15.6167246Z","source"
"work/web_qa/chrome_profile/Default/DawnWebGPUCache/data_1","270336","b1e963d702392fb7224786e7d56d43973e9b9efd1b89c17814d7c558ffc0cdec","2026-08-17T09:25:16.4307621Z","source"
"work/web_qa/chrome_profile/Default/DawnWebGPUCache/data_2","8192","ec1702806f4cc7c42a82fc2b38e89835fde7c64bb32060e0823c9077ca92efb7","2026-08-17T09:25:15.6177258Z","source"
"work/web_qa/chrome_profile/Default/DawnWebGPUCache/data_3","8192","e09f42c398d688dce168570291f1f92d079987deda3099a34adb9e8c0522b30c","2026-08-17T09:25:15.6187264Z","source"
"work/web_qa/chrome_profile/Default/DawnWebGPUCache/index","262512","c9203370e821bf21e7f9390776dad753097e621b905d5946d5040426a28a784e","2026-08-17T09:25:15.6147259Z","source"
"work/web_qa/chrome_profile/Default/declarative_performance_observer.db","32768","610da3f204433431c7c0626b7488888cc40e732ebe759f6399a8ac348eb4ca25","2026-08-17T09:25:16.4907970Z","source"
"work/web_qa/chrome_profile/Default/declarative_performance_observer.db-journal","0","e3b0c44298fc1c149afbf4c8996fb92427ae41e4649b934ca495991b7852b855","2026-08-17T09:25:16.4927963Z","source"
"work/web_qa/chrome_profile/Default/discount_infos_db/LOCK","0","e3b0c44298fc1c149afbf4c8996fb92427ae41e4649b934ca495991b7852b855","2026-08-17T09:25:15.5627245Z","source"
"work/web_qa/chrome_profile/Default/discount_infos_db/LOG","0","e3b0c44298fc1c149afbf4c8996fb92427ae41e4649b934ca495991b7852b855","2026-08-17T09:25:15.5627245Z","source"
"work/web_qa/chrome_profile/Default/discounts_db/LOCK","0","e3b0c44298fc1c149afbf4c8996fb92427ae41e4649b934ca495991b7852b855","2026-08-17T09:25:15.5677247Z","source"
"work/web_qa/chrome_profile/Default/discounts_db/LOG","0","e3b0c44298fc1c149afbf4c8996fb92427ae41e4649b934ca495991b7852b855","2026-08-17T09:25:15.5637249Z","source"
"work/web_qa/chrome_profile/Default/engine_allowlist.bf","360","63e82eb5c06b4c0057d99777bb9b9b8967a5629d20bf795a24448d79c24be281","2026-08-17T09:25:15.5767264Z","source"
"work/web_qa/chrome_profile/Default/Extension Rules/000003.log","57","99c59cbe7db56d56a286485635e4467004641c6275e708887dd35728eb05109a","2026-08-17T09:25:15.6127260Z","source"
"work/web_qa/chrome_profile/Default/Extension Rules/CURRENT","16","0f1bad70c7bd1e0a69562853ec529355462fcd0423263a3d39d6d0d70b780443","2026-08-17T09:25:15.5837252Z","source"
"work/web_qa/chrome_profile/Default/Extension Rules/LOCK","0","e3b0c44298fc1c149afbf4c8996fb92427ae41e4649b934ca495991b7852b855","2026-08-17T09:25:15.5687250Z","source"
"work/web_qa/chrome_profile/Default/Extension Rules/LOG","343","bef52c1e7868296dbcd026bd5d2a5e70b06fc6983fe77e26635d63f1e02abba4","2026-08-17T09:25:15.5907252Z","source"
"work/web_qa/chrome_profile/Default/Extension Rules/MANIFEST-000001","41","f9d31b278e215eb0d0e9cd709edfa037e828f36214ab7906f612160fead4b2b4","2026-08-17T09:25:15.5727251Z","source"
"work/web_qa/chrome_profile/Default/Extension Scripts/000003.log","57","99c59cbe7db56d56a286485635e4467004641c6275e708887dd35728eb05109a","2026-08-17T09:25:15.6127260Z","source"
"work/web_qa/chrome_profile/Default/Extension Scripts/CURRENT","16","0f1bad70c7bd1e0a69562853ec529355462fcd0423263a3d39d6d0d70b780443","2026-08-17T09:25:15.5997249Z","source"
"work/web_qa/chrome_profile/Default/Extension Scripts/LOCK","0","e3b0c44298fc1c149afbf4c8996fb92427ae41e4649b934ca495991b7852b855","2026-08-17T09:25:15.5937257Z","source"
"work/web_qa/chrome_profile/Default/Extension Scripts/LOG","347","dda1a8a41a485f060ece3a4bfbba3a54203520756c79136497f4d85a5e74b680","2026-08-17T09:25:15.6097253Z","source"
"work/web_qa/chrome_profile/Default/Extension Scripts/MANIFEST-000001","41","f9d31b278e215eb0d0e9cd709edfa037e828f36214ab7906f612160fead4b2b4","2026-08-17T09:25:15.5937257Z","source"
"work/web_qa/chrome_profile/Default/Extension State/000003.log","171","14f92b911f9fe774720461eec5bb4761ae6bfc9445c67e30bf624a8694b4b1da","2026-08-17T09:25:15.7033527Z","source"
"work/web_qa/chrome_profile/Default/Extension State/CURRENT","16","0f1bad70c7bd1e0a69562853ec529355462fcd0423263a3d39d6d0d70b780443","2026-08-17T09:25:15.6943519Z","source"
"work/web_qa/chrome_profile/Default/Extension State/LOCK","0","e3b0c44298fc1c149afbf4c8996fb92427ae41e4649b934ca495991b7852b855","2026-08-17T09:25:15.6878014Z","source"
"work/web_qa/chrome_profile/Default/Extension State/LOG","343","cbc1342adbc2a106c4d78153f1e47902b8f893620c29b1d1a74590126ea0102d","2026-08-17T09:25:15.7023519Z","source"
"work/web_qa/chrome_profile/Default/Extension State/MANIFEST-000001","41","f9d31b278e215eb0d0e9cd709edfa037e828f36214ab7906f612160fead4b2b4","2026-08-17T09:25:15.6893457Z","source"
"work/web_qa/chrome_profile/Default/Favicons","22528","a3029f797006e7f89459a993095f34a2e25647ba876678122abb12c4baaff20d","2026-08-17T09:25:16.4197620Z","source"
"work/web_qa/chrome_profile/Default/Favicons-journal","0","e3b0c44298fc1c149afbf4c8996fb92427ae41e4649b934ca495991b7852b855","2026-08-17T09:25:16.4217617Z","source"
"work/web_qa/chrome_profile/Default/GPUCache/data_0","8192","d6a5fe39cd672781b256e0e3102f7022635f1d4bb7cfcc90a80fffe4d0f3877e","2026-08-17T09:25:15.6117248Z","source"
"work/web_qa/chrome_profile/Default/GPUCache/data_1","270336","b1e963d702392fb7224786e7d56d43973e9b9efd1b89c17814d7c558ffc0cdec","2026-08-17T09:25:16.4307621Z","source"
"work/web_qa/chrome_profile/Default/GPUCache/data_2","8192","ec1702806f4cc7c42a82fc2b38e89835fde7c64bb32060e0823c9077ca92efb7","2026-08-17T09:25:15.6137251Z","source"
"work/web_qa/chrome_profile/Default/GPUCache/data_3","8192","e09f42c398d688dce168570291f1f92d079987deda3099a34adb9e8c0522b30c","2026-08-17T09:25:15.6137251Z","source"
"work/web_qa/chrome_profile/Default/GPUCache/index","262512","02c6ca01554efabbd0917a8c055a72e90925b38c86f0052b8f631c71d45047e0","2026-08-17T09:25:15.6037257Z","source"
"work/web_qa/chrome_profile/Default/History","163840","ebc5c6772492c79ca0a9612cb653c2ef4fad895c215f81eedc8ddbaada42eae8","2026-08-17T09:25:16.4067625Z","source"
"work/web_qa/chrome_profile/Default/History-journal","0","e3b0c44298fc1c149afbf4c8996fb92427ae41e4649b934ca495991b7852b855","2026-08-17T09:25:16.4097615Z","source"
"work/web_qa/chrome_profile/Default/IndexedDB/http_127.0.0.1_8060.indexeddb.leveldb/000003.log","184","b879618d23b8a13f65d40fce9646dbde18b11154f22744d2e193fec89dc2d349","2026-08-17T09:25:16.1857616Z","source"
"work/web_qa/chrome_profile/Default/IndexedDB/http_127.0.0.1_8060.indexeddb.leveldb/CURRENT","16","0f1bad70c7bd1e0a69562853ec529355462fcd0423263a3d39d6d0d70b780443","2026-08-17T09:25:16.1777625Z","source"
"work/web_qa/chrome_profile/Default/IndexedDB/http_127.0.0.1_8060.indexeddb.leveldb/LOCK","0","e3b0c44298fc1c149afbf4c8996fb92427ae41e4649b934ca495991b7852b855","2026-08-17T09:25:16.1727630Z","source"
"work/web_qa/chrome_profile/Default/IndexedDB/http_127.0.0.1_8060.indexeddb.leveldb/LOG","407","27058dd11dc7450f078e9d9e8c1c3f23338486c3f1a6ba5c2924cf8fa9bd8719","2026-08-17T09:25:16.1817618Z","source"
"work/web_qa/chrome_profile/Default/IndexedDB/http_127.0.0.1_8060.indexeddb.leveldb/MANIFEST-000001","23","720a78803b84cbcc8eb204d5cf8ea6ee2f693be0ab2124ddf2b81455de02a3ed","2026-08-17T09:25:16.1737615Z","source"
"work/web_qa/chrome_profile/Default/Local Storage/leveldb/000003.log","30","8bd2ea70a0b70c91de138a5b87c7936c6a6fa7c4275c54b97f4ef0ccc5b79bb4","2026-08-17T09:25:15.6317244Z","source"
"work/web_qa/chrome_profile/Default/Local Storage/leveldb/CURRENT","16","0f1bad70c7bd1e0a69562853ec529355462fcd0423263a3d39d6d0d70b780443","2026-08-17T09:25:15.6177258Z","source"
"work/web_qa/chrome_profile/Default/Local Storage/leveldb/LOCK","0","e3b0c44298fc1c149afbf4c8996fb92427ae41e4649b934ca495991b7852b855","2026-08-17T09:25:15.5967251Z","source"
"work/web_qa/chrome_profile/Default/Local Storage/leveldb/LOG","355","3445c8601d311a2db0a6e6cae907e6dd67996ed4a28ebd566d71cc7238cbf763","2026-08-17T09:25:15.6277255Z","source"
"work/web_qa/chrome_profile/Default/Local Storage/leveldb/MANIFEST-000001","41","f9d31b278e215eb0d0e9cd709edfa037e828f36214ab7906f612160fead4b2b4","2026-08-17T09:25:15.6057251Z","source"
"work/web_qa/chrome_profile/Default/LOCK","0","e3b0c44298fc1c149afbf4c8996fb92427ae41e4649b934ca495991b7852b855","2026-08-17T09:25:15.5687250Z","source"
"work/web_qa/chrome_profile/Default/LOG","0","e3b0c44298fc1c149afbf4c8996fb92427ae41e4649b934ca495991b7852b855","2026-08-17T09:25:15.5677247Z","source"
"work/web_qa/chrome_profile/Default/Login Data","40960","05e8c5e696093d57d273f916a2c9f2ef9b055eea6cb41f3ae258255409a89012","2026-08-17T09:25:15.5777254Z","source"
"work/web_qa/chrome_profile/Default/Login Data For Account","40960","05e8c5e696093d57d273f916a2c9f2ef9b055eea6cb41f3ae258255409a89012","2026-08-17T09:25:15.5787258Z","source"
"work/web_qa/chrome_profile/Default/Login Data For Account-journal","0","e3b0c44298fc1c149afbf4c8996fb92427ae41e4649b934ca495991b7852b855","2026-08-17T09:25:15.5837252Z","source"
"work/web_qa/chrome_profile/Default/Login Data-journal","0","e3b0c44298fc1c149afbf4c8996fb92427ae41e4649b934ca495991b7852b855","2026-08-17T09:25:15.5797259Z","source"
"work/web_qa/chrome_profile/Default/Network/Cookies","20480","40cfaef080aad157b7f8e0fade5b8a83ca8eb2a84fcea586458803c1e4d32e5b","2026-08-17T09:25:15.7063516Z","source"
"work/web_qa/chrome_profile/Default/Network/Cookies-journal","0","e3b0c44298fc1c149afbf4c8996fb92427ae41e4649b934ca495991b7852b855","2026-08-17T09:25:15.7103512Z","source"
"work/web_qa/chrome_profile/Default/Network/Device Bound Sessions","20480","ed90c803dbac3e3d245fe75145506230f1b47dfc7f16274c79dd1565ade4e014","2026-08-17T09:25:15.6893457Z","source"
"work/web_qa/chrome_profile/Default/Network/Device Bound Sessions-journal","0","e3b0c44298fc1c149afbf4c8996fb92427ae41e4649b934ca495991b7852b855","2026-08-17T09:25:15.6923531Z","source"
"work/web_qa/chrome_profile/Default/Network/Network Persistent State","1723","c48c16fc1042f37088dc22f29092258327d79be855e743ff25e5fd64f8f9223e","2026-08-17T09:25:16.4077639Z","source"
"work/web_qa/chrome_profile/Default/Network/NetworkDataMigrated","0","e3b0c44298fc1c149afbf4c8996fb92427ae41e4649b934ca495991b7852b855","2026-08-17T09:25:15.5747251Z","source"
"work/web_qa/chrome_profile/Default/Network/Reporting and NEL","36864","a526eff5718dd5586ebc80e69abbdb4722a2dc888b557bfa6e80e7ddc13f6187","2026-08-17T09:25:16.4127631Z","source"
"work/web_qa/chrome_profile/Default/Network/Reporting and NEL-journal","0","e3b0c44298fc1c149afbf4c8996fb92427ae41e4649b934ca495991b7852b855","2026-08-17T09:25:16.4157627Z","source"
"work/web_qa/chrome_profile/Default/Network/TransportSecurity","188","f8d2321aaa236fe9c86c4184a873c3e2223169fe3ec73a535ec9da97a2573ee7","2026-08-17T09:25:16.4057622Z","source"
"work/web_qa/chrome_profile/Default/Network/Trust Tokens","36864","8b5a62a399e316009e0c0ee1727ede327893d7f82f38a136e795422b3f9c333c","2026-08-17T09:25:15.6783687Z","source"
"work/web_qa/chrome_profile/Default/Network/Trust Tokens-journal","0","e3b0c44298fc1c149afbf4c8996fb92427ae41e4649b934ca495991b7852b855","2026-08-17T09:25:15.6812896Z","source"
"work/web_qa/chrome_profile/Default/parcel_tracking_db/LOCK","0","e3b0c44298fc1c149afbf4c8996fb92427ae41e4649b934ca495991b7852b855","2026-08-17T09:25:15.5627245Z","source"
"work/web_qa/chrome_profile/Default/parcel_tracking_db/LOG","0","e3b0c44298fc1c149afbf4c8996fb92427ae41e4649b934ca495991b7852b855","2026-08-17T09:25:15.5617248Z","source"
"work/web_qa/chrome_profile/Default/PersistentOriginTrials/LOCK","0","e3b0c44298fc1c149afbf4c8996fb92427ae41e4649b934ca495991b7852b855","2026-08-17T09:25:15.5677247Z","source"
"work/web_qa/chrome_profile/Default/PersistentOriginTrials/LOG","0","e3b0c44298fc1c149afbf4c8996fb92427ae41e4649b934ca495991b7852b855","2026-08-17T09:25:15.5667244Z","source"
"work/web_qa/chrome_profile/Default/Preferences","10332","c907753753627ed84edc1dc76c7546db53df61ec42cc98a3c571dd274cdb2202","2026-08-17T09:25:16.4127631Z","source"
"work/web_qa/chrome_profile/Default/README","180","c43668eec4a8d88a5b3a06a84f8846853fe33e54293c2db56899a5a5dfb4d944","2026-08-17T09:25:15.5357247Z","source"
"work/web_qa/chrome_profile/Default/Safe Browsing Network/NetworkDataMigrated","0","e3b0c44298fc1c149afbf4c8996fb92427ae41e4649b934ca495991b7852b855","2026-08-17T09:25:15.6450047Z","source"
"work/web_qa/chrome_profile/Default/Secure Preferences","14628","a948aafaf4c91174f9cd5d88f5166a27a2c6fd2df5d2041f5b2755e511e806dd","2026-08-17T09:25:16.4077639Z","source"
"work/web_qa/chrome_profile/Default/Segmentation Platform/SegmentInfoDB/LOCK","0","e3b0c44298fc1c149afbf4c8996fb92427ae41e4649b934ca495991b7852b855","2026-08-17T09:25:15.5647256Z","source"
"work/web_qa/chrome_profile/Default/Segmentation Platform/SegmentInfoDB/LOG","0","e3b0c44298fc1c149afbf4c8996fb92427ae41e4649b934ca495991b7852b855","2026-08-17T09:25:15.5647256Z","source"
"work/web_qa/chrome_profile/Default/Segmentation Platform/SignalDB/LOCK","0","e3b0c44298fc1c149afbf4c8996fb92427ae41e4649b934ca495991b7852b855","2026-08-17T09:25:15.5687250Z","source"
"work/web_qa/chrome_profile/Default/Segmentation Platform/SignalDB/LOG","0","e3b0c44298fc1c149afbf4c8996fb92427ae41e4649b934ca495991b7852b855","2026-08-17T09:25:15.5677247Z","source"
"work/web_qa/chrome_profile/Default/Segmentation Platform/SignalStorageConfigDB/LOCK","0","e3b0c44298fc1c149afbf4c8996fb92427ae41e4649b934ca495991b7852b855","2026-08-17T09:25:15.5747251Z","source"
"work/web_qa/chrome_profile/Default/Segmentation Platform/SignalStorageConfigDB/LOG","0","e3b0c44298fc1c149afbf4c8996fb92427ae41e4649b934ca495991b7852b855","2026-08-17T09:25:15.5747251Z","source"
"work/web_qa/chrome_profile/Default/ServerCertificate","20480","4d2411474fd0bd7237bae798a21959c422dccc3275d742b8de4440cc244b22ce","2026-08-17T09:25:15.5627245Z","source"
"work/web_qa/chrome_profile/Default/ServerCertificate-journal","0","e3b0c44298fc1c149afbf4c8996fb92427ae41e4649b934ca495991b7852b855","2026-08-17T09:25:15.5657261Z","source"
"work/web_qa/chrome_profile/Default/Service Worker/Database/000003.log","1263","f4a5cf7cd772bb5a81529cfc6274e544f3249887b8553f5b478df4dd58e4b503","2026-08-17T09:25:15.7733524Z","source"
"work/web_qa/chrome_profile/Default/Service Worker/Database/CURRENT","16","0f1bad70c7bd1e0a69562853ec529355462fcd0423263a3d39d6d0d70b780443","2026-08-17T09:25:15.7103512Z","source"
"work/web_qa/chrome_profile/Default/Service Worker/Database/LOCK","0","e3b0c44298fc1c149afbf4c8996fb92427ae41e4649b934ca495991b7852b855","2026-08-17T09:25:15.7003526Z","source"
"work/web_qa/chrome_profile/Default/Service Worker/Database/LOG","359","0f1e9d631edad1be1fd796512b586f27d6b1cadee1a6cba095c6ba67320f3ada","2026-08-17T09:25:15.7173516Z","source"
"work/web_qa/chrome_profile/Default/Service Worker/Database/MANIFEST-000001","41","f9d31b278e215eb0d0e9cd709edfa037e828f36214ab7906f612160fead4b2b4","2026-08-17T09:25:15.7013525Z","source"
"work/web_qa/chrome_profile/Default/Service Worker/ScriptCache/2cc80dabc69f58b6_0","472","7433e2de592bac3d53e34206cd580d140d107eae0defa146b238d209d3b34c87","2026-08-17T09:25:15.7423516Z","source"
"work/web_qa/chrome_profile/Default/Service Worker/ScriptCache/4cb013792b196a35_0","10387","9bfcd210dc08c82ce5d351f0b2e015d246be763173e1310cc3fe651d99c308aa","2026-08-17T09:25:15.7643515Z","source"
"work/web_qa/chrome_profile/Default/Service Worker/ScriptCache/4cb013792b196a35_1","7201","f624e5c8f3660ef8ce781cebb9cc3eba4f31d063381190b3c112c0f8bece0a90","2026-08-17T09:25:15.7743518Z","source"
"work/web_qa/chrome_profile/Default/Service Worker/ScriptCache/index","24","fbcfe23a2ecb82b7100c50811691dde0a33aa3da8d176be9882a9db485dc0f2d","2026-08-17T09:25:15.7003526Z","source"
"work/web_qa/chrome_profile/Default/Service Worker/ScriptCache/index-dir/the-real-index","96","802ee6703de7fc8b9e8571282c4ed0dc42653991aa25d904b30913fbaf54470f","2026-08-17T09:25:16.3987627Z","source"
"work/web_qa/chrome_profile/Default/Session Storage/000003.log","144","ac7f20464b308d5eb78fe9b4c6b6759e023688fd322e7f7f63352efd112e043f","2026-08-17T09:25:16.4017623Z","source"
"work/web_qa/chrome_profile/Default/Session Storage/CURRENT","16","0f1bad70c7bd1e0a69562853ec529355462fcd0423263a3d39d6d0d70b780443","2026-08-17T09:25:15.6539381Z","source"
"work/web_qa/chrome_profile/Default/Session Storage/LOCK","0","e3b0c44298fc1c149afbf4c8996fb92427ae41e4649b934ca495991b7852b855","2026-08-17T09:25:15.6381610Z","source"
"work/web_qa/chrome_profile/Default/Session Storage/LOG","343","37d3705b822e9ecb6e510950496d0515db218f4ad3dc6eee84d0e38020fa5979","2026-08-17T09:25:15.6693692Z","source"
"work/web_qa/chrome_profile/Default/Session Storage/MANIFEST-000001","41","f9d31b278e215eb0d0e9cd709edfa037e828f36214ab7906f612160fead4b2b4","2026-08-17T09:25:15.6450047Z","source"
"work/web_qa/chrome_profile/Default/Sessions/Session_13431432316396753","1939","1bde67d786daac16e11d30069259aa2067010d738bd6e25a9438d5122aa2644b","2026-08-17T09:25:16.3967628Z","source"
"work/web_qa/chrome_profile/Default/Sessions/Tabs_13431432316400721","1588","1244779507e48905455bf9537b8b4c5f50c3cb353d9479e49e8578b5f1fb545d","2026-08-17T09:25:16.4007614Z","source"
"work/web_qa/chrome_profile/Default/Shared Dictionary/cache/index","24","fbcfe23a2ecb82b7100c50811691dde0a33aa3da8d176be9882a9db485dc0f2d","2026-08-17T09:25:15.6519379Z","source"
"work/web_qa/chrome_profile/Default/Shared Dictionary/cache/index-dir/the-real-index","48","c4805ed169b310f7c8d5a443830913a73ebfa8fe42a49aa97b5133c0954ccad7","2026-08-17T09:25:15.6539381Z","source"
"work/web_qa/chrome_profile/Default/Shared Dictionary/db","45056","fbb86c665b2fed35c372ce8996eb1c4e31082aedd6ad5fc6086cfac889c3471b","2026-08-17T09:25:15.6828409Z","source"
"work/web_qa/chrome_profile/Default/Shared Dictionary/db-journal","0","e3b0c44298fc1c149afbf4c8996fb92427ae41e4649b934ca495991b7852b855","2026-08-17T09:25:15.6862535Z","source"
"work/web_qa/chrome_profile/Default/shared_proto_db/000003.log","6737","c8832c2f423c631173c2410b5340cc6fe8e9a9729bf4e9117fb38f94be5085e7","2026-08-17T09:25:15.6913517Z","source"
"work/web_qa/chrome_profile/Default/shared_proto_db/CURRENT","16","0f1bad70c7bd1e0a69562853ec529355462fcd0423263a3d39d6d0d70b780443","2026-08-17T09:25:15.6793699Z","source"
"work/web_qa/chrome_profile/Default/shared_proto_db/LOCK","0","e3b0c44298fc1c149afbf4c8996fb92427ae41e4649b934ca495991b7852b855","2026-08-17T09:25:15.6703689Z","source"
"work/web_qa/chrome_profile/Default/shared_proto_db/LOG","343","50eef40fe0a96368634b8bae18e4c4586388e0c95906ee8b5f73b91417a9d351","2026-08-17T09:25:15.6878014Z","source"
"work/web_qa/chrome_profile/Default/shared_proto_db/MANIFEST-000001","41","f9d31b278e215eb0d0e9cd709edfa037e828f36214ab7906f612160fead4b2b4","2026-08-17T09:25:15.6713692Z","source"
"work/web_qa/chrome_profile/Default/shared_proto_db/metadata/000003.log","706","ab60e741343663b7bfae25c18bfd521060c9564bff57792d5b27d4acff2ee478","2026-08-17T09:25:15.6913517Z","source"
"work/web_qa/chrome_profile/Default/shared_proto_db/metadata/CURRENT","16","0f1bad70c7bd1e0a69562853ec529355462fcd0423263a3d39d6d0d70b780443","2026-08-17T09:25:15.6529383Z","source"
"work/web_qa/chrome_profile/Default/shared_proto_db/metadata/LOCK","0","e3b0c44298fc1c149afbf4c8996fb92427ae41e4649b934ca495991b7852b855","2026-08-17T09:25:15.6450047Z","source"
"work/web_qa/chrome_profile/Default/shared_proto_db/metadata/LOG","361","63e2334465e5f8553c82fe0bfeebaafb3a4b5d5dc7b778f352dcd06ed3884ba9","2026-08-17T09:25:15.6693692Z","source"
"work/web_qa/chrome_profile/Default/shared_proto_db/metadata/MANIFEST-000001","41","f9d31b278e215eb0d0e9cd709edfa037e828f36214ab7906f612160fead4b2b4","2026-08-17T09:25:15.6482576Z","source"
"work/web_qa/chrome_profile/Default/Site Characteristics Database/000003.log","40","f096bc366a931fba656bdcd77b24af15a5f29fc53281a727c79f82c608ecfab8","2026-08-17T09:25:15.5927255Z","source"
"work/web_qa/chrome_profile/Default/Site Characteristics Database/CURRENT","16","0f1bad70c7bd1e0a69562853ec529355462fcd0423263a3d39d6d0d70b780443","2026-08-17T09:25:15.5807244Z","source"
"work/web_qa/chrome_profile/Default/Site Characteristics Database/LOCK","0","e3b0c44298fc1c149afbf4c8996fb92427ae41e4649b934ca495991b7852b855","2026-08-17T09:25:15.5617248Z","source"
"work/web_qa/chrome_profile/Default/Site Characteristics Database/LOG","371","f28433c6b0e55ccca244b6295db1cf53e260a09064742fc09063e498e6ff30c9","2026-08-17T09:25:15.5907252Z","source"
"work/web_qa/chrome_profile/Default/Site Characteristics Database/MANIFEST-000001","41","f9d31b278e215eb0d0e9cd709edfa037e828f36214ab7906f612160fead4b2b4","2026-08-17T09:25:15.5697246Z","source"
"work/web_qa/chrome_profile/Default/Sync Data/LevelDB/000003.log","118","b201e50dd759e0c41786332abd0c141372955e9489cf632cc09100d1f46b3ac7","2026-08-17T09:25:15.6683680Z","source"
"work/web_qa/chrome_profile/Default/Sync Data/LevelDB/CURRENT","16","0f1bad70c7bd1e0a69562853ec529355462fcd0423263a3d39d6d0d70b780443","2026-08-17T09:25:15.5777254Z","source"
"work/web_qa/chrome_profile/Default/Sync Data/LevelDB/LOCK","0","e3b0c44298fc1c149afbf4c8996fb92427ae41e4649b934ca495991b7852b855","2026-08-17T09:25:15.5537244Z","source"
"work/web_qa/chrome_profile/Default/Sync Data/LevelDB/LOG","347","bf35222a9f8f6771a1fc57d3626017002cca29059541586d4e89f620f219aac9","2026-08-17T09:25:15.5877285Z","source"
"work/web_qa/chrome_profile/Default/Sync Data/LevelDB/MANIFEST-000001","41","f9d31b278e215eb0d0e9cd709edfa037e828f36214ab7906f612160fead4b2b4","2026-08-17T09:25:15.5707247Z","source"
"work/web_qa/chrome_profile/Default/Top Sites","20480","e0699b971204e3bc53bcb44f67dccc323f9f6146490565f687815d8593b3a4f7","2026-08-17T09:25:15.6583692Z","source"
"work/web_qa/chrome_profile/Default/Top Sites-journal","0","e3b0c44298fc1c149afbf4c8996fb92427ae41e4649b934ca495991b7852b855","2026-08-17T09:25:15.6613678Z","source"
"work/web_qa/chrome_profile/Default/trusted_vault.pb","84","b87bf305aafae1f1ec7dd947176c9529b2a9cbd4a3bf296fce25fc009e725366","2026-08-17T09:25:15.9427633Z","source"
"work/web_qa/chrome_profile/Default/Web Data","157696","ac70f5e324fff5b193563e1c41e685c9bf73ac03e85db5ce40087216e8025fbc","2026-08-17T09:25:16.4057622Z","source"
"work/web_qa/chrome_profile/Default/Web Data-journal","0","e3b0c44298fc1c149afbf4c8996fb92427ae41e4649b934ca495991b7852b855","2026-08-17T09:25:16.4077639Z","source"
"work/web_qa/chrome_profile/Default/WebStorage/QuotaManager","40960","9fb7d249f03e89ed40e139ea38151639fd2aec48487822c513573aba1326132a","2026-08-17T09:25:16.4097615Z","source"
"work/web_qa/chrome_profile/Default/WebStorage/QuotaManager-journal","0","e3b0c44298fc1c149afbf4c8996fb92427ae41e4649b934ca495991b7852b855","2026-08-17T09:25:16.4127631Z","source"
"work/web_qa/chrome_profile/en-US-10-1.bdic","451968","a075b01d9b015c616511a9e87da77da3d9881621db32f584e4606ddabf1c1100","2026-08-17T09:25:15.9847622Z","source"
"work/web_qa/chrome_profile/extensions_crx_cache/metadata.json","13","2771d13c637c267132afff9db67537bef95708534b79ae8d954254c4e64e4e0f","2026-08-17T09:25:16.4047619Z","source"
"work/web_qa/chrome_profile/GPUPersistentCache/DawnGraphiteCache/3NKWE443ILY3OIX46HBRH4ISRJW4UKAH/cache.db","0","e3b0c44298fc1c149afbf4c8996fb92427ae41e4649b934ca495991b7852b855","2026-08-17T09:25:15.5347249Z","source"
"work/web_qa/chrome_profile/GPUPersistentCache/DawnGraphiteCache/3NKWE443ILY3OIX46HBRH4ISRJW4UKAH/cache.db-wal","0","e3b0c44298fc1c149afbf4c8996fb92427ae41e4649b934ca495991b7852b855","2026-08-17T09:25:15.5347249Z","source"
"work/web_qa/chrome_profile/GPUPersistentCache/DawnGraphiteCache/3NKWE443ILY3OIX46HBRH4ISRJW4UKAH/cache.journal","0","e3b0c44298fc1c149afbf4c8996fb92427ae41e4649b934ca495991b7852b855","2026-08-17T09:25:15.5347249Z","source"
"work/web_qa/chrome_profile/GrShaderCache/data_0","45056","427844c224732b62ee10b910be6e4ca9e5f142dd90df570f4e0e64a2a865b089","2026-08-17T09:25:16.3967628Z","source"
"work/web_qa/chrome_profile/GrShaderCache/data_1","270336","c3a215dd97a11bfab1d7d2466b1a428e26920bffabd57aa4d6e4eaa59112ddd4","2026-08-17T09:25:16.4297627Z","source"
"work/web_qa/chrome_profile/GrShaderCache/data_2","8192","ec1702806f4cc7c42a82fc2b38e89835fde7c64bb32060e0823c9077ca92efb7","2026-08-17T09:25:15.9367622Z","source"
"work/web_qa/chrome_profile/GrShaderCache/data_3","4202496","72aba10f98838b9511580b814360936560e78f29c85acf90ea15feff3a33e8ac","2026-08-17T09:25:16.3967628Z","source"
"work/web_qa/chrome_profile/GrShaderCache/f_000001","21084","4cdbdae4634e3ed555b5ed88ce26eb7a0c1cf7f185004e90dfda5ab8c765921a","2026-08-17T09:25:15.9977622Z","source"
"work/web_qa/chrome_profile/GrShaderCache/f_000002","16672","89c694e4d1e2cb4b2a0656d220c5feeb618d757745067a68e913292e4e673dd8","2026-08-17T09:25:16.1187631Z","source"
"work/web_qa/chrome_profile/GrShaderCache/f_000003","16792","af44509f269b1065a385112a19f91b71f2e3dc2718c9fc4b7eae802ffeea8743","2026-08-17T09:25:16.3197632Z","source"
"work/web_qa/chrome_profile/GrShaderCache/index","262512","bf657364a5ac87ddf31ee66fef71b5b8e56be998f9cafb11b077d5de77755840","2026-08-17T09:25:15.9357721Z","source"
"work/web_qa/chrome_profile/ko-3-0.bdic","11476456","75b5e033a0d6e1bba1e7ce6aad6f723d84128cda7f2048339c8c498f049f49bc","2026-08-17T09:25:16.1847624Z","source"
"work/web_qa/chrome_profile/Last Version","14","605fbb0409f9ed9ee2b09c5f5df04d97c0e8f0031e595152d1a429710c301d66","2026-08-17T09:25:15.5337186Z","source"
"work/web_qa/chrome_profile/Local State","4048","c33097910ddc2dc686f46b683504ab6d3e124c4ecd2d01a3975d758ab2115110","2026-08-17T09:25:16.4107610Z","source"
"work/web_qa/chrome_profile/segmentation_platform/ukm_db","49152","76599c6668319938ab5ba7478cb29ab325da48510ebb1eab688c4dbf6638a99a","2026-08-17T09:25:16.4067625Z","source"
"work/web_qa/chrome_profile/ShaderCache/data_0","8192","d6a5fe39cd672781b256e0e3102f7022635f1d4bb7cfcc90a80fffe4d0f3877e","2026-08-17T09:25:15.5347249Z","source"
"work/web_qa/chrome_profile/ShaderCache/data_1","270336","b1e963d702392fb7224786e7d56d43973e9b9efd1b89c17814d7c558ffc0cdec","2026-08-17T09:25:16.4307621Z","source"
"work/web_qa/chrome_profile/ShaderCache/data_2","8192","ec1702806f4cc7c42a82fc2b38e89835fde7c64bb32060e0823c9077ca92efb7","2026-08-17T09:25:15.5367252Z","source"
"work/web_qa/chrome_profile/ShaderCache/data_3","8192","e09f42c398d688dce168570291f1f92d079987deda3099a34adb9e8c0522b30c","2026-08-17T09:25:15.5367252Z","source"
"work/web_qa/chrome_profile/ShaderCache/index","262512","5c803559af6709da6ee25e4480fe3ee1bcc13865f94a2bcc6805be92965bbe05","2026-08-17T09:25:15.5347249Z","source"
"work/web_qa/chrome_profile/Variations","85","b26da4f8c7e283aa74386da0229d66af14a37986b8ca828e054fc932f68dd557","2026-08-17T09:25:16.3977708Z","source"
"work/web_qa/http_server_stderr.log","3505","b2ecf1b0124d473a179bd321846443316452ac4fd0b81398c34b0310ff2b4ea0","2026-08-17T13:38:37.0412249Z","source"
"work/web_qa/http_server_stdout.log","0","e3b0c44298fc1c149afbf4c8996fb92427ae41e4649b934ca495991b7852b855","2026-08-17T09:23:29.5413114Z","source"
"work/web_server_final.stderr.log","0","e3b0c44298fc1c149afbf4c8996fb92427ae41e4649b934ca495991b7852b855","2026-08-17T12:01:03.1078018Z","source"
"work/web_server_final.stdout.log","0","e3b0c44298fc1c149afbf4c8996fb92427ae41e4649b934ca495991b7852b855","2026-08-17T12:01:03.1058037Z","source"
"work/web_server_r25.stderr.log","1182","e64ee1cfeaf3f3defc2be1fc4a0e489524a19795a8e19a375899b2fcc3adc2ec","2026-08-17T11:58:43.9326632Z","source"
"work/web_server_r25.stdout.log","0","e3b0c44298fc1c149afbf4c8996fb92427ae41e4649b934ca495991b7852b855","2026-08-17T11:50:51.3932428Z","source"
"WORKLOG.md","4123","1b4fc47ca32e9773b4c9845fd15c1d666bb9adea5b7e2069272c88009fb63831","2026-08-18T04:51:21.6295685Z","source"
