key,text
BATTLE_BOSS_ENRAGE_HUD,Enraged
BATTLE_BOSS_ENRAGE_SUBTITLE,Danger output has exceeded its limit.
BATTLE_BOSS_ENRAGE_TITLE,Boss Enraged
BATTLE_BOSS_PHASE_1_HUD,Phase 1
BATTLE_BOSS_PHASE_2_HUD,Phase 2
BATTLE_BOSS_PHASE_2_SUBTITLE,The Hollow Engine core is rearranging.
BATTLE_BOSS_PHASE_2_TITLE,Phase Two
CH01_CHOICE_FIRE,Add wood to the fire
CH01_CHOICE_RECORDER,Look down at the recorder
CH01_CHOICE_SEAT,Sit beside the empty seat
CH01_CHOICE_UNKNOWN,I don't know either
CH02_CHOICE_ASK_SIO,Ask more about Sio
CH02_CHOICE_CLOCKS,Examine the clocks nearby
CH02_CHOICE_KEEP_SEAT,Keep the seat empty with her
CH02_CHOICE_NO_MEMORY,I remember nothing
CH02_CHOICE_SHOW_RECORDER,Show everyone the recorder
CH02_CHOICE_TOGETHER,Go with everyone
CH03_CHOICE_DONT_KNOW,I don't know why either
CH03_CHOICE_FIRELIGHT,Hold the recorder to the firelight
CH03_CHOICE_STEP_FORWARD,Step in front of the mirrors
CH03_CHOICE_TOA_BEAT,Match Toa's beat
CH04_CHOICE_BESIDE_LIV,Stand beside Liv
CH04_CHOICE_BLANKET,Hand them a dry blanket
CH04_CHOICE_RECORDS_ROOM,Point toward the records room
CH04_CHOICE_SIT_BETWEEN,Sit between them
CH17_CHOICE_APOLOGIZE,Apologize to everyone
CH17_CHOICE_DISCARD,Scrap the draft
CH18_CHOICE_ASK,Ask about the empty seat
CH18_CHOICE_HELP,Help check the seats
CH19_CHOICE_NONE,Choose no one
CH19_CHOICE_PROMISE,Promise
CH19_CHOICE_THANK,Thank her
CH19_CHOICE_WALK,Turn your back on the speaker and step into the Circuit
CH20_CHOICE_HANDS,Bring the five hands together
CH20_CHOICE_SIGN,Sign the new timetable
CH20_CHOICE_THANKS,Say thank you
CH20_CHOICE_TOGETHER,Sign together with everyone
CHAPTER_01,Chapter 1 — Signal on the Dark Line
CHAPTER_02,Chapter 2 — The Returning Terminus
CHAPTER_03,Chapter 3 — Night Train Across Glass
CHAPTER_04,Chapter 4 — The Drowned Signal Yard
CHAPTER_05,Chapter 5 — The Ashen City Blockade
CHAPTER_06,Chapter 6 — Thunder on Skybridge
CHAPTER_07,Chapter 7 — Broadcast Beneath Snow
CHAPTER_08,Chapter 8 — The Crimson Quarry Orbit
CHAPTER_09,Chapter 9 — The Sleeping Directorate
CHAPTER_10,Chapter 10 — Twin-Moon Junction
CHAPTER_11,Chapter 11 — The Black-Tide Breakwater
CHAPTER_12,Chapter 12 — Key of the Nameless Cathedral
CHAPTER_13,Chapter 13 — Ghost Timetable of the Desert
CHAPTER_14,Chapter 14 — The Inverted Capital Ring
CHAPTER_15,Chapter 15 — Garden of the Zero Signal
CHAPTER_16,Chapter 16 — War of the Rail Crown
CHAPTER_17,Chapter 17 — Archive of Afterglow
CHAPTER_18,Chapter 18 — Eve of the Last Line
CHAPTER_19,Chapter 19 — The Unfading Circuit
CHAPTER_20,Chapter 20 — The Last Lantern
CHAR_ADELINE_DESC,A Lamplighter serving as ARTILLERY of the expedition.
CHAR_ADELINE_NAME,Adeline
CHAR_ARINT_DESC,A Lamplighter serving as GUARDIAN of the expedition.
CHAR_ARINT_NAME,Arint
CHAR_BAEL_DESC,A Lamplighter serving as MEDIC of the expedition.
CHAR_BAEL_NAME,Bael
CHAR_CIEL_DESC,A Lamplighter serving as ARTILLERY of the expedition.
CHAR_CIEL_NAME,Ciel
CHAR_DAEL_DESC,A Lamplighter serving as SPECIALIST of the expedition.
CHAR_DAEL_NAME,Dael
CHAR_DRAN_DESC,A Lamplighter serving as VANGUARD of the expedition.
CHAR_DRAN_NAME,Dran
CHAR_EDA_DESC,A Lamplighter serving as ASSAULT of the expedition.
CHAR_EDA_NAME,Eda
CHAR_HART_DESC,A Lamplighter serving as ARTILLERY of the expedition.
CHAR_HART_NAME,Hart
CHAR_HERAON_DESC,A Lamplighter serving as ARTILLERY of the expedition.
CHAR_HERAON_NAME,Heraon
CHAR_INOA_DESC,A Lamplighter serving as SPECIALIST of the expedition.
CHAR_INOA_NAME,Inoa
CHAR_IRI_DESC,A Lamplighter serving as MEDIC of the expedition.
CHAR_IRI_NAME,Iri
CHAR_KAIREN_DESC,A Lamplighter serving as ASSAULT of the expedition.
CHAR_KAIREN_NAME,Kairen
CHAR_KARN_DESC,A Lamplighter serving as VANGUARD of the expedition.
CHAR_KARN_NAME,Karn
CHAR_KIAN_DESC,A Lamplighter serving as ASSAULT of the expedition.
CHAR_KIAN_NAME,Kian
CHAR_KIR_DESC,A Lamplighter serving as SPECIALIST of the expedition.
CHAR_KIR_NAME,Kir
CHAR_LAVENT_DESC,A Lamplighter serving as GUARDIAN of the expedition.
CHAR_LAVENT_NAME,Lavent
CHAR_LIV_DESC,A Lamplighter serving as VANGUARD of the expedition.
CHAR_LIV_NAME,Liv
CHAR_MAERU_DESC,A Lamplighter serving as GUARDIAN of the expedition.
CHAR_MAERU_NAME,Maeru
CHAR_MERIN_DESC,A Lamplighter serving as MEDIC of the expedition.
CHAR_MERIN_NAME,Merin
CHAR_MIRE_DESC,A Lamplighter serving as MEDIC of the expedition.
CHAR_MIRE_NAME,Mire
CHAR_MOEN_DESC,A Lamplighter serving as SPECIALIST of the expedition.
CHAR_MOEN_NAME,Moen
CHAR_NARIN_DESC,A Lamplighter serving as ASSAULT of the expedition.
CHAR_NARIN_NAME,Narin
CHAR_NOAR_DESC,A Lamplighter serving as MEDIC of the expedition.
CHAR_NOAR_NAME,Noar
CHAR_ORBIN_DESC,A Lamplighter serving as GUARDIAN of the expedition.
CHAR_ORBIN_NAME,Orbin
CHAR_ORSA_DESC,A Lamplighter serving as GUARDIAN of the expedition.
CHAR_ORSA_NAME,Orsa
CHAR_PERIN_DESC,A Lamplighter serving as SPECIALIST of the expedition.
CHAR_PERIN_NAME,Perin
CHAR_RAEN_DESC,A Lamplighter serving as VANGUARD of the expedition.
CHAR_RAEN_NAME,Raen
CHAR_REMA_DESC,A Lamplighter serving as GUARDIAN of the expedition.
CHAR_REMA_NAME,Rema
CHAR_RIAS_DESC,A Lamplighter serving as ASSAULT of the expedition.
CHAR_RIAS_NAME,Rias
CHAR_ROAN_DESC,A Lamplighter serving as VANGUARD of the expedition.
CHAR_ROAN_NAME,Roan
CHAR_ROME_DESC,A Lamplighter serving as GUARDIAN of the expedition.
CHAR_ROME_NAME,Rome
CHAR_SEB_DESC,A Lamplighter serving as VANGUARD of the expedition.
CHAR_SEB_NAME,Seb
CHAR_SEON_DESC,A Lamplighter serving as MEDIC of the expedition.
CHAR_SEON_NAME,Seon
CHAR_SOA_DESC,A Lamplighter serving as SPECIALIST of the expedition.
CHAR_SOA_NAME,Soa
CHAR_SOREN_DESC,A Lamplighter serving as ARTILLERY of the expedition.
CHAR_SOREN_NAME,Soren
CHAR_TERAN_DESC,A Lamplighter serving as VANGUARD of the expedition.
CHAR_TERAN_NAME,Teran
CHAR_TIEL_DESC,A Lamplighter serving as MEDIC of the expedition.
CHAR_TIEL_NAME,Tiel
CHAR_TOA_DESC,A Lamplighter serving as SPECIALIST of the expedition.
CHAR_TOA_NAME,Toa
CHAR_VELK_DESC,A Lamplighter serving as ASSAULT of the expedition.
CHAR_VELK_NAME,Velk
CHAR_VEON_DESC,A Lamplighter serving as ASSAULT of the expedition.
CHAR_VEON_NAME,Veon
CHAR_VERA_DESC,A Lamplighter serving as SPECIALIST of the expedition.
CHAR_VERA_NAME,Vera
CHAR_YUNAK_DESC,A Lamplighter serving as ARTILLERY of the expedition.
CHAR_YUNAK_NAME,Yunak
CHAR_YURIEN_DESC,A Lamplighter serving as ARTILLERY of the expedition.
CHAR_YURIEN_NAME,Yurien
CHAR_ZERN_DESC,A Lamplighter serving as ASSAULT of the expedition.
CHAR_ZERN_NAME,Zern
CHOICE_CH05_ASK_NAMES,Go tent to tent asking names
CHOICE_CH05_SIT_ROAN,Sit beside Roan
CHOICE_CH06_NO_MEMORY,I don't remember
CHOICE_CH06_WANT_TRUTH,I want to know
CHOICE_CH07_FETCH,I'd go get whoever's waiting
CHOICE_CH07_HOLD_MAERU,Take Maeru's hand
CHOICE_CH07_STEP_FORWARD,Step in front of Maeru
CHOICE_CH07_WALK_OUT,I'd walk out
CHOICE_CH08_HEAVY,It's heavy
CHOICE_CH08_NOT_YET,I don't know yet
CHOICE_CH09_HAD_REASON,"If I did, I had a reason"
CHOICE_CH09_HERE_NOW,I don't know. But I'm here now
CHOICE_CH09_SHIELD_VEON,Stand in front of Veon
CHOICE_CH09_TAKE_CASE,Take back case 0001
CHOICE_CH10_CHOOSE_NEITHER,Choose neither
CHOICE_CH10_CHOOSING_WORLD,A world where we choose is still better
CHOICE_CH10_COUNT_BOTH,Count both sets of passengers first
CHOICE_CH10_SILENCE,Say nothing
CHOICE_CH11_FIND_TARGET,Find out who that night's target was
CHOICE_CH11_GUARD_LANTERN,Help guard Sio's lantern
CHOICE_CH12_CALL_NAME,Call Maeru's name
CHOICE_CH12_CARRY_TOGETHER,They're heavy. But we carry them together
CHOICE_CH12_EIGHT_MORE,There are still eight to go
CHOICE_CH12_SHOW_RECORD,Hold out the recorder
CHOICE_LIGHT,Check the light first
CHOICE_RECORD,Secure the recorder
ENEMY_ABYSSAL_SEMAPHORE,Echoform Abyssal Semaphore
ENEMY_AFTERGLOW_SCREEN,Echoform Afterglow Screen
ENEMY_ARC_HARRIER,Echoform Arc Harrier
ENEMY_ARC_MOTE,Echoform Arc Mote
ENEMY_ASH_CITADEL,Echoform Ash Citadel
ENEMY_ASH_RUNNER,Echoform Ash Runner
ENEMY_BLACKWATER_LEVIATHAN,Echoform Blackwater Leviathan
ENEMY_BREAKWATER_GUARD,Echoform Breakwater Guard
ENEMY_BRIDGE_ANCHOR,Echoform Bridge Anchor
ENEMY_BRINE_CANNON,Echoform Brine Cannon
ENEMY_BROADCASTER,Echoform Broadcaster
ENEMY_BROKENLINE_TRACKER,Echoform Brokenline Tracker
ENEMY_CHOIR_LOCK,Echoform Choir Lock
ENEMY_CHORUS_BIT,Echoform Chorus Bit
ENEMY_CINDER_JUDICATOR,Echoform Cinder Judicator
ENEMY_CINDER_RIFLE,Echoform Cinder Rifle
ENEMY_CROWN_LANCER,Echoform Crown Lancer
ENEMY_DOCKET_GUARD,Echoform Docket Guard
ENEMY_DOOM_SIGNALER,Echoform Doom Signaler
ENEMY_DREAM_BAILIFF,Echoform Dream Bailiff
ENEMY_DREAM_PATROL,Echoform Dream Patrol
ENEMY_DROWNED_SCOUT,Echoform Drowned Scout
ENEMY_DUNE_STATIONMASTER,Echoform Dune Stationmaster
ENEMY_DUST_LENS,Echoform Dust Lens
ENEMY_ECLIPSE_CONDUCTOR,Echoform Eclipse Conductor
ENEMY_ECLIPSE_WARD,Echoform Eclipse Ward
ENEMY_ETERNAL_TICKET,Echoform Eternal Ticket
ENEMY_FALLEN_BATTERY,Echoform Fallen Battery
ENEMY_FOG_MORTAR,Echoform Fog Mortar
ENEMY_FROST_CANTOR,Echoform Frost Cantor
ENEMY_GLASS_MARSHAL,Echoform Glass Marshal
ENEMY_GLASS_STALKER,Echoform Glass Stalker
ENEMY_GLASS_TRANSMITTER,Echoform Glass Transmitter
ENEMY_GRAVITY_AUDITOR,Echoform Gravity Auditor
ENEMY_HOLLOW_ENGINE,Echoform Hollow Engine
ENEMY_ICE_RELAY,Echoform Ice Relay
ENEMY_INDEX_PREDATOR,Echoform Index Predator
ENEMY_INVERSION_CROWN,Echoform Inversion Crown
ENEMY_IRON_CANTOR,Echoform Iron Cantor
ENEMY_LAST_LINE_WARDEN,Echoform Last Line Warden
ENEMY_LUMEN_ABYSS,Echoform Lumen Abyss
ENEMY_LUNAR_DIVIDER,Echoform Lunar Divider
ENEMY_MAGMA_CASTER,Echoform Magma Caster
ENEMY_MEND_ECHO,Echoform Mend Echo
ENEMY_MIDNIGHT_TERMINUS,Echoform Midnight Terminus
ENEMY_MIRAGE_LOCOTIVE,Echoform Mirage Locomotive
ENEMY_MIRROR_BULWARK,Echoform Mirror Bulwark
ENEMY_MOON_SKIRMISHER,Echoform Moon Skirmisher
ENEMY_NAMELESS_PRELATE,Echoform Nameless Prelate
ENEMY_NIGHT_BELL,Echoform Night Bell
ENEMY_NULL_GARDENER,Echoform Null Gardener
ENEMY_ORBITAL_MAW,Echoform Orbital Maw
ENEMY_ORE_BASTION,Echoform Ore Bastion
ENEMY_OUROBOROS_RAIL,Echoform Ouroboros Rail
ENEMY_PALIMPSEST_CORE,Echoform Palimpsest Core
ENEMY_PRISM_GUNNER,Echoform Prism Gunner
ENEMY_QUARRY_CUTTER,Echoform Quarry Cutter
ENEMY_RETURN_FORMATION_CORE,Echoform Return Formation Core
ENEMY_REVERSE_ELECTRODE,Echoform Reverse Electrode
ENEMY_REVERSE_GATEKEEPER,Echoform Reverse Gatekeeper
ENEMY_RUSH_WISP,Echoform Rush Wisp
ENEMY_SCARLET_EXCAVATOR,Echoform Scarlet Excavator
ENEMY_SHELL_RELAY,Echoform Shell Relay
ENEMY_SILT_MEDIC,Echoform Silt Medic
ENEMY_SLEEP_NEEDLE,Echoform Sleep Needle
ENEMY_SMOG_WARDEN,Echoform Smog Warden
ENEMY_SNOW_TRACKER,Echoform Snow Tracker
ENEMY_SOMNOLENT_DIRECTOR,Echoform Somnolent Director
ENEMY_SOVEREIGN_ENGINE,Echoform Sovereign Engine
ENEMY_SURGE_RUNNER,Echoform Surge Runner
ENEMY_TEMPEST_COLOSSUS,Echoform Tempest Colossus
ENEMY_THUNDER_LENS,Echoform Thunder Lens
ENEMY_TIDAL_SNIPER,Echoform Tidal Sniper
ENEMY_TIDAL_SWITCHMASTER,Echoform Tidal Switchmaster
ENEMY_TIDE_REAPER,Echoform Tide Reaper
ENEMY_VACANT_CHORUS,Echoform Vacant Chorus
ENEMY_VOLT_ARCHON,Echoform Volt Archon
ENEMY_WARDEN_FRAME,Echoform Warden Frame
ENEMY_WHITEOUT_TRANSMITTER,Echoform Whiteout Transmitter
ENEMY_WHITE_DAWN_OBSERVER,Echoform White Dawn Observer
ENEMY_WHITE_MEDIC,Echoform White Medic
ENEMY_ZERO_BLOOM,Echoform Zero Bloom
FIELD_ARCHIVE,File the evidence · mark a supply cache
FIELD_CACHE,Rail inspection supply cache
FIELD_CH01_OBJECTIVE,Reconnect the extinguished ore line
FIELD_CH02_ENTRY_BODY,"The same train has two departure stamps. Follow the tears in the paper, rather than the clock hands, to mark its original departure point."
FIELD_CH02_ENTRY_TITLE,Overprinted departure card
FIELD_CH02_EVIDENCE_BODY,The rewinding card disagrees with the travel log. Mark the sections carrying the reverse signal separately. Preserve this field record or recover the remaining maintenance supplies.
FIELD_CH02_EVIDENCE_TITLE,Overprinted departure card · comparison record
FIELD_CH02_OBJECTIVE,Stop a terminus that sends time backward
FIELD_CH03_ENTRY_BODY,Footsteps in the window move once more after the party stops. Mark the real tracks on the rail away from the reflection.
FIELD_CH03_ENTRY_TITLE,Cracked carriage window
FIELD_CH03_EVIDENCE_BODY,"The mirror rails copy the party's battle records, returning even discarded choices as enemies. Preserve this field record or recover the remaining maintenance supplies."
FIELD_CH03_EVIDENCE_TITLE,Cracked carriage window · comparison record
FIELD_CH03_OBJECTIVE,A mirror railway duplicates the expedition
FIELD_CH04_ENTRY_BODY,The call light blinks out of time with the waves. Secure a dry inspection route before following the rescue signal.
FIELD_CH04_ENTRY_TITLE,Submerged call box
FIELD_CH04_EVIDENCE_BODY,"The caller is not a survivor, but a guilt loop made by the control record that abandoned the rescue. Preserve this field record or recover the remaining maintenance supplies."
FIELD_CH04_EVIDENCE_TITLE,Submerged call box · comparison record
FIELD_CH04_OBJECTIVE,Trace false rescue calls in a flooded yard
FIELD_CH05_ENTRY_BODY,Warm air flows beneath the sealed gate. Mark a detour beside the vent without obstructing the people moving inside.
FIELD_CH05_ENTRY_TITLE,Vent beneath the blockade
FIELD_CH05_EVIDENCE_BODY,The blockade was never containing an infection; it was containing testimony. Preserve this field record or recover the remaining maintenance supplies.
FIELD_CH05_EVIDENCE_TITLE,Vent beneath the blockade · comparison record
FIELD_CH05_OBJECTIVE,Open a survival corridor through a sealed city
FIELD_CH06_ENTRY_BODY,The bridge's ground plates are scorched in different directions. Record the latest discharge path to choose the next inspection section.
FIELD_CH06_ENTRY_TITLE,Lightning-struck ground plate
FIELD_CH06_EVIDENCE_BODY,The lightning is no weather; it is an old toll counting everyone who crosses. Preserve this field record or recover the remaining maintenance supplies.
FIELD_CH06_EVIDENCE_TITLE,Lightning-struck ground plate · comparison record
FIELD_CH06_OBJECTIVE,Retake control of a storm-struck skybridge
FIELD_CH07_ENTRY_BODY,Brushing away the snow makes the broadcast clear again. Trace the incoming command before cutting the wire.
FIELD_CH07_ENTRY_TITLE,Receiver wire under snow
FIELD_CH07_EVIDENCE_BODY,"The broadcast is not an evacuation order, but an endless standby command preventing rescuers from returning. Preserve this field record or recover the remaining maintenance supplies."
FIELD_CH07_EVIDENCE_TITLE,Receiver wire under snow · comparison record
FIELD_CH07_OBJECTIVE,Silence a command broadcast beneath the snow
FIELD_CH08_ENTRY_BODY,The load gauge on the clamp is pinned at its limit. Choose an inspection path clear of the fall marks in the red dust.
FIELD_CH08_ENTRY_TITLE,Fallen orbit clamp
FIELD_CH08_EVIDENCE_BODY,"The quarry ring has stayed aloft by burning memories, not ore. Preserve this field record or recover the remaining maintenance supplies."
FIELD_CH08_EVIDENCE_TITLE,Fallen orbit clamp · comparison record
FIELD_CH08_OBJECTIVE,Prevent a runaway mining ring from falling
FIELD_CH09_ENTRY_BODY,The sleeping desk stamps verdict numbers even on blank forms. Recover the output records without feeding it another document.
FIELD_CH09_ENTRY_TITLE,Unattended reception desk
FIELD_CH09_EVIDENCE_BODY,The automated court asks no guilt; it calculates only the chance of obstructing the route someday. Preserve this field record or recover the remaining maintenance supplies.
FIELD_CH09_EVIDENCE_TITLE,Unattended reception desk · comparison record
FIELD_CH09_OBJECTIVE,Nullify the sleeping directorate's automated trial
FIELD_CH10_ENTRY_BODY,Two different dates shine above one platform. Preserve both and mark the rails linked to each signal separately.
FIELD_CH10_ENTRY_TITLE,Double platform clock
FIELD_CH10_EVIDENCE_BODY,"If the timetables collide, the present of one train's passengers will be erased. Preserve this field record or recover the remaining maintenance supplies."
FIELD_CH10_EVIDENCE_TITLE,Double platform clock · comparison record
FIELD_CH10_OBJECTIVE,Separate two lunar timetables before collision
FIELD_CH11_ENTRY_BODY,The gauge's signal keeps rising after the black water recedes. Record the real waterline beside the broadcast level.
FIELD_CH11_ENTRY_TITLE,Blackened tide gauge
FIELD_CH11_EVIDENCE_BODY,The tide carries every abandoned route and every coordinate the crew failed to rescue. Preserve this field record or recover the remaining maintenance supplies.
FIELD_CH11_EVIDENCE_TITLE,Blackened tide gauge · comparison record
FIELD_CH11_OBJECTIVE,Hold back a signal tide advancing on the city
FIELD_CH12_ENTRY_BODY,"The keys remain, but every owner's name is blank. Restore their positions using the shapes of their teeth instead of names."
FIELD_CH12_ENTRY_TITLE,Key cabinet without names
FIELD_CH12_EVIDENCE_BODY,The cathedral honors no dead; it taxes the names of the living to maintain its seal. Preserve this field record or recover the remaining maintenance supplies.
FIELD_CH12_EVIDENCE_TITLE,Key cabinet without names · comparison record
FIELD_CH12_OBJECTIVE,Break a cathedral seal that steals names
FIELD_CH13_ENTRY_BODY,An arrival mark remains at a stop with no wheel tracks. Compare the ghost timetable's direction with the actual path.
FIELD_CH13_ENTRY_TITLE,Stop line on the sand
FIELD_CH13_EVIDENCE_BODY,The ghost timetable is trying to turn lives people never chose into a real route. Preserve this field record or recover the remaining maintenance supplies.
FIELD_CH13_EVIDENCE_TITLE,Stop line on the sand · comparison record
FIELD_CH13_OBJECTIVE,Erase the route of a train that never existed
FIELD_CH14_ENTRY_BODY,Dust refuses to fall beneath the entrance sign. Test gravity with a small stone before trusting the arrows.
FIELD_CH14_ENTRY_TITLE,Inverted entrance sign
FIELD_CH14_EVIDENCE_BODY,"The inversion is no accident, but an emergency protocol meant to isolate the capital forever. Preserve this field record or recover the remaining maintenance supplies."
FIELD_CH14_EVIDENCE_TITLE,Inverted entrance sign · comparison record
FIELD_CH14_OBJECTIVE,Restore gravity to the inverted capital loop
FIELD_CH15_ENTRY_BODY,The date on the marker returns to its initial value. Leave a paper marker so the record can be compared outside the garden.
FIELD_CH15_ENTRY_TITLE,Repeating garden marker
FIELD_CH15_EVIDENCE_BODY,The flowers do not erase memory; they preserve only the safest moment until people cannot move on. Preserve this field record or recover the remaining maintenance supplies.
FIELD_CH15_EVIDENCE_TITLE,Repeating garden marker · comparison record
FIELD_CH15_OBJECTIVE,Seal a garden that resets every memory
FIELD_CH16_ENTRY_BODY,Seals from two crowns block the same path. Mark the civilian route before carrying either side's orders.
FIELD_CH16_ENTRY_TITLE,Broken rival checkpoint seals
FIELD_CH16_EVIDENCE_BODY,"The victor will gain not a crown, but the right to forcibly merge every evacuation route. Preserve this field record or recover the remaining maintenance supplies."
FIELD_CH16_EVIDENCE_TITLE,Broken rival checkpoint seals · comparison record
FIELD_CH16_OBJECTIVE,End the civil war of the divided rail crowns
FIELD_CH17_ENTRY_BODY,An older book number shows through the new index. Record the order of the layers without damaging the original sheet.
FIELD_CH17_ENTRY_TITLE,Overwritten shelf index
FIELD_CH17_EVIDENCE_BODY,"To erase the civil war, the archive begins by deleting every record of the expedition's intervention. Preserve this field record or recover the remaining maintenance supplies."
FIELD_CH17_EVIDENCE_TITLE,Overwritten shelf index · comparison record
FIELD_CH17_OBJECTIVE,Retake an archive that rewrites history
FIELD_CH18_ENTRY_BODY,The opening countdown falls faster than the inspection clock. Record both to find the difference in their signal reference.
FIELD_CH18_ENTRY_TITLE,Advanced opening notice
FIELD_CH18_EVIDENCE_BODY,"This relay cannot cancel the opening, but delaying its reference clock can buy one day to reach the next core. Preserve this field record or recover the remaining maintenance supplies."
FIELD_CH18_EVIDENCE_TITLE,Advanced opening notice · comparison record
FIELD_CH18_OBJECTIVE,Delay the opening of the final line
FIELD_CH19_ENTRY_BODY,A recovery marker left ahead appears underfoot again. Number the order of movement instead of painting over it.
FIELD_CH19_ENTRY_TITLE,Returned recovery marker
FIELD_CH19_EVIDENCE_BODY,The ticket core at the circuit's center erases one companion's reason for joining each lap so it can designate a replacement passenger. Preserve this field record or recover the remaining maintenance supplies.
FIELD_CH19_EVIDENCE_TITLE,Returned recovery marker · comparison record
FIELD_CH19_OBJECTIVE,Recover allies trapped in an endless circuit
FIELD_CH20_ENTRY_BODY,A small light leaks through the shield at the final rail. Close the gaps admitting wind without disturbing the ember.
FIELD_CH20_ENTRY_TITLE,Shield around the ember
FIELD_CH20_EVIDENCE_BODY,The seal counts not people but twenty independent signatures secured on different lines; copied records cannot satisfy ignition. Preserve this field record or recover the remaining maintenance supplies.
FIELD_CH20_EVIDENCE_TITLE,Shield around the ember · comparison record
FIELD_CH20_OBJECTIVE,Ignite the world's final lantern
FIELD_SALVAGE,Recover maintenance supplies · skill books
FIELD_SUPPLY,Recover supplies · training notes
FIELD_SURVEY,Survey the route · reveal nearby ground
GAME_SUBTITLE,People reconnecting stories in a lightless world
GAME_TITLE,LUMENBOUND: TACTICS OF THE LAST LINE
ITEM_BLUEPRINT_T1,BLUEPRINT_T1
ITEM_BLUEPRINT_T2,BLUEPRINT_T2
ITEM_BLUEPRINT_T3,BLUEPRINT_T3
ITEM_BLUEPRINT_T4,BLUEPRINT_T4
ITEM_BREAK_CORE_T1,BREAK_CORE_T1
ITEM_BREAK_CORE_T2,BREAK_CORE_T2
ITEM_BREAK_CORE_T3,BREAK_CORE_T3
ITEM_BREAK_CORE_T4,BREAK_CORE_T4
ITEM_CREDIT,CREDIT
ITEM_EXPEDITION_ROUTE_MODULE_A,EXPEDITION_ROUTE_MODULE_A
ITEM_EXPEDITION_ROUTE_MODULE_B,EXPEDITION_ROUTE_MODULE_B
ITEM_FACTION_SEAL_T1,FACTION_SEAL_T1
ITEM_FACTION_SEAL_T2,FACTION_SEAL_T2
ITEM_FACTION_SEAL_T3,FACTION_SEAL_T3
ITEM_LANTERN_SHARD,LANTERN_SHARD
ITEM_ROLE_TOKEN_T1,ROLE_TOKEN_T1
ITEM_ROLE_TOKEN_T2,ROLE_TOKEN_T2
ITEM_ROLE_TOKEN_T3,ROLE_TOKEN_T3
ITEM_ROLE_TOKEN_T4,ROLE_TOKEN_T4
ITEM_SHARD_CHR001,SHARD_CHR001
ITEM_SHARD_CHR002,SHARD_CHR002
ITEM_SHARD_CHR003,SHARD_CHR003
ITEM_SHARD_CHR004,SHARD_CHR004
ITEM_SHARD_CHR005,SHARD_CHR005
ITEM_SHARD_CHR006,SHARD_CHR006
ITEM_SHARD_CHR007,SHARD_CHR007
ITEM_SHARD_CHR008,SHARD_CHR008
ITEM_SHARD_CHR009,SHARD_CHR009
ITEM_SHARD_CHR010,SHARD_CHR010
ITEM_SHARD_CHR011,SHARD_CHR011
ITEM_SHARD_CHR012,SHARD_CHR012
ITEM_SHARD_CHR013,SHARD_CHR013
ITEM_SHARD_CHR014,SHARD_CHR014
ITEM_SHARD_CHR015,SHARD_CHR015
ITEM_SHARD_CHR016,SHARD_CHR016
ITEM_SHARD_CHR017,SHARD_CHR017
ITEM_SHARD_CHR018,SHARD_CHR018
ITEM_SHARD_CHR019,SHARD_CHR019
ITEM_SHARD_CHR020,SHARD_CHR020
ITEM_SHARD_CHR021,SHARD_CHR021
ITEM_SHARD_CHR022,SHARD_CHR022
ITEM_SHARD_CHR023,SHARD_CHR023
ITEM_SHARD_CHR024,SHARD_CHR024
ITEM_SHARD_CHR025,SHARD_CHR025
ITEM_SHARD_CHR026,SHARD_CHR026
ITEM_SHARD_CHR027,SHARD_CHR027
ITEM_SHARD_CHR028,SHARD_CHR028
ITEM_SHARD_CHR029,SHARD_CHR029
ITEM_SHARD_CHR030,SHARD_CHR030
ITEM_SHARD_CHR031,SHARD_CHR031
ITEM_SHARD_CHR032,SHARD_CHR032
ITEM_SHARD_CHR033,SHARD_CHR033
ITEM_SHARD_CHR034,SHARD_CHR034
ITEM_SHARD_CHR035,SHARD_CHR035
ITEM_SHARD_CHR036,SHARD_CHR036
ITEM_SHARD_CHR037,SHARD_CHR037
ITEM_SHARD_CHR038,SHARD_CHR038
ITEM_SHARD_CHR039,SHARD_CHR039
ITEM_SHARD_CHR040,SHARD_CHR040
ITEM_SHARD_CHR041,SHARD_CHR041
ITEM_SHARD_CHR042,SHARD_CHR042
ITEM_SHARD_CHR043,SHARD_CHR043
ITEM_SHARD_CHR044,SHARD_CHR044
ITEM_SKILL_BOOK_T1,SKILL_BOOK_T1
ITEM_SKILL_BOOK_T2,SKILL_BOOK_T2
ITEM_SKILL_BOOK_T3,SKILL_BOOK_T3
ITEM_SKILL_BOOK_T4,SKILL_BOOK_T4
ITEM_SKILL_TOKEN_T1,SKILL_TOKEN_T1
ITEM_SKILL_TOKEN_T2,SKILL_TOKEN_T2
ITEM_SKILL_TOKEN_T3,SKILL_TOKEN_T3
ITEM_SKILL_TOKEN_T4,SKILL_TOKEN_T4
ITEM_TRAINING_NOTE_L,TRAINING_NOTE_L
ITEM_TRAINING_NOTE_M,TRAINING_NOTE_M
ITEM_TRAINING_NOTE_S,TRAINING_NOTE_S
ITEM_TRAINING_NOTE_XL,TRAINING_NOTE_XL
ITEM_ULT_BOOK_T1,ULT_BOOK_T1
ITEM_ULT_BOOK_T2,ULT_BOOK_T2
ITEM_ULT_BOOK_T3,ULT_BOOK_T3
ITEM_ULT_BOOK_T4,ULT_BOOK_T4
ITEM_UNIVERSAL_CATALYST,UNIVERSAL_CATALYST
ITEM_WEAPON_CHIP_L,WEAPON_CHIP_L
ITEM_WEAPON_CHIP_M,WEAPON_CHIP_M
ITEM_WEAPON_CHIP_S,WEAPON_CHIP_S
ITEM_WEAPON_CHIP_XL,WEAPON_CHIP_XL
ITEM_WEAPON_ORE_T1,WEAPON_ORE_T1
ITEM_WEAPON_ORE_T2,WEAPON_ORE_T2
ITEM_WEAPON_ORE_T3,WEAPON_ORE_T3
ITEM_WEAPON_ORE_T4,WEAPON_ORE_T4
MAP_ANOMALY_CH01_H02_BODY,An anomalous reaction is blocking the route. Analyze the signal before entering the combat zone.
MAP_ANOMALY_CH01_H02_DIALOGUE_01,Vibrations in the tunnel wall. Something's crawling out in time with the bell.
MAP_ANOMALY_CH01_H02_DIALOGUE_02,Evacuate. Evacuate. Evac…
MAP_ANOMALY_CH01_H02_DIALOGUE_03,Telling us to evacuate while blocking the exit. Drop the courtesy act.
MAP_ANOMALY_CH01_H02_DIALOGUE_04,Push through. Don't stop until we reach the bell.
MAP_ANOMALY_CH01_H02_OUTCOME,Victory outcome: threat signal stabilized · no recruitment/reward
MAP_ANOMALY_CH01_H02_TITLE,Anomalous Threat Signal: ENM012
MAP_ANOMALY_CH01_N06_BODY,An anomalous reaction is blocking the route. Analyze the signal before entering the combat zone.
MAP_ANOMALY_CH01_N06_DIALOGUE_01,Anomaly ahead. It's growing as it drinks in the lantern glow.
MAP_ANOMALY_CH01_N06_DIALOGUE_02,…Turn off the light. It's too bright. Turn off the light.
MAP_ANOMALY_CH01_N06_DIALOGUE_03,Asking us to kill the lanterns? Sorry. That's one favor I can't do.
MAP_ANOMALY_CH01_N06_DIALOGUE_04,Guard the lanterns. Don't let a single one go out.
MAP_ANOMALY_CH01_N06_OUTCOME,Victory outcome: threat signal stabilized · no recruitment/reward
MAP_ANOMALY_CH01_N06_TITLE,Anomalous Threat Signal: ENM010
MAP_ANOMALY_CH01_N13_BODY,An anomalous reaction is blocking the route. Analyze the signal before entering the combat zone.
MAP_ANOMALY_CH01_N13_DIALOGUE_01,Something's standing on the rails. …And it's calling me in my own voice?
MAP_ANOMALY_CH01_N13_DIALOGUE_02,"Roan, this way. I'll open the way."
MAP_ANOMALY_CH01_N13_DIALOGUE_03,Don't steal my line. I charge royalties—payable by blade.
MAP_ANOMALY_CH01_N13_DIALOGUE_04,"Same voice, but not even half as cool!"
MAP_ANOMALY_CH01_N13_OUTCOME,Victory outcome: threat signal stabilized · no recruitment/reward
MAP_ANOMALY_CH01_N13_TITLE,Anomalous Threat Signal: ENM011
MAP_ANOMALY_CH02_H02_BODY,An anomalous reaction is blocking the route. Analyze the signal before entering the combat zone.
MAP_ANOMALY_CH02_H02_DIALOGUE_01,It guards the empty seats. It reacts if you get close to one.
MAP_ANOMALY_CH02_H02_DIALOGUE_02,This seat is reserved. Please do not sit.
MAP_ANOMALY_CH02_H02_DIALOGUE_03,"…Reserved, huh. Step aside. We're only passing through."
MAP_ANOMALY_CH02_H02_OUTCOME,Victory outcome: threat signal stabilized · no recruitment/reward
MAP_ANOMALY_CH02_H02_TITLE,Anomalous Threat Signal: ENM015
MAP_ANOMALY_CH02_N06_BODY,An anomalous reaction is blocking the route. Analyze the signal before entering the combat zone.
MAP_ANOMALY_CH02_N06_DIALOGUE_01,Anomalous signal. That echoform is repeating what we just said—backward.
MAP_ANOMALY_CH02_N06_DIALOGUE_02,…Nigeb lliw tabmoc. …Nigeb lliw tabmoc.
MAP_ANOMALY_CH02_N06_DIALOGUE_03,"Isn't it kind of cute backward? …No? Okay, shooting now."
MAP_ANOMALY_CH02_N06_OUTCOME,Victory outcome: threat signal stabilized · no recruitment/reward
MAP_ANOMALY_CH02_N06_TITLE,Anomalous Threat Signal: ENM013
MAP_ANOMALY_CH02_N13_BODY,An anomalous reaction is blocking the route. Analyze the signal before entering the combat zone.
MAP_ANOMALY_CH02_N13_DIALOGUE_01,Target ahead is moving backward in time. Knock it down and it rewinds three seconds and stands up again.
MAP_ANOMALY_CH02_N13_DIALOGUE_02,Checking tickets. Checking. Checking.
MAP_ANOMALY_CH02_N13_DIALOGUE_03,Then finish it inside three seconds. I'm already aimed.
MAP_ANOMALY_CH02_N13_DIALOGUE_04,"Then I'll do it in two. You're on, Soren."
MAP_ANOMALY_CH02_N13_OUTCOME,Victory outcome: threat signal stabilized · no recruitment/reward
MAP_ANOMALY_CH02_N13_TITLE,Anomalous Threat Signal: ENM014
MAP_ANOMALY_CH03_H02_BODY,An anomalous reaction is blocking the route. Analyze the signal before entering the combat zone.
MAP_ANOMALY_CH03_H02_DIALOGUE_01,This is the entrance to the white-night zone. Echoforms fitted with observation gear keep following us.
MAP_ANOMALY_CH03_H02_DIALOGUE_02,Observing. Observing. Collecting subject combat records.
MAP_ANOMALY_CH03_H02_DIALOGUE_03,Look all you want. Just know staring too long is going to hurt.
MAP_ANOMALY_CH03_H02_OUTCOME,Victory outcome: threat signal stabilized · no recruitment/reward
MAP_ANOMALY_CH03_H02_TITLE,Anomalous Threat Signal: ENM018
MAP_ANOMALY_CH03_N06_BODY,An anomalous reaction is blocking the route. Analyze the signal before entering the combat zone.
MAP_ANOMALY_CH03_N06_DIALOGUE_01,Mirror shards are clumping together and moving. What they reflect are the rounds we fired today.
MAP_ANOMALY_CH03_N06_DIALOGUE_02,Returning recorded attacks. Returning recorded attacks.
MAP_ANOMALY_CH03_N06_DIALOGUE_03,Sending my shots back at me? Then I'll just break it before it can return anything.
MAP_ANOMALY_CH03_N06_OUTCOME,Victory outcome: threat signal stabilized · no recruitment/reward
MAP_ANOMALY_CH03_N06_TITLE,Anomalous Threat Signal: ENM016
MAP_ANOMALY_CH03_N13_BODY,An anomalous reaction is blocking the route. Analyze the signal before entering the combat zone.
MAP_ANOMALY_CH03_N13_DIALOGUE_01,That copy… is pretending to be hurt. Down to the bandages.
MAP_ANOMALY_CH03_N13_DIALOGUE_02,Help me. It hurts. Help… me.
MAP_ANOMALY_CH03_N13_DIALOGUE_03,Sorry. People in real pain don't hurt half a beat late.
MAP_ANOMALY_CH03_N13_OUTCOME,Victory outcome: threat signal stabilized · no recruitment/reward
MAP_ANOMALY_CH03_N13_TITLE,Anomalous Threat Signal: ENM017
MAP_ANOMALY_CH04_H02_BODY,An anomalous reaction is blocking the route. Analyze the signal before entering the combat zone.
MAP_ANOMALY_CH04_H02_DIALOGUE_01,The entrance to the deep zone. Something in the current is cutting our signals.
MAP_ANOMALY_CH04_H02_DIALOGUE_02,…Turn back. Turn… back.
MAP_ANOMALY_CH04_H02_DIALOGUE_03,Heard enough 'turn back' for one day. I'll answer with a shell.
MAP_ANOMALY_CH04_H02_OUTCOME,Victory outcome: threat signal stabilized · no recruitment/reward
MAP_ANOMALY_CH04_H02_TITLE,Anomalous Threat Signal: ENM018
MAP_ANOMALY_CH04_N06_BODY,An anomalous reaction is blocking the route. Analyze the signal before entering the combat zone.
MAP_ANOMALY_CH04_N06_DIALOGUE_01,"Anomaly under the surface. It's coming up, gnawing on signal marks."
MAP_ANOMALY_CH04_N06_DIALOGUE_02,Reception path secured. Reception path secured. Swallowing… the call.
MAP_ANOMALY_CH04_N06_DIALOGUE_03,That's my mark. I'm not feeding it to you.
MAP_ANOMALY_CH04_N06_OUTCOME,Victory outcome: threat signal stabilized · no recruitment/reward
MAP_ANOMALY_CH04_N06_TITLE,Anomalous Threat Signal: ENM016
MAP_ANOMALY_CH04_N13_BODY,An anomalous reaction is blocking the route. Analyze the signal before entering the combat zone.
MAP_ANOMALY_CH04_N13_DIALOGUE_01,There—an echoform floating in the water… wearing a life vest.
MAP_ANOMALY_CH04_N13_DIALOGUE_02,No rescue team will be dispatched. No rescue team will be dispatched.
MAP_ANOMALY_CH04_N13_DIALOGUE_03,We did dispatch! We're right here!
MAP_ANOMALY_CH04_N13_OUTCOME,Victory outcome: threat signal stabilized · no recruitment/reward
MAP_ANOMALY_CH04_N13_TITLE,Anomalous Threat Signal: ENM017
MAP_ANOMALY_CH05_H02_BODY,An anomalous reaction is blocking the route. Analyze the signal before entering the combat zone.
MAP_ANOMALY_CH05_H02_DIALOGUE_01,Order in the court. Witnesses have no right to speak.
MAP_ANOMALY_CH05_H02_DIALOGUE_02,"Maybe not, but we've got lightning! You be quiet!"
MAP_ANOMALY_CH05_H02_DIALOGUE_03,"That's a bailiff signal, built to carry out sentences. Circle behind the gallery."
MAP_ANOMALY_CH05_H02_OUTCOME,Victory outcome: threat signal stabilized · no recruitment/reward
MAP_ANOMALY_CH05_H02_TITLE,Anomalous Threat Signal: ENM021
MAP_ANOMALY_CH05_N06_BODY,An anomalous reaction is blocking the route. Analyze the signal before entering the combat zone.
MAP_ANOMALY_CH05_N06_DIALOGUE_01,Counter signal in the ash. It's taking a headcount of us.
MAP_ANOMALY_CH05_N06_DIALOGUE_02,Unregistered persons: five… six… seven. Continuing count.
MAP_ANOMALY_CH05_N06_DIALOGUE_03,"Go on, count to the end. We'll finish you before you do."
MAP_ANOMALY_CH05_N06_OUTCOME,Victory outcome: threat signal stabilized · no recruitment/reward
MAP_ANOMALY_CH05_N06_TITLE,Anomalous Threat Signal: ENM019
MAP_ANOMALY_CH05_N13_BODY,An anomalous reaction is blocking the route. Analyze the signal before entering the combat zone.
MAP_ANOMALY_CH05_N13_DIALOGUE_01,The wall's moving. The blockade line is pushing toward us.
MAP_ANOMALY_CH05_N13_DIALOGUE_02,"Expanding the blockade. Those inside, please remain inside."
MAP_ANOMALY_CH05_N13_DIALOGUE_03,We decide where inside is. Push it back.
MAP_ANOMALY_CH05_N13_OUTCOME,Victory outcome: threat signal stabilized · no recruitment/reward
MAP_ANOMALY_CH05_N13_TITLE,Anomalous Threat Signal: ENM020
MAP_ANOMALY_CH06_H02_BODY,An anomalous reaction is blocking the route. Analyze the signal before entering the combat zone.
MAP_ANOMALY_CH06_H02_DIALOGUE_01,A lens is floating in the clouds. It's focusing lightning to fire at us.
MAP_ANOMALY_CH06_H02_DIALOGUE_02,Focus complete. Firing passage-denied signal.
MAP_ANOMALY_CH06_H02_DIALOGUE_03,"Got its focal length. Sidestep half a beat, then fire."
MAP_ANOMALY_CH06_H02_OUTCOME,Victory outcome: threat signal stabilized · no recruitment/reward
MAP_ANOMALY_CH06_H02_TITLE,Anomalous Threat Signal: ENM021
MAP_ANOMALY_CH06_N06_BODY,An anomalous reaction is blocking the route. Analyze the signal before entering the combat zone.
MAP_ANOMALY_CH06_N06_DIALOGUE_01,Counting signal in the lightning. It's registering us as travelers.
MAP_ANOMALY_CH06_N06_DIALOGUE_02,Travelers confirmed. Calculating fare per person.
MAP_ANOMALY_CH06_N06_DIALOGUE_03,I'll pay in electricity! Keep the change!
MAP_ANOMALY_CH06_N06_OUTCOME,Victory outcome: threat signal stabilized · no recruitment/reward
MAP_ANOMALY_CH06_N06_TITLE,Anomalous Threat Signal: ENM019
MAP_ANOMALY_CH06_N15_BODY,An anomalous reaction is blocking the route. Analyze the signal before entering the combat zone.
MAP_ANOMALY_CH06_N15_DIALOGUE_01,"The bridge anchor's moving. If it lets go, this whole section drops."
MAP_ANOMALY_CH06_N15_DIALOGUE_02,Section overloaded. Excess passengers will be dropped.
MAP_ANOMALY_CH06_N15_DIALOGUE_03,No one here is excess. Every one of us belongs. Secure the anchor.
MAP_ANOMALY_CH06_N15_OUTCOME,Victory outcome: threat signal stabilized · no recruitment/reward
MAP_ANOMALY_CH06_N15_TITLE,Anomalous Threat Signal: ENM020
MAP_ANOMALY_CH07_H02_BODY,An anomalous reaction is blocking the route. Analyze the signal before entering the combat zone.
MAP_ANOMALY_CH07_H02_DIALOGUE_01,A medic echo. It pretends to treat you while stealing your body heat.
MAP_ANOMALY_CH07_H02_DIALOGUE_02,"Rest is recommended. Close your eyes, and the cold will go away."
MAP_ANOMALY_CH07_H02_DIALOGUE_03,"That's not treatment. Don't fall asleep. Everyone, listen to my voice!"
MAP_ANOMALY_CH07_H02_OUTCOME,Victory outcome: threat signal stabilized · no recruitment/reward
MAP_ANOMALY_CH07_H02_TITLE,Anomalous Threat Signal: ENM024
MAP_ANOMALY_CH07_N06_BODY,An anomalous reaction is blocking the route. Analyze the signal before entering the combat zone.
MAP_ANOMALY_CH07_N06_DIALOGUE_01,Something under the snow is tracking our footprints. One for every step.
MAP_ANOMALY_CH07_N06_DIALOGUE_02,Movement traces detected. Erasing traces and returning you to standby position.
MAP_ANOMALY_CH07_N06_DIALOGUE_03,Erase our traces? You'll find shell craters hard to erase.
MAP_ANOMALY_CH07_N06_OUTCOME,Victory outcome: threat signal stabilized · no recruitment/reward
MAP_ANOMALY_CH07_N06_TITLE,Anomalous Threat Signal: ENM022
MAP_ANOMALY_CH07_N13_BODY,An anomalous reaction is blocking the route. Analyze the signal before entering the combat zone.
MAP_ANOMALY_CH07_N13_DIALOGUE_01,"An ice relay is amplifying the broadcast. The closer we get, the heavier my legs feel."
MAP_ANOMALY_CH07_N13_DIALOGUE_02,Please stand by. Please stand by. Departure from standby position detected.
MAP_ANOMALY_CH07_N13_DIALOGUE_03,I'm sick of standing by! My circuits were made for running!
MAP_ANOMALY_CH07_N13_OUTCOME,Victory outcome: threat signal stabilized · no recruitment/reward
MAP_ANOMALY_CH07_N13_TITLE,Anomalous Threat Signal: ENM023
MAP_ANOMALY_CH08_H02_BODY,An anomalous reaction is blocking the route. Analyze the signal before entering the combat zone.
MAP_ANOMALY_CH08_H02_DIALOGUE_01,The cutter is slicing debris and hurling it. The trajectories are erratic.
MAP_ANOMALY_CH08_H02_DIALOGUE_02,Cutting waste to standard size. All nonstandard objects will be cut.
MAP_ANOMALY_CH08_H02_DIALOGUE_03,Nonstandard. That's a compliment for us Lamplighters. Have a shot on me.
MAP_ANOMALY_CH08_H02_OUTCOME,Victory outcome: threat signal stabilized · no recruitment/reward
MAP_ANOMALY_CH08_H02_TITLE,Anomalous Threat Signal: ENM024
MAP_ANOMALY_CH08_N06_BODY,An anomalous reaction is blocking the route. Analyze the signal before entering the combat zone.
MAP_ANOMALY_CH08_N06_DIALOGUE_01,The red dust is gathering like a lens. It's focusing on us.
MAP_ANOMALY_CH08_N06_DIALOGUE_02,Memory crystal response detected. Commencing extraction.
MAP_ANOMALY_CH08_N06_DIALOGUE_03,It wants to mine our memories. Break its focus. Now.
MAP_ANOMALY_CH08_N06_OUTCOME,Victory outcome: threat signal stabilized · no recruitment/reward
MAP_ANOMALY_CH08_N06_TITLE,Anomalous Threat Signal: ENM022
MAP_ANOMALY_CH08_N13_BODY,An anomalous reaction is blocking the route. Analyze the signal before entering the combat zone.
MAP_ANOMALY_CH08_N13_DIALOGUE_01,An ore bastion is blocking the way. That whole wall is hardened memory crystal.
MAP_ANOMALY_CH08_N13_DIALOGUE_02,Mining zone. Entry is restricted to fuel only.
MAP_ANOMALY_CH08_N13_DIALOGUE_03,We're not fuel! We're the ones here to put the fuel out!
MAP_ANOMALY_CH08_N13_OUTCOME,Victory outcome: threat signal stabilized · no recruitment/reward
MAP_ANOMALY_CH08_N13_TITLE,Anomalous Threat Signal: ENM023
MAP_ANOMALY_CH09_H02_BODY,An anomalous reaction is blocking the route. Analyze the signal before entering the combat zone.
MAP_ANOMALY_CH09_H02_DIALOGUE_01,"Silence in the corridor, please. Noise will be processed as disturbing sleep."
MAP_ANOMALY_CH09_H02_DIALOGUE_02,Silence? I'm buzzing so hard right now I can't sit still!
MAP_ANOMALY_CH09_H02_DIALOGUE_03,Then I'll end this quietly. With artillery. No silencer.
MAP_ANOMALY_CH09_H02_OUTCOME,Victory outcome: threat signal stabilized · no recruitment/reward
MAP_ANOMALY_CH09_H02_TITLE,Anomalous Threat Signal: ENM027
MAP_ANOMALY_CH09_N06_BODY,An anomalous reaction is blocking the route. Analyze the signal before entering the combat zone.
MAP_ANOMALY_CH09_N06_DIALOGUE_01,"Your complaint has been received. You have been assigned a case number. Next, please."
MAP_ANOMALY_CH09_N06_DIALOGUE_02,I never filed anything! There's already a number tag stuck on my back!
MAP_ANOMALY_CH09_N06_DIALOGUE_03,The intake procedure is stamping out echoforms. Cut down the numbered ones first.
MAP_ANOMALY_CH09_N06_OUTCOME,Victory outcome: threat signal stabilized · no recruitment/reward
MAP_ANOMALY_CH09_N06_TITLE,Anomalous Threat Signal: ENM025
MAP_ANOMALY_CH09_N13_BODY,An anomalous reaction is blocking the route. Analyze the signal before entering the combat zone.
MAP_ANOMALY_CH09_N13_DIALOGUE_01,Summoning witnesses. Refusal to testify will be treated as perjury.
MAP_ANOMALY_CH09_N13_DIALOGUE_02,You want testimony? Here it is. You end here. That's all.
MAP_ANOMALY_CH09_N13_DIALOGUE_03,Those voices were torn from the sleepers' dreams. We have to take them back.
MAP_ANOMALY_CH09_N13_OUTCOME,Victory outcome: threat signal stabilized · no recruitment/reward
MAP_ANOMALY_CH09_N13_TITLE,Anomalous Threat Signal: ENM026
MAP_ANOMALY_CH10_H02_BODY,An anomalous reaction is blocking the route. Analyze the signal before entering the combat zone.
MAP_ANOMALY_CH10_H02_DIALOGUE_01,"During the eclipse, shadows are the true bodies. Please surrender your bodies."
MAP_ANOMALY_CH10_H02_DIALOGUE_02,Shadows are the real us? Guess I'm looking slim today.
MAP_ANOMALY_CH10_H02_DIALOGUE_03,"Cute joke, but look down. Our shadows are moving before we do."
MAP_ANOMALY_CH10_H02_OUTCOME,Victory outcome: threat signal stabilized · no recruitment/reward
MAP_ANOMALY_CH10_H02_TITLE,Anomalous Threat Signal: ENM027
MAP_ANOMALY_CH10_N06_BODY,An anomalous reaction is blocking the route. Analyze the signal before entering the combat zone.
MAP_ANOMALY_CH10_N06_DIALOGUE_01,"There are two current times. Passengers, please exist in only one of them."
MAP_ANOMALY_CH10_N06_DIALOGUE_02,It's trying to split our coordinates in half. Keep in step. Not even a half-beat off.
MAP_ANOMALY_CH10_N06_DIALOGUE_03,Split us if you can. My shield only stands in one place at a time.
MAP_ANOMALY_CH10_N06_OUTCOME,Victory outcome: threat signal stabilized · no recruitment/reward
MAP_ANOMALY_CH10_N06_TITLE,Anomalous Threat Signal: ENM025
MAP_ANOMALY_CH10_N13_BODY,An anomalous reaction is blocking the route. Analyze the signal before entering the combat zone.
MAP_ANOMALY_CH10_N13_DIALOGUE_01,Selection notice. Either the left or right track will be closed. Please choose one.
MAP_ANOMALY_CH10_N13_DIALOGUE_02,"I'm hearing distress signals from both tracks. Whichever we pick, it'll cut the other."
MAP_ANOMALY_CH10_N13_DIALOGUE_03,Then we don't pick. We cut it instead!
MAP_ANOMALY_CH10_N13_OUTCOME,Victory outcome: threat signal stabilized · no recruitment/reward
MAP_ANOMALY_CH10_N13_TITLE,Anomalous Threat Signal: ENM026
MAP_ANOMALY_CH11_H02_BODY,An anomalous reaction is blocking the route. Analyze the signal before entering the combat zone.
MAP_ANOMALY_CH11_H02_DIALOGUE_01,"Drift notice. Vessels that have lost their heading, please follow the current to the disposal zone."
MAP_ANOMALY_CH11_H02_DIALOGUE_02,Current at three meters per second. Follow it and we hit the disposal zone in four minutes.
MAP_ANOMALY_CH11_H02_DIALOGUE_03,Not planning to. I'll blow that signpost away first.
MAP_ANOMALY_CH11_H02_OUTCOME,Victory outcome: threat signal stabilized · no recruitment/reward
MAP_ANOMALY_CH11_H02_TITLE,Anomalous Threat Signal: ENM030
MAP_ANOMALY_CH11_N06_BODY,An anomalous reaction is blocking the route. Analyze the signal before entering the combat zone.
MAP_ANOMALY_CH11_N06_DIALOGUE_01,Water level notice. Current level follows the broadcast standard. Please disregard the actual surface.
MAP_ANOMALY_CH11_N06_DIALOGUE_02,The gauge reads two meters above the real waterline. It's trying to trick us into opening the floodgates.
MAP_ANOMALY_CH11_N06_DIALOGUE_03,I'll hold the floodgates. Cut that liar down first.
MAP_ANOMALY_CH11_N06_OUTCOME,Victory outcome: threat signal stabilized · no recruitment/reward
MAP_ANOMALY_CH11_N06_TITLE,Anomalous Threat Signal: ENM028
MAP_ANOMALY_CH11_N13_BODY,An anomalous reaction is blocking the route. Analyze the signal before entering the combat zone.
MAP_ANOMALY_CH11_N13_DIALOGUE_01,"I'm here. I'm here. You left me behind, didn't you?"
MAP_ANOMALY_CH11_N13_DIALOGUE_02,…It's mimicking the voice of someone we couldn't save. Don't answer it.
MAP_ANOMALY_CH11_N13_DIALOGUE_03,I'll smash it instead of answering. A real voice wouldn't blame us like that!
MAP_ANOMALY_CH11_N13_OUTCOME,Victory outcome: threat signal stabilized · no recruitment/reward
MAP_ANOMALY_CH11_N13_TITLE,Anomalous Threat Signal: ENM029
MAP_ANOMALY_CH12_H02_BODY,An anomalous reaction is blocking the route. Analyze the signal before entering the combat zone.
MAP_ANOMALY_CH12_H02_DIALOGUE_01,Tomb notice. Those without names are interred here. Your places have been prepared.
MAP_ANOMALY_CH12_H02_DIALOGUE_02,The number of blank plaques matches our headcount exactly. Unpleasantly precise.
MAP_ANOMALY_CH12_H02_DIALOGUE_03,We'll decline the seats. We have somewhere to go home to.
MAP_ANOMALY_CH12_H02_OUTCOME,Victory outcome: threat signal stabilized · no recruitment/reward
MAP_ANOMALY_CH12_H02_TITLE,Anomalous Threat Signal: ENM030
MAP_ANOMALY_CH12_N06_BODY,An anomalous reaction is blocking the route. Analyze the signal before entering the combat zone.
MAP_ANOMALY_CH12_N06_DIALOGUE_01,Locker notice. State the owner's name and receive the key. The name will be kept by us.
MAP_ANOMALY_CH12_N06_DIALOGUE_02,Don't answer. I can match the positions by the shape of the teeth alone. No names needed.
MAP_ANOMALY_CH12_N06_DIALOGUE_03,"Then I'll hold the front, so it can't pry any names out of us."
MAP_ANOMALY_CH12_N06_OUTCOME,Victory outcome: threat signal stabilized · no recruitment/reward
MAP_ANOMALY_CH12_N06_TITLE,Anomalous Threat Signal: ENM028
MAP_ANOMALY_CH12_N15_BODY,An anomalous reaction is blocking the route. Analyze the signal before entering the combat zone.
MAP_ANOMALY_CH12_N15_DIALOGUE_01,"Choir notice. If you don't know the lyrics, please sing your name instead."
MAP_ANOMALY_CH12_N15_DIALOGUE_02,Sing along and your name gets pulled into the lyrics. Keep your mouth shut and fight.
MAP_ANOMALY_CH12_N15_DIALOGUE_03,Keep my mouth shut? That's the thing I'm worst at! I'll talk loud with lightning instead!
MAP_ANOMALY_CH12_N15_OUTCOME,Victory outcome: threat signal stabilized · no recruitment/reward
MAP_ANOMALY_CH12_N15_TITLE,Anomalous Threat Signal: ENM029
MAP_ANOMALY_CH13_H02_BODY,An anomalous reaction is blocking the route. Analyze the signal before entering the combat zone.
MAP_ANOMALY_CH13_H02_DIALOGUE_01,A train door opens inside the mirage. Someone is calling from within.
MAP_ANOMALY_CH13_H02_DIALOGUE_02,Next stop: 'If Only.' There are no exit doors.
MAP_ANOMALY_CH13_H02_DIALOGUE_03,"If there's no door, we make one. Battery, take aim."
MAP_ANOMALY_CH13_H02_OUTCOME,Victory outcome: threat signal stabilized · no recruitment/reward
MAP_ANOMALY_CH13_H02_TITLE,Anomalous Threat Signal: ENM033
MAP_ANOMALY_CH13_N06_BODY,An anomalous reaction is blocking the route. Analyze the signal before entering the combat zone.
MAP_ANOMALY_CH13_N06_DIALOGUE_01,Manifest signals are rising from the sand. Not passengers. Ticket inspectors.
MAP_ANOMALY_CH13_N06_DIALOGUE_02,"Tickets, please. Present your ticket for the life you did not choose."
MAP_ANOMALY_CH13_N06_DIALOGUE_03,Don't have one! I only carry the life I chose!
MAP_ANOMALY_CH13_N06_OUTCOME,Victory outcome: threat signal stabilized · no recruitment/reward
MAP_ANOMALY_CH13_N06_TITLE,Anomalous Threat Signal: ENM031
MAP_ANOMALY_CH13_N13_BODY,An anomalous reaction is blocking the route. Analyze the signal before entering the combat zone.
MAP_ANOMALY_CH13_N13_DIALOGUE_01,Three moving contacts in the sandstorm. Their speed matches our stride exactly.
MAP_ANOMALY_CH13_N13_DIALOGUE_02,…Come with me. That way is easier.
MAP_ANOMALY_CH13_N13_DIALOGUE_03,I'm sick of mimicked voices. Answer me: where does that way go?
MAP_ANOMALY_CH13_N13_DIALOGUE_04,Come with me. Come with me. Come…
MAP_ANOMALY_CH13_N13_OUTCOME,Victory outcome: threat signal stabilized · no recruitment/reward
MAP_ANOMALY_CH13_N13_TITLE,Anomalous Threat Signal: ENM032
MAP_ANOMALY_CH14_H02_BODY,An anomalous reaction is blocking the route. Analyze the signal before entering the combat zone.
MAP_ANOMALY_CH14_H02_DIALOGUE_01,The palace guard signal is transmitting backward. Its sound is reversed.
MAP_ANOMALY_CH14_H02_DIALOGUE_02,…nruter tonnac uoY. nruter tonnac uoY.
MAP_ANOMALY_CH14_H02_DIALOGUE_03,"Backward or not, I get the message. Whatever. Smashing it."
MAP_ANOMALY_CH14_H02_OUTCOME,Victory outcome: threat signal stabilized · no recruitment/reward
MAP_ANOMALY_CH14_H02_TITLE,Anomalous Threat Signal: ENM033
MAP_ANOMALY_CH14_N06_BODY,An anomalous reaction is blocking the route. Analyze the signal before entering the combat zone.
MAP_ANOMALY_CH14_N06_DIALOGUE_01,"Fall direction guidance. Passengers, please fall upward."
MAP_ANOMALY_CH14_N06_DIALOGUE_02,How kind of it to tell us to fall up!
MAP_ANOMALY_CH14_N06_DIALOGUE_03,Grab the ones who've tripped first. Their feet are pointing at open sky!
MAP_ANOMALY_CH14_N06_OUTCOME,Victory outcome: threat signal stabilized · no recruitment/reward
MAP_ANOMALY_CH14_N06_TITLE,Anomalous Threat Signal: ENM031
MAP_ANOMALY_CH14_N13_BODY,An anomalous reaction is blocking the route. Analyze the signal before entering the combat zone.
MAP_ANOMALY_CH14_N13_DIALOGUE_01,"Three sentries, using gravity as a weapon. Keep your landing timing within 0.2 seconds."
MAP_ANOMALY_CH14_N13_DIALOGUE_02,Unauthorized returnees detected. Re-measuring weight.
MAP_ANOMALY_CH14_N13_DIALOGUE_03,"If it's weight, I'll bear it. Everyone, behind my shield."
MAP_ANOMALY_CH14_N13_OUTCOME,Victory outcome: threat signal stabilized · no recruitment/reward
MAP_ANOMALY_CH14_N13_TITLE,Anomalous Threat Signal: ENM032
MAP_ANOMALY_CH15_H02_BODY,An anomalous reaction is blocking the route. Analyze the signal before entering the combat zone.
MAP_ANOMALY_CH15_H02_DIALOGUE_01,Two greenhouse collectors. They're not after our gear. They're after memories.
MAP_ANOMALY_CH15_H02_DIALOGUE_02,It is time for memory collection. Please set down your heaviest memories first.
MAP_ANOMALY_CH15_H02_DIALOGUE_03,"The heavier the memory, the truer the aim. I'll decline."
MAP_ANOMALY_CH15_H02_OUTCOME,Victory outcome: threat signal stabilized · no recruitment/reward
MAP_ANOMALY_CH15_H02_TITLE,Anomalous Threat Signal: ENM036
MAP_ANOMALY_CH15_N06_BODY,An anomalous reaction is blocking the route. Analyze the signal before entering the combat zone.
MAP_ANOMALY_CH15_N06_DIALOGUE_01,Please remain. Please remain. This is your best day.
MAP_ANOMALY_CH15_N06_DIALOGUE_02,I decide my best day! It hasn't even come yet!
MAP_ANOMALY_CH15_N06_DIALOGUE_03,"Nice, that was a good line. I'll open the way!"
MAP_ANOMALY_CH15_N06_OUTCOME,Victory outcome: threat signal stabilized · no recruitment/reward
MAP_ANOMALY_CH15_N06_TITLE,Anomalous Threat Signal: ENM034
MAP_ANOMALY_CH15_N13_BODY,An anomalous reaction is blocking the route. Analyze the signal before entering the combat zone.
MAP_ANOMALY_CH15_N13_DIALOGUE_01,…Sit with me. Your legs must hurt.
MAP_ANOMALY_CH15_N13_DIALOGUE_02,"Sit, and you never get up. I know that, so I came all this way standing."
MAP_ANOMALY_CH15_N13_DIALOGUE_03,Whoever owned that voice has long since stood and walked on. That's enough mimicry.
MAP_ANOMALY_CH15_N13_OUTCOME,Victory outcome: threat signal stabilized · no recruitment/reward
MAP_ANOMALY_CH15_N13_TITLE,Anomalous Threat Signal: ENM035
MAP_ANOMALY_CH16_H02_BODY,An anomalous reaction is blocking the route. Analyze the signal before entering the combat zone.
MAP_ANOMALY_CH16_H02_DIALOGUE_01,Throne car escorts. Their barrels are angled at both capitals at once.
MAP_ANOMALY_CH16_H02_DIALOGUE_02,Governance vacuum detected. Escort procedure extended indefinitely.
MAP_ANOMALY_CH16_H02_DIALOGUE_03,Indefinitely's too long. Make it just till today.
MAP_ANOMALY_CH16_H02_OUTCOME,Victory outcome: threat signal stabilized · no recruitment/reward
MAP_ANOMALY_CH16_H02_TITLE,Anomalous Threat Signal: ENM036
MAP_ANOMALY_CH16_N06_BODY,An anomalous reaction is blocking the route. Analyze the signal before entering the combat zone.
MAP_ANOMALY_CH16_N06_DIALOGUE_01,Shells from both sides are converging on one point. That's no bombardment. Someone's steering the barrage.
MAP_ANOMALY_CH16_N06_DIALOGUE_02,This is a combat zone. State your allegiance. Eastern Line or Western Line?
MAP_ANOMALY_CH16_N06_DIALOGUE_03,"Lamplighters! Neither, got it?"
MAP_ANOMALY_CH16_N06_OUTCOME,Victory outcome: threat signal stabilized · no recruitment/reward
MAP_ANOMALY_CH16_N06_TITLE,Anomalous Threat Signal: ENM034
MAP_ANOMALY_CH16_N13_BODY,An anomalous reaction is blocking the route. Analyze the signal before entering the combat zone.
MAP_ANOMALY_CH16_N13_DIALOGUE_01,Soldiers are coming out of the forward trench with their hands up. But that machine won't stand down.
MAP_ANOMALY_CH16_N13_DIALOGUE_02,Surrendering soldiers are classified as enemies. Opening fire.
MAP_ANOMALY_CH16_N13_DIALOGUE_03,"Soldiers, get inside my shield. From here on, I hold the line."
MAP_ANOMALY_CH16_N13_OUTCOME,Victory outcome: threat signal stabilized · no recruitment/reward
MAP_ANOMALY_CH16_N13_TITLE,Anomalous Threat Signal: ENM035
MAP_ANOMALY_CH17_H02_BODY,An anomalous reaction is blocking the route. Analyze the signal before entering the combat zone.
MAP_ANOMALY_CH17_H02_DIALOGUE_01,Overwrite authority confirmed. Your pasts will be replaced with better ones.
MAP_ANOMALY_CH17_H02_DIALOGUE_02,A better past? Don't need one. The one I chose is enough.
MAP_ANOMALY_CH17_H02_DIALOGUE_03,Coordinates confirmed. Whoever would change the past gets a shell from the present.
MAP_ANOMALY_CH17_H02_OUTCOME,Victory outcome: threat signal stabilized · no recruitment/reward
MAP_ANOMALY_CH17_H02_TITLE,Anomalous Threat Signal: ENM039
MAP_ANOMALY_CH17_N06_BODY,An anomalous reaction is blocking the route. Analyze the signal before entering the combat zone.
MAP_ANOMALY_CH17_N06_DIALOGUE_01,Your loan period has expired. Your memories will now be recalled.
MAP_ANOMALY_CH17_N06_DIALOGUE_02,Memories aren't loans! I refuse to return them!
MAP_ANOMALY_CH17_N06_DIALOGUE_03,Recall rate: two lines per second. Finish in three minutes and we lose nothing.
MAP_ANOMALY_CH17_N06_OUTCOME,Victory outcome: threat signal stabilized · no recruitment/reward
MAP_ANOMALY_CH17_N06_TITLE,Anomalous Threat Signal: ENM037
MAP_ANOMALY_CH17_N13_BODY,An anomalous reaction is blocking the route. Analyze the signal before entering the combat zone.
MAP_ANOMALY_CH17_N13_DIALOGUE_01,Footnote deletion procedure. Persons absent from the main text do not exist.
MAP_ANOMALY_CH17_N13_DIALOGUE_02,People can hurt even outside the main text. I won't let you erase them.
MAP_ANOMALY_CH17_N13_DIALOGUE_03,Let me show you a footnote flipping the whole text!
MAP_ANOMALY_CH17_N13_OUTCOME,Victory outcome: threat signal stabilized · no recruitment/reward
MAP_ANOMALY_CH17_N13_TITLE,Anomalous Threat Signal: ENM038
MAP_ANOMALY_CH18_H02_BODY,An anomalous reaction is blocking the route. Analyze the signal before entering the combat zone.
MAP_ANOMALY_CH18_H02_DIALOGUE_01,Construction zone. Unauthorized entrants will be buried immediately.
MAP_ANOMALY_CH18_H02_DIALOGUE_02,"No thanks to being buried. Digging out, though—that I'm good at."
MAP_ANOMALY_CH18_H02_DIALOGUE_03,Warning broadcast frequency locked. False signals end here.
MAP_ANOMALY_CH18_H02_OUTCOME,Victory outcome: threat signal stabilized · no recruitment/reward
MAP_ANOMALY_CH18_H02_TITLE,Anomalous Threat Signal: ENM039
MAP_ANOMALY_CH18_N06_BODY,An anomalous reaction is blocking the route. Analyze the signal before entering the combat zone.
MAP_ANOMALY_CH18_N06_DIALOGUE_01,Pre-opening test run. All objects on the track are subject to removal.
MAP_ANOMALY_CH18_N06_DIALOGUE_02,Not objects. People. You're the one who moves.
MAP_ANOMALY_CH18_N06_DIALOGUE_03,Test run path calculated. I'll set the derailment point right here.
MAP_ANOMALY_CH18_N06_OUTCOME,Victory outcome: threat signal stabilized · no recruitment/reward
MAP_ANOMALY_CH18_N06_TITLE,Anomalous Threat Signal: ENM037
MAP_ANOMALY_CH18_N13_BODY,An anomalous reaction is blocking the route. Analyze the signal before entering the combat zone.
MAP_ANOMALY_CH18_N13_DIALOGUE_01,Overstaying passengers detected. Your remaining time will be recalled.
MAP_ANOMALY_CH18_N13_DIALOGUE_02,"Recall our time? Sorry, our day is non-refundable!"
MAP_ANOMALY_CH18_N13_DIALOGUE_03,Recall procedures? I saw plenty of those in the archive. Including how they fail!
MAP_ANOMALY_CH18_N13_OUTCOME,Victory outcome: threat signal stabilized · no recruitment/reward
MAP_ANOMALY_CH18_N13_TITLE,Anomalous Threat Signal: ENM038
MAP_ANOMALY_CH19_H02_BODY,An anomalous reaction is blocking the route. Analyze the signal before entering the combat zone.
MAP_ANOMALY_CH19_H02_DIALOGUE_01,Seam repair procedure. Everything in the gap will be welded.
MAP_ANOMALY_CH19_H02_DIALOGUE_02,Weld temperature rising. Get out half a beat early.
MAP_ANOMALY_CH19_H02_DIALOGUE_03,A shell beats a welder. Get down.
MAP_ANOMALY_CH19_H02_OUTCOME,Victory outcome: threat signal stabilized · no recruitment/reward
MAP_ANOMALY_CH19_H02_TITLE,Anomalous Threat Signal: ENM042
MAP_ANOMALY_CH19_N06_BODY,An anomalous reaction is blocking the route. Analyze the signal before entering the combat zone.
MAP_ANOMALY_CH19_N06_DIALOGUE_01,Lap renewed. Combat records from the previous lap are void.
MAP_ANOMALY_CH19_N06_DIALOGUE_02,The only thing void is your broadcast. We carry our own records.
MAP_ANOMALY_CH19_N06_DIALOGUE_03,Renew it as often as you like—same result! We win!
MAP_ANOMALY_CH19_N06_OUTCOME,Victory outcome: threat signal stabilized · no recruitment/reward
MAP_ANOMALY_CH19_N06_TITLE,Anomalous Threat Signal: ENM040
MAP_ANOMALY_CH19_N13_BODY,An anomalous reaction is blocking the route. Analyze the signal before entering the combat zone.
MAP_ANOMALY_CH19_N13_DIALOGUE_01,Passengers whose reasons cannot be verified are subject to removal.
MAP_ANOMALY_CH19_N13_DIALOGUE_02,The heart knows the reason. My pulse has never once faltered.
MAP_ANOMALY_CH19_N13_DIALOGUE_03,"Removal? Sorry, I'm a professional fare dodger."
MAP_ANOMALY_CH19_N13_OUTCOME,Victory outcome: threat signal stabilized · no recruitment/reward
MAP_ANOMALY_CH19_N13_TITLE,Anomalous Threat Signal: ENM041
MAP_ANOMALY_CH20_H02_BODY,An anomalous reaction is blocking the route. Analyze the signal before entering the combat zone.
MAP_ANOMALY_CH20_H02_DIALOGUE_01,Abyss descent zone. Ascent is not permitted.
MAP_ANOMALY_CH20_H02_DIALOGUE_02,Everyone who climbed out without permission is written right here. We'll do the same.
MAP_ANOMALY_CH20_H02_DIALOGUE_03,We'll blast our way up. Mind your heads.
MAP_ANOMALY_CH20_H02_OUTCOME,Victory outcome: threat signal stabilized · no recruitment/reward
MAP_ANOMALY_CH20_H02_TITLE,Anomalous Threat Signal: ENM042
MAP_ANOMALY_CH20_N06_BODY,An anomalous reaction is blocking the route. Analyze the signal before entering the combat zone.
MAP_ANOMALY_CH20_N06_DIALOGUE_01,Designated ignition zone. Passengers carrying flammable memories must discard them immediately.
MAP_ANOMALY_CH20_N06_DIALOGUE_02,"My memories do catch fire pretty easily, but I'm never throwing them out!"
MAP_ANOMALY_CH20_N06_DIALOGUE_03,I'll hold the front. Burn them from behind.
MAP_ANOMALY_CH20_N06_OUTCOME,Victory outcome: threat signal stabilized · no recruitment/reward
MAP_ANOMALY_CH20_N06_TITLE,Anomalous Threat Signal: ENM040
MAP_ANOMALY_CH20_N13_BODY,An anomalous reaction is blocking the route. Analyze the signal before entering the combat zone.
MAP_ANOMALY_CH20_N13_DIALOGUE_01,Forged line signatures detected. All nineteen signatures will be voided.
MAP_ANOMALY_CH20_N13_DIALOGUE_02,Each of those signatures was chosen by our own hands. Calling them forgeries is an insult.
MAP_ANOMALY_CH20_N13_DIALOGUE_03,Need proof of originals? Just ask. Index viewing is free!
MAP_ANOMALY_CH20_N13_OUTCOME,Victory outcome: threat signal stabilized · no recruitment/reward
MAP_ANOMALY_CH20_N13_TITLE,Anomalous Threat Signal: ENM041
MAP_BOSS_CH01_H03_SUBTITLE,Unique boss signal · final route defense
MAP_BOSS_CH01_H03_TITLE,White Dawn Watchline
MAP_BOSS_CH01_H05_DIALOGUE_01,"An evacuation alarm is in effect. All personnel, evacuate the mine immediately."
MAP_BOSS_CH01_H05_DIALOGUE_02,Twelve years of the same call. There's no one left to evacuate.
MAP_BOSS_CH01_H05_DIALOGUE_03,Personnel yet to evacuate detected. Extending the alarm.
MAP_BOSS_CH01_H05_DIALOGUE_04,Then the evacuation ends today. We stop that bell!
MAP_BOSS_CH01_H05_SUBTITLE,Unique boss signal · final route defense
MAP_BOSS_CH01_H05_TITLE,The Severed Lantern · Depths
MAP_BOSS_CH01_H10_SUBTITLE,Unique boss signal · final route defense
MAP_BOSS_CH01_H10_TITLE,Midnight Resonance Line
MAP_BOSS_CH01_N20_DIALOGUE_01,This is the rescue request window. Please take a number.
MAP_BOSS_CH01_N20_DIALOGUE_02,The wait is over. Every signal you swallowed—we're taking them back!
MAP_BOSS_CH01_N20_DIALOGUE_03,Obstruction at the window confirmed. Obstructing passengers will be placed in storage.
MAP_BOSS_CH01_N20_DIALOGUE_04,You're the one getting processed. Out of the way!
MAP_BOSS_CH01_N20_SUBTITLE,Unique boss signal · final route defense
MAP_BOSS_CH01_N20_TITLE,The Severed Lantern
MAP_BOSS_CH02_H05_DIALOGUE_01,Return formation complete. Now recruiting passengers to fill vacant seats.
MAP_BOSS_CH02_H05_DIALOGUE_02,Three thousand empty seats. And it wants to fill them with the living.
MAP_BOSS_CH02_H05_DIALOGUE_03,Passengers identified. Assigning you to the past roster.
MAP_BOSS_CH02_H05_DIALOGUE_04,We'll decline the seating. We choose our own seats.
MAP_BOSS_CH02_H05_SUBTITLE,Return Chamber Depths · Vacant-Seat Formation Directive
MAP_BOSS_CH02_H05_TITLE,Return Formation Core Shutdown
MAP_BOSS_CH02_H10_SUBTITLE,Unique boss signal · final route defense
MAP_BOSS_CH02_H10_TITLE,Return Formation Depths
MAP_BOSS_CH02_N10_SUBTITLE,Return Line Junction · Reverse Procedure Gatekeeper
MAP_BOSS_CH02_N10_TITLE,Central Reverse Gate
MAP_BOSS_CH02_N20_DIALOGUE_01,"Reverse ticketing in progress. Passengers, please form a single line facing the past."
MAP_BOSS_CH02_N20_DIALOGUE_02,"Sorry, but my patients say they like the present best."
MAP_BOSS_CH02_N20_DIALOGUE_03,Noncompliant passengers detected. Revoking tickets.
MAP_BOSS_CH02_N20_DIALOGUE_04,Revoke them if you can. We're non-refundable!
MAP_BOSS_CH02_N20_SUBTITLE,Unique boss signal · final route defense
MAP_BOSS_CH02_N20_TITLE,The Returning Terminus
MAP_BOSS_CH03_H05_DIALOGUE_01,"Observation continues. Subjects, please remain still."
MAP_BOSS_CH03_H05_DIALOGUE_02,"Twelve years of watching. Mountains of records, and not one act of help."
MAP_BOSS_CH03_H05_DIALOGUE_03,Intervention is an observational error. Subjects obstructing observation will be excluded.
MAP_BOSS_CH03_H05_DIALOGUE_04,We didn't come to watch. We came to take back the night.
MAP_BOSS_CH03_H05_SUBTITLE,Unique boss signal · final route defense
MAP_BOSS_CH03_H05_TITLE,Night Train Across Glass · Depths
MAP_BOSS_CH03_N20_DIALOGUE_01,Misaligned passengers detected. Commencing reflection correction.
MAP_BOSS_CH03_N20_DIALOGUE_02,No correction needed. You're the one running half a beat late.
MAP_BOSS_CH03_N20_DIALOGUE_03,Switching to original disposal procedure.
MAP_BOSS_CH03_N20_DIALOGUE_04,Overcharged assault—this time I'm not holding back!
MAP_BOSS_CH03_N20_SUBTITLE,Unique boss signal · final route defense
MAP_BOSS_CH03_N20_TITLE,Night Train Across Glass
MAP_BOSS_CH04_H05_DIALOGUE_01,Warning. Do not approach this area. Warning. Do not come.
MAP_BOSS_CH04_H05_DIALOGUE_02,It's blinked one sentence for twelve years. It's forgotten every other word.
MAP_BOSS_CH04_H05_DIALOGUE_03,Intruders detected. Raising warning intensity to maximum.
MAP_BOSS_CH04_H05_DIALOGUE_04,We've heard enough warnings. Now it's our turn to answer.
MAP_BOSS_CH04_H05_SUBTITLE,Unique boss signal · final route defense
MAP_BOSS_CH04_H05_TITLE,The Drowned Signal Yard · Depths
MAP_BOSS_CH04_N20_DIALOGUE_01,Switching floodgates. The records room is now designated a submersion zone.
MAP_BOSS_CH04_N20_DIALOGUE_02,"That gate isn't closing. This time, I'm the one opening it."
MAP_BOSS_CH04_N20_DIALOGUE_03,Rescue operations are not authorized.
MAP_BOSS_CH04_N20_DIALOGUE_04,"We authorize ourselves. Lamplighters, go!"
MAP_BOSS_CH04_N20_SUBTITLE,Unique boss signal · final route defense
MAP_BOSS_CH04_N20_TITLE,The Drowned Signal Yard
MAP_BOSS_CH05_H05_DIALOGUE_01,Court is in session. All witnesses remain classified as hazardous material.
MAP_BOSS_CH05_H05_DIALOGUE_02,Those people aren't hazards. They only said what they saw.
MAP_BOSS_CH05_H05_DIALOGUE_03,Testimony unsettles the city. Unrest is grounds for blockade.
MAP_BOSS_CH05_H05_DIALOGUE_04,Then we overturn the verdict. The testimony goes out.
MAP_BOSS_CH05_H05_SUBTITLE,Unique boss signal · final route defense
MAP_BOSS_CH05_H05_TITLE,The Ashen City Blockade · Depths
MAP_BOSS_CH05_N20_DIALOGUE_01,Uncounted persons approaching. Report at once to be assigned a number.
MAP_BOSS_CH05_N20_DIALOGUE_02,No one needs a number. Every person here has a name.
MAP_BOSS_CH05_N20_DIALOGUE_03,Close your gunports. The corridor is not yours.
MAP_BOSS_CH05_N20_DIALOGUE_04,Refusal of numbering confirmed. Recalculating threat level.
MAP_BOSS_CH05_N20_SUBTITLE,Unique boss signal · final route defense
MAP_BOSS_CH05_N20_TITLE,The Ashen City Blockade
MAP_BOSS_CH06_H05_DIALOGUE_01,Weather alert issued. The storm is being held in isolation beneath the bridge.
MAP_BOSS_CH06_H05_DIALOGUE_02,"That's not isolation, that's accumulation. Three minutes to its limit."
MAP_BOSS_CH06_H05_DIALOGUE_03,Releasing the storm would endanger the bridge. Release denied.
MAP_BOSS_CH06_H05_DIALOGUE_04,Then we'll scatter it for you. It'll be a little loud.
MAP_BOSS_CH06_H05_SUBTITLE,Unique boss signal · final route defense
MAP_BOSS_CH06_H05_TITLE,Thunder on Skybridge · Depths
MAP_BOSS_CH06_N20_DIALOGUE_01,"Collecting tolls. Passengers, please submit your vital signs."
MAP_BOSS_CH06_N20_DIALOGUE_02,I'll pay in shells. Keep the change.
MAP_BOSS_CH06_N20_DIALOGUE_03,The column crosses. Free of charge.
MAP_BOSS_CH06_N20_DIALOGUE_04,Nonpayment confirmed. Advancing the bridge release procedure.
MAP_BOSS_CH06_N20_SUBTITLE,Unique boss signal · final route defense
MAP_BOSS_CH06_N20_TITLE,Thunder on Skybridge
MAP_BOSS_CH07_H05_DIALOGUE_01,Transmitting guidance in all directions. Every direction is correct.
MAP_BOSS_CH07_H05_DIALOGUE_02,"If every direction is correct, none is. Jamming now."
MAP_BOSS_CH07_H05_DIALOGUE_03,Passengers without direction do not move. Passengers who do not move are safe.
MAP_BOSS_CH07_H05_DIALOGUE_04,"That's not safe, that's stuck. We're taking our bearings back."
MAP_BOSS_CH07_H05_SUBTITLE,Unique boss signal · final route defense
MAP_BOSS_CH07_H05_TITLE,Broadcast Beneath Snow · Depths
MAP_BOSS_CH07_N20_DIALOGUE_01,"Beginning the second verse. Rescue teams, stand by to the very end."
MAP_BOSS_CH07_N20_DIALOGUE_02,That order is dead. No one here answers to dead orders.
MAP_BOSS_CH07_N20_DIALOGUE_03,We're taking those voices back. For their owners.
MAP_BOSS_CH07_N20_DIALOGUE_04,…Noncompliance detected. Drowning it out with the chorus.
MAP_BOSS_CH07_N20_SUBTITLE,Unique boss signal · final route defense
MAP_BOSS_CH07_N20_TITLE,Broadcast Beneath Snow
MAP_BOSS_CH08_H05_DIALOGUE_01,Disposal procedure continues. Collecting everything that falls.
MAP_BOSS_CH08_H05_DIALOGUE_02,"That's not collection, it's feeding. Every bite shakes the orbit."
MAP_BOSS_CH08_H05_DIALOGUE_03,Adding all passengers to the collection list.
MAP_BOSS_CH08_H05_DIALOGUE_04,Don't bother. We're not going to fall.
MAP_BOSS_CH08_H05_SUBTITLE,Unique boss signal · final route defense
MAP_BOSS_CH08_H05_TITLE,The Crimson Quarry Orbit · Depths
MAP_BOSS_CH08_N20_DIALOGUE_01,"Release procedure in progress. Passengers, please submit your heavy memories."
MAP_BOSS_CH08_N20_DIALOGUE_02,I'll carry what's heavy. No more burning.
MAP_BOSS_CH08_N20_DIALOGUE_03,Memories go back to their owners. Stop.
MAP_BOSS_CH08_N20_DIALOGUE_04,Refusal confirmed. Switching to forced collection.
MAP_BOSS_CH08_N20_SUBTITLE,Unique boss signal · final route defense
MAP_BOSS_CH08_N20_TITLE,The Crimson Quarry Orbit
MAP_BOSS_CH09_H05_DIALOGUE_01,Awaiting approval. All matters will be processed once the Director wakes. Expected wake time: undetermined.
MAP_BOSS_CH09_H05_DIALOGUE_02,"Thirty thousand matters in backlog. If that thing never wakes, no one on this floor gets permission for anything."
MAP_BOSS_CH09_H05_DIALOGUE_03,We don't need permission! I'll smash that approval desk to pieces!
MAP_BOSS_CH09_H05_DIALOGUE_04,No need to wake a sleeping procedure. It stops here.
MAP_BOSS_CH09_H05_SUBTITLE,Unique boss signal · final route defense
MAP_BOSS_CH09_H05_TITLE,The Sleeping Directorate · Depths
MAP_BOSS_CH09_N20_DIALOGUE_01,"Sentencing resumes. Defendants and accomplices, please approach the bench."
MAP_BOSS_CH09_N20_DIALOGUE_02,"Here we are! Not to hear a verdict, but to overturn one!"
MAP_BOSS_CH09_N20_DIALOGUE_03,"Right before the gavel drops, the verdict signal cuts out once. We strike in that gap."
MAP_BOSS_CH09_N20_DIALOGUE_04,Don't look at the numbers. Watch each other's backs. Go!
MAP_BOSS_CH09_N20_SUBTITLE,Unique boss signal · final route defense
MAP_BOSS_CH09_N20_TITLE,The Sleeping Directorate
MAP_BOSS_CH10_H05_DIALOGUE_01,"The eclipse performance continues. While the moon is hidden, nothing will be chosen."
MAP_BOSS_CH10_H05_DIALOGUE_02,"The eclipse signal is gripping the junction's time. If it survives, the timetables could split again."
MAP_BOSS_CH10_H05_DIALOGUE_03,Baton tempo: 1.2-second intervals. I fire in between.
MAP_BOSS_CH10_H05_DIALOGUE_04,The performance is over. We're taking back the moon.
MAP_BOSS_CH10_H05_SUBTITLE,Unique boss signal · final route defense
MAP_BOSS_CH10_H05_TITLE,Twin-Moon Junction · Depths
MAP_BOSS_CH10_N20_DIALOGUE_01,"Ten minutes until eclipse. Awaiting selection. If no input is received, both trains will be retired."
MAP_BOSS_CH10_N20_DIALOGUE_02,Ten minutes is thirty shells. Plenty.
MAP_BOSS_CH10_N20_DIALOGUE_03,I'll give you input. With my fists!
MAP_BOSS_CH10_N20_DIALOGUE_04,Keep both headlights at our backs. Don't let either one stop.
MAP_BOSS_CH10_N20_SUBTITLE,Unique boss signal · final route defense
MAP_BOSS_CH10_N20_TITLE,Twin-Moon Junction
MAP_BOSS_CH11_H05_DIALOGUE_01,Maritime notice. These waters are a lost-and-found depository. Removal of stored items is prohibited.
MAP_BOSS_CH11_H05_DIALOGUE_02,"Depository? Every coordinate you've swallowed in twelve years, we're taking back."
MAP_BOSS_CH11_H05_DIALOGUE_03,Hundreds of coordinate readings inside the Blackwater. Some of those signals are still alive.
MAP_BOSS_CH11_H05_DIALOGUE_04,Close in. We make it spit out everything it swallowed.
MAP_BOSS_CH11_H05_SUBTITLE,Unique boss signal · final route defense
MAP_BOSS_CH11_H05_TITLE,The Black-Tide Breakwater · Depths
MAP_BOSS_CH11_N20_DIALOGUE_01,"Resuming harvest procedure. Passengers near the breakwater, please return all lost items."
MAP_BOSS_CH11_N20_DIALOGUE_02,There are no lost items to return. Everything here is someone's homecoming.
MAP_BOSS_CH11_N20_DIALOGUE_03,"Sickle trajectory confirmed. Rotation period, 4.6 seconds. A gap opens at the end of the second swing."
MAP_BOSS_CH11_N20_DIALOGUE_04,We form up around the lantern. We hand over nothing.
MAP_BOSS_CH11_N20_SUBTITLE,Unique boss signal · final route defense
MAP_BOSS_CH11_N20_TITLE,The Black-Tide Breakwater
MAP_BOSS_CH12_H05_DIALOGUE_01,The hymn continues. Locked names remain sealed until the song ends. The song does not end.
MAP_BOSS_CH12_H05_DIALOGUE_02,That hymn's tempo is slower than a heartbeat. The names are bound to that slow rhythm.
MAP_BOSS_CH12_H05_DIALOGUE_03,Then we just break the beat. Before the next one lands.
MAP_BOSS_CH12_H05_DIALOGUE_04,We end the song. We send the names home.
MAP_BOSS_CH12_H05_SUBTITLE,Unique boss signal · final route defense
MAP_BOSS_CH12_H05_TITLE,Key of the Nameless Cathedral · Depths
MAP_BOSS_CH12_N20_DIALOGUE_01,"Commencing re-collection. All worshippers, please place your names upon the altar."
MAP_BOSS_CH12_N20_DIALOGUE_02,There are no names to offer. I'm holding every one of them in rhythm.
MAP_BOSS_CH12_N20_DIALOGUE_03,"You don't even have a name, and you're collecting ours? We're taking them all back!"
MAP_BOSS_CH12_N20_DIALOGUE_04,"I'm Maeru. I'll say it as often as it takes. Lamplighters, on our names. Go!"
MAP_BOSS_CH12_N20_SUBTITLE,Unique boss signal · final route defense
MAP_BOSS_CH12_N20_TITLE,Key of the Nameless Cathedral
MAP_BOSS_CH13_H05_DIALOGUE_01,The Mirage Locomotive is departing. This train arrives nowhere.
MAP_BOSS_CH13_H05_DIALOGUE_02,Who rides a train that never arrives? I'll let you off right here.
MAP_BOSS_CH13_H05_DIALOGUE_03,"Without a terminus, no passenger is ever late. Please board with peace of mind."
MAP_BOSS_CH13_H05_DIALOGUE_04,Late but arriving beats that. Stop!
MAP_BOSS_CH13_H05_SUBTITLE,Unique boss signal · final route defense
MAP_BOSS_CH13_H05_TITLE,Ghost Timetable of the Desert · Depths
MAP_BOSS_CH13_N20_DIALOGUE_01,"Dune Station's final consist is ready to depart. Passengers with the greatest regrets, please board first."
MAP_BOSS_CH13_N20_DIALOGUE_02,A station that queues people by regret. Worst service ever.
MAP_BOSS_CH13_N20_DIALOGUE_03,"Passenger Rias, your car is the heaviest. You have more unchosen lives than anyone."
MAP_BOSS_CH13_N20_DIALOGUE_04,"…That's why I run. If I stop, they all catch up. I'm cutting you loose!"
MAP_BOSS_CH13_N20_SUBTITLE,Unique boss signal · final route defense
MAP_BOSS_CH13_N20_TITLE,Ghost Timetable of the Desert
MAP_BOSS_CH14_H05_DIALOGUE_01,The Inversion Crown is holding up the capital. Remove the crown and the city will fall.
MAP_BOSS_CH14_H05_DIALOGUE_02,Liar. We already set 'down' right. All you're holding is fear.
MAP_BOSS_CH14_H05_DIALOGUE_03,"As long as up and down are reversed, no one leaves. Please remain seated."
MAP_BOSS_CH14_H05_DIALOGUE_04,No time to sit. That crown's coming off!
MAP_BOSS_CH14_H05_SUBTITLE,Unique boss signal · final route defense
MAP_BOSS_CH14_H05_TITLE,The Inverted Capital Ring · Depths
MAP_BOSS_CH14_N20_DIALOGUE_01,Final audit commencing. All will to return within the capital is hereby seized.
MAP_BOSS_CH14_N20_DIALOGUE_02,Seize the wish to go home? I've held on to that for twelve years. You can't have it.
MAP_BOSS_CH14_N20_DIALOGUE_03,The audit's findings are final. Objections will not be accepted.
MAP_BOSS_CH14_N20_DIALOGUE_04,Not an objection. A bug report. Your scale was broken from the start!
MAP_BOSS_CH14_N20_SUBTITLE,Unique boss signal · final route defense
MAP_BOSS_CH14_N20_TITLE,The Inverted Capital Ring
MAP_BOSS_CH15_H05_DIALOGUE_01,The Zero Bloom now begins. All memory returns to the first bud.
MAP_BOSS_CH15_H05_DIALOGUE_02,Return to the first bud and no heartbeat is remembered. That isn't healing.
MAP_BOSS_CH15_H05_DIALOGUE_03,"Return to the beginning, and it becomes a time when nothing was lost. Please close your eyes."
MAP_BOSS_CH15_H05_DIALOGUE_04,"I'll close my eyes tonight. Right now, I cut."
MAP_BOSS_CH15_H05_SUBTITLE,Unique boss signal · final route defense
MAP_BOSS_CH15_H05_TITLE,Garden of the Zero Signal · Depths
MAP_BOSS_CH15_N20_DIALOGUE_01,"The final bloom begins. Passengers, please return to your happiest moment."
MAP_BOSS_CH15_N20_DIALOGUE_02,Not going back. I'm going to make good days ahead.
MAP_BOSS_CH15_N20_DIALOGUE_03,The future offers no guarantees. The happiness here will never wither.
MAP_BOSS_CH15_N20_DIALOGUE_04,Flowers that never wither are fake. One shot's enough.
MAP_BOSS_CH15_N20_SUBTITLE,Unique boss signal · final route defense
MAP_BOSS_CH15_N20_TITLE,Garden of the Zero Signal
MAP_BOSS_CH16_H05_DIALOGUE_01,"Sovereign Engine activating. As the throne is vacant, this engine will govern in its stead."
MAP_BOSS_CH16_H05_DIALOGUE_02,An empty seat's allowed to stay empty. Don't force it full.
MAP_BOSS_CH16_H05_DIALOGUE_03,No ruler means no orders. No orders means chaos. Targeting both capitals.
MAP_BOSS_CH16_H05_DIALOGUE_04,We'll handle the chaos. Lower your guns.
MAP_BOSS_CH16_H05_SUBTITLE,Unique boss signal · final route defense
MAP_BOSS_CH16_H05_TITLE,War of the Rail Crown · Depths
MAP_BOSS_CH16_N20_DIALOGUE_01,"Succession procedure, final stage. All who are not the victor will be excluded."
MAP_BOSS_CH16_N20_DIALOGUE_02,There's no one to exclude. Everyone here is someone going home.
MAP_BOSS_CH16_N20_DIALOGUE_03,Medical signal source confirmed. Terminating the act of treason.
MAP_BOSS_CH16_N20_DIALOGUE_04,The only thing terminating is your procedure. Cover Noar. Don't give an inch.
MAP_BOSS_CH16_N20_SUBTITLE,Unique boss signal · final route defense
MAP_BOSS_CH16_N20_TITLE,War of the Rail Crown
MAP_BOSS_CH17_H05_DIALOGUE_01,This floor is for overwriting only. Viewing originals is not permitted.
MAP_BOSS_CH17_H05_DIALOGUE_02,You covered the originals but could never throw them away. That's your weakness.
MAP_BOSS_CH17_H05_DIALOGUE_03,Overwritten history is more peaceful. Please let the names below keep sleeping.
MAP_BOSS_CH17_H05_DIALOGUE_04,Even sleeping names have a pulse. We've come to wake them.
MAP_BOSS_CH17_H05_SUBTITLE,Unique boss signal · final route defense
MAP_BOSS_CH17_H05_TITLE,Archive of Afterglow · Depths
MAP_BOSS_CH17_N20_DIALOGUE_01,"Final indexing operation. All joining records will be destroyed, starting from page one."
MAP_BOSS_CH17_N20_DIALOGUE_02,From page one? Then I'll read it all back from page one. Out loud!
MAP_BOSS_CH17_N20_DIALOGUE_03,Reading aloud in the archive violates regulations. Please be quiet.
MAP_BOSS_CH17_N20_DIALOGUE_04,"Quiet time's over. Lamplighters, call each other's names!"
MAP_BOSS_CH17_N20_SUBTITLE,Unique boss signal · final route defense
MAP_BOSS_CH17_N20_TITLE,Archive of Afterglow
MAP_BOSS_CH18_H05_DIALOGUE_01,This is Midnight Terminus. This station is the final stop for every line.
MAP_BOSS_CH18_H05_DIALOGUE_02,A 'final stop' isn't a design. It's an order. Orders can be cut.
MAP_BOSS_CH18_H05_DIALOGUE_03,No time exists after the terminal hour. Please prepare to disembark.
MAP_BOSS_CH18_H05_DIALOGUE_04,We decide when we get off. Starting with stopping your clock.
MAP_BOSS_CH18_H05_SUBTITLE,Unique boss signal · final route defense
MAP_BOSS_CH18_H05_TITLE,Eve of the Last Line · Depths
MAP_BOSS_CH18_N20_DIALOGUE_01,"Midnight barrage ready to fire. All passengers, please be seated."
MAP_BOSS_CH18_N20_DIALOGUE_02,I'll pass on sitting down. We've still got shells left.
MAP_BOSS_CH18_N20_DIALOGUE_03,Remaining time is hereby confiscated. Objections will not be accepted.
MAP_BOSS_CH18_N20_DIALOGUE_04,Then we file our objection by artillery. Open fire!
MAP_BOSS_CH18_N20_SUBTITLE,Unique boss signal · final route defense
MAP_BOSS_CH18_N20_TITLE,Eve of the Last Line
MAP_BOSS_CH19_H05_DIALOGUE_01,This is the Ouroboros Rail. This train's origin and terminus are the same. It runs forever.
MAP_BOSS_CH19_H05_DIALOGUE_02,"If origin and terminus are the same, there's a seam. We cut it there."
MAP_BOSS_CH19_H05_DIALOGUE_03,"A severed track ends service. For your safety, please maintain the loop."
MAP_BOSS_CH19_H05_DIALOGUE_04,A dangerous 'next' beats a safe forever. Aim locked.
MAP_BOSS_CH19_H05_SUBTITLE,Unique boss signal · final route defense
MAP_BOSS_CH19_H05_TITLE,The Unfading Circuit · Depths
MAP_BOSS_CH19_N20_DIALOGUE_01,Enforcing substitute passenger designation. The designated passenger must remain seated.
MAP_BOSS_CH19_N20_DIALOGUE_02,Go ahead and designate someone. I'll read their reason back to them.
MAP_BOSS_CH19_N20_DIALOGUE_03,Recorded reasons have no validity. Only tickets are valid.
MAP_BOSS_CH19_N20_DIALOGUE_04,"Our tickets are all round-trip. Lamplighters, break through!"
MAP_BOSS_CH19_N20_SUBTITLE,Unique boss signal · final route defense
MAP_BOSS_CH19_N20_TITLE,The Unfading Circuit
MAP_BOSS_CH20_H05_DIALOGUE_01,The Lumen Abyss is a repository for discarded records. Removal is not permitted.
MAP_BOSS_CH20_H05_DIALOGUE_02,"They weren't discarded. No one ever read them, that's all. I'll read them."
MAP_BOSS_CH20_H05_DIALOGUE_03,"Sunken records are at peace. If they surface again, they will hurt again."
MAP_BOSS_CH20_H05_DIALOGUE_04,It's all right to hurt. It means being alive. We're taking them all home.
MAP_BOSS_CH20_H05_SUBTITLE,Unique boss signal · final route defense
MAP_BOSS_CH20_H05_TITLE,The Last Lantern · Depths
MAP_BOSS_CH20_N20_DIALOGUE_01,Final Line floodgate: commencing closure. The lantern and all passengers will be permanently isolated.
MAP_BOSS_CH20_N20_DIALOGUE_02,Isolation isn't what walls are for. A wall waits for people to come home.
MAP_BOSS_CH20_N20_DIALOGUE_03,Warning. Light summons darkness. Cease ignition.
MAP_BOSS_CH20_N20_DIALOGUE_04,"Then we take the darkness with us. Lamplighters, to the Last Lantern!"
MAP_BOSS_CH20_N20_SUBTITLE,Unique boss signal · final route defense
MAP_BOSS_CH20_N20_TITLE,The Last Lantern
MAP_BOSS_CONTACT_CAPTION,Threat Signal · Anomalous Entity Detected
MAP_BOSS_N10_EVENT_TITLE,Deep Signal Interdiction
MAP_BOSS_N10_SUBTITLE,Relay Depths · Access-Control Entity
MAP_BOSS_UNKNOWN_NAME,Unidentified Threat
MAP_BOSS_UNKNOWN_SUBTITLE,Signal Scan In Progress
MAP_CONTACT_CH01_H03_BODY,Rescue coordinates overlap inside a distorted return signal. Complete the contact to verify who answers it.
MAP_CONTACT_CH01_H03_DIALOGUE_01,"Hold it. Up there, between the timbers. A muzzle, aimed at us."
MAP_CONTACT_CH01_H03_DIALOGUE_02,Don't move. One question. Get it wrong and I shoot.
MAP_CONTACT_CH01_H03_DIALOGUE_03,"You. The loud one. Tell me the name of the one on your left, and what she hates most."
MAP_CONTACT_CH01_H03_DIALOGUE_04,"My left? That's Captain Roan, and she hates waiting in line more than anything!"
MAP_CONTACT_CH01_H03_DIALOGUE_05,…Echoforms can't answer questions. And that answer was needlessly long. You're human.
MAP_CONTACT_CH01_H03_DIALOGUE_06,Kairen. Mine guard. …I hear your voices behind you again. Those are fakes.
MAP_CONTACT_CH01_H03_DIALOGUE_07,A swarm of echoforms wearing our voices. One shot might not cut it today.
MAP_CONTACT_CH01_H03_DIALOGUE_08,"If you're real, you can shoot the fakes. Show me."
MAP_CONTACT_CH01_H03_OUTCOME,Joins on victory in this battle · Kairen
MAP_CONTACT_CH01_H03_TITLE,Wandering Lamplighter: Kairen
MAP_CONTACT_CH01_N08_BODY,Rescue coordinates overlap inside a distorted return signal. Complete the contact to verify who answers it.
MAP_CONTACT_CH01_N08_DIALOGUE_01,One life sign at the relay. Surrounded by echoforms.
MAP_CONTACT_CH01_N08_DIALOGUE_02,Stop! Whose signal did you ride in on? I've heard enough mimicked voices to last a lifetime.
MAP_CONTACT_CH01_N08_DIALOGUE_03,We're the Lamplighters. We followed the distress call.
MAP_CONTACT_CH01_N08_DIALOGUE_04,The echoforms said the same thing. 'We're here to save you.' That was the eleventh time.
MAP_CONTACT_CH01_N08_DIALOGUE_05,We're real! Have you ever met an echoform this loud?
MAP_CONTACT_CH01_N08_DIALOGUE_06,…I'll grant you loud. But words can be copied.
MAP_CONTACT_CH01_N08_DIALOGUE_07,Fine. Then prove it. Clear those things out first. We talk after.
MAP_CONTACT_CH01_N08_DIALOGUE_08,"One shot's enough. Watch closely, signal tracker."
MAP_CONTACT_CH01_N08_OUTCOME,Joins on victory in this battle · Vera
MAP_CONTACT_CH01_N08_TITLE,Special Signal: Vera
MAP_CONTACT_CH02_H03_BODY,Rescue coordinates overlap inside a distorted return signal. Complete the contact to verify who answers it.
MAP_CONTACT_CH02_H03_DIALOGUE_01,We've reached the telegraph source. Someone's working a telegraph key.
MAP_CONTACT_CH02_H03_DIALOGUE_02,Received. Unknown. Multiple. Return crew. Confirm. Over.
MAP_CONTACT_CH02_H03_DIALOGUE_03,…Was that directed at us? Like a telegram?
MAP_CONTACT_CH02_H03_DIALOGUE_04,We're not a return crew. We're the Lamplighters. We came to stop the returns.
MAP_CONTACT_CH02_H03_DIALOGUE_05,Return crews. Always. Same answer. Twelve years. Fooled before.
MAP_CONTACT_CH02_H03_DIALOGUE_06,Proof. Required. After combat. Will re-receive. Over.
MAP_CONTACT_CH02_H03_DIALOGUE_07,"Whoa, she talks in beats! That's cool and terrifying!"
MAP_CONTACT_CH02_H03_DIALOGUE_08,Evaluation. Unnecessary. Commencing.
MAP_CONTACT_CH02_H03_OUTCOME,Joins on victory in this battle · Inoa
MAP_CONTACT_CH02_H03_TITLE,Wandering Lamplighter: Inoa
MAP_CONTACT_CH02_N19_BODY,Rescue coordinates overlap inside a distorted return signal. Complete the contact to verify who answers it.
MAP_CONTACT_CH02_N19_DIALOGUE_01,"Signal confirmed at the central gates. It's Iri. Several wounded, and a pack of echoforms."
MAP_CONTACT_CH02_N19_DIALOGUE_02,"Oh, you made it. …Sorry I'm late. I said I'd keep the way open."
MAP_CONTACT_CH02_N19_DIALOGUE_03,We're the ones who are late. How many wounded?
MAP_CONTACT_CH02_N19_DIALOGUE_04,"Twenty-six. Every one of them is about to be overwritten. If I let go, they get dragged into the past."
MAP_CONTACT_CH02_N19_DIALOGUE_05,"Then keep treating them, Iri! We'll do the fighting!"
MAP_CONTACT_CH02_N19_DIALOGUE_06,Thank you. Then may I ask a favor? Don't let those things past the gates.
MAP_CONTACT_CH02_N19_DIALOGUE_07,Ask that sweetly and I'll want to fire an extra round.
MAP_CONTACT_CH02_N19_DIALOGUE_08,"…Be careful. If you get hurt, I'll just get busier."
MAP_CONTACT_CH02_N19_OUTCOME,Joins on victory in this battle · Iri
MAP_CONTACT_CH02_N19_TITLE,Special Signal: Iri
MAP_CONTACT_CH03_H03_BODY,Rescue coordinates overlap inside a distorted return signal. Complete the contact to verify who answers it.
MAP_CONTACT_CH03_H03_DIALOGUE_01,"On that rock. Someone with a spear, grinning at us."
MAP_CONTACT_CH03_H03_DIALOGUE_02,Ha! The prey's finally come to me on its own feet! You lot—copies or originals?
MAP_CONTACT_CH03_H03_DIALOGUE_03,Originals. I can prove it by the beat.
MAP_CONTACT_CH03_H03_DIALOGUE_04,"Beat? Don't know about that. I'm a hunter. Copy or not, hunt together and you'll find out!"
MAP_CONTACT_CH03_H03_DIALOGUE_05,Hunt together? Sure! What are we catching?
MAP_CONTACT_CH03_H03_DIALOGUE_06,All of you! …Half joking. Let's go a round. Real ones hold up. Fakes shatter!
MAP_CONTACT_CH03_H03_DIALOGUE_07,"Rough way to run a test. Then again, it's easy to read."
MAP_CONTACT_CH03_H03_DIALOGUE_08,Here I come! No hesitation on this spear!
MAP_CONTACT_CH03_H03_OUTCOME,Joins on victory in this battle · Dran
MAP_CONTACT_CH03_H03_TITLE,Wandering Lamplighter: Dran
MAP_CONTACT_CH03_N10_BODY,Rescue coordinates overlap inside a distorted return signal. Complete the contact to verify who answers it.
MAP_CONTACT_CH03_N10_DIALOGUE_01,"Someone's on the train roof, carving signal marks. …That's a real human signal."
MAP_CONTACT_CH03_N10_DIALOGUE_02,"That's far enough. Judging by your approach speed, fifty-fifty you're originals."
MAP_CONTACT_CH03_N10_DIALOGUE_03,Fifty-fifty? On what basis?
MAP_CONTACT_CH03_N10_DIALOGUE_04,Copies run half a beat behind originals. I'll count time from here. Fight on my signal.
MAP_CONTACT_CH03_N10_DIALOGUE_05,"Anyone late gets shot. Anyone on time, I'll talk to. Simple."
MAP_CONTACT_CH03_N10_DIALOGUE_06,Rhythm? I'm great at rhythm games! …Probably!
MAP_CONTACT_CH03_N10_DIALOGUE_07,"Fine. We'll take your test. But afterward, we hear your story too."
MAP_CONTACT_CH03_N10_DIALOGUE_08,"Three, two, one. Go."
MAP_CONTACT_CH03_N10_OUTCOME,Joins on victory in this battle · Toa
MAP_CONTACT_CH03_N10_TITLE,Special Signal: Toa
MAP_CONTACT_CH04_H03_BODY,Rescue coordinates overlap inside a distorted return signal. Complete the contact to verify who answers it.
MAP_CONTACT_CH04_H03_DIALOGUE_01,Someone's surfacing. Diving suit… with a medical insignia.
MAP_CONTACT_CH04_H03_DIALOGUE_02,"…Shh. Slowly. Down here… move too fast, and your breath runs out first."
MAP_CONTACT_CH04_H03_DIALOGUE_03,You're a medic? We have one too. If anyone's hurt…
MAP_CONTACT_CH04_H03_DIALOGUE_04,"…I'm Merin. I look after the wounded. But you… came to stop the semaphore, didn't you?"
MAP_CONTACT_CH04_H03_DIALOGUE_05,That signal… keeps people out of the water. If it stops… they might all come back down.
MAP_CONTACT_CH04_H03_DIALOGUE_06,'Do not approach' alone protects no one. We'll show you.
MAP_CONTACT_CH04_H03_DIALOGUE_07,I've never fought holding my breath before!
MAP_CONTACT_CH04_H03_DIALOGUE_08,"…Then prove it. Slowly, hold your breath… begin."
MAP_CONTACT_CH04_H03_OUTCOME,Joins on victory in this battle · Merin
MAP_CONTACT_CH04_H03_TITLE,Wandering Lamplighter: Merin
MAP_CONTACT_CH04_N12_BODY,Rescue coordinates overlap inside a distorted return signal. Complete the contact to verify who answers it.
MAP_CONTACT_CH04_N12_DIALOGUE_01,Someone at the floodgate. Holding a gate shut with her body. Against that pressure… impossible.
MAP_CONTACT_CH04_N12_DIALOGUE_02,"Stay back! If I let go, everything floods!"
MAP_CONTACT_CH04_N12_DIALOGUE_03,Lamplighters. We're here to help. What do you need first?
MAP_CONTACT_CH04_N12_DIALOGUE_04,Help? …Fine. You do the fighting. I can't let go of this gate.
MAP_CONTACT_CH04_N12_DIALOGUE_05,"The echoforms are after the gate controls. If those break, everything below goes under."
MAP_CONTACT_CH04_N12_DIALOGUE_06,How long have you been holding on alone? Your arms are shaking!
MAP_CONTACT_CH04_N12_DIALOGUE_07,Longer than I can count. Talk later. Hurry!
MAP_CONTACT_CH04_N12_DIALOGUE_08,Orders received. Not one of them gets near those controls.
MAP_CONTACT_CH04_N12_OUTCOME,Joins on victory in this battle · Liv
MAP_CONTACT_CH04_N12_TITLE,Special Signal: Liv
MAP_CONTACT_CH05_H03_BODY,Rescue coordinates overlap inside a distorted return signal. Complete the contact to verify who answers it.
MAP_CONTACT_CH05_H03_DIALOGUE_01,Targeting signal from the anti-air battery. It's locked right on us.
MAP_CONTACT_CH05_H03_DIALOGUE_02,"You, at the back! New blockade squad? How many are you here to count this time?"
MAP_CONTACT_CH05_H03_DIALOGUE_03,We're not the blockade. We're the Lamplighters. We opened the gate.
MAP_CONTACT_CH05_H03_DIALOGUE_04,Don't make me laugh. That gate's been shut twelve years. Only the citadel's speakers ever said otherwise.
MAP_CONTACT_CH05_H03_DIALOGUE_05,Your gun's about three degrees left. You won't hit us at that angle.
MAP_CONTACT_CH05_H03_DIALOGUE_06,"…Excuse me? You're critiquing my aim? Fine. Take a shot first, then talk!"
MAP_CONTACT_CH05_H03_DIALOGUE_07,Guess that's the end of the talking. I'll be up at that battery in one sprint.
MAP_CONTACT_CH05_H03_OUTCOME,Joins on victory in this battle · Ciel
MAP_CONTACT_CH05_H03_TITLE,Wandering Lamplighter: Ciel
MAP_CONTACT_CH05_N09_BODY,Rescue coordinates overlap inside a distorted return signal. Complete the contact to verify who answers it.
MAP_CONTACT_CH05_N09_DIALOGUE_01,One person behind the barricade. And lying around her… more than twenty.
MAP_CONTACT_CH05_N09_DIALOGUE_02,Stop right there! One more step and you'll bring the ash in. I'm in the middle of surgery.
MAP_CONTACT_CH05_N09_DIALOGUE_03,We're the Lamplighters. We've come to move the wounded.
MAP_CONTACT_CH05_N09_DIALOGUE_04,Move them now and they'll die. I can't leave this place until the treatment's done.
MAP_CONTACT_CH05_N09_DIALOGUE_05,But those things are coming. They swarm whenever the broadcast sounds.
MAP_CONTACT_CH05_N09_DIALOGUE_06,Then we'll hold them off! Keep operating!
MAP_CONTACT_CH05_N09_DIALOGUE_07,…Thank you. Three more sutures. Just hold them that long.
MAP_CONTACT_CH05_N09_OUTCOME,Joins after operation victories · Seon 2 battle(s)
MAP_CONTACT_CH05_N09_TITLE,Special Signal: Seon
MAP_CONTACT_CH06_H03_BODY,Rescue coordinates overlap inside a distorted return signal. Complete the contact to verify who answers it.
MAP_CONTACT_CH06_H03_DIALOGUE_01,Someone's hanging off the end of the pylon. Tightening bolts in this wind!
MAP_CONTACT_CH06_H03_DIALOGUE_02,"…Oh, visitors. Hang on. This bolt just needs another half turn."
MAP_CONTACT_CH06_H03_DIALOGUE_03,We're the Lamplighters. Come down from there. The storm's getting worse.
MAP_CONTACT_CH06_H03_DIALOGUE_04,"If I come down, this pylon shakes. I've been tightening it for twelve years. I know it best."
MAP_CONTACT_CH06_H03_DIALOGUE_05,"And, um… I don't know yet if you're real people. The lightning echoes are good mimics."
MAP_CONTACT_CH06_H03_DIALOGUE_06,Then check. What would it take for you to believe us?
MAP_CONTACT_CH06_H03_DIALOGUE_07,Help me hold off those lightning echoes coming this way. Take it slow. A bolt tightened in a hurry comes loose fast.
MAP_CONTACT_CH06_H03_OUTCOME,Joins on victory in this battle · Rome
MAP_CONTACT_CH06_H03_TITLE,Wandering Lamplighter: Rome
MAP_CONTACT_CH06_N13_BODY,Rescue coordinates overlap inside a distorted return signal. Complete the contact to verify who answers it.
MAP_CONTACT_CH06_N13_DIALOGUE_01,One battery's still alive. The firing intervals are exact. A person is firing it.
MAP_CONTACT_CH06_N13_DIALOGUE_02,"Civilians, stand back. This is a combat zone. Impact in three seconds."
MAP_CONTACT_CH06_N13_DIALOGUE_03,We're not civilians. We're the Lamplighters.
MAP_CONTACT_CH06_N13_DIALOGUE_04,…Lamplighters. I heard a rumor that some came back from Platform Seven.
MAP_CONTACT_CH06_N13_DIALOGUE_05,"Very well, then. A request. I need ninety seconds to calculate. Guard this battery until then."
MAP_CONTACT_CH06_N13_DIALOGUE_06,Ninety seconds? That's like thirty lightning strikes!
MAP_CONTACT_CH06_N13_DIALOGUE_07,"Get through all thirty without a single mistake, and the bridge is crossed. Begin."
MAP_CONTACT_CH06_N13_OUTCOME,Joins after operation victories · Adeline 2 battle(s)
MAP_CONTACT_CH06_N13_TITLE,Special Signal: Adeline
MAP_CONTACT_CH07_H03_BODY,Rescue coordinates overlap inside a distorted return signal. Complete the contact to verify who answers it.
MAP_CONTACT_CH07_H03_DIALOGUE_01,"Human footsteps. Real. One person, following behind us."
MAP_CONTACT_CH07_H03_DIALOGUE_02,I'm not following. You barged onto my trail. And drop the rescue-team act.
MAP_CONTACT_CH07_H03_DIALOGUE_03,It's no act. We're the Lamplighters. We came to rescue.
MAP_CONTACT_CH07_H03_DIALOGUE_04,"A rescue team? We believed that and waited, and they all froze to death. All eleven of my search party."
MAP_CONTACT_CH07_H03_DIALOGUE_05,Every 'rescue team' said 'stand by' and never came. You're no different.
MAP_CONTACT_CH07_H03_DIALOGUE_06,We only ever say 'come.' We never say 'wait.'
MAP_CONTACT_CH07_H03_DIALOGUE_07,"Anyone can talk. Prove it. Survive those white things, and then I'll believe you."
MAP_CONTACT_CH07_H03_OUTCOME,Joins on victory in this battle · Kian
MAP_CONTACT_CH07_H03_TITLE,Wandering Lamplighter: Kian
MAP_CONTACT_CH07_N11_BODY,Rescue coordinates overlap inside a distorted return signal. Complete the contact to verify who answers it.
MAP_CONTACT_CH07_N11_DIALOGUE_01,Short pulse signal in the blizzard. Regular. It's cutting out the false bearings one by one.
MAP_CONTACT_CH07_N11_DIALOGUE_02,Stop. One step left is a false path. That's snow piled over a cliff.
MAP_CONTACT_CH07_N11_DIALOGUE_03,We're the Lamplighters. We're looking for the source of the broadcast.
MAP_CONTACT_CH07_N11_DIALOGUE_04,"I know. I've been hearing you for thirty minutes. Your footsteps were real, so I let you live."
MAP_CONTACT_CH07_N11_DIALOGUE_05,Follow my frequency only. Every other sound is a lie. Including what's closing in on us.
MAP_CONTACT_CH07_N11_DIALOGUE_06,Twelve echoforms. All repeating 'Over here' in rescuers' voices. …Elaborate.
MAP_CONTACT_CH07_N11_DIALOGUE_07,"The more elaborate, the more false. A real survivor wouldn't have the strength to speak so clearly. Fire."
MAP_CONTACT_CH07_N11_OUTCOME,Joins after operation victories · Kir 2 battle(s)
MAP_CONTACT_CH07_N11_TITLE,Special Signal: Kir
MAP_CONTACT_CH08_H03_BODY,Rescue coordinates overlap inside a distorted return signal. Complete the contact to verify who answers it.
MAP_CONTACT_CH08_H03_DIALOGUE_01,Calculation signal among the debris. Thousands per second. No human does mental math that fast.
MAP_CONTACT_CH08_H03_DIALOGUE_02,"Fragment seven thousand three hundred twelve, orbit confirmed. Wait, you seven… no, fourteen. You're disrupting orbits."
MAP_CONTACT_CH08_H03_DIALOGUE_03,We're the Lamplighters. We're here to stop the debris from falling.
MAP_CONTACT_CH08_H03_DIALOGUE_04,Stop it? How many of forty-two thousand fragments? Give me a probability. A probability.
MAP_CONTACT_CH08_H03_DIALOGUE_05,…All of them. We're aiming for a hundred percent.
MAP_CONTACT_CH08_H03_DIALOGUE_06,"Unscientific. I like it. Still, it needs verifying. Start by changing that echo swarm's orbit."
MAP_CONTACT_CH08_H03_DIALOGUE_07,"A test, then. All right. You do the math. We'll do the holding."
MAP_CONTACT_CH08_H03_OUTCOME,Joins on victory in this battle · Dael
MAP_CONTACT_CH08_H03_TITLE,Wandering Lamplighter: Dael
MAP_CONTACT_CH08_N14_BODY,Rescue coordinates overlap inside a distorted return signal. Complete the contact to verify who answers it.
MAP_CONTACT_CH08_N14_DIALOGUE_01,The counterweight sector. Someone over there is holding up the ring's weight with a single shield!
MAP_CONTACT_CH08_N14_DIALOGUE_02,"Visitors. Sorry, I can't shake hands. Both of mine are busy with this ring."
MAP_CONTACT_CH08_N14_DIALOGUE_03,We're the Lamplighters. We've come to stop the ring from falling.
MAP_CONTACT_CH08_N14_DIALOGUE_04,Good timing. Then let's split the work. I'll hold on. You go inside.
MAP_CONTACT_CH08_N14_DIALOGUE_05,How long have you been holding this alone? Your shield core is overheating!
MAP_CONTACT_CH08_N14_DIALOGUE_06,"Three days. Or four. It's fine, I'm used to heavy things. Those come first."
MAP_CONTACT_CH08_N14_DIALOGUE_07,Drill echo swarm! They're going for the counterweight. We hold here first.
MAP_CONTACT_CH08_N14_DIALOGUE_08,Thank you. Then I'll leave my back to you for a bit. It's been a long time since I could do that.
MAP_CONTACT_CH08_N14_OUTCOME,Joins after operation victories · Rema 2 battle(s)
MAP_CONTACT_CH08_N14_TITLE,Special Signal: Rema
MAP_CONTACT_CH09_H03_BODY,Rescue coordinates overlap inside a distorted return signal. Complete the contact to verify who answers it.
MAP_CONTACT_CH09_H03_DIALOGUE_01,"Halt. Directorate Security Regulation, Article 3. Present your pass."
MAP_CONTACT_CH09_H03_DIALOGUE_02,A pass? Hasn't that door been open for twelve years?
MAP_CONTACT_CH09_H03_DIALOGUE_03,"An open door is not an open regulation. Without a pass, you will be removed."
MAP_CONTACT_CH09_H03_DIALOGUE_04,We just stopped the court downstairs. We're here to stop the procedure inside too.
MAP_CONTACT_CH09_H03_DIALOGUE_05,No procedure may be stopped without the Director's approval. Article 4: intruders will be subdued.
MAP_CONTACT_CH09_H03_DIALOGUE_06,"Rules, rules! Fine. I'll get your approval the physical way!"
MAP_CONTACT_CH09_H03_DIALOGUE_07,"Veon, don't hurt her. She's guarded this place for twelve years."
MAP_CONTACT_CH09_H03_DIALOGUE_08,…Warnings are concluded. Commencing suppression.
MAP_CONTACT_CH09_H03_OUTCOME,Joins on victory in this battle · Orbin
MAP_CONTACT_CH09_H03_TITLE,Wandering Lamplighter: Orbin
MAP_CONTACT_CH09_N10_BODY,Rescue coordinates overlap inside a distorted return signal. Complete the contact to verify who answers it.
MAP_CONTACT_CH09_N10_DIALOGUE_01,One life sign in the court wing. On top of a pile of verdicts. Four echoform bailiffs around her.
MAP_CONTACT_CH09_N10_DIALOGUE_02,"Back again, bailiffs? A trial? Fine. I'll take it all under my name!"
MAP_CONTACT_CH09_N10_DIALOGUE_03,She's stacked the verdicts into a barricade and she's fighting from behind it?
MAP_CONTACT_CH09_N10_DIALOGUE_04,"Hey, you lot! Defendants or spectators? Spectators, move. Defendants, get behind me!"
MAP_CONTACT_CH09_N10_DIALOGUE_05,Neither. We're the Lamplighters. We came to wake the sleepers.
MAP_CONTACT_CH09_N10_DIALOGUE_06,Wake them? Ha! Best verdict I've heard all day. Then let's smash these together!
MAP_CONTACT_CH09_N10_DIALOGUE_07,"Great, I'm overcharged right now! I'll burn them up, verdicts and all!"
MAP_CONTACT_CH09_N10_DIALOGUE_08,Careful! Take a hit from those gavels and the dream verdict gets carved into your body!
MAP_CONTACT_CH09_N10_OUTCOME,Joins after operation victories · Veon 2 battle(s)
MAP_CONTACT_CH09_N10_TITLE,Special Signal: Veon
MAP_CONTACT_CH10_H03_BODY,Rescue coordinates overlap inside a distorted return signal. Complete the contact to verify who answers it.
MAP_CONTACT_CH10_H03_DIALOGUE_01,Shh. A new star just appeared on the edge of the eclipse. I'm naming it.
MAP_CONTACT_CH10_H03_DIALOGUE_02,"Sorry to interrupt the naming, but you're surrounded by echoforms."
MAP_CONTACT_CH10_H03_DIALOGUE_03,"Oh, those? They come every night. A sort of constellation guarding the eclipse. What constellation are you?"
MAP_CONTACT_CH10_H03_DIALOGUE_04,…The Lamplighters. Not a constellation. We're here to shut off that tower's eclipse signal.
MAP_CONTACT_CH10_H03_DIALOGUE_05,"You can't. When the eclipse ends, the stars disappear. This was the only place I could see them for twelve years."
MAP_CONTACT_CH10_H03_DIALOGUE_06,An eclipse is an astronomical event. Ending is normal. Move.
MAP_CONTACT_CH10_H03_DIALOGUE_07,Then how about this: I'll check with my telescope cannon whether you can really show me stars!
MAP_CONTACT_CH10_H03_DIALOGUE_08,…A test. We accept. Don't break her telescope.
MAP_CONTACT_CH10_H03_OUTCOME,Joins on victory in this battle · Heraon
MAP_CONTACT_CH10_H03_TITLE,Wandering Lamplighter: Heraon
MAP_CONTACT_CH10_N15_BODY,Rescue coordinates overlap inside a distorted return signal. Complete the contact to verify who answers it.
MAP_CONTACT_CH10_N15_DIALOGUE_01,One life sign at the highland battery. Echoforms have it surrounded.
MAP_CONTACT_CH10_N15_DIALOGUE_02,"Drift, 0.4 seconds. Thanks to you, I have to measure again."
MAP_CONTACT_CH10_N15_DIALOGUE_03,"…We came to rescue you, and that's your first line?"
MAP_CONTACT_CH10_N15_DIALOGUE_04,I didn't request rescue. Your footsteps drowned out the impact of my last shell. Record void.
MAP_CONTACT_CH10_N15_DIALOGUE_05,"Gunner, we will protect your ballistic records. Continue firing."
MAP_CONTACT_CH10_N15_DIALOGUE_06,"…Military, huh. Fine. You get thirty seconds to clear them. Twenty-nine, twenty-eight."
MAP_CONTACT_CH10_N15_DIALOGUE_07,She's the type who bosses people around by countdown. I like her.
MAP_CONTACT_CH10_N15_DIALOGUE_08,You heard her. Twenty-seven seconds. Move.
MAP_CONTACT_CH10_N15_OUTCOME,Joins after operation victories · Hart 2 battle(s)
MAP_CONTACT_CH10_N15_TITLE,Special Signal: Hart
MAP_CONTACT_CH11_H03_BODY,Rescue coordinates overlap inside a distorted return signal. Complete the contact to verify who answers it.
MAP_CONTACT_CH11_H03_DIALOGUE_01,"You, in the boat! If you're watching, move. If you're helping, grab a rope!"
MAP_CONTACT_CH11_H03_DIALOGUE_02,We're here to help. But there are echoforms behind you…
MAP_CONTACT_CH11_H03_DIALOGUE_03,"I know! Three days without sleep keeping those things off the coordinates. If you can save it, you save it. What's to think about!"
MAP_CONTACT_CH11_H03_DIALOGUE_04,"A breakwater rescuer, I see. We've already anchored those coordinates. Please step back."
MAP_CONTACT_CH11_H03_DIALOGUE_05,Anchored? That's what you Guard shield-pushers always say. And you lost half of them!
MAP_CONTACT_CH11_H03_DIALOGUE_06,…I won't argue. That's why I'm recovering them again now.
MAP_CONTACT_CH11_H03_DIALOGUE_07,Talk's cheap. I need to see if you're faster than those things. Get in my way and I'll shove you off too!
MAP_CONTACT_CH11_H03_DIALOGUE_08,Fine. Let's see who saves more.
MAP_CONTACT_CH11_H03_OUTCOME,Joins on victory in this battle · Mire
MAP_CONTACT_CH11_H03_TITLE,Wandering Lamplighter: Mire
MAP_CONTACT_CH11_N11_BODY,Rescue coordinates overlap inside a distorted return signal. Complete the contact to verify who answers it.
MAP_CONTACT_CH11_N11_DIALOGUE_01,Life sign on the north dike. She's spread a shield net over the sea. Echoforms are tearing at it.
MAP_CONTACT_CH11_N11_DIALOGUE_02,"Stand back, please. I cannot release a single coordinate caught in this net."
MAP_CONTACT_CH11_N11_DIALOGUE_03,In that net… is there a coordinate called Rescue Zero-Three?
MAP_CONTACT_CH11_N11_DIALOGUE_04,There is. The oldest coordinate to wash in tonight. Is she one of yours?
MAP_CONTACT_CH11_N11_DIALOGUE_05,…She's mine.
MAP_CONTACT_CH11_N11_DIALOGUE_06,"Then help me. I cannot abandon drifting coordinates, and alone, this net won't hold."
MAP_CONTACT_CH11_N11_DIALOGUE_07,"I'll brace one side of the net. Captain, eyes forward."
MAP_CONTACT_CH11_N11_DIALOGUE_08,…Thank you. Then let us begin.
MAP_CONTACT_CH11_N11_OUTCOME,Joins after operation victories · Orsa 2 battle(s)
MAP_CONTACT_CH11_N11_TITLE,Special Signal: Orsa
MAP_CONTACT_CH12_H03_BODY,Rescue coordinates overlap inside a distorted return signal. Complete the contact to verify who answers it.
MAP_CONTACT_CH12_H03_DIALOGUE_01,…Go back.
MAP_CONTACT_CH12_H03_DIALOGUE_02,Short greeting. We're the Lamplighters. We came to open the lock below.
MAP_CONTACT_CH12_H03_DIALOGUE_03,…The pilgrims' names sleep here. No outsider passes.
MAP_CONTACT_CH12_H03_DIALOGUE_04,We came to send those names home. Their pulses are still waiting outside.
MAP_CONTACT_CH12_H03_DIALOGUE_05,…I don't trust words. Draw your blade. A blade can't lie.
MAP_CONTACT_CH12_H03_DIALOGUE_06,Great! People of few words are the easiest to read!
MAP_CONTACT_CH12_H03_DIALOGUE_07,"If she asks with a sword, we answer with one. Everyone, keep your points low."
MAP_CONTACT_CH12_H03_DIALOGUE_08,…Here I come.
MAP_CONTACT_CH12_H03_OUTCOME,Joins on victory in this battle · Raen
MAP_CONTACT_CH12_H03_TITLE,Wandering Lamplighter: Raen
MAP_CONTACT_CH12_N13_BODY,Rescue coordinates overlap inside a distorted return signal. Complete the contact to verify who answers it.
MAP_CONTACT_CH12_N13_DIALOGUE_01,"Life sign in the choir stalls, surrounded by an echoform choir. She's tapping out something."
MAP_CONTACT_CH12_N13_DIALOGUE_02,Hush. Please don't break the rhythm. I'm transcribing thirty-two hearts right now.
MAP_CONTACT_CH12_N13_DIALOGUE_03,Transcribing… hearts? What about names?
MAP_CONTACT_CH12_N13_DIALOGUE_04,"The names were all taken. But even without a name, your heart remembers you."
MAP_CONTACT_CH12_N13_DIALOGUE_05,She's recording pulses as rhythm… she's a medic. We'll help.
MAP_CONTACT_CH12_N13_DIALOGUE_06,Thank you. Just keep that choir from drowning out my rhythm. One measure is all I need.
MAP_CONTACT_CH12_N13_DIALOGUE_07,I'll guard the rhythm. Thirty-two people. We won't lose one.
MAP_CONTACT_CH12_N13_DIALOGUE_08,One measure. You heard her. Move to the beat.
MAP_CONTACT_CH12_N13_OUTCOME,Joins after operation victories · Tiel 2 battle(s)
MAP_CONTACT_CH12_N13_TITLE,Special Signal: Tiel
MAP_CONTACT_CH13_H03_BODY,Rescue coordinates overlap inside a distorted return signal. Complete the contact to verify who answers it.
MAP_CONTACT_CH13_H03_DIALOGUE_01,A plume of dust is closing faster than we move. Too fast for an echoform.
MAP_CONTACT_CH13_H03_DIALOGUE_02,"Move, move! Being late is a sin! You're the ones blocking my delivery route?"
MAP_CONTACT_CH13_H03_DIALOGUE_03,She's human. Mailbag on her back. Who's been getting letters in this desert for twelve years…
MAP_CONTACT_CH13_H03_DIALOGUE_04,"Whether anyone's there or not, I arrive on time. That's what a courier does."
MAP_CONTACT_CH13_H03_DIALOGUE_05,A courier… that word keeps finding me today. We're here to stop that engine.
MAP_CONTACT_CH13_H03_DIALOGUE_06,Lamplighter badges? The mirages showed up wearing those too.
MAP_CONTACT_CH13_H03_DIALOGUE_07,"If you're real, keep pace with me. Prove it on the run!"
MAP_CONTACT_CH13_H03_OUTCOME,Joins on victory in this battle · Zern
MAP_CONTACT_CH13_H03_TITLE,Wandering Lamplighter: Zern
MAP_CONTACT_CH13_N09_BODY,Rescue coordinates overlap inside a distorted return signal. Complete the contact to verify who answers it.
MAP_CONTACT_CH13_N09_DIALOGUE_01,One life sign ahead. Running against the stream of phantom passengers.
MAP_CONTACT_CH13_N09_DIALOGUE_02,"Hey, you lot gawking at windows! Save the regrets for later. Run!"
MAP_CONTACT_CH13_N09_DIALOGUE_03,"…Bit of a rough hello, isn't it?"
MAP_CONTACT_CH13_N09_DIALOGUE_04,Say hello once you've survived. Get grabbed by those passengers and your name goes on the manifest.
MAP_CONTACT_CH13_N09_DIALOGUE_05,We came to take the names on that manifest back. To their owners.
MAP_CONTACT_CH13_N09_DIALOGUE_06,Take back? Wrong. What's written there are lives nobody chose. You don't take them back. You cut them loose.
MAP_CONTACT_CH13_N09_DIALOGUE_07,"Wow, her feet are even faster than her mouth!"
MAP_CONTACT_CH13_N09_DIALOGUE_08,Enough talk. Keep up if you can. I don't wait for stragglers.
MAP_CONTACT_CH13_N09_OUTCOME,Joins after operation victories · Rias 2 battle(s)
MAP_CONTACT_CH13_N09_TITLE,Special Signal: Rias
MAP_CONTACT_CH14_H03_BODY,Rescue coordinates overlap inside a distorted return signal. Complete the contact to verify who answers it.
MAP_CONTACT_CH14_H03_DIALOGUE_01,"Whoa, my hack bounced. Someone countered it? Nice work."
MAP_CONTACT_CH14_H03_DIALOGUE_02,"…Um, excuse me. Come any closer and the defense bots turn on. Sorry for talking through a screen…"
MAP_CONTACT_CH14_H03_DIALOGUE_03,Signal source: right behind that wall. A person.
MAP_CONTACT_CH14_H03_DIALOGUE_04,That lantern crest… are you the Lamplighters? Can you prove it? I've been fooled a few times trusting voices alone.
MAP_CONTACT_CH14_H03_DIALOGUE_05,Turn on the bots. We'll show you we can stop them.
MAP_CONTACT_CH14_H03_DIALOGUE_06,…O-okay. Then I'll… come out myself. I can't judge anything from behind a screen.
MAP_CONTACT_CH14_H03_DIALOGUE_07,"Ooh, she's coming out! A hacker leaving her monitor is a major event."
MAP_CONTACT_CH14_H03_OUTCOME,Joins on victory in this battle · Soa
MAP_CONTACT_CH14_H03_TITLE,Wandering Lamplighter: Soa
MAP_CONTACT_CH14_N14_BODY,Rescue coordinates overlap inside a distorted return signal. Complete the contact to verify who answers it.
MAP_CONTACT_CH14_N14_DIALOGUE_01,One inversion device keeps flipping direction on its own. Someone's tampering from inside.
MAP_CONTACT_CH14_N14_DIALOGUE_02,"Ta-da! Who cares which way is up? It's fun, right? Oh, visitors. Hi~"
MAP_CONTACT_CH14_N14_DIALOGUE_03,…Don't wave at us hanging upside down. My head's rushing just watching.
MAP_CONTACT_CH14_N14_DIALOGUE_04,"This is proper posture here. But you just tripped the Auditor's alarm. Didn't know, huh?"
MAP_CONTACT_CH14_N14_DIALOGUE_05,We came to stop the inversion devices. Whose side are you on?
MAP_CONTACT_CH14_N14_DIALOGUE_06,"Don't stop them, flip them! Hold off the sentries. Three minutes and I'm done hacking. …Maybe five."
MAP_CONTACT_CH14_N14_DIALOGUE_07,Hacking? Want to borrow some of my current?
MAP_CONTACT_CH14_N14_DIALOGUE_08,"Ooh, I love current! Just no overcharging. Here they come!"
MAP_CONTACT_CH14_N14_OUTCOME,Joins after operation victories · Perin 3 battle(s)
MAP_CONTACT_CH14_N14_TITLE,Special Signal: Perin
MAP_CONTACT_CH15_H03_BODY,Rescue coordinates overlap inside a distorted return signal. Complete the contact to verify who answers it.
MAP_CONTACT_CH15_H03_DIALOGUE_01,One life sign. Gathering herbs among the flowers. Leisurely… far too leisurely.
MAP_CONTACT_CH15_H03_DIALOGUE_02,"Oh my, visitors. Time runs slow here. Hurry and you'll get motion sick."
MAP_CONTACT_CH15_H03_DIALOGUE_03,"Your motion sickness, your problem. Move. We're headed for the core."
MAP_CONTACT_CH15_H03_DIALOGUE_04,Hmm… go that way and you'll trample my herb beds. I've tended them for twelve years.
MAP_CONTACT_CH15_H03_DIALOGUE_05,We're the Lamplighters. We only need to borrow the path. We'll keep off your beds.
MAP_CONTACT_CH15_H03_DIALOGUE_06,"The Lamplighters… I've heard that name in dreams, too. Shall we spar to see if you're real?"
MAP_CONTACT_CH15_H03_DIALOGUE_07,"Slowly, though. Swing too fast in here and I'll get sleepy first."
MAP_CONTACT_CH15_H03_OUTCOME,Joins on victory in this battle · Bael
MAP_CONTACT_CH15_H03_TITLE,Wandering Lamplighter: Bael
MAP_CONTACT_CH15_N12_BODY,Rescue coordinates overlap inside a distorted return signal. Complete the contact to verify who answers it.
MAP_CONTACT_CH15_N12_DIALOGUE_01,There's a path through the middle of the field. Cut with a blade.
MAP_CONTACT_CH15_N12_DIALOGUE_02,"Hey, don't breathe in the flowers. Comfort's nice. But there's nobody in there."
MAP_CONTACT_CH15_N12_DIALOGUE_03,The flowers have only withered around you. …Did you throw them a memory as bait?
MAP_CONTACT_CH15_N12_DIALOGUE_04,Yeah. Gave them my best memory. Cut the path while they were busy eating it.
MAP_CONTACT_CH15_N12_DIALOGUE_05,And that memory? Does it come back?
MAP_CONTACT_CH15_N12_DIALOGUE_06,"Dunno. But I can always make more good days, right?"
MAP_CONTACT_CH15_N12_DIALOGUE_07,Then we'll cut that path with you.
MAP_CONTACT_CH15_N12_DIALOGUE_08,"Garden keepers incoming. If you're helping, blades up. We can say hello after."
MAP_CONTACT_CH15_N12_OUTCOME,Joins after operation victories · Karn 3 battle(s)
MAP_CONTACT_CH15_N12_TITLE,Special Signal: Karn
MAP_CONTACT_CH16_H03_BODY,Rescue coordinates overlap inside a distorted return signal. Complete the contact to verify who answers it.
MAP_CONTACT_CH16_H03_DIALOGUE_01,"Someone with a sword in front of the throne car. Crown knight armor, but the crest is scratched off."
MAP_CONTACT_CH16_H03_DIALOGUE_02,"Halt. Lamplighters or not, touch this car and I cut you down."
MAP_CONTACT_CH16_H03_DIALOGUE_03,The order's disbanded. Still waiting for orders?
MAP_CONTACT_CH16_H03_DIALOGUE_04,"If an order is wrong, I don't follow it. That's all there is."
MAP_CONTACT_CH16_H03_DIALOGUE_05,I'm guarding this car so it can't fire on either city.
MAP_CONTACT_CH16_H03_DIALOGUE_06,Then we want the same thing. We came to stop this car.
MAP_CONTACT_CH16_H03_DIALOGUE_07,Anyone can say that. I'll check with steel whether yours is a blade that came to stop it.
MAP_CONTACT_CH16_H03_OUTCOME,Joins on victory in this battle · Teran
MAP_CONTACT_CH16_H03_TITLE,Wandering Lamplighter: Teran
MAP_CONTACT_CH16_N15_BODY,Rescue coordinates overlap inside a distorted return signal. Complete the contact to verify who answers it.
MAP_CONTACT_CH16_N15_DIALOGUE_01,"The groans inside the tent keep one rhythm. Eastern and Western accents, mixed together."
MAP_CONTACT_CH16_N15_DIALOGUE_02,"…Shh, please come quietly. Pain doesn't choose sides."
MAP_CONTACT_CH16_N15_DIALOGUE_03,"Soldiers from both sides in one tent? If they find out, both will call you a traitor!"
MAP_CONTACT_CH16_N15_DIALOGUE_04,They already have. That's why the lancers are coming. …Hear that?
MAP_CONTACT_CH16_N15_DIALOGUE_05,We'll protect the patients. How many?
MAP_CONTACT_CH16_N15_DIALOGUE_06,"Twenty-three east, nineteen west. …No. Just forty-two now."
MAP_CONTACT_CH16_N15_DIALOGUE_07,Forty-two. We don't give up a single one.
MAP_CONTACT_CH16_N15_DIALOGUE_08,"…Thank you. Then just the tent entrance, please."
MAP_CONTACT_CH16_N15_OUTCOME,Joins after operation victories · Noar 3 battle(s)
MAP_CONTACT_CH16_N15_TITLE,Special Signal: Noar
MAP_CONTACT_CH17_H03_BODY,Rescue coordinates overlap inside a distorted return signal. Complete the contact to verify who answers it.
MAP_CONTACT_CH17_H03_DIALOGUE_01,One life sign at the battery. Precise aim. She's only hitting a hand's width in front of our feet.
MAP_CONTACT_CH17_H03_DIALOGUE_02,"'Every visitor must first prove who they are.' Archive Guard Regulations, Article Three. End quote."
MAP_CONTACT_CH17_H03_DIALOGUE_03,Skip the regulations! We're Lamplighters. We're people!
MAP_CONTACT_CH17_H03_DIALOGUE_04,"'Echoes mimic people's speech perfectly.' Studies of Echoes, first edition, page twelve. Words prove nothing."
MAP_CONTACT_CH17_H03_DIALOGUE_05,Then how do we prove it?
MAP_CONTACT_CH17_H03_DIALOGUE_06,'People reveal themselves in how they fight.' That one's mine. Cover each other under fire.
MAP_CONTACT_CH17_H03_DIALOGUE_07,"So that's how gunners say hello. Fine, let's trade a shot each."
MAP_CONTACT_CH17_H03_DIALOGUE_08,"'Impacts are more honest than words.' …Source: me, just now. Loading."
MAP_CONTACT_CH17_H03_OUTCOME,Joins on victory in this battle · Yunak
MAP_CONTACT_CH17_H03_TITLE,Wandering Lamplighter: Yunak
MAP_CONTACT_CH17_N10_BODY,Rescue coordinates overlap inside a distorted return signal. Complete the contact to verify who answers it.
MAP_CONTACT_CH17_N10_DIALOGUE_01,One life sign between the shelves. She's fighting echoforms while writing on her own arm.
MAP_CONTACT_CH17_N10_DIALOGUE_02,"Contradictions? Love them. Real records need contradictions! …Oh, visitors? Hold on, let me write that down."
MAP_CONTACT_CH17_N10_DIALOGUE_03,Is this really the time for notes? Those things are about to tear into you!
MAP_CONTACT_CH17_N10_DIALOGUE_04,That's exactly why! The archive writes that you never came. I write that you did.
MAP_CONTACT_CH17_N10_DIALOGUE_05,We're the Lamplighters. We've come to take back our records.
MAP_CONTACT_CH17_N10_DIALOGUE_06,"I'm Seb, archivist. Then give me more evidence. A record of you clearing those things would be perfect!"
MAP_CONTACT_CH17_N10_DIALOGUE_07,Then I'll write it big in lightning! One huge flash!
MAP_CONTACT_CH17_N10_DIALOGUE_08,"Great, title: 'Lamplighters, First Battle in the Archive'! Go!"
MAP_CONTACT_CH17_N10_OUTCOME,Joins after operation victories · Seb 3 battle(s)
MAP_CONTACT_CH17_N10_TITLE,Special Signal: Seb
MAP_CONTACT_CH18_H03_BODY,Rescue coordinates overlap inside a distorted return signal. Complete the contact to verify who answers it.
MAP_CONTACT_CH18_H03_DIALOGUE_01,There. One person with a cutter. Directorate construction supervisor's armband on her work clothes.
MAP_CONTACT_CH18_H03_DIALOGUE_02,Stop. This is my site. No outsiders.
MAP_CONTACT_CH18_H03_DIALOGUE_03,Construction supervisor? So you're the one who laid the Last Line?
MAP_CONTACT_CH18_H03_DIALOGUE_04,Yes. I laid it. So I'll cut it. I'm not borrowing anyone's hands.
MAP_CONTACT_CH18_H03_DIALOGUE_05,You can't keep up alone. The machines lay track faster than you cut.
MAP_CONTACT_CH18_H03_DIALOGUE_06,"I know. That's what's infuriating. …Fine. If you can get past me, you can help."
MAP_CONTACT_CH18_H03_DIALOGUE_07,"A test? Love it! Better strap that hard hat on tight, boss!"
MAP_CONTACT_CH18_H03_DIALOGUE_08,Too much talking. Come on.
MAP_CONTACT_CH18_H03_OUTCOME,Joins on victory in this battle · Arint
MAP_CONTACT_CH18_H03_TITLE,Wandering Lamplighter: Arint
MAP_CONTACT_CH18_N16_BODY,Rescue coordinates overlap inside a distorted return signal. Complete the contact to verify who answers it.
MAP_CONTACT_CH18_N16_DIALOGUE_01,Shelling from five kilometers out. Exactly sixty seconds apart. Every impact cuts the reference signal.
MAP_CONTACT_CH18_N16_DIALOGUE_02,That interval is kept by a person. A machine wouldn't be that stubborn.
MAP_CONTACT_CH18_N16_DIALOGUE_03,"One minute per shell. It's going to be a long night. …You there, stay out of my firing line."
MAP_CONTACT_CH18_N16_DIALOGUE_04,We're not enemies! We're here to slow the same clock!
MAP_CONTACT_CH18_N16_DIALOGUE_05,Then prove it. A pack of signalers is coming for my battery. Hold them off for the ninety seconds I need to reload.
MAP_CONTACT_CH18_N16_DIALOGUE_06,Ninety seconds? Generous. A few of us here only need one shot.
MAP_CONTACT_CH18_N16_DIALOGUE_07,"Good. Fifty-eight seconds to next impact. Be late, and you go up with it."
MAP_CONTACT_CH18_N16_DIALOGUE_08,"Circle up, backs to the battery. Ninety seconds. Not one step back."
MAP_CONTACT_CH18_N16_OUTCOME,Joins after operation victories · Yurien 4 battle(s)
MAP_CONTACT_CH18_N16_TITLE,Special Signal: Yurien
MAP_CONTACT_CH19_H03_BODY,Rescue coordinates overlap inside a distorted return signal. Complete the contact to verify who answers it.
MAP_CONTACT_CH19_H03_DIALOGUE_01,There! Life sign confirmed. Don't let the loop take her this time!
MAP_CONTACT_CH19_H03_DIALOGUE_02,Stay back! You again? Which time is this? A hundred… two hundred? I lost count!
MAP_CONTACT_CH19_H03_DIALOGUE_03,It's the first time. We've never met. Let me see where you're hurt.
MAP_CONTACT_CH19_H03_DIALOGUE_04,They all said it was the first time! Then one lap later they turned into echoforms! Not this time!
MAP_CONTACT_CH19_H03_DIALOGUE_05,Then don't trust us. Just stand behind us until this lap ends.
MAP_CONTACT_CH19_H03_DIALOGUE_06,"…No. Strike first, live longer. If you're real, you won't go down!"
MAP_CONTACT_CH19_H03_DIALOGUE_07,"All right, hit me. I'll take all of it. Then we get out of here together."
MAP_CONTACT_CH19_H03_OUTCOME,Joins on victory in this battle · Velk
MAP_CONTACT_CH19_H03_TITLE,Wandering Lamplighter: Velk
MAP_CONTACT_CH19_N14_BODY,Rescue coordinates overlap inside a distorted return signal. Complete the contact to verify who answers it.
MAP_CONTACT_CH19_N14_DIALOGUE_01,"Life sign in the signal box by the tracks. Echoforms are swarming, but she's not running. She's writing something."
MAP_CONTACT_CH19_N14_DIALOGUE_02,…Another one erased. I'll write it down. Someone has to remember.
MAP_CONTACT_CH19_N14_DIALOGUE_03,"By hand? On paper? Inside the Circuit, paper records go blank in one lap!"
MAP_CONTACT_CH19_N14_DIALOGUE_04,Write it in a device and it's erased. My hand isn't part of the Circuit's machinery. So it stays.
MAP_CONTACT_CH19_N14_DIALOGUE_05,We're the Lamplighters. Our companions' reasons are being erased.
MAP_CONTACT_CH19_N14_DIALOGUE_06,I know. I wrote it all. All thirty-two laps. …But those things are after the notebook.
MAP_CONTACT_CH19_N14_DIALOGUE_07,We'll guard the notebook! You keep writing!
MAP_CONTACT_CH19_N14_DIALOGUE_08,"…Thank you. Then this lap, I'll write that you protected it."
MAP_CONTACT_CH19_N14_OUTCOME,Joins after operation victories · Moen 4 battle(s)
MAP_CONTACT_CH19_N14_TITLE,Special Signal: Moen
MAP_CONTACT_CH20_N17_BODY,Rescue coordinates overlap inside a distorted return signal. Complete the contact to verify who answers it.
MAP_CONTACT_CH20_N17_DIALOGUE_01,Life sign at the center of the Final Line's defense signal. She's holding off an echoform horde alone.
MAP_CONTACT_CH20_N17_DIALOGUE_02,"I heard you needed a wall. …You're later than I expected, Lamplighters."
MAP_CONTACT_CH20_N17_DIALOGUE_03,You know us? We've never seen you before!
MAP_CONTACT_CH20_N17_DIALOGUE_04,"All defense signals are linked. I watched every one of the nineteen lanterns you lit, from right here."
MAP_CONTACT_CH20_N17_DIALOGUE_05,We need a twentieth signature. Your line is the last one.
MAP_CONTACT_CH20_N17_DIALOGUE_06,"Signatures later. First, help me hold this wall. If it falls, the lantern goes down with it."
MAP_CONTACT_CH20_N17_DIALOGUE_07,Holding the line is my specialty. Make room beside you.
MAP_CONTACT_CH20_N17_DIALOGUE_08,Good. Take the right. …Been a long time since I stood beside anyone.
MAP_CONTACT_CH20_N17_OUTCOME,Joins after operation victories · Lavent 5 battle(s)
MAP_CONTACT_CH20_N17_TITLE,Special Signal: Lavent
MAP_EVENT_BROKEN_SWITCH_BODY,The damaged junction device is connected to a short detour.
MAP_EVENT_BROKEN_SWITCH_RESTORE,Restore the signal
MAP_EVENT_BROKEN_SWITCH_SALVAGE,Salvage the parts
MAP_EVENT_BROKEN_SWITCH_TITLE,Severed Junction Switch
MAP_EVENT_COAST_LOG_BODY,Light beneath the waves briefly reveals the next restoration site.
MAP_EVENT_COAST_LOG_LEAVE,Move on
MAP_EVENT_COAST_LOG_SYNC,Synchronize the log
MAP_EVENT_COAST_LOG_TITLE,Coastal Observation Log
MAP_EVENT_COMMAND_NAME,Lamplighter Comms
MAP_EVENT_CONTACT_SIGNAL,Special Signal Contact
MAP_EVENT_CRYSTAL_TRACE_BODY,A faint vibration in the crystal cluster points toward a northern side path.
MAP_EVENT_CRYSTAL_TRACE_INVESTIGATE,Investigate
MAP_EVENT_CRYSTAL_TRACE_PASS,Move on
MAP_EVENT_CRYSTAL_TRACE_TITLE,Trace of Afterglow Crystal
MAP_EVENT_DEFAULT_BODY,A subtle change in the surroundings invites a closer look.
MAP_EVENT_DEFAULT_CHOICE_PRIMARY,Investigate
MAP_EVENT_DEFAULT_CHOICE_SECONDARY,Move on
MAP_EVENT_DEFAULT_TITLE,Exploration Record
MAP_EVENT_DIALOGUE_BATTLE,Begin battle
MAP_EVENT_DIALOGUE_HINT,Tap the panel or choose Next to continue the incident.
MAP_EVENT_DIALOGUE_NEXT,Next
MAP_EVENT_DIALOGUE_SKIP,Skip dialogue
MAP_EVENT_ENEMY_SIGNAL_NAME,Threat Signal
MAP_EVENT_MOVE_TO,Move to the site
MAP_EVENT_NARRATION_NAME,Narration
MAP_EVENT_RELAY_TOA_BODY,An expedition specialist answers from a broken relay. Finish the encounter to follow the next signal together.
MAP_EVENT_RELAY_TOA_OUTCOME,Victory outcome: signal follow-up; joins formation after NORMAL 9
MAP_EVENT_RELAY_TOA_TITLE,Severed Relay Line: Toa
MAP_EVENT_RESCUE_VERA_BODY,An expedition scout is holding a fractured signal at the route choke point. Reach her to begin the existing encounter.
MAP_EVENT_RESCUE_VERA_OUTCOME,Victory outcome: joins formation immediately
MAP_EVENT_RESCUE_VERA_TITLE,Rescue Signal: Vera
MAP_INCIDENT_CAPTION,Sudden Incident
MAP_INCIDENT_CH01_AMBUSH_CHOICE_EVADE,Detour
MAP_INCIDENT_CH01_AMBUSH_CHOICE_FIGHT,Engage
MAP_INCIDENT_CH01_AMBUSH_DIALOGUE_01,"In a stretch where the lanterns were dead, echoforms surged up between the rails."
MAP_INCIDENT_CH01_AMBUSH_DIALOGUE_02,"Ambush! Break through or go around? Either way, I'm taking point."
MAP_INCIDENT_CH01_AMBUSH_TITLE,Ambush from the Rail Gaps
MAP_INCIDENT_CH01_BANTER_CHOICE_CONTINUE,Keep moving
MAP_INCIDENT_CH01_BANTER_DIALOGUE_01,"Narin, about that fork back there. My gut said left."
MAP_INCIDENT_CH01_BANTER_DIALOGUE_02,Your gut's been wrong four times this week. The right path had three percent stronger signal.
MAP_INCIDENT_CH01_BANTER_DIALOGUE_03,…Two of those four were just bad luck.
MAP_INCIDENT_CH01_BANTER_TITLE,Roan's Hunch
MAP_INCIDENT_CH01_CACHE_CHOICE_TAKE,Take it
MAP_INCIDENT_CH01_CACHE_DIALOGUE_01,Inside a trackside signal box sat a sealed supply crate. On the lid: 'For whoever comes next.'
MAP_INCIDENT_CH01_CACHE_DIALOGUE_02,"Whoever comes next… that's us! Thank you, whoever you are! We'll put it to good use!"
MAP_INCIDENT_CH01_CACHE_TITLE,For Whoever Comes Next
MAP_INCIDENT_CH01_DISTRESS_CHOICE_RECORD,Log the coordinates
MAP_INCIDENT_CH01_DISTRESS_CHOICE_RESCUE,Rescue her
MAP_INCIDENT_CH01_DISTRESS_DIALOGUE_01,"A signal came from a collapsed shelter. Unlike an echoform's mimicry, it trembled."
MAP_INCIDENT_CH01_DISTRESS_DIALOGUE_02,…Is anyone there? We're out of water. It's been two days.
MAP_INCIDENT_CH01_DISTRESS_DIALOGUE_03,Her words change every time. That's no imitation—it's a person. And her temperature's dropping.
MAP_INCIDENT_CH01_DISTRESS_TITLE,A Trembling Distress Call
MAP_INCIDENT_CH01_ECHO_CHOICE_IGNORE,Move on
MAP_INCIDENT_CH01_ECHO_CHOICE_LISTEN,Listen to the end
MAP_INCIDENT_CH01_ECHO_DIALOGUE_01,An old announcement drifted through a dead station. A voice from an ordinary morning before the Blackout.
MAP_INCIDENT_CH01_ECHO_DIALOGUE_02,The Line One train will arrive shortly. Have a pleasant day.
MAP_INCIDENT_CH01_ECHO_DIALOGUE_03,…There was a time this line carried people.
MAP_INCIDENT_CH01_ECHO_TITLE,An Ordinary Morning's Broadcast
MAP_INCIDENT_CH01_STORM_CHOICE_PUSH,Push through
MAP_INCIDENT_CH01_STORM_CHOICE_SHELTER,Take shelter
MAP_INCIDENT_CH01_STORM_DIALOGUE_01,An afterglow storm poured into the tunnel mouth. Strangers' laughter scattered on the wind.
MAP_INCIDENT_CH01_STORM_DIALOGUE_02,"That wind is full of memories. Stand in it too long and you get drunk on other people's pasts. Rest, or push on?"
MAP_INCIDENT_CH01_STORM_TITLE,Afterglow Storm
MAP_INCIDENT_CH02_AMBUSH_CHOICE_EVADE,Detour
MAP_INCIDENT_CH02_AMBUSH_CHOICE_FIGHT,Engage
MAP_INCIDENT_CH02_AMBUSH_DIALOGUE_01,"A pack of echoforms swept in along the backflowing cables. The sound came from ahead, but they were behind."
MAP_INCIDENT_CH02_AMBUSH_DIALOGUE_02,"This station steals your sense of direction first. Fight, or slip away?"
MAP_INCIDENT_CH02_AMBUSH_TITLE,Backflow Ambush
MAP_INCIDENT_CH02_BANTER_CHOICE_CONTINUE,Keep moving
MAP_INCIDENT_CH02_BANTER_DIALOGUE_01,"Vera, what do you hear when you track signals? Beeps? Static?"
MAP_INCIDENT_CH02_BANTER_DIALOGUE_02,Breathing. Every signal breathes to a different rhythm. …Yours is always running.
MAP_INCIDENT_CH02_BANTER_DIALOGUE_03,I'm a little overcharged by nature!
MAP_INCIDENT_CH02_BANTER_TITLE,The Sound of Breathing
MAP_INCIDENT_CH02_CACHE_CHOICE_TAKE,Take them
MAP_INCIDENT_CH02_CACHE_DIALOGUE_01,A dead vending machine was stocked with supplies. Their expiration dates were turning from tomorrow to yesterday.
MAP_INCIDENT_CH02_CACHE_DIALOGUE_02,Grab them quick! Before they turn into yesterday!
MAP_INCIDENT_CH02_CACHE_TITLE,Expiration Date
MAP_INCIDENT_CH02_DISTRESS_CHOICE_RECORD,Log the coordinates
MAP_INCIDENT_CH02_DISTRESS_CHOICE_RESCUE,Rescue her
MAP_INCIDENT_CH02_DISTRESS_DIALOGUE_01,"Knocking came from inside an overturned ticket booth. Three times, a pause, three times."
MAP_INCIDENT_CH02_DISTRESS_DIALOGUE_02,Is someone there? My watch… my watch keeps going back to yesterday.
MAP_INCIDENT_CH02_DISTRESS_DIALOGUE_03,That's a real life sign. We have to get her out before the roster overwrites her.
MAP_INCIDENT_CH02_DISTRESS_TITLE,A Clock Running to Yesterday
MAP_INCIDENT_CH02_ECHO_CHOICE_IGNORE,Move on
MAP_INCIDENT_CH02_ECHO_CHOICE_LISTEN,Listen to the end
MAP_INCIDENT_CH02_ECHO_DIALOGUE_01,An old recording played from the station's broadcast room. An announcement for passengers who missed the last train.
MAP_INCIDENT_CH02_ECHO_DIALOGUE_02,"Passengers who missed the last train, please wait in the lobby for the first. The first train always comes."
MAP_INCIDENT_CH02_ECHO_DIALOGUE_03,"…'Always,' huh."
MAP_INCIDENT_CH02_ECHO_TITLE,The First Train Always Comes
MAP_INCIDENT_CH02_STORM_CHOICE_PUSH,Push through
MAP_INCIDENT_CH02_STORM_CHOICE_SHELTER,Take shelter
MAP_INCIDENT_CH02_STORM_DIALOGUE_01,"An afterglow storm howled through cracks in the station. On the wind, things said yesterday could be heard again."
MAP_INCIDENT_CH02_STORM_DIALOGUE_02,"Yesterday's blowing around. Stay in it and you'll lose track of today. Duck, or push?"
MAP_INCIDENT_CH02_STORM_TITLE,Yesterday's Wind
MAP_INCIDENT_CH03_AMBUSH_CHOICE_EVADE,Detour
MAP_INCIDENT_CH03_AMBUSH_CHOICE_FIGHT,Engage
MAP_INCIDENT_CH03_AMBUSH_DIALOGUE_01,"Copies burst up from beneath the glass. Half a beat late, but right at their backs."
MAP_INCIDENT_CH03_AMBUSH_DIALOGUE_02,"Late or not, a back's a back. Hit back, or pull out?"
MAP_INCIDENT_CH03_AMBUSH_TITLE,Copies at Our Backs
MAP_INCIDENT_CH03_BANTER_CHOICE_CONTINUE,Keep moving
MAP_INCIDENT_CH03_BANTER_DIALOGUE_01,"Soren, let me see that shoulder. You keep taking the recoil on one side."
MAP_INCIDENT_CH03_BANTER_DIALOGUE_02,Caught me. It's fine. I've still got one more shot in me.
MAP_INCIDENT_CH03_BANTER_DIALOGUE_03,And the one who handles what comes after that shot is me. Hot compress tonight.
MAP_INCIDENT_CH03_BANTER_TITLE,One Shoulder
MAP_INCIDENT_CH03_CACHE_CHOICE_TAKE,Take it
MAP_INCIDENT_CH03_CACHE_DIALOGUE_01,"A supply crate was sealed inside the glass beside the tracks. Someone had started to break it free, and stopped."
MAP_INCIDENT_CH03_CACHE_DIALOGUE_02,I'll finish the job! One jolt and… got it!
MAP_INCIDENT_CH03_CACHE_TITLE,A Crate in the Glass
MAP_INCIDENT_CH03_DISTRESS_CHOICE_RECORD,Log the coordinates
MAP_INCIDENT_CH03_DISTRESS_CHOICE_RESCUE,Rescue her
MAP_INCIDENT_CH03_DISTRESS_DIALOGUE_01,A broken carriage lay toppled on the plain. From inside came the sound of scratching glass.
MAP_INCIDENT_CH03_DISTRESS_DIALOGUE_02,…I'm the original. I'm real. Please believe me.
MAP_INCIDENT_CH03_DISTRESS_DIALOGUE_03,"Normal temperature, fast pulse. She's real. Just scared."
MAP_INCIDENT_CH03_DISTRESS_TITLE,I'm the Original
MAP_INCIDENT_CH03_ECHO_CHOICE_IGNORE,Move on
MAP_INCIDENT_CH03_ECHO_CHOICE_LISTEN,Listen to the end
MAP_INCIDENT_CH03_ECHO_DIALOGUE_01,An old recording was trapped in the glass. A tour train's announcement from before the Blackout.
MAP_INCIDENT_CH03_ECHO_DIALOGUE_02,"On your left is the White Night Zone, where the sunset is most beautiful."
MAP_INCIDENT_CH03_ECHO_DIALOGUE_03,…The sunset used to be most beautiful there. Now the sun never sets in that zone.
MAP_INCIDENT_CH03_ECHO_TITLE,The Sunset Stretch
MAP_INCIDENT_CH03_STORM_CHOICE_PUSH,Push through
MAP_INCIDENT_CH03_STORM_CHOICE_SHELTER,Take shelter
MAP_INCIDENT_CH03_STORM_DIALOGUE_01,An afterglow storm swept the glass plain. Reflected light stabbed at their eyes from every side.
MAP_INCIDENT_CH03_STORM_DIALOGUE_02,"Visibility near zero. It'll pass if we wait—but if we stop, we lose the train."
MAP_INCIDENT_CH03_STORM_TITLE,Storm of Reflections
MAP_INCIDENT_CH04_AMBUSH_CHOICE_EVADE,Detour
MAP_INCIDENT_CH04_AMBUSH_CHOICE_FIGHT,Engage
MAP_INCIDENT_CH04_AMBUSH_DIALOGUE_01,Echoforms crawled up onto the drained tracks. The footing was slick.
MAP_INCIDENT_CH04_AMBUSH_DIALOGUE_02,"Fighting on slick ground isn't my style. Charge through, or go around?"
MAP_INCIDENT_CH04_AMBUSH_TITLE,Slippery Rails
MAP_INCIDENT_CH04_BANTER_CHOICE_CONTINUE,Keep moving
MAP_INCIDENT_CH04_BANTER_DIALOGUE_01,"Narin, third line of your calculation. You rounded too early."
MAP_INCIDENT_CH04_BANTER_DIALOGUE_02,"…You're right. Thanks. Working with you, there's no room for mistakes."
MAP_INCIDENT_CH04_BANTER_DIALOGUE_03,There's room. About half a beat.
MAP_INCIDENT_CH04_BANTER_TITLE,Rounding
MAP_INCIDENT_CH04_CACHE_CHOICE_TAKE,Take it
MAP_INCIDENT_CH04_CACHE_DIALOGUE_01,A waterproof case was tied to a signal post. On the lid: 'To the next rescue team. It's okay to be late.'
MAP_INCIDENT_CH04_CACHE_DIALOGUE_02,…'It's okay to be late.' I wonder who wrote that.
MAP_INCIDENT_CH04_CACHE_TITLE,It's Okay to Be Late
MAP_INCIDENT_CH04_DISTRESS_CHOICE_RECORD,Log the coordinates
MAP_INCIDENT_CH04_DISTRESS_CHOICE_RESCUE,Rescue her
MAP_INCIDENT_CH04_DISTRESS_DIALOGUE_01,A fresh handprint marked the window of a flooded carriage. From inside came the sound of bailing water.
MAP_INCIDENT_CH04_DISTRESS_DIALOGUE_02,Is anyone there? There's… not much air left.
MAP_INCIDENT_CH04_DISTRESS_DIALOGUE_03,That's real breathing. Fast. Let's hurry.
MAP_INCIDENT_CH04_DISTRESS_TITLE,A Fresh Handprint
MAP_INCIDENT_CH04_ECHO_CHOICE_IGNORE,Move on
MAP_INCIDENT_CH04_ECHO_CHOICE_LISTEN,Listen to the end
MAP_INCIDENT_CH04_ECHO_DIALOGUE_01,"A recording played from a speaker in the flooded control room. The voice of a shift worker, just before the closure."
MAP_INCIDENT_CH04_ECHO_DIALOGUE_02,"To the next shift. When the rescue team comes, open the door for them. They will come."
MAP_INCIDENT_CH04_ECHO_DIALOGUE_03,"…They came. A little late, but they came."
MAP_INCIDENT_CH04_ECHO_TITLE,To the Next Shift
MAP_INCIDENT_CH04_STORM_CHOICE_PUSH,Push through
MAP_INCIDENT_CH04_STORM_CHOICE_SHELTER,Take shelter
MAP_INCIDENT_CH04_STORM_DIALOGUE_01,An afterglow storm blew across the water. Memories mixed in the spray clung cold to their skin.
MAP_INCIDENT_CH04_STORM_DIALOGUE_02,The spray is cutting our signals. Push on and we lose comms; take cover and we lose time.
MAP_INCIDENT_CH04_STORM_TITLE,Spray Storm
MAP_INCIDENT_CH05_AMBUSH_CHOICE_EVADE,Detour through the alleys
MAP_INCIDENT_CH05_AMBUSH_CHOICE_FIGHT,Engage
MAP_INCIDENT_CH05_AMBUSH_DIALOGUE_01,"A heap of ash rose up. Echoforms approached, mimicking the coughs of refugees."
MAP_INCIDENT_CH05_AMBUSH_DIALOGUE_02,Imitating coughs… It's baiting anyone who comes out to help.
MAP_INCIDENT_CH05_AMBUSH_TITLE,The Cough
MAP_INCIDENT_CH05_BANTER_CHOICE_CONTINUE,Keep going
MAP_INCIDENT_CH05_BANTER_DIALOGUE_01,"Vera, every signal in this city knocks to the same beat. Not even half a beat apart."
MAP_INCIDENT_CH05_BANTER_DIALOGUE_02,They're exhausted. Knock for twelve years and the rhythm wears down until it's all the same.
MAP_INCIDENT_CH05_BANTER_TITLE,A Worn-Out Rhythm
MAP_INCIDENT_CH05_CACHE_CHOICE_TAKE,Collect the supplies
MAP_INCIDENT_CH05_CACHE_DIALOGUE_01,A blockade supply crate lay half-buried in ash. The lid read 'Rations per Headcount.'
MAP_INCIDENT_CH05_CACHE_DIALOGUE_02,Portioned to the exact headcount. Add one person and it runs short.
MAP_INCIDENT_CH05_CACHE_DIALOGUE_03,Then it's our turn to add some people!
MAP_INCIDENT_CH05_CACHE_TITLE,Rations by Headcount
MAP_INCIDENT_CH05_DISTRESS_CHOICE_RECORD,Record the coordinates
MAP_INCIDENT_CH05_DISTRESS_CHOICE_RESCUE,Lift the shutter
MAP_INCIDENT_CH05_DISTRESS_DIALOGUE_01,From behind a collapsed pharmacy shutter came the sound of fingernails scraping.
MAP_INCIDENT_CH05_DISTRESS_DIALOGUE_02,"There are three of us. We have medicine, but the door won't open."
MAP_INCIDENT_CH05_DISTRESS_DIALOGUE_03,"I'll lift the shutter. If it won't budge, we log the coordinates."
MAP_INCIDENT_CH05_DISTRESS_TITLE,The Pharmacy Shutter
MAP_INCIDENT_CH05_ECHO_CHOICE_IGNORE,Move on
MAP_INCIDENT_CH05_ECHO_CHOICE_LISTEN,Listen to the end
MAP_INCIDENT_CH05_ECHO_DIALOGUE_01,From a dead loudspeaker drifted a city hall announcement from the day before the Blackout.
MAP_INCIDENT_CH05_ECHO_DIALOGUE_02,"Tomorrow the lantern festival opens in the square. Citizens, don't be late."
MAP_INCIDENT_CH05_ECHO_DIALOGUE_03,…So it was the night before a festival.
MAP_INCIDENT_CH05_ECHO_TITLE,The Eve of the Festival
MAP_INCIDENT_CH05_STORM_CHOICE_PUSH,Push through the ash
MAP_INCIDENT_CH05_STORM_CHOICE_SHELTER,Shelter in the ruined station
MAP_INCIDENT_CH05_STORM_DIALOGUE_01,An afterglow storm whipped the ash skyward. Every grain held someone's scream.
MAP_INCIDENT_CH05_STORM_DIALOGUE_02,Every breath pulls in somebody else's scream. Not a place to linger.
MAP_INCIDENT_CH05_STORM_TITLE,Ash Full of Screams
MAP_INCIDENT_CH06_AMBUSH_CHOICE_EVADE,Detour along the railing
MAP_INCIDENT_CH06_AMBUSH_CHOICE_FIGHT,Engage
MAP_INCIDENT_CH06_AMBUSH_DIALOGUE_01,"Echoforms rose where the lightning struck, mimicking a song the refugees used to sing."
MAP_INCIDENT_CH06_AMBUSH_DIALOGUE_02,"They've got the tune, but the words are wrong. Not people."
MAP_INCIDENT_CH06_AMBUSH_TITLE,Wrong Lyrics
MAP_INCIDENT_CH06_BANTER_CHOICE_CONTINUE,Keep going
MAP_INCIDENT_CH06_BANTER_DIALOGUE_01,"Iri, what's best for lightning burns?"
MAP_INCIDENT_CH06_BANTER_DIALOGUE_02,Not getting hit is best. My ointment is second.
MAP_INCIDENT_CH06_BANTER_TITLE,Burn Ointment
MAP_INCIDENT_CH06_CACHE_CHOICE_TAKE,Collect the supplies
MAP_INCIDENT_CH06_CACHE_DIALOGUE_01,"The broken toll box held no coins, only a pile of stopped wristwatches."
MAP_INCIDENT_CH06_CACHE_DIALOGUE_02,…These belonged to people who fell crossing. Let's take only the usable supplies.
MAP_INCIDENT_CH06_CACHE_DIALOGUE_03,Leave the watches. Until we find a way to return them.
MAP_INCIDENT_CH06_CACHE_TITLE,Stopped Watches
MAP_INCIDENT_CH06_DISTRESS_CHOICE_RECORD,Pass the coordinates to the column
MAP_INCIDENT_CH06_DISTRESS_CHOICE_RESCUE,Haul up the carriage
MAP_INCIDENT_CH06_DISTRESS_DIALOGUE_01,A flashlight blinked inside a carriage snagged on the cables below the bridge.
MAP_INCIDENT_CH06_DISTRESS_DIALOGUE_02,Two of us here. No injuries. We're out of water.
MAP_INCIDENT_CH06_DISTRESS_DIALOGUE_03,We can haul them up. Or leave the coordinates so the column behind us picks them up.
MAP_INCIDENT_CH06_DISTRESS_TITLE,Light in a Stalled Car
MAP_INCIDENT_CH06_ECHO_CHOICE_IGNORE,Move on
MAP_INCIDENT_CH06_ECHO_CHOICE_LISTEN,Listen to the end
MAP_INCIDENT_CH06_ECHO_DIALOGUE_01,The bridge's signboard flickered with a message from the day of the Blackout. An old voice drifted through the letters.
MAP_INCIDENT_CH06_ECHO_DIALOGUE_02,Today marks five years since Skybridge opened. Good luck to everyone crossing today.
MAP_INCIDENT_CH06_ECHO_DIALOGUE_03,Good luck. Everyone who crossed that day must have needed it.
MAP_INCIDENT_CH06_ECHO_TITLE,Opening Anniversary
MAP_INCIDENT_CH06_STORM_CHOICE_PUSH,Dash between the strikes
MAP_INCIDENT_CH06_STORM_CHOICE_SHELTER,Shelter under the frame
MAP_INCIDENT_CH06_STORM_DIALOGUE_01,Lightning began striking the same spot over and over. The bridge's steel frame glowed red.
MAP_INCIDENT_CH06_STORM_DIALOGUE_02,"2.8 seconds to the next strike. Duck under the frame, or run the gap."
MAP_INCIDENT_CH06_STORM_TITLE,Chain Lightning
MAP_INCIDENT_CH07_AMBUSH_CHOICE_EVADE,Detour behind the drifts
MAP_INCIDENT_CH07_AMBUSH_CHOICE_FIGHT,Engage
MAP_INCIDENT_CH07_AMBUSH_DIALOGUE_01,"Shadows in cold-weather gear approached through the blizzard, mimicking a rescue team's radio calls."
MAP_INCIDENT_CH07_AMBUSH_DIALOGUE_02,That call sign is twelve years old. Those aren't people.
MAP_INCIDENT_CH07_AMBUSH_TITLE,An Old Call Sign
MAP_INCIDENT_CH07_BANTER_CHOICE_CONTINUE,Keep going
MAP_INCIDENT_CH07_BANTER_DIALOGUE_01,"Adeline, your barrel froze, didn't it? Mine's fine."
MAP_INCIDENT_CH07_BANTER_DIALOGUE_02,Yours doesn't freeze because you never fire it. The virtue of the one-shot philosophy.
MAP_INCIDENT_CH07_BANTER_TITLE,A Barrel That Won't Freeze
MAP_INCIDENT_CH07_CACHE_CHOICE_TAKE,Collect the supplies
MAP_INCIDENT_CH07_CACHE_DIALOGUE_01,"A rescue team's supply sled sat frozen in place, loaded with return rations that were never opened."
MAP_INCIDENT_CH07_CACHE_DIALOGUE_02,They were saving these for the trip home. …Let's make that trip for them.
MAP_INCIDENT_CH07_CACHE_TITLE,Rations for the Way Home
MAP_INCIDENT_CH07_DISTRESS_CHOICE_RECORD,Record the coordinates
MAP_INCIDENT_CH07_DISTRESS_CHOICE_RESCUE,Go to the outpost
MAP_INCIDENT_CH07_DISTRESS_DIALOGUE_01,A small light blinked in an observation post half-buried in snow.
MAP_INCIDENT_CH07_DISTRESS_DIALOGUE_02,"There are two of us. Two days of fuel left. We were told to stand by, so we waited."
MAP_INCIDENT_CH07_DISTRESS_DIALOGUE_03,You don't have to wait anymore. We're here.
MAP_INCIDENT_CH07_DISTRESS_TITLE,Light in the Outpost
MAP_INCIDENT_CH07_ECHO_CHOICE_IGNORE,Move on
MAP_INCIDENT_CH07_ECHO_CHOICE_LISTEN,Listen to the end
MAP_INCIDENT_CH07_ECHO_DIALOGUE_01,From a radio trapped in ice came a transmission from just after the Blackout.
MAP_INCIDENT_CH07_ECHO_DIALOGUE_02,Northern Rescue here. Twenty survivors secured. Requesting permission to return. …Please respond.
MAP_INCIDENT_CH07_ECHO_DIALOGUE_03,There's no reply on record. The only thing that ever answered was that broadcast.
MAP_INCIDENT_CH07_ECHO_TITLE,Please Respond
MAP_INCIDENT_CH07_STORM_CHOICE_PUSH,Push through the storm
MAP_INCIDENT_CH07_STORM_CHOICE_SHELTER,Dig in and shelter
MAP_INCIDENT_CH07_STORM_DIALOGUE_01,An afterglow storm merged with the blizzard. Every snowflake carried someone's 'Please stand by.'
MAP_INCIDENT_CH07_STORM_DIALOGUE_02,"Body temperatures are dropping fast. We can stop to rest, but every minute stopped is a minute lost."
MAP_INCIDENT_CH07_STORM_TITLE,Snowflakes That Say Wait
MAP_INCIDENT_CH08_AMBUSH_CHOICE_EVADE,Detour along the pipes
MAP_INCIDENT_CH08_AMBUSH_CHOICE_FIGHT,Engage
MAP_INCIDENT_CH08_AMBUSH_DIALOGUE_01,"Red echoforms crawled up the refinery conveyor, mumbling in the voices of half-burned memories."
MAP_INCIDENT_CH08_AMBUSH_DIALOGUE_02,"Their words cut off mid-sentence. Fragments of burned memory. Fight or avoid, but decide fast."
MAP_INCIDENT_CH08_AMBUSH_TITLE,Half-Burned Voices
MAP_INCIDENT_CH08_BANTER_CHOICE_CONTINUE,Keep going
MAP_INCIDENT_CH08_BANTER_DIALOGUE_01,"Kir, by your math, what are the odds we make it down alive?"
MAP_INCIDENT_CH08_BANTER_DIALOGUE_02,"Don't ask. If you hear the number, you'll get even more reckless."
MAP_INCIDENT_CH08_BANTER_DIALOGUE_03,So it's already a good number.
MAP_INCIDENT_CH08_BANTER_TITLE,A Good Number
MAP_INCIDENT_CH08_CACHE_CHOICE_TAKE,Recover the crystal crate
MAP_INCIDENT_CH08_CACHE_DIALOGUE_01,"Beside the furnace mouth sat a crate of memory crystals, moments from being burned."
MAP_INCIDENT_CH08_CACHE_DIALOGUE_02,The owners' line numbers are written on them. Let's take them and give them back. Every single one.
MAP_INCIDENT_CH08_CACHE_TITLE,Moments From the Furnace
MAP_INCIDENT_CH08_DISTRESS_CHOICE_RECORD,Pass them the lift coordinates
MAP_INCIDENT_CH08_DISTRESS_CHOICE_RESCUE,Take them ourselves
MAP_INCIDENT_CH08_DISTRESS_DIALOGUE_01,"In the window of a sealed crew dormitory, a flashlight blinked in sets of three."
MAP_INCIDENT_CH08_DISTRESS_DIALOGUE_02,Four mechanics left on the ring. The lift down is cut off.
MAP_INCIDENT_CH08_DISTRESS_DIALOGUE_03,We can pass them the lift line coordinates. Or take them down ourselves.
MAP_INCIDENT_CH08_DISTRESS_TITLE,A Light That Blinks Three Times
MAP_INCIDENT_CH08_ECHO_CHOICE_IGNORE,Move on
MAP_INCIDENT_CH08_ECHO_CHOICE_LISTEN,Listen to the end
MAP_INCIDENT_CH08_ECHO_DIALOGUE_01,From the refinery speakers came a shift-change announcement from the ring's days before the Blackout.
MAP_INCIDENT_CH08_ECHO_DIALOGUE_02,"Night shift, stay safe out there. Your families are waiting on the ground."
MAP_INCIDENT_CH08_ECHO_DIALOGUE_03,…An announcement for people who had families waiting.
MAP_INCIDENT_CH08_ECHO_TITLE,Night Shift Announcement
MAP_INCIDENT_CH08_STORM_CHOICE_PUSH,Hold your breath and push through
MAP_INCIDENT_CH08_STORM_CHOICE_SHELTER,Shelter behind the refinery bulkhead
MAP_INCIDENT_CH08_STORM_DIALOGUE_01,"A passing orbital fragment kicked up a crimson dust storm. Wherever the dust touched, strangers' memories seeped in."
MAP_INCIDENT_CH08_STORM_DIALOGUE_02,Breathing in other people's memories makes you dizzy. Stay in it too long and you lose your own.
MAP_INCIDENT_CH08_STORM_TITLE,Crimson Dust Storm
MAP_INCIDENT_CH09_AMBUSH_CHOICE_EVADE,Circle behind the shelves
MAP_INCIDENT_CH09_AMBUSH_CHOICE_FIGHT,Fight them
MAP_INCIDENT_CH09_AMBUSH_DIALOGUE_01,"Between the file shelves, echoforms with gavels rose all at once."
MAP_INCIDENT_CH09_AMBUSH_DIALOGUE_02,"Bailiff squad! Hit back, or loop around the shelves?"
MAP_INCIDENT_CH09_AMBUSH_TITLE,Bailiff Squad Ambush
MAP_INCIDENT_CH09_BANTER_CHOICE_CONTINUE,Keep moving
MAP_INCIDENT_CH09_BANTER_DIALOGUE_01,"Narin, what was your obstruction score? Mine was 12.7 percent."
MAP_INCIDENT_CH09_BANTER_DIALOGUE_02,"0.3 percent. For the record, 0.2 of that is from being on your team."
MAP_INCIDENT_CH09_BANTER_DIALOGUE_03,I'm a risk factor in your life? I'm honored.
MAP_INCIDENT_CH09_BANTER_TITLE,Probability Scores
MAP_INCIDENT_CH09_CACHE_CHOICE_TAKE,Take them
MAP_INCIDENT_CH09_CACHE_DIALOGUE_01,"Inside a locked staff locker, twelve-year-old emergency rations and batteries sat untouched."
MAP_INCIDENT_CH09_CACHE_DIALOGUE_02,"Sorry to the owner, but these are a lot more useful than verdicts."
MAP_INCIDENT_CH09_CACHE_TITLE,Staff Lockers
MAP_INCIDENT_CH09_DISTRESS_CHOICE_RECORD,Record her location
MAP_INCIDENT_CH09_DISTRESS_CHOICE_RESCUE,Wake her and bring her along
MAP_INCIDENT_CH09_DISTRESS_DIALOGUE_01,"On one bench, a woman half-opened her eyes, drenched in cold sweat."
MAP_INCIDENT_CH09_DISTRESS_DIALOGUE_02,I… I didn't do anything. But in the dream they keep sentencing me…
MAP_INCIDENT_CH09_DISTRESS_DIALOGUE_03,"It's all right, this isn't a courtroom. Breathe slowly."
MAP_INCIDENT_CH09_DISTRESS_TITLE,One Who Woke
MAP_INCIDENT_CH09_ECHO_CHOICE_IGNORE,Move on
MAP_INCIDENT_CH09_ECHO_CHOICE_LISTEN,Listen to the end
MAP_INCIDENT_CH09_ECHO_DIALOGUE_01,A voice from before the Blackout leaked through the broken intercom.
MAP_INCIDENT_CH09_ECHO_DIALOGUE_02,"Director, I need your approval. Additional evacuation trains. …Director?"
MAP_INCIDENT_CH09_ECHO_DIALOGUE_03,So that train never got its approval.
MAP_INCIDENT_CH09_ECHO_TITLE,The Last Request for Approval
MAP_INCIDENT_CH09_STORM_CHOICE_PUSH,Push through the paper storm
MAP_INCIDENT_CH09_STORM_CHOICE_SHELTER,Take shelter in the records room
MAP_INCIDENT_CH09_STORM_DIALOGUE_01,"An afterglow storm leaked through the vents, whipping verdicts into a blizzard."
MAP_INCIDENT_CH09_STORM_DIALOGUE_02,Every sheet carries a signal. Just brushing one can transfer a verdict number.
MAP_INCIDENT_CH09_STORM_TITLE,Paper Storm
MAP_INCIDENT_CH10_AMBUSH_CHOICE_EVADE,Slip into the moonless side
MAP_INCIDENT_CH10_AMBUSH_CHOICE_FIGHT,Fight
MAP_INCIDENT_CH10_AMBUSH_DIALOGUE_01,Echoforms crawled out of the double shadows cast by two moons.
MAP_INCIDENT_CH10_AMBUSH_DIALOGUE_02,"Two shadows, twice the enemies. Do we shoot, or slip off where there's no moonlight?"
MAP_INCIDENT_CH10_AMBUSH_TITLE,Ambush from Double Shadows
MAP_INCIDENT_CH10_BANTER_CHOICE_CONTINUE,Keep moving
MAP_INCIDENT_CH10_BANTER_DIALOGUE_01,"Roan, wanna bet on which of those two moons is faster?"
MAP_INCIDENT_CH10_BANTER_DIALOGUE_02,"Moons don't race, Veon. …If I had to pick, the copper one."
MAP_INCIDENT_CH10_BANTER_DIALOGUE_03,Both have identical orbital periods. Bet's void.
MAP_INCIDENT_CH10_BANTER_TITLE,A Bet on the Moons
MAP_INCIDENT_CH10_CACHE_CHOICE_TAKE,Take them
MAP_INCIDENT_CH10_CACHE_DIALOGUE_01,"In the storeroom under the clock tower, supply crates stamped with two dates sat side by side."
MAP_INCIDENT_CH10_CACHE_DIALOGUE_02,"Two of the same crate… For once, I'm grateful for twin moons."
MAP_INCIDENT_CH10_CACHE_TITLE,Crates of Two Dates
MAP_INCIDENT_CH10_DISTRESS_CHOICE_RECORD,Record the coordinates
MAP_INCIDENT_CH10_DISTRESS_CHOICE_RESCUE,Reach both of her
MAP_INCIDENT_CH10_DISTRESS_DIALOGUE_01,"The same voice called for help from two directions, half a second apart."
MAP_INCIDENT_CH10_DISTRESS_DIALOGUE_02,Over here… over here. I think there's another one of me…
MAP_INCIDENT_CH10_DISTRESS_DIALOGUE_03,"Both pulses are real. One woman, caught across two times."
MAP_INCIDENT_CH10_DISTRESS_TITLE,A Call Heard Twice
MAP_INCIDENT_CH10_ECHO_CHOICE_IGNORE,Move on
MAP_INCIDENT_CH10_ECHO_CHOICE_LISTEN,Listen to the end
MAP_INCIDENT_CH10_ECHO_DIALOGUE_01,An announcement from before the Blackout spilled from the switch's old speaker.
MAP_INCIDENT_CH10_ECHO_DIALOGUE_02,"Night Train Nine, departing on time. The next stop is… the next stop is…"
MAP_INCIDENT_CH10_ECHO_DIALOGUE_03,"It can't name the next stop. This broadcast was cut off that night, twelve years ago."
MAP_INCIDENT_CH10_ECHO_TITLE,The Announcement Without a Next Stop
MAP_INCIDENT_CH10_STORM_CHOICE_PUSH,Push through the storm
MAP_INCIDENT_CH10_STORM_CHOICE_SHELTER,Shelter under the switch
MAP_INCIDENT_CH10_STORM_DIALOGUE_01,An afterglow storm rose where the two moonlights collided. Clock hands jumped wildly back and forth.
MAP_INCIDENT_CH10_STORM_DIALOGUE_02,"In there, a minute could be anything. Push through and we might lose time."
MAP_INCIDENT_CH10_STORM_TITLE,Moonlight Storm
MAP_INCIDENT_CH11_AMBUSH_CHOICE_EVADE,Fall back to the rear dike
MAP_INCIDENT_CH11_AMBUSH_CHOICE_FIGHT,Hold the line
MAP_INCIDENT_CH11_AMBUSH_DIALOGUE_01,"Where the black waves broke, echoforms burst up like spray."
MAP_INCIDENT_CH11_AMBUSH_DIALOGUE_02,"They're climbing the dike! Do we hold them, or fall back to the rear dike?"
MAP_INCIDENT_CH11_AMBUSH_TITLE,Ambush in the Surf
MAP_INCIDENT_CH11_BANTER_CHOICE_CONTINUE,Keep moving
MAP_INCIDENT_CH11_BANTER_DIALOGUE_01,"Soren, that last shot. Off by 1.3 meters. You didn't correct for wind, did you?"
MAP_INCIDENT_CH11_BANTER_DIALOGUE_02,"I did. The waves moved. Shells don't lie, but the sea does."
MAP_INCIDENT_CH11_BANTER_DIALOGUE_03,"You are both right. So next time, the three of us will settle it with a single shot."
MAP_INCIDENT_CH11_BANTER_TITLE,The Gunners
MAP_INCIDENT_CH11_CACHE_CHOICE_TAKE,Take it
MAP_INCIDENT_CH11_CACHE_DIALOGUE_01,A waterproof supply crate from the Breakwater Guard had washed up on the sandbar.
MAP_INCIDENT_CH11_CACHE_DIALOGUE_02,The seal's intact. Someone meant to guard this to the end. Let's use it gratefully.
MAP_INCIDENT_CH11_CACHE_TITLE,Washed-Up Supplies
MAP_INCIDENT_CH11_DISTRESS_CHOICE_RECORD,Record the coordinates
MAP_INCIDENT_CH11_DISTRESS_CHOICE_RESCUE,Go to the lighthouse and save her
MAP_INCIDENT_CH11_DISTRESS_DIALOGUE_01,"At the window of a dark lighthouse, someone was blinking a flashlight in a steady rhythm."
MAP_INCIDENT_CH11_DISTRESS_DIALOGUE_02,The water's up to the stairs. I got trapped trying to relight the lighthouse.
MAP_INCIDENT_CH11_DISTRESS_DIALOGUE_03,"Her body temperature's dropping. If we hurry, we can bring her out."
MAP_INCIDENT_CH11_DISTRESS_TITLE,A Flashlight in the Lighthouse
MAP_INCIDENT_CH11_ECHO_CHOICE_IGNORE,Move on
MAP_INCIDENT_CH11_ECHO_CHOICE_LISTEN,Listen to the end
MAP_INCIDENT_CH11_ECHO_DIALOGUE_01,"Between the waves, the Guard's radio traffic from the night of the Blackout cut in and out."
MAP_INCIDENT_CH11_ECHO_DIALOGUE_02,"Dike breach. Guard, withdraw. …No, there are still coordinates out there. Just a little longer…"
MAP_INCIDENT_CH11_ECHO_DIALOGUE_03,Someone was trying to save coordinates to the very end. And someone else picked up where she left off.
MAP_INCIDENT_CH11_ECHO_TITLE,The Breakwater's Last Transmission
MAP_INCIDENT_CH11_STORM_CHOICE_PUSH,Push between the swells
MAP_INCIDENT_CH11_STORM_CHOICE_SHELTER,Shelter in the guard post
MAP_INCIDENT_CH11_STORM_DIALOGUE_01,"An afterglow storm rose over the sea, and a black swell crashed over the breakwater."
MAP_INCIDENT_CH11_STORM_DIALOGUE_02,"Wave height, four meters. Push forward now and one in two of us gets swept away."
MAP_INCIDENT_CH11_STORM_TITLE,Black Swell
MAP_INCIDENT_CH12_AMBUSH_CHOICE_EVADE,Circle behind the pillars
MAP_INCIDENT_CH12_AMBUSH_CHOICE_FIGHT,Fight
MAP_INCIDENT_CH12_AMBUSH_DIALOGUE_01,"Faceless echoforms drifted out of the nave's shadows, humming the hymn."
MAP_INCIDENT_CH12_AMBUSH_DIALOGUE_02,"They mimic the voices of those who lost their names. Shall we face them, or go around?"
MAP_INCIDENT_CH12_AMBUSH_TITLE,Nameless Pilgrims
MAP_INCIDENT_CH12_BANTER_CHOICE_CONTINUE,Keep moving
MAP_INCIDENT_CH12_BANTER_DIALOGUE_01,"Roan! Narin! Soren! …Phew, I remember everyone. Orsa! Hart!"
MAP_INCIDENT_CH12_BANTER_DIALOGUE_02,Eda. Five people in eleven seconds. Efficient.
MAP_INCIDENT_CH12_BANTER_DIALOGUE_03,"Thank you for calling me. In this place, that's the best protection there is."
MAP_INCIDENT_CH12_BANTER_TITLE,Roll Call
MAP_INCIDENT_CH12_CACHE_CHOICE_TAKE,Take it
MAP_INCIDENT_CH12_CACHE_DIALOGUE_01,A pilgrim's pack lay beneath a collapsed altar. Only the name tag was blank.
MAP_INCIDENT_CH12_CACHE_DIALOGUE_02,"The owner lost her name, but her pack remains. Let's use it well, and return it someday."
MAP_INCIDENT_CH12_CACHE_TITLE,A Pilgrim's Pack
MAP_INCIDENT_CH12_DISTRESS_CHOICE_RECORD,Record her location
MAP_INCIDENT_CH12_DISTRESS_CHOICE_RESCUE,Bring her along
MAP_INCIDENT_CH12_DISTRESS_DIALOGUE_01,"In a corner of the pews, a woman stared blankly at letters written on her own palm."
MAP_INCIDENT_CH12_DISTRESS_DIALOGUE_02,I wrote my name here… but I can't read it. Who was I?
MAP_INCIDENT_CH12_DISTRESS_DIALOGUE_03,It's all right. Your name will come back. We'll stay with you until it does.
MAP_INCIDENT_CH12_DISTRESS_TITLE,A Woman Without a Name
MAP_INCIDENT_CH12_ECHO_CHOICE_IGNORE,Move on
MAP_INCIDENT_CH12_ECHO_CHOICE_LISTEN,Listen to the end
MAP_INCIDENT_CH12_ECHO_DIALOGUE_01,A voice from before the Blackout flowed from the confessional's old loudspeaker.
MAP_INCIDENT_CH12_ECHO_DIALOGUE_02,Names registered today: thirty-one. We will remember them all. …We will remember them all.
MAP_INCIDENT_CH12_ECHO_DIALOGUE_03,So this cathedral started out trying to protect names.
MAP_INCIDENT_CH12_ECHO_TITLE,The First Registry
MAP_INCIDENT_CH12_STORM_CHOICE_PUSH,Push through the storm
MAP_INCIDENT_CH12_STORM_CHOICE_SHELTER,Shelter in the sacristy
MAP_INCIDENT_CH12_STORM_DIALOGUE_01,An afterglow storm burst through the broken stained glass. Thousands of fragments of names swirled in the wind.
MAP_INCIDENT_CH12_STORM_DIALOGUE_02,Get hit and someone else's name mixes into you. Your memories could get tangled.
MAP_INCIDENT_CH12_STORM_TITLE,A Storm of Names
MAP_INCIDENT_CH13_AMBUSH_CHOICE_EVADE,Circle around the dune
MAP_INCIDENT_CH13_AMBUSH_CHOICE_FIGHT,Fight them
MAP_INCIDENT_CH13_AMBUSH_DIALOGUE_01,"The sand gave way underfoot and echoforms surged up, each clutching a torn ticket."
MAP_INCIDENT_CH13_AMBUSH_DIALOGUE_02,"Rough welcome. Fight, or go around?"
MAP_INCIDENT_CH13_AMBUSH_TITLE,Inspection from Below
MAP_INCIDENT_CH13_BANTER_CHOICE_CONTINUE,Follow with a smile
MAP_INCIDENT_CH13_BANTER_DIALOGUE_01,Roan! Heard courier-Roan was faster than you. She'd never beat me!
MAP_INCIDENT_CH13_BANTER_DIALOGUE_02,She never had to run and fight at the same time. That's my specialty.
MAP_INCIDENT_CH13_BANTER_DIALOGUE_03,Fine. Race you to the next dune!
MAP_INCIDENT_CH13_BANTER_TITLE,Dune Race
MAP_INCIDENT_CH13_CACHE_CHOICE_TAKE,Recover the crate
MAP_INCIDENT_CH13_CACHE_DIALOGUE_01,A half-buried mailbag held a sealed supply crate. The addressee line was blank.
MAP_INCIDENT_CH13_CACHE_DIALOGUE_02,"If there's no one to receive it, let's take it. We'll use it for someone."
MAP_INCIDENT_CH13_CACHE_TITLE,Mailbag Without an Address
MAP_INCIDENT_CH13_DISTRESS_CHOICE_RECORD,Log the coordinates
MAP_INCIDENT_CH13_DISTRESS_CHOICE_RESCUE,Share water and supplies
MAP_INCIDENT_CH13_DISTRESS_DIALOGUE_01,"In the shade of a dune, someone waved an empty canteen. A survivor just freed from the manifest."
MAP_INCIDENT_CH13_DISTRESS_DIALOGUE_02,My name… it came back. But I don't know where I am.
MAP_INCIDENT_CH13_DISTRESS_DIALOGUE_03,"It's all right. Water first, slowly. We'll log your coordinates too."
MAP_INCIDENT_CH13_DISTRESS_TITLE,Released from the Manifest
MAP_INCIDENT_CH13_ECHO_CHOICE_IGNORE,Move on
MAP_INCIDENT_CH13_ECHO_CHOICE_LISTEN,Listen to the end
MAP_INCIDENT_CH13_ECHO_DIALOGUE_01,A loudspeaker buried in the sand played a departure announcement from before the Blackout.
MAP_INCIDENT_CH13_ECHO_DIALOGUE_02,"The trans-desert express will depart shortly. Those seeing passengers off, please step behind the line…"
MAP_INCIDENT_CH13_ECHO_DIALOGUE_03,"…Behind this voice, too, there must have been a heartbeat seeing someone off."
MAP_INCIDENT_CH13_ECHO_TITLE,Desert Express Departure
MAP_INCIDENT_CH13_STORM_CHOICE_PUSH,Push through the storm
MAP_INCIDENT_CH13_STORM_CHOICE_SHELTER,Shelter behind the shield
MAP_INCIDENT_CH13_STORM_DIALOGUE_01,An afterglow storm swept the desert. Every grain of sand whispered someone's hesitation.
MAP_INCIDENT_CH13_STORM_DIALOGUE_02,"Behind my shield, please. Decide: wait it out, or push through."
MAP_INCIDENT_CH13_STORM_TITLE,Sandstorm of Hesitation
MAP_INCIDENT_CH14_AMBUSH_CHOICE_EVADE,Detour through another level
MAP_INCIDENT_CH14_AMBUSH_CHOICE_FIGHT,Fight them
MAP_INCIDENT_CH14_AMBUSH_DIALOGUE_01,"Echoforms poured like rain from the street overhead. To them, it was a leap downward."
MAP_INCIDENT_CH14_AMBUSH_DIALOGUE_02,"Upside down or right side up, an enemy's an enemy. Fight or dodge?"
MAP_INCIDENT_CH14_AMBUSH_TITLE,Enemies Raining Up
MAP_INCIDENT_CH14_BANTER_CHOICE_CONTINUE,Follow their calculations
MAP_INCIDENT_CH14_BANTER_DIALOGUE_01,"Narin, your coordinate math only works with a single gravity reference."
MAP_INCIDENT_CH14_BANTER_DIALOGUE_02,"So I just rebuilt it for three. Kir, try running your frequency backward too."
MAP_INCIDENT_CH14_BANTER_DIALOGUE_03,…Already did. You're a step behind this time.
MAP_INCIDENT_CH14_BANTER_TITLE,Three Frames of Reference
MAP_INCIDENT_CH14_CACHE_CHOICE_TAKE,Grab the supplies
MAP_INCIDENT_CH14_CACHE_DIALOGUE_01,An upside-down station locker burst open and supplies spilled out. All of them toward the ceiling.
MAP_INCIDENT_CH14_CACHE_DIALOGUE_02,Grab them before they escape into the sky! My hands are the fastest!
MAP_INCIDENT_CH14_CACHE_TITLE,Supplies Spilling Upward
MAP_INCIDENT_CH14_DISTRESS_CHOICE_RECORD,Log the spot and send a rescue signal
MAP_INCIDENT_CH14_DISTRESS_CHOICE_RESCUE,Pull her up and share supplies
MAP_INCIDENT_CH14_DISTRESS_DIALOGUE_01,Someone clung to an inverted streetlamp. Beneath her feet was nothing but sky.
MAP_INCIDENT_CH14_DISTRESS_DIALOGUE_02,"My hands are slipping! If I let go, I'll fall all the way to the clouds!"
MAP_INCIDENT_CH14_DISTRESS_DIALOGUE_03,Use my shield as a foothold. Slowly. Look only at me.
MAP_INCIDENT_CH14_DISTRESS_TITLE,Hanging from a Streetlamp
MAP_INCIDENT_CH14_ECHO_CHOICE_IGNORE,Move on
MAP_INCIDENT_CH14_ECHO_CHOICE_LISTEN,Listen to the end
MAP_INCIDENT_CH14_ECHO_DIALOGUE_01,An inverted broadcast tower played a time signal from before the Blackout.
MAP_INCIDENT_CH14_ECHO_DIALOGUE_02,The capital loop is running on time today. Have a pleasant day.
MAP_INCIDENT_CH14_ECHO_DIALOGUE_03,"…Running on time. Back then, this city was just ordinarily busy."
MAP_INCIDENT_CH14_ECHO_TITLE,On-Time Service
MAP_INCIDENT_CH14_STORM_CHOICE_PUSH,Punch through a gap
MAP_INCIDENT_CH14_STORM_CHOICE_SHELTER,Take cover inside
MAP_INCIDENT_CH14_STORM_DIALOGUE_01,An afterglow storm tore through the inverted streets. Shattered windows whirled in midair.
MAP_INCIDENT_CH14_STORM_DIALOGUE_02,"Debris trajectories unpredictable. Decide: take cover, or punch through a gap."
MAP_INCIDENT_CH14_STORM_TITLE,Glass Maelstrom
MAP_INCIDENT_CH15_AMBUSH_CHOICE_EVADE,Skirt the flower beds
MAP_INCIDENT_CH15_AMBUSH_CHOICE_FIGHT,Cut through
MAP_INCIDENT_CH15_AMBUSH_DIALOGUE_01,"Buds split open all at once, and thorned echoforms sprang out."
MAP_INCIDENT_CH15_AMBUSH_DIALOGUE_02,"The flowers bared their teeth. Cut through, or go around?"
MAP_INCIDENT_CH15_AMBUSH_TITLE,Budding Fangs
MAP_INCIDENT_CH15_BANTER_CHOICE_CONTINUE,"Walk on, holding back a laugh"
MAP_INCIDENT_CH15_BANTER_DIALOGUE_01,"Rias, what did you see in the flowers? I'm curious."
MAP_INCIDENT_CH15_BANTER_DIALOGUE_02,Didn't see anything. I ran with my eyes shut.
MAP_INCIDENT_CH15_BANTER_DIALOGUE_03,…Isn't that cheating? That's worse than hacking.
MAP_INCIDENT_CH15_BANTER_TITLE,Running Blind
MAP_INCIDENT_CH15_CACHE_CHOICE_TAKE,Recover the box
MAP_INCIDENT_CH15_CACHE_DIALOGUE_01,A toolbox lay buried beneath a withered bed. The lid read: 'For whoever comes next.'
MAP_INCIDENT_CH15_CACHE_DIALOGUE_02,We're whoever comes next? What an honor. Let's use it gratefully.
MAP_INCIDENT_CH15_CACHE_TITLE,For Whoever Comes Next
MAP_INCIDENT_CH15_DISTRESS_CHOICE_RECORD,Log her location
MAP_INCIDENT_CH15_DISTRESS_CHOICE_RESCUE,Lead her out of the scent
MAP_INCIDENT_CH15_DISTRESS_DIALOGUE_01,"At the edge of the field, someone was slapping her own cheeks to stay awake."
MAP_INCIDENT_CH15_DISTRESS_DIALOGUE_02,"I can't fall asleep… if I do, I'll go back to that day. Please, keep me awake."
MAP_INCIDENT_CH15_DISTRESS_DIALOGUE_03,You held on so well. Take my hand now. We'll go where there's no scent.
MAP_INCIDENT_CH15_DISTRESS_TITLE,Fighting Sleep
MAP_INCIDENT_CH15_ECHO_CHOICE_IGNORE,Move on
MAP_INCIDENT_CH15_ECHO_CHOICE_LISTEN,Listen to the end
MAP_INCIDENT_CH15_ECHO_DIALOGUE_01,A single petal played a voice from before the Blackout.
MAP_INCIDENT_CH15_ECHO_DIALOGUE_02,Thank you for coming to the garden's opening. These flowers belong to no one. They belong to everyone…
MAP_INCIDENT_CH15_ECHO_DIALOGUE_03,…So it began as a garden for everyone.
MAP_INCIDENT_CH15_ECHO_TITLE,Opening-Day Greeting
MAP_INCIDENT_CH15_STORM_CHOICE_PUSH,Hold your breath and push on
MAP_INCIDENT_CH15_STORM_CHOICE_SHELTER,Shelter in a maintenance tunnel
MAP_INCIDENT_CH15_STORM_DIALOGUE_01,An afterglow storm swept up the pollen. The sweetness made knees buckle on their own.
MAP_INCIDENT_CH15_STORM_DIALOGUE_02,"Keep your breaths short. Shelter or push on, decide quickly."
MAP_INCIDENT_CH15_STORM_TITLE,Pollen Storm
MAP_INCIDENT_CH16_AMBUSH_CHOICE_EVADE,Circle around the trench
MAP_INCIDENT_CH16_AMBUSH_CHOICE_FIGHT,Fight them
MAP_INCIDENT_CH16_AMBUSH_DIALOGUE_01,Echoforms bearing crown crests crawled out of a collapsed trench.
MAP_INCIDENT_CH16_AMBUSH_DIALOGUE_02,"Can't even tell which crown they serve. Fight, or go around?"
MAP_INCIDENT_CH16_AMBUSH_TITLE,Crested Echoforms
MAP_INCIDENT_CH16_BANTER_CHOICE_CONTINUE,Walk on with them
MAP_INCIDENT_CH16_BANTER_DIALOGUE_01,"Perin, if there are two queens, which one's real?"
MAP_INCIDENT_CH16_BANTER_DIALOGUE_02,"Hmm, both fake or both real. Either way, it's a bug."
MAP_INCIDENT_CH16_BANTER_DIALOGUE_03,Then we fix it. Simple.
MAP_INCIDENT_CH16_BANTER_TITLE,Which Queen Is Real
MAP_INCIDENT_CH16_CACHE_CHOICE_TAKE,Recover the rations
MAP_INCIDENT_CH16_CACHE_DIALOGUE_01,"An abandoned supply car held rations from both armies, jumbled together."
MAP_INCIDENT_CH16_CACHE_DIALOGUE_02,"No telling who looted whom, but hunger's the same on both sides. Let's grab it."
MAP_INCIDENT_CH16_CACHE_TITLE,A Mixed Supply Car
MAP_INCIDENT_CH16_DISTRESS_CHOICE_RECORD,Log their location
MAP_INCIDENT_CH16_DISTRESS_CHOICE_RESCUE,Evacuate them together
MAP_INCIDENT_CH16_DISTRESS_DIALOGUE_01,"In a shell crater, an Eastern uniform and a Western uniform leaned against each other."
MAP_INCIDENT_CH16_DISTRESS_DIALOGUE_02,"We were enemies… but we both hurt our legs. Please, carry us out together."
MAP_INCIDENT_CH16_DISTRESS_DIALOGUE_03,We'll take you both. One stretcher can carry two.
MAP_INCIDENT_CH16_DISTRESS_TITLE,Two Uniforms in a Crater
MAP_INCIDENT_CH16_ECHO_CHOICE_IGNORE,Move on
MAP_INCIDENT_CH16_ECHO_CHOICE_LISTEN,Listen to the end
MAP_INCIDENT_CH16_ECHO_DIALOGUE_01,A broken broadcast tower played a recording of an opening ceremony from before the Blackout.
MAP_INCIDENT_CH16_ECHO_DIALOGUE_02,Today the Eastern and Western Lines are joined as one. Please celebrate the first handshake between two cities…
MAP_INCIDENT_CH16_ECHO_DIALOGUE_03,Lines that once celebrated being joined now fight over being merged.
MAP_INCIDENT_CH16_ECHO_TITLE,Opening Ceremony Recording
MAP_INCIDENT_CH16_STORM_CHOICE_PUSH,Push through the storm
MAP_INCIDENT_CH16_STORM_CHOICE_SHELTER,Take cover in a trench
MAP_INCIDENT_CH16_STORM_DIALOGUE_01,"An afterglow storm swallowed the battlefield. Inside it, the anthems of both lines tangled and blared."
MAP_INCIDENT_CH16_STORM_DIALOGUE_02,"Don't march to the anthems. Shelter or push through, choose."
MAP_INCIDENT_CH16_STORM_TITLE,Tangled Anthems
MAP_INCIDENT_CH17_AMBUSH_CHOICE_EVADE,Detour through another aisle
MAP_INCIDENT_CH17_AMBUSH_CHOICE_FIGHT,Break through
MAP_INCIDENT_CH17_AMBUSH_DIALOGUE_01,"The shelves slid shut on their own, sealing the path. Echoforms unfolded from between the books like loose pages."
MAP_INCIDENT_CH17_AMBUSH_DIALOGUE_02,It just wrote in a dead end? Can't even trust the map in here!
MAP_INCIDENT_CH17_AMBUSH_DIALOGUE_03,"I'll hold the rear. Break through or go around, just decide fast."
MAP_INCIDENT_CH17_AMBUSH_TITLE,Ambush in the Stacks
MAP_INCIDENT_CH17_BANTER_CHOICE_CONTINUE,Keep moving
MAP_INCIDENT_CH17_BANTER_DIALOGUE_01,These shelves are a mess. Should I re-sort them? By cover color.
MAP_INCIDENT_CH17_BANTER_DIALOGUE_02,Don't touch them. One half-beat off and the shelves will sort you first.
MAP_INCIDENT_CH17_BANTER_DIALOGUE_03,"A hacker sorted by a bookshelf… Okay, that sounds kind of fun?"
MAP_INCIDENT_CH17_BANTER_TITLE,Sorting Algorithm
MAP_INCIDENT_CH17_CACHE_CHOICE_TAKE,Recover the supplies
MAP_INCIDENT_CH17_CACHE_DIALOGUE_01,Inside a return bin sat a supply crate stamped with the Lamplighter mark. It had been due back twelve years ago.
MAP_INCIDENT_CH17_CACHE_DIALOGUE_02,"We don't have to pay the late fee, right? Twelve years' worth would add up."
MAP_INCIDENT_CH17_CACHE_TITLE,Unreturned Supplies
MAP_INCIDENT_CH17_DISTRESS_CHOICE_RECORD,Record her name and coordinates
MAP_INCIDENT_CH17_DISTRESS_CHOICE_RESCUE,"Take her along, calling her name"
MAP_INCIDENT_CH17_DISTRESS_DIALOGUE_01,"A survivor at a reading seat was reading her own name aloud without pause. She said if she stopped, she'd be erased."
MAP_INCIDENT_CH17_DISTRESS_DIALOGUE_02,"Please, say my name with me. My voice is already gone from doing it alone."
MAP_INCIDENT_CH17_DISTRESS_DIALOGUE_03,It's all right. We'll take turns saying it. Breathe slowly.
MAP_INCIDENT_CH17_DISTRESS_TITLE,The Fading Reader
MAP_INCIDENT_CH17_ECHO_CHOICE_IGNORE,Move on
MAP_INCIDENT_CH17_ECHO_CHOICE_LISTEN,Listen to the end
MAP_INCIDENT_CH17_ECHO_DIALOGUE_01,A voice from before the Blackout drifted out of a broken reading machine. Someone was reading a train timetable aloud.
MAP_INCIDENT_CH17_ECHO_DIALOGUE_02,"Line Seven, departing 23:40… This is the last train. Is everyone aboard? Everyone…"
MAP_INCIDENT_CH17_ECHO_DIALOGUE_03,…The last announcement from that night. It was counting people to the very end.
MAP_INCIDENT_CH17_ECHO_TITLE,Last Train Announcement
MAP_INCIDENT_CH17_STORM_CHOICE_PUSH,Push through the ink
MAP_INCIDENT_CH17_STORM_CHOICE_SHELTER,Shelter in a reading room
MAP_INCIDENT_CH17_STORM_DIALOGUE_01,Black ink dust poured from the vents like a storm. Letters smeared wherever it touched.
MAP_INCIDENT_CH17_STORM_DIALOGUE_02,"The afterglow storm turned to ink inside the archive. If it touches skin, memories might smear."
MAP_INCIDENT_CH17_STORM_DIALOGUE_03,"If there's cover, we take it. If not, we run. Just pick one."
MAP_INCIDENT_CH17_STORM_TITLE,Ink Storm
MAP_INCIDENT_CH18_AMBUSH_CHOICE_EVADE,Step off the tracks
MAP_INCIDENT_CH18_AMBUSH_CHOICE_FIGHT,Block the carts
MAP_INCIDENT_CH18_AMBUSH_DIALOGUE_01,A line of driverless rail carts veered off the track toward the Lamplighters. Every cargo bed was loaded with echoforms.
MAP_INCIDENT_CH18_AMBUSH_DIALOGUE_02,"Not building materials—troop transport? Fine, I'll handle the unloading!"
MAP_INCIDENT_CH18_AMBUSH_DIALOGUE_03,Their track is half a beat off the bypass. Step aside now and we lose them.
MAP_INCIDENT_CH18_AMBUSH_TITLE,Rail Cart Raid
MAP_INCIDENT_CH18_BANTER_CHOICE_CONTINUE,Keep moving
MAP_INCIDENT_CH18_BANTER_DIALOGUE_01,"One day left, and suddenly there's so much I want to do. What first?"
MAP_INCIDENT_CH18_BANTER_DIALOGUE_02,"When it's all over, fireworks on a train roof! Made of my lightning!"
MAP_INCIDENT_CH18_BANTER_DIALOGUE_03,…I'll log that plan. Meaning we'll definitely do it when this is over.
MAP_INCIDENT_CH18_BANTER_TITLE,After It's Over
MAP_INCIDENT_CH18_CACHE_CHOICE_TAKE,Recover the supplies
MAP_INCIDENT_CH18_CACHE_DIALOGUE_01,Ammunition and medicine stamped with the Directorate seal sat untouched in a supply shed—stock meant for the opening ceremony.
MAP_INCIDENT_CH18_CACHE_DIALOGUE_02,"No celebratory fireworks? Oh well, we'll put all this to better use."
MAP_INCIDENT_CH18_CACHE_TITLE,Opening Ceremony Stock
MAP_INCIDENT_CH18_DISTRESS_CHOICE_RECORD,Record the column's coordinates
MAP_INCIDENT_CH18_DISTRESS_CHOICE_RESCUE,Hold on and bring her along
MAP_INCIDENT_CH18_DISTRESS_DIALOGUE_01,One person broke from the refugee column marching toward the Last Line and sank to the ground. Her feet kept dragging toward the tracks.
MAP_INCIDENT_CH18_DISTRESS_DIALOGUE_02,"I don't want to board, but my legs keep going. I told my sister to wait for me…"
MAP_INCIDENT_CH18_DISTRESS_DIALOGUE_03,"It's okay, I've got you. I won't let go until the announcement ends."
MAP_INCIDENT_CH18_DISTRESS_TITLE,Stray from the Boarding Line
MAP_INCIDENT_CH18_ECHO_CHOICE_IGNORE,Move on
MAP_INCIDENT_CH18_ECHO_CHOICE_LISTEN,Listen to the end
MAP_INCIDENT_CH18_ECHO_DIALOGUE_01,An abandoned platform speaker played a pre-Blackout rehearsal for an opening ceremony. Even the applause had been recorded.
MAP_INCIDENT_CH18_ECHO_DIALOGUE_02,The new line will take you anywhere. Anywhere you wish…
MAP_INCIDENT_CH18_ECHO_DIALOGUE_03,"So this line was built to say that. Anywhere, wherever you wish."
MAP_INCIDENT_CH18_ECHO_TITLE,Opening Rehearsal
MAP_INCIDENT_CH18_STORM_CHOICE_PUSH,Push through the storm
MAP_INCIDENT_CH18_STORM_CHOICE_SHELTER,Take cover under a rail cart
MAP_INCIDENT_CH18_STORM_DIALOGUE_01,The ticking of second hands rained from the sky. The afterglow storm had knotted into clock sounds and was lashing the rails.
MAP_INCIDENT_CH18_STORM_DIALOGUE_02,"Seven minutes for the storm to pass. Two if we push through, but losses run high."
MAP_INCIDENT_CH18_STORM_DIALOGUE_03,Done calculating? Then pick. Standing here is the worst deal.
MAP_INCIDENT_CH18_STORM_TITLE,Second-Hand Storm
MAP_INCIDENT_CH19_AMBUSH_CHOICE_EVADE,Slip out between cycles
MAP_INCIDENT_CH19_AMBUSH_CHOICE_FIGHT,Face them again
MAP_INCIDENT_CH19_AMBUSH_DIALOGUE_01,The echoforms they had just cut down rose again in the same spot. The Circuit had completed a lap.
MAP_INCIDENT_CH19_AMBUSH_DIALOGUE_02,Again? These things are on repeat too?
MAP_INCIDENT_CH19_AMBUSH_DIALOGUE_03,Respawn cycle: fifty-eight seconds. Pull out now and we're clear before the next one.
MAP_INCIDENT_CH19_AMBUSH_TITLE,The Ambush That Resets
MAP_INCIDENT_CH19_BANTER_CHOICE_CONTINUE,Keep moving
MAP_INCIDENT_CH19_BANTER_DIALOGUE_01,"Narin, which lap are we on? I lost count!"
MAP_INCIDENT_CH19_BANTER_DIALOGUE_02,Thirty-four. You've asked me that twenty-six times.
MAP_INCIDENT_CH19_BANTER_DIALOGUE_03,"Then this is the twenty-seventh, so answer just once more as a special treat!"
MAP_INCIDENT_CH19_BANTER_TITLE,Which Lap Is It?
MAP_INCIDENT_CH19_CACHE_CHOICE_TAKE,Recover the supplies
MAP_INCIDENT_CH19_CACHE_DIALOGUE_01,A supply crate by the tracks bore the Lamplighter mark painted over dozens of times. Someone had refilled the same crate every lap.
MAP_INCIDENT_CH19_CACHE_DIALOGUE_02,"Whoever she was, she was diligent. Let's use it gratefully."
MAP_INCIDENT_CH19_CACHE_TITLE,The Repainted Crate
MAP_INCIDENT_CH19_DISTRESS_CHOICE_RECORD,Record the phone's location
MAP_INCIDENT_CH19_DISTRESS_CHOICE_RESCUE,Rescue her within this lap
MAP_INCIDENT_CH19_DISTRESS_DIALOGUE_01,"An emergency phone by the tracks rang. Every time it was answered, the same voice said the same words."
MAP_INCIDENT_CH19_DISTRESS_DIALOGUE_02,"Please, there's one more of us here. Next lap, I won't even remember saying this."
MAP_INCIDENT_CH19_DISTRESS_DIALOGUE_03,I can hear a heartbeat. She's real. We have to reach her within this lap.
MAP_INCIDENT_CH19_DISTRESS_TITLE,The Same Call for Help
MAP_INCIDENT_CH19_ECHO_CHOICE_IGNORE,Move on
MAP_INCIDENT_CH19_ECHO_CHOICE_LISTEN,Listen to the end
MAP_INCIDENT_CH19_ECHO_DIALOGUE_01,A pre-Blackout departure announcement played from a speaker in a dead Circuit station. The recording wore a little thinner every lap.
MAP_INCIDENT_CH19_ECHO_DIALOGUE_02,"The return train is departing. Please check the seat beside you, so that no one is left behind."
MAP_INCIDENT_CH19_ECHO_DIALOGUE_03,…Check the seat beside you. So that's what it used to say.
MAP_INCIDENT_CH19_ECHO_TITLE,Return Train Announcement
MAP_INCIDENT_CH19_STORM_CHOICE_PUSH,Break through while it rewinds
MAP_INCIDENT_CH19_STORM_CHOICE_SHELTER,Shelter until the storm rewinds
MAP_INCIDENT_CH19_STORM_DIALOGUE_01,"The afterglow storm blew, got sucked backward, then blew again. Inside the Circuit, even storms rewound."
MAP_INCIDENT_CH19_STORM_DIALOGUE_02,First time I've been hit by the same storm twice. Maybe the second one hurts less.
MAP_INCIDENT_CH19_STORM_DIALOGUE_03,"It won't hurt less. Let's rest, even just for a moment."
MAP_INCIDENT_CH19_STORM_TITLE,The Rewinding Storm
MAP_INCIDENT_CH20_AMBUSH_CHOICE_EVADE,Slip through a gap in the beams
MAP_INCIDENT_CH20_AMBUSH_CHOICE_FIGHT,Fight to protect the light
MAP_INCIDENT_CH20_AMBUSH_DIALOGUE_01,"Echoforms crawled out between the gathering beams of light. With every bite of light they gnawed, they grew larger."
MAP_INCIDENT_CH20_AMBUSH_DIALOGUE_02,Light thieves. Don't let them take a single handful.
MAP_INCIDENT_CH20_AMBUSH_DIALOGUE_03,The gap between beams just opened by half a beat. We could slip through there.
MAP_INCIDENT_CH20_AMBUSH_TITLE,Light Gnawers
MAP_INCIDENT_CH20_BANTER_CHOICE_CONTINUE,Keep moving
MAP_INCIDENT_CH20_BANTER_DIALOGUE_01,What are you doing when this is all over? I'm going to go doodle on Terminus Control's servers.
MAP_INCIDENT_CH20_BANTER_DIALOGUE_02,I will broadcast on my frequency with no orders at all. Just music.
MAP_INCIDENT_CH20_BANTER_DIALOGUE_03,"Ooh, Kir playing music. I have to record that first broadcast."
MAP_INCIDENT_CH20_BANTER_TITLE,When It's All Done
MAP_INCIDENT_CH20_CACHE_CHOICE_TAKE,Recover the supplies
MAP_INCIDENT_CH20_CACHE_DIALOGUE_01,"Behind the defense line, a depot held the Final Line garrison's supplies, neatly stacked. Every crate read: 'For whoever lights it.'"
MAP_INCIDENT_CH20_CACHE_DIALOGUE_02,"Left for us, then. Let's accept it gratefully."
MAP_INCIDENT_CH20_CACHE_TITLE,For Whoever Lights It
MAP_INCIDENT_CH20_DISTRESS_CHOICE_RECORD,Record the train's coordinates
MAP_INCIDENT_CH20_DISTRESS_CHOICE_RESCUE,Escort the train
MAP_INCIDENT_CH20_DISTRESS_DIALOGUE_01,"A flashlight signal blinked from an evacuation train stalled at the end of the tracks—dragged toward the Last Line, then stopped."
MAP_INCIDENT_CH20_DISTRESS_DIALOGUE_02,There are fifty of us here. My mother and grandmother too. Is this the end?
MAP_INCIDENT_CH20_DISTRESS_DIALOGUE_03,It's not the end. The light is coming on soon. We'll stay with you until then.
MAP_INCIDENT_CH20_DISTRESS_TITLE,The Last Evacuation Train
MAP_INCIDENT_CH20_ECHO_CHOICE_IGNORE,Move on
MAP_INCIDENT_CH20_ECHO_CHOICE_LISTEN,Listen to the end
MAP_INCIDENT_CH20_ECHO_DIALOGUE_01,A rusted speaker on the lantern's base played a recording of a pre-Blackout lighting ceremony. A great crowd was counting down.
MAP_INCIDENT_CH20_ECHO_DIALOGUE_02,"Three, two, one… Lights on! Every line is lighting up!"
MAP_INCIDENT_CH20_ECHO_DIALOGUE_03,…They counted together back then too. Let's do the same this time.
MAP_INCIDENT_CH20_ECHO_TITLE,The First Lighting Ceremony
MAP_INCIDENT_CH20_STORM_CHOICE_PUSH,Break through between gusts
MAP_INCIDENT_CH20_STORM_CHOICE_SHELTER,Shelter beneath the lantern's base
MAP_INCIDENT_CH20_STORM_DIALOGUE_01,It seemed every afterglow storm left in the world was converging here. Twelve years of sound roared inside it all at once.
MAP_INCIDENT_CH20_STORM_DIALOGUE_02,Heavy wind. All the memories are coming here.
MAP_INCIDENT_CH20_STORM_DIALOGUE_03,"If we're pushing through, it's now. Forty seconds to the next gust."
MAP_INCIDENT_CH20_STORM_TITLE,The Last Afterglow Storm
MAP_TREASURE_CH01_HT01_NAME,Anomalous Crystal Cluster
MAP_TREASURE_CH01_HT02_NAME,Collapsed Archway
MAP_TREASURE_CH01_HT03_NAME,Broken Infrastructure End
MAP_TREASURE_CH01_HT04_NAME,Open Coastal Clearing
MAP_TREASURE_CH01_VT01_NAME,Broken Relay Supply Case
MAP_TREASURE_CH01_VT02_NAME,Coastline Supply Case
MAP_TREASURE_CH01_VT03_NAME,Ruined Signal Crate
MAP_TREASURE_CH01_VT04_NAME,Crystal Survey Chest
MAP_TREASURE_CH01_VT05_NAME,Railside Armament Case
MAP_TREASURE_CH01_VT06_NAME,Beacon Signal Vault
MAP_TREASURE_DETAIL_BODY,"%s
Route length: %d
Risk: %s"
MAP_TREASURE_DETAIL_TITLE,Exploration Cache
MAP_TREASURE_MOVE,Move to treasure
RESULT_EVENT_RECRUITED,Companion Joined · %s is now available for formation.
RESULT_EVENT_TRACKING,Signal Follow-up · %s will join after the signal at %s is restored.
RESULT_EVENT_TRACKING_BATTLES,Signal Follow-up · %s joins after %d more new-operation victories
SCENARIO_CH01_CAMP_TITLE,Campfire Under the Bell Tower
SCENARIO_CH01_HARD_INTRO_TITLE,The Alarm That Never Ended
SCENARIO_CH01_HARD_OUTRO_TITLE,The Last Blank
SCENARIO_CH01_INTRO_TITLE,The Signal on the Dead Line
SCENARIO_CH01_MID_A_TITLE,A Voice That Cannot Answer
SCENARIO_CH01_MID_B_TITLE,The First Mark
SCENARIO_CH01_OUTRO_TITLE,The Erased Destination
SCENARIO_CH01_PREBOSS_TITLE,The Endless Queue
SCENARIO_CH02_CAMP_TITLE,The Upside-Down Waiting Room
SCENARIO_CH02_HARD_INTRO_TITLE,Timetables of Empty Seats
SCENARIO_CH02_HARD_OUTRO_TITLE,A Signal Heading Out
SCENARIO_CH02_INTRO_TITLE,Returning Trains Only
SCENARIO_CH02_MID_A_TITLE,The Old Roster
SCENARIO_CH02_MID_B_TITLE,The Backflow Section
SCENARIO_CH02_OUTRO_TITLE,Forward Again
SCENARIO_CH02_PREBOSS_TITLE,Reverse Ticketing
SCENARIO_CH03_CAMP_TITLE,The One Without a Reflection
SCENARIO_CH03_HARD_INTRO_TITLE,Where the Sun Never Sets
SCENARIO_CH03_HARD_OUTRO_TITLE,The First Night at the Plain's Edge
SCENARIO_CH03_INTRO_TITLE,Glass Across the Night
SCENARIO_CH03_MID_A_TITLE,Abandoned Choices
SCENARIO_CH03_MID_B_TITLE,Proof by Half a Beat
SCENARIO_CH03_OUTRO_TITLE,A Voice Beyond the Broken Mirror
SCENARIO_CH03_PREBOSS_TITLE,A Single Reflection
SCENARIO_CH04_CAMP_TITLE,Drying the Gear
SCENARIO_CH04_HARD_INTRO_TITLE,Do Not Approach
SCENARIO_CH04_HARD_OUTRO_TITLE,You May Return
SCENARIO_CH04_INTRO_TITLE,A Rescue Call Underwater
SCENARIO_CH04_MID_A_TITLE,Forty Seconds of Guilt
SCENARIO_CH04_MID_B_TITLE,The Rescuer Who Came Late
SCENARIO_CH04_OUTRO_TITLE,Records to Deliver
SCENARIO_CH04_PREBOSS_TITLE,Rising Water Procedure
SCENARIO_CH05_CAMP_TITLE,The Joke That Fell Flat
SCENARIO_CH05_HARD_INTRO_TITLE,Court of Witnesses
SCENARIO_CH05_HARD_OUTRO_TITLE,Testimony Released
SCENARIO_CH05_INTRO_TITLE,The Ashen Wall
SCENARIO_CH05_MID_A_TITLE,Testimony in Storage
SCENARIO_CH05_MID_B_TITLE,The Fifth Mark
SCENARIO_CH05_OUTRO_TITLE,The Open Gate
SCENARIO_CH05_PREBOSS_TITLE,Count Complete
SCENARIO_CH06_CAMP_TITLE,A Question by the Fire
SCENARIO_CH06_HARD_INTRO_TITLE,Eye of the Storm
SCENARIO_CH06_HARD_OUTRO_TITLE,Stars After Twelve Years
SCENARIO_CH06_INTRO_TITLE,The Toll
SCENARIO_CH06_MID_A_TITLE,Heartbeats Worn Down
SCENARIO_CH06_MID_B_TITLE,Two Hundred Forty Seconds
SCENARIO_CH06_OUTRO_TITLE,Not One Missing
SCENARIO_CH06_PREBOSS_TITLE,Bridge Release
SCENARIO_CH07_CAMP_TITLE,Fire in the Ice Cave
SCENARIO_CH07_HARD_INTRO_TITLE,Whiteout
SCENARIO_CH07_HARD_OUTRO_TITLE,Bearings Restored
SCENARIO_CH07_INTRO_TITLE,Please Stand By
SCENARIO_CH07_MID_A_TITLE,Seven Packs
SCENARIO_CH07_MID_B_TITLE,Dead Orders
SCENARIO_CH07_OUTRO_TITLE,Silence
SCENARIO_CH07_PREBOSS_TITLE,The Standby Chorus
SCENARIO_CH08_CAMP_TITLE,Two Shields
SCENARIO_CH08_HARD_INTRO_TITLE,Orbital Scrapyard
SCENARIO_CH08_HARD_OUTRO_TITLE,Zero
SCENARIO_CH08_INTRO_TITLE,The Crimson Ring
SCENARIO_CH08_MID_A_TITLE,Fuel of Memory
SCENARIO_CH08_MID_B_TITLE,The Eighth Mark
SCENARIO_CH08_OUTRO_TITLE,"A Signature, Back Turned"
SCENARIO_CH08_PREBOSS_TITLE,Mass Release
SCENARIO_CH09_CAMP_TITLE,The Defendants' Fire
SCENARIO_CH09_HARD_INTRO_TITLE,The Corridor Awaiting Approval
SCENARIO_CH09_HARD_OUTRO_TITLE,The Final Article
SCENARIO_CH09_INTRO_TITLE,The Sleeping Court
SCENARIO_CH09_MID_A_TITLE,Case 0001
SCENARIO_CH09_MID_B_TITLE,The Ninth Signature
SCENARIO_CH09_OUTRO_TITLE,Void
SCENARIO_CH09_PREBOSS_TITLE,Sentencing
SCENARIO_CH10_CAMP_TITLE,Control's Proposal
SCENARIO_CH10_HARD_INTRO_TITLE,The Eclipse Zone
SCENARIO_CH10_HARD_OUTRO_TITLE,The Real Moon
SCENARIO_CH10_INTRO_TITLE,The Train Called Twice
SCENARIO_CH10_MID_A_TITLE,Collision Scheduled
SCENARIO_CH10_MID_B_TITLE,The Tenth Signature
SCENARIO_CH10_OUTRO_TITLE,One Moon
SCENARIO_CH10_PREBOSS_TITLE,The Unchosen
SCENARIO_CH11_CAMP_TITLE,The Story of That Night
SCENARIO_CH11_HARD_INTRO_TITLE,Beyond the Breakwater
SCENARIO_CH11_HARD_OUTRO_TITLE,"Calm, for the First Time"
SCENARIO_CH11_INTRO_TITLE,The Black Tide
SCENARIO_CH11_MID_A_TITLE,Rescue Zero-Three
SCENARIO_CH11_MID_B_TITLE,The Eleventh Signature
SCENARIO_CH11_OUTRO_TITLE,A Key on Still Water
SCENARIO_CH11_PREBOSS_TITLE,The Harvest
SCENARIO_CH12_CAMP_TITLE,Twelve of Twenty
SCENARIO_CH12_HARD_INTRO_TITLE,The Singing Ossuary
SCENARIO_CH12_HARD_OUTRO_TITLE,Released Names
SCENARIO_CH12_INTRO_TITLE,The Door That Eats Names
SCENARIO_CH12_MID_A_TITLE,The Levy Ledger
SCENARIO_CH12_MID_B_TITLE,The Twelfth Signature
SCENARIO_CH12_OUTRO_TITLE,Names Coming Home
SCENARIO_CH12_PREBOSS_TITLE,The Erased Name
SCENARIO_CH13_CAMP_TITLE,Desert Campfire
SCENARIO_CH13_HARD_INTRO_TITLE,The Mirage Zone
SCENARIO_CH13_HARD_OUTRO_TITLE,Real Footprints
SCENARIO_CH13_INTRO_TITLE,A Train on the Sand
SCENARIO_CH13_MID_A_TITLE,The Lives Not Chosen
SCENARIO_CH13_MID_B_TITLE,Marks of the Last Choice
SCENARIO_CH13_OUTRO_TITLE,Rails Curling Skyward
SCENARIO_CH13_PREBOSS_TITLE,Cars of Regret
SCENARIO_CH14_CAMP_TITLE,Charges and the Present
SCENARIO_CH14_HARD_INTRO_TITLE,The Inverted Palace
SCENARIO_CH14_HARD_OUTRO_TITLE,Every Floor in Its Place
SCENARIO_CH14_INTRO_TITLE,The Capital Falling Skyward
SCENARIO_CH14_MID_A_TITLE,Emergency Protocol Zero
SCENARIO_CH14_MID_B_TITLE,The Authority Register
SCENARIO_CH14_OUTRO_TITLE,The Capital Set Right
SCENARIO_CH14_PREBOSS_TITLE,Audit of the Will to Return
SCENARIO_CH15_CAMP_TITLE,A Memory with Sio in It
SCENARIO_CH15_HARD_INTRO_TITLE,The Slow Greenhouse
SCENARIO_CH15_HARD_OUTRO_TITLE,Rain in the Greenhouse
SCENARIO_CH15_INTRO_TITLE,The Field of Happiness
SCENARIO_CH15_MID_A_TITLE,The Safest Moment
SCENARIO_CH15_MID_B_TITLE,Rather Than a Comfortable Past
SCENARIO_CH15_OUTRO_TITLE,Authority Split in Two
SCENARIO_CH15_PREBOSS_TITLE,A Shield of Memories
SCENARIO_CH16_CAMP_TITLE,The Medics' Fire
SCENARIO_CH16_HARD_INTRO_TITLE,The Throne Car
SCENARIO_CH16_HARD_OUTRO_TITLE,Two Queens at One Table
SCENARIO_CH16_INTRO_TITLE,Two Crowns Declare
SCENARIO_CH16_MID_A_TITLE,A Single Signature Line
SCENARIO_CH16_MID_B_TITLE,Forty-Two in One Rhythm
SCENARIO_CH16_OUTRO_TITLE,Coordinates in a Broken Crown
SCENARIO_CH16_PREBOSS_TITLE,Truce Is Treason
SCENARIO_CH17_CAMP_TITLE,The Original Record
SCENARIO_CH17_HARD_INTRO_TITLE,The Palimpsest Stacks
SCENARIO_CH17_HARD_OUTRO_TITLE,Names Restored
SCENARIO_CH17_INTRO_TITLE,History Rewritten
SCENARIO_CH17_MID_A_TITLE,Fading Names
SCENARIO_CH17_MID_B_TITLE,The Living Index
SCENARIO_CH17_OUTRO_TITLE,"Tomorrow, 00:00"
SCENARIO_CH17_PREBOSS_TITLE,Torn Records
SCENARIO_CH18_CAMP_TITLE,The Night Before
SCENARIO_CH18_HARD_INTRO_TITLE,Midnight Terminus Worksite
SCENARIO_CH18_HARD_OUTRO_TITLE,The Minute That Ends No One
SCENARIO_CH18_INTRO_TITLE,Opening Notice
SCENARIO_CH18_MID_A_TITLE,The Reference Clock
SCENARIO_CH18_MID_B_TITLE,One Minute per Shell
SCENARIO_CH18_OUTRO_TITLE,The Day We Bought
SCENARIO_CH18_PREBOSS_TITLE,Midnight Barrage
SCENARIO_CH19_CAMP_TITLE,A Chorus of Reasons
SCENARIO_CH19_HARD_INTRO_TITLE,The Seam of the Circuit
SCENARIO_CH19_HARD_OUTRO_TITLE,Next
SCENARIO_CH19_INTRO_TITLE,0 km to the Start
SCENARIO_CH19_MID_A_TITLE,Vanishing Reasons
SCENARIO_CH19_MID_B_TITLE,The Handwritten Record
SCENARIO_CH19_OUTRO_TITLE,Everyone Returns
SCENARIO_CH19_PREBOSS_TITLE,Sacrifice by Default
SCENARIO_CH20_CAMP_TITLE,The Sixth Founder
SCENARIO_CH20_HARD_INTRO_TITLE,The Abyss Beneath the Lantern
SCENARIO_CH20_HARD_OUTRO_TITLE,The First Train
SCENARIO_CH20_INTRO_TITLE,"Last Terminus, First Station"
SCENARIO_CH20_MID_A_TITLE,The Twentieth Slot
SCENARIO_CH20_MID_B_TITLE,The Last Wall
SCENARIO_CH20_OUTRO_TITLE,Choose Your Destination
SCENARIO_CH20_PREBOSS_TITLE,The Final Floodgate
SCENARIO_PROLOGUE_TITLE,Prologue — The Broken Light
SCENARIO_REL_IRI_TITLE,The Broken Announcement
SCENARIO_REL_MAERU_TITLE,The Empty Seatbelt
SKILL_ADELINE_NORMAL,Adeline Normal Skill
SKILL_ADELINE_PASSIVE,Adeline Passive Skill
SKILL_ADELINE_ULTIMATE,Adeline Ultimate Skill
SKILL_ARINT_NORMAL,Arint Normal Skill
SKILL_ARINT_PASSIVE,Arint Passive Skill
SKILL_ARINT_ULTIMATE,Arint Ultimate Skill
SKILL_BAEL_NORMAL,Bael Normal Skill
SKILL_BAEL_PASSIVE,Bael Passive Skill
SKILL_BAEL_ULTIMATE,Bael Ultimate Skill
SKILL_CIEL_NORMAL,Ciel Normal Skill
SKILL_CIEL_PASSIVE,Ciel Passive Skill
SKILL_CIEL_ULTIMATE,Ciel Ultimate Skill
SKILL_DAEL_NORMAL,Dael Normal Skill
SKILL_DAEL_PASSIVE,Dael Passive Skill
SKILL_DAEL_ULTIMATE,Dael Ultimate Skill
SKILL_DRAN_NORMAL,Dran Normal Skill
SKILL_DRAN_PASSIVE,Dran Passive Skill
SKILL_DRAN_ULTIMATE,Dran Ultimate Skill
SKILL_EDA_NORMAL,Eda Normal Skill
SKILL_EDA_PASSIVE,Eda Passive Skill
SKILL_EDA_ULTIMATE,Eda Ultimate Skill
SKILL_HART_NORMAL,Hart Normal Skill
SKILL_HART_PASSIVE,Hart Passive Skill
SKILL_HART_ULTIMATE,Hart Ultimate Skill
SKILL_HERAON_NORMAL,Heraon Normal Skill
SKILL_HERAON_PASSIVE,Heraon Passive Skill
SKILL_HERAON_ULTIMATE,Heraon Ultimate Skill
SKILL_INOA_NORMAL,Inoa Normal Skill
SKILL_INOA_PASSIVE,Inoa Passive Skill
SKILL_INOA_ULTIMATE,Inoa Ultimate Skill
SKILL_IRI_NORMAL,Iri Normal Skill
SKILL_IRI_PASSIVE,Iri Passive Skill
SKILL_IRI_ULTIMATE,Iri Ultimate Skill
SKILL_KAIREN_NORMAL,Kairen Normal Skill
SKILL_KAIREN_PASSIVE,Kairen Passive Skill
SKILL_KAIREN_ULTIMATE,Kairen Ultimate Skill
SKILL_KARN_NORMAL,Karn Normal Skill
SKILL_KARN_PASSIVE,Karn Passive Skill
SKILL_KARN_ULTIMATE,Karn Ultimate Skill
SKILL_KIAN_NORMAL,Kian Normal Skill
SKILL_KIAN_PASSIVE,Kian Passive Skill
SKILL_KIAN_ULTIMATE,Kian Ultimate Skill
SKILL_KIR_NORMAL,Kir Normal Skill
SKILL_KIR_PASSIVE,Kir Passive Skill
SKILL_KIR_ULTIMATE,Kir Ultimate Skill
SKILL_LAVENT_NORMAL,Lavent Normal Skill
SKILL_LAVENT_PASSIVE,Lavent Passive Skill
SKILL_LAVENT_ULTIMATE,Lavent Ultimate Skill
SKILL_LIV_NORMAL,Liv Normal Skill
SKILL_LIV_PASSIVE,Liv Passive Skill
SKILL_LIV_ULTIMATE,Liv Ultimate Skill
SKILL_MAERU_NORMAL,Maeru Normal Skill
SKILL_MAERU_PASSIVE,Maeru Passive Skill
SKILL_MAERU_ULTIMATE,Maeru Ultimate Skill
SKILL_MERIN_NORMAL,Merin Normal Skill
SKILL_MERIN_PASSIVE,Merin Passive Skill
SKILL_MERIN_ULTIMATE,Merin Ultimate Skill
SKILL_MIRE_NORMAL,Mire Normal Skill
SKILL_MIRE_PASSIVE,Mire Passive Skill
SKILL_MIRE_ULTIMATE,Mire Ultimate Skill
SKILL_MOEN_NORMAL,Moen Normal Skill
SKILL_MOEN_PASSIVE,Moen Passive Skill
SKILL_MOEN_ULTIMATE,Moen Ultimate Skill
SKILL_NARIN_NORMAL,Narin Normal Skill
SKILL_NARIN_PASSIVE,Narin Passive Skill
SKILL_NARIN_ULTIMATE,Narin Ultimate Skill
SKILL_NOAR_NORMAL,Noar Normal Skill
SKILL_NOAR_PASSIVE,Noar Passive Skill
SKILL_NOAR_ULTIMATE,Noar Ultimate Skill
SKILL_ORBIN_NORMAL,Orbin Normal Skill
SKILL_ORBIN_PASSIVE,Orbin Passive Skill
SKILL_ORBIN_ULTIMATE,Orbin Ultimate Skill
SKILL_ORSA_NORMAL,Orsa Normal Skill
SKILL_ORSA_PASSIVE,Orsa Passive Skill
SKILL_ORSA_ULTIMATE,Orsa Ultimate Skill
SKILL_PERIN_NORMAL,Perin Normal Skill
SKILL_PERIN_PASSIVE,Perin Passive Skill
SKILL_PERIN_ULTIMATE,Perin Ultimate Skill
SKILL_RAEN_NORMAL,Raen Normal Skill
SKILL_RAEN_PASSIVE,Raen Passive Skill
SKILL_RAEN_ULTIMATE,Raen Ultimate Skill
SKILL_REMA_NORMAL,Rema Normal Skill
SKILL_REMA_PASSIVE,Rema Passive Skill
SKILL_REMA_ULTIMATE,Rema Ultimate Skill
SKILL_RIAS_NORMAL,Rias Normal Skill
SKILL_RIAS_PASSIVE,Rias Passive Skill
SKILL_RIAS_ULTIMATE,Rias Ultimate Skill
SKILL_ROAN_NORMAL,Roan Normal Skill
SKILL_ROAN_PASSIVE,Roan Passive Skill
SKILL_ROAN_ULTIMATE,Roan Ultimate Skill
SKILL_ROME_NORMAL,Rome Normal Skill
SKILL_ROME_PASSIVE,Rome Passive Skill
SKILL_ROME_ULTIMATE,Rome Ultimate Skill
SKILL_SEB_NORMAL,Seb Normal Skill
SKILL_SEB_PASSIVE,Seb Passive Skill
SKILL_SEB_ULTIMATE,Seb Ultimate Skill
SKILL_SEON_NORMAL,Seon Normal Skill
SKILL_SEON_PASSIVE,Seon Passive Skill
SKILL_SEON_ULTIMATE,Seon Ultimate Skill
SKILL_SOA_NORMAL,Soa Normal Skill
SKILL_SOA_PASSIVE,Soa Passive Skill
SKILL_SOA_ULTIMATE,Soa Ultimate Skill
SKILL_SOREN_NORMAL,Soren Normal Skill
SKILL_SOREN_PASSIVE,Soren Passive Skill
SKILL_SOREN_ULTIMATE,Soren Ultimate Skill
SKILL_TERAN_NORMAL,Teran Normal Skill
SKILL_TERAN_PASSIVE,Teran Passive Skill
SKILL_TERAN_ULTIMATE,Teran Ultimate Skill
SKILL_TIEL_NORMAL,Tiel Normal Skill
SKILL_TIEL_PASSIVE,Tiel Passive Skill
SKILL_TIEL_ULTIMATE,Tiel Ultimate Skill
SKILL_TOA_NORMAL,Toa Normal Skill
SKILL_TOA_PASSIVE,Toa Passive Skill
SKILL_TOA_ULTIMATE,Toa Ultimate Skill
SKILL_VELK_NORMAL,Velk Normal Skill
SKILL_VELK_PASSIVE,Velk Passive Skill
SKILL_VELK_ULTIMATE,Velk Ultimate Skill
SKILL_VEON_NORMAL,Veon Normal Skill
SKILL_VEON_PASSIVE,Veon Passive Skill
SKILL_VEON_ULTIMATE,Veon Ultimate Skill
SKILL_VERA_NORMAL,Vera Normal Skill
SKILL_VERA_PASSIVE,Vera Passive Skill
SKILL_VERA_ULTIMATE,Vera Ultimate Skill
SKILL_YUNAK_NORMAL,Yunak Normal Skill
SKILL_YUNAK_PASSIVE,Yunak Passive Skill
SKILL_YUNAK_ULTIMATE,Yunak Ultimate Skill
SKILL_YURIEN_NORMAL,Yurien Normal Skill
SKILL_YURIEN_PASSIVE,Yurien Passive Skill
SKILL_YURIEN_ULTIMATE,Yurien Ultimate Skill
SKILL_ZERN_NORMAL,Zern Normal Skill
SKILL_ZERN_PASSIVE,Zern Passive Skill
SKILL_ZERN_ULTIMATE,Zern Ultimate Skill
SPEAKER_CONTROL,Terminus Control
SPEAKER_EAST_KING,Sovereign of the Eastern Line
SPEAKER_ECHO,Echoform
SPEAKER_EDA,Eda
SPEAKER_IRI,Iri
SPEAKER_MAERU,Maeru
SPEAKER_NARIN,Narin
SPEAKER_ROAN,Roan
SPEAKER_ROUTEKEEPER,Routekeeper
SPEAKER_SIO,Sio
SPEAKER_SOREN,Soren
SPEAKER_SURVIVOR,Survivor
SPEAKER_WEST_KING,Sovereign of the Western Line
STAGE_CH01_H01,Chapter 1 HARD 1
STAGE_CH01_H02,Chapter 1 HARD 2
STAGE_CH01_H03,Chapter 1 HARD 3
STAGE_CH01_H04,Chapter 1 HARD 4
STAGE_CH01_H05,Chapter 1 HARD 5
STAGE_CH01_N01,Chapter 1 NORMAL 1
STAGE_CH01_N02,Chapter 1 NORMAL 2
STAGE_CH01_N03,Chapter 1 NORMAL 3
STAGE_CH01_N04,Chapter 1 NORMAL 4
STAGE_CH01_N05,Chapter 1 NORMAL 5
STAGE_CH01_N06,Chapter 1 NORMAL 6
STAGE_CH01_N07,Chapter 1 NORMAL 7
STAGE_CH01_N08,Chapter 1 NORMAL 8
STAGE_CH01_N09,Chapter 1 NORMAL 9
STAGE_CH01_N10,Chapter 1 NORMAL 10
STAGE_CH01_N11,Chapter 1 NORMAL 11
STAGE_CH01_N12,Chapter 1 NORMAL 12
STAGE_CH01_N13,Chapter 1 NORMAL 13
STAGE_CH01_N14,Chapter 1 NORMAL 14
STAGE_CH01_N15,Chapter 1 NORMAL 15
STAGE_CH01_N16,Chapter 1 NORMAL 16
STAGE_CH01_N17,Chapter 1 NORMAL 17
STAGE_CH01_N18,Chapter 1 NORMAL 18
STAGE_CH01_N19,Chapter 1 NORMAL 19
STAGE_CH01_N20,Chapter 1 NORMAL 20
STAGE_CH02_H01,Chapter 2 HARD 1
STAGE_CH02_H02,Chapter 2 HARD 2
STAGE_CH02_H03,Chapter 2 HARD 3
STAGE_CH02_H04,Chapter 2 HARD 4
STAGE_CH02_H05,Chapter 2 HARD 5
STAGE_CH02_N01,Chapter 2 NORMAL 1
STAGE_CH02_N02,Chapter 2 NORMAL 2
STAGE_CH02_N03,Chapter 2 NORMAL 3
STAGE_CH02_N04,Chapter 2 NORMAL 4
STAGE_CH02_N05,Chapter 2 NORMAL 5
STAGE_CH02_N06,Chapter 2 NORMAL 6
STAGE_CH02_N07,Chapter 2 NORMAL 7
STAGE_CH02_N08,Chapter 2 NORMAL 8
STAGE_CH02_N09,Chapter 2 NORMAL 9
STAGE_CH02_N10,Chapter 2 NORMAL 10
STAGE_CH02_N11,Chapter 2 NORMAL 11
STAGE_CH02_N12,Chapter 2 NORMAL 12
STAGE_CH02_N13,Chapter 2 NORMAL 13
STAGE_CH02_N14,Chapter 2 NORMAL 14
STAGE_CH02_N15,Chapter 2 NORMAL 15
STAGE_CH02_N16,Chapter 2 NORMAL 16
STAGE_CH02_N17,Chapter 2 NORMAL 17
STAGE_CH02_N18,Chapter 2 NORMAL 18
STAGE_CH02_N19,Chapter 2 NORMAL 19
STAGE_CH02_N20,Chapter 2 NORMAL 20
STAGE_CH03_H01,Chapter 3 HARD 1
STAGE_CH03_H02,Chapter 3 HARD 2
STAGE_CH03_H03,Chapter 3 HARD 3
STAGE_CH03_H04,Chapter 3 HARD 4
STAGE_CH03_H05,Chapter 3 HARD 5
STAGE_CH03_N01,Chapter 3 NORMAL 1
STAGE_CH03_N02,Chapter 3 NORMAL 2
STAGE_CH03_N03,Chapter 3 NORMAL 3
STAGE_CH03_N04,Chapter 3 NORMAL 4
STAGE_CH03_N05,Chapter 3 NORMAL 5
STAGE_CH03_N06,Chapter 3 NORMAL 6
STAGE_CH03_N07,Chapter 3 NORMAL 7
STAGE_CH03_N08,Chapter 3 NORMAL 8
STAGE_CH03_N09,Chapter 3 NORMAL 9
STAGE_CH03_N10,Chapter 3 NORMAL 10
STAGE_CH03_N11,Chapter 3 NORMAL 11
STAGE_CH03_N12,Chapter 3 NORMAL 12
STAGE_CH03_N13,Chapter 3 NORMAL 13
STAGE_CH03_N14,Chapter 3 NORMAL 14
STAGE_CH03_N15,Chapter 3 NORMAL 15
STAGE_CH03_N16,Chapter 3 NORMAL 16
STAGE_CH03_N17,Chapter 3 NORMAL 17
STAGE_CH03_N18,Chapter 3 NORMAL 18
STAGE_CH03_N19,Chapter 3 NORMAL 19
STAGE_CH03_N20,Chapter 3 NORMAL 20
STAGE_CH04_H01,Chapter 4 HARD 1
STAGE_CH04_H02,Chapter 4 HARD 2
STAGE_CH04_H03,Chapter 4 HARD 3
STAGE_CH04_H04,Chapter 4 HARD 4
STAGE_CH04_H05,Chapter 4 HARD 5
STAGE_CH04_N01,Chapter 4 NORMAL 1
STAGE_CH04_N02,Chapter 4 NORMAL 2
STAGE_CH04_N03,Chapter 4 NORMAL 3
STAGE_CH04_N04,Chapter 4 NORMAL 4
STAGE_CH04_N05,Chapter 4 NORMAL 5
STAGE_CH04_N06,Chapter 4 NORMAL 6
STAGE_CH04_N07,Chapter 4 NORMAL 7
STAGE_CH04_N08,Chapter 4 NORMAL 8
STAGE_CH04_N09,Chapter 4 NORMAL 9
STAGE_CH04_N10,Chapter 4 NORMAL 10
STAGE_CH04_N11,Chapter 4 NORMAL 11
STAGE_CH04_N12,Chapter 4 NORMAL 12
STAGE_CH04_N13,Chapter 4 NORMAL 13
STAGE_CH04_N14,Chapter 4 NORMAL 14
STAGE_CH04_N15,Chapter 4 NORMAL 15
STAGE_CH04_N16,Chapter 4 NORMAL 16
STAGE_CH04_N17,Chapter 4 NORMAL 17
STAGE_CH04_N18,Chapter 4 NORMAL 18
STAGE_CH04_N19,Chapter 4 NORMAL 19
STAGE_CH04_N20,Chapter 4 NORMAL 20
STAGE_CH05_H01,Chapter 5 HARD 1
STAGE_CH05_H02,Chapter 5 HARD 2
STAGE_CH05_H03,Chapter 5 HARD 3
STAGE_CH05_H04,Chapter 5 HARD 4
STAGE_CH05_H05,Chapter 5 HARD 5
STAGE_CH05_N01,Chapter 5 NORMAL 1
STAGE_CH05_N02,Chapter 5 NORMAL 2
STAGE_CH05_N03,Chapter 5 NORMAL 3
STAGE_CH05_N04,Chapter 5 NORMAL 4
STAGE_CH05_N05,Chapter 5 NORMAL 5
STAGE_CH05_N06,Chapter 5 NORMAL 6
STAGE_CH05_N07,Chapter 5 NORMAL 7
STAGE_CH05_N08,Chapter 5 NORMAL 8
STAGE_CH05_N09,Chapter 5 NORMAL 9
STAGE_CH05_N10,Chapter 5 NORMAL 10
STAGE_CH05_N11,Chapter 5 NORMAL 11
STAGE_CH05_N12,Chapter 5 NORMAL 12
STAGE_CH05_N13,Chapter 5 NORMAL 13
STAGE_CH05_N14,Chapter 5 NORMAL 14
STAGE_CH05_N15,Chapter 5 NORMAL 15
STAGE_CH05_N16,Chapter 5 NORMAL 16
STAGE_CH05_N17,Chapter 5 NORMAL 17
STAGE_CH05_N18,Chapter 5 NORMAL 18
STAGE_CH05_N19,Chapter 5 NORMAL 19
STAGE_CH05_N20,Chapter 5 NORMAL 20
STAGE_CH06_H01,Chapter 6 HARD 1
STAGE_CH06_H02,Chapter 6 HARD 2
STAGE_CH06_H03,Chapter 6 HARD 3
STAGE_CH06_H04,Chapter 6 HARD 4
STAGE_CH06_H05,Chapter 6 HARD 5
STAGE_CH06_N01,Chapter 6 NORMAL 1
STAGE_CH06_N02,Chapter 6 NORMAL 2
STAGE_CH06_N03,Chapter 6 NORMAL 3
STAGE_CH06_N04,Chapter 6 NORMAL 4
STAGE_CH06_N05,Chapter 6 NORMAL 5
STAGE_CH06_N06,Chapter 6 NORMAL 6
STAGE_CH06_N07,Chapter 6 NORMAL 7
STAGE_CH06_N08,Chapter 6 NORMAL 8
STAGE_CH06_N09,Chapter 6 NORMAL 9
STAGE_CH06_N10,Chapter 6 NORMAL 10
STAGE_CH06_N11,Chapter 6 NORMAL 11
STAGE_CH06_N12,Chapter 6 NORMAL 12
STAGE_CH06_N13,Chapter 6 NORMAL 13
STAGE_CH06_N14,Chapter 6 NORMAL 14
STAGE_CH06_N15,Chapter 6 NORMAL 15
STAGE_CH06_N16,Chapter 6 NORMAL 16
STAGE_CH06_N17,Chapter 6 NORMAL 17
STAGE_CH06_N18,Chapter 6 NORMAL 18
STAGE_CH06_N19,Chapter 6 NORMAL 19
STAGE_CH06_N20,Chapter 6 NORMAL 20
STAGE_CH07_H01,Chapter 7 HARD 1
STAGE_CH07_H02,Chapter 7 HARD 2
STAGE_CH07_H03,Chapter 7 HARD 3
STAGE_CH07_H04,Chapter 7 HARD 4
STAGE_CH07_H05,Chapter 7 HARD 5
STAGE_CH07_N01,Chapter 7 NORMAL 1
STAGE_CH07_N02,Chapter 7 NORMAL 2
STAGE_CH07_N03,Chapter 7 NORMAL 3
STAGE_CH07_N04,Chapter 7 NORMAL 4
STAGE_CH07_N05,Chapter 7 NORMAL 5
STAGE_CH07_N06,Chapter 7 NORMAL 6
STAGE_CH07_N07,Chapter 7 NORMAL 7
STAGE_CH07_N08,Chapter 7 NORMAL 8
STAGE_CH07_N09,Chapter 7 NORMAL 9
STAGE_CH07_N10,Chapter 7 NORMAL 10
STAGE_CH07_N11,Chapter 7 NORMAL 11
STAGE_CH07_N12,Chapter 7 NORMAL 12
STAGE_CH07_N13,Chapter 7 NORMAL 13
STAGE_CH07_N14,Chapter 7 NORMAL 14
STAGE_CH07_N15,Chapter 7 NORMAL 15
STAGE_CH07_N16,Chapter 7 NORMAL 16
STAGE_CH07_N17,Chapter 7 NORMAL 17
STAGE_CH07_N18,Chapter 7 NORMAL 18
STAGE_CH07_N19,Chapter 7 NORMAL 19
STAGE_CH07_N20,Chapter 7 NORMAL 20
STAGE_CH08_H01,Chapter 8 HARD 1
STAGE_CH08_H02,Chapter 8 HARD 2
STAGE_CH08_H03,Chapter 8 HARD 3
STAGE_CH08_H04,Chapter 8 HARD 4
STAGE_CH08_H05,Chapter 8 HARD 5
STAGE_CH08_N01,Chapter 8 NORMAL 1
STAGE_CH08_N02,Chapter 8 NORMAL 2
STAGE_CH08_N03,Chapter 8 NORMAL 3
STAGE_CH08_N04,Chapter 8 NORMAL 4
STAGE_CH08_N05,Chapter 8 NORMAL 5
STAGE_CH08_N06,Chapter 8 NORMAL 6
STAGE_CH08_N07,Chapter 8 NORMAL 7
STAGE_CH08_N08,Chapter 8 NORMAL 8
STAGE_CH08_N09,Chapter 8 NORMAL 9
STAGE_CH08_N10,Chapter 8 NORMAL 10
STAGE_CH08_N11,Chapter 8 NORMAL 11
STAGE_CH08_N12,Chapter 8 NORMAL 12
STAGE_CH08_N13,Chapter 8 NORMAL 13
STAGE_CH08_N14,Chapter 8 NORMAL 14
STAGE_CH08_N15,Chapter 8 NORMAL 15
STAGE_CH08_N16,Chapter 8 NORMAL 16
STAGE_CH08_N17,Chapter 8 NORMAL 17
STAGE_CH08_N18,Chapter 8 NORMAL 18
STAGE_CH08_N19,Chapter 8 NORMAL 19
STAGE_CH08_N20,Chapter 8 NORMAL 20
STAGE_CH09_H01,Chapter 9 HARD 1
STAGE_CH09_H02,Chapter 9 HARD 2
STAGE_CH09_H03,Chapter 9 HARD 3
STAGE_CH09_H04,Chapter 9 HARD 4
STAGE_CH09_H05,Chapter 9 HARD 5
STAGE_CH09_N01,Chapter 9 NORMAL 1
STAGE_CH09_N02,Chapter 9 NORMAL 2
STAGE_CH09_N03,Chapter 9 NORMAL 3
STAGE_CH09_N04,Chapter 9 NORMAL 4
STAGE_CH09_N05,Chapter 9 NORMAL 5
STAGE_CH09_N06,Chapter 9 NORMAL 6
STAGE_CH09_N07,Chapter 9 NORMAL 7
STAGE_CH09_N08,Chapter 9 NORMAL 8
STAGE_CH09_N09,Chapter 9 NORMAL 9
STAGE_CH09_N10,Chapter 9 NORMAL 10
STAGE_CH09_N11,Chapter 9 NORMAL 11
STAGE_CH09_N12,Chapter 9 NORMAL 12
STAGE_CH09_N13,Chapter 9 NORMAL 13
STAGE_CH09_N14,Chapter 9 NORMAL 14
STAGE_CH09_N15,Chapter 9 NORMAL 15
STAGE_CH09_N16,Chapter 9 NORMAL 16
STAGE_CH09_N17,Chapter 9 NORMAL 17
STAGE_CH09_N18,Chapter 9 NORMAL 18
STAGE_CH09_N19,Chapter 9 NORMAL 19
STAGE_CH09_N20,Chapter 9 NORMAL 20
STAGE_CH10_H01,Chapter 10 HARD 1
STAGE_CH10_H02,Chapter 10 HARD 2
STAGE_CH10_H03,Chapter 10 HARD 3
STAGE_CH10_H04,Chapter 10 HARD 4
STAGE_CH10_H05,Chapter 10 HARD 5
STAGE_CH10_N01,Chapter 10 NORMAL 1
STAGE_CH10_N02,Chapter 10 NORMAL 2
STAGE_CH10_N03,Chapter 10 NORMAL 3
STAGE_CH10_N04,Chapter 10 NORMAL 4
STAGE_CH10_N05,Chapter 10 NORMAL 5
STAGE_CH10_N06,Chapter 10 NORMAL 6
STAGE_CH10_N07,Chapter 10 NORMAL 7
STAGE_CH10_N08,Chapter 10 NORMAL 8
STAGE_CH10_N09,Chapter 10 NORMAL 9
STAGE_CH10_N10,Chapter 10 NORMAL 10
STAGE_CH10_N11,Chapter 10 NORMAL 11
STAGE_CH10_N12,Chapter 10 NORMAL 12
STAGE_CH10_N13,Chapter 10 NORMAL 13
STAGE_CH10_N14,Chapter 10 NORMAL 14
STAGE_CH10_N15,Chapter 10 NORMAL 15
STAGE_CH10_N16,Chapter 10 NORMAL 16
STAGE_CH10_N17,Chapter 10 NORMAL 17
STAGE_CH10_N18,Chapter 10 NORMAL 18
STAGE_CH10_N19,Chapter 10 NORMAL 19
STAGE_CH10_N20,Chapter 10 NORMAL 20
STAGE_CH11_H01,Chapter 11 HARD 1
STAGE_CH11_H02,Chapter 11 HARD 2
STAGE_CH11_H03,Chapter 11 HARD 3
STAGE_CH11_H04,Chapter 11 HARD 4
STAGE_CH11_H05,Chapter 11 HARD 5
STAGE_CH11_N01,Chapter 11 NORMAL 1
STAGE_CH11_N02,Chapter 11 NORMAL 2
STAGE_CH11_N03,Chapter 11 NORMAL 3
STAGE_CH11_N04,Chapter 11 NORMAL 4
STAGE_CH11_N05,Chapter 11 NORMAL 5
STAGE_CH11_N06,Chapter 11 NORMAL 6
STAGE_CH11_N07,Chapter 11 NORMAL 7
STAGE_CH11_N08,Chapter 11 NORMAL 8
STAGE_CH11_N09,Chapter 11 NORMAL 9
STAGE_CH11_N10,Chapter 11 NORMAL 10
STAGE_CH11_N11,Chapter 11 NORMAL 11
STAGE_CH11_N12,Chapter 11 NORMAL 12
STAGE_CH11_N13,Chapter 11 NORMAL 13
STAGE_CH11_N14,Chapter 11 NORMAL 14
STAGE_CH11_N15,Chapter 11 NORMAL 15
STAGE_CH11_N16,Chapter 11 NORMAL 16
STAGE_CH11_N17,Chapter 11 NORMAL 17
STAGE_CH11_N18,Chapter 11 NORMAL 18
STAGE_CH11_N19,Chapter 11 NORMAL 19
STAGE_CH11_N20,Chapter 11 NORMAL 20
STAGE_CH12_H01,Chapter 12 HARD 1
STAGE_CH12_H02,Chapter 12 HARD 2
STAGE_CH12_H03,Chapter 12 HARD 3
STAGE_CH12_H04,Chapter 12 HARD 4
STAGE_CH12_H05,Chapter 12 HARD 5
STAGE_CH12_N01,Chapter 12 NORMAL 1
STAGE_CH12_N02,Chapter 12 NORMAL 2
STAGE_CH12_N03,Chapter 12 NORMAL 3
STAGE_CH12_N04,Chapter 12 NORMAL 4
STAGE_CH12_N05,Chapter 12 NORMAL 5
STAGE_CH12_N06,Chapter 12 NORMAL 6
STAGE_CH12_N07,Chapter 12 NORMAL 7
STAGE_CH12_N08,Chapter 12 NORMAL 8
STAGE_CH12_N09,Chapter 12 NORMAL 9
STAGE_CH12_N10,Chapter 12 NORMAL 10
STAGE_CH12_N11,Chapter 12 NORMAL 11
STAGE_CH12_N12,Chapter 12 NORMAL 12
STAGE_CH12_N13,Chapter 12 NORMAL 13
STAGE_CH12_N14,Chapter 12 NORMAL 14
STAGE_CH12_N15,Chapter 12 NORMAL 15
STAGE_CH12_N16,Chapter 12 NORMAL 16
STAGE_CH12_N17,Chapter 12 NORMAL 17
STAGE_CH12_N18,Chapter 12 NORMAL 18
STAGE_CH12_N19,Chapter 12 NORMAL 19
STAGE_CH12_N20,Chapter 12 NORMAL 20
STAGE_CH13_H01,Chapter 13 HARD 1
STAGE_CH13_H02,Chapter 13 HARD 2
STAGE_CH13_H03,Chapter 13 HARD 3
STAGE_CH13_H04,Chapter 13 HARD 4
STAGE_CH13_H05,Chapter 13 HARD 5
STAGE_CH13_N01,Chapter 13 NORMAL 1
STAGE_CH13_N02,Chapter 13 NORMAL 2
STAGE_CH13_N03,Chapter 13 NORMAL 3
STAGE_CH13_N04,Chapter 13 NORMAL 4
STAGE_CH13_N05,Chapter 13 NORMAL 5
STAGE_CH13_N06,Chapter 13 NORMAL 6
STAGE_CH13_N07,Chapter 13 NORMAL 7
STAGE_CH13_N08,Chapter 13 NORMAL 8
STAGE_CH13_N09,Chapter 13 NORMAL 9
STAGE_CH13_N10,Chapter 13 NORMAL 10
STAGE_CH13_N11,Chapter 13 NORMAL 11
STAGE_CH13_N12,Chapter 13 NORMAL 12
STAGE_CH13_N13,Chapter 13 NORMAL 13
STAGE_CH13_N14,Chapter 13 NORMAL 14
STAGE_CH13_N15,Chapter 13 NORMAL 15
STAGE_CH13_N16,Chapter 13 NORMAL 16
STAGE_CH13_N17,Chapter 13 NORMAL 17
STAGE_CH13_N18,Chapter 13 NORMAL 18
STAGE_CH13_N19,Chapter 13 NORMAL 19
STAGE_CH13_N20,Chapter 13 NORMAL 20
STAGE_CH14_H01,Chapter 14 HARD 1
STAGE_CH14_H02,Chapter 14 HARD 2
STAGE_CH14_H03,Chapter 14 HARD 3
STAGE_CH14_H04,Chapter 14 HARD 4
STAGE_CH14_H05,Chapter 14 HARD 5
STAGE_CH14_N01,Chapter 14 NORMAL 1
STAGE_CH14_N02,Chapter 14 NORMAL 2
STAGE_CH14_N03,Chapter 14 NORMAL 3
STAGE_CH14_N04,Chapter 14 NORMAL 4
STAGE_CH14_N05,Chapter 14 NORMAL 5
STAGE_CH14_N06,Chapter 14 NORMAL 6
STAGE_CH14_N07,Chapter 14 NORMAL 7
STAGE_CH14_N08,Chapter 14 NORMAL 8
STAGE_CH14_N09,Chapter 14 NORMAL 9
STAGE_CH14_N10,Chapter 14 NORMAL 10
STAGE_CH14_N11,Chapter 14 NORMAL 11
STAGE_CH14_N12,Chapter 14 NORMAL 12
STAGE_CH14_N13,Chapter 14 NORMAL 13
STAGE_CH14_N14,Chapter 14 NORMAL 14
STAGE_CH14_N15,Chapter 14 NORMAL 15
STAGE_CH14_N16,Chapter 14 NORMAL 16
STAGE_CH14_N17,Chapter 14 NORMAL 17
STAGE_CH14_N18,Chapter 14 NORMAL 18
STAGE_CH14_N19,Chapter 14 NORMAL 19
STAGE_CH14_N20,Chapter 14 NORMAL 20
STAGE_CH15_H01,Chapter 15 HARD 1
STAGE_CH15_H02,Chapter 15 HARD 2
STAGE_CH15_H03,Chapter 15 HARD 3
STAGE_CH15_H04,Chapter 15 HARD 4
STAGE_CH15_H05,Chapter 15 HARD 5
STAGE_CH15_N01,Chapter 15 NORMAL 1
STAGE_CH15_N02,Chapter 15 NORMAL 2
STAGE_CH15_N03,Chapter 15 NORMAL 3
STAGE_CH15_N04,Chapter 15 NORMAL 4
STAGE_CH15_N05,Chapter 15 NORMAL 5
STAGE_CH15_N06,Chapter 15 NORMAL 6
STAGE_CH15_N07,Chapter 15 NORMAL 7
STAGE_CH15_N08,Chapter 15 NORMAL 8
STAGE_CH15_N09,Chapter 15 NORMAL 9
STAGE_CH15_N10,Chapter 15 NORMAL 10
STAGE_CH15_N11,Chapter 15 NORMAL 11
STAGE_CH15_N12,Chapter 15 NORMAL 12
STAGE_CH15_N13,Chapter 15 NORMAL 13
STAGE_CH15_N14,Chapter 15 NORMAL 14
STAGE_CH15_N15,Chapter 15 NORMAL 15
STAGE_CH15_N16,Chapter 15 NORMAL 16
STAGE_CH15_N17,Chapter 15 NORMAL 17
STAGE_CH15_N18,Chapter 15 NORMAL 18
STAGE_CH15_N19,Chapter 15 NORMAL 19
STAGE_CH15_N20,Chapter 15 NORMAL 20
STAGE_CH16_H01,Chapter 16 HARD 1
STAGE_CH16_H02,Chapter 16 HARD 2
STAGE_CH16_H03,Chapter 16 HARD 3
STAGE_CH16_H04,Chapter 16 HARD 4
STAGE_CH16_H05,Chapter 16 HARD 5
STAGE_CH16_N01,Chapter 16 NORMAL 1
STAGE_CH16_N02,Chapter 16 NORMAL 2
STAGE_CH16_N03,Chapter 16 NORMAL 3
STAGE_CH16_N04,Chapter 16 NORMAL 4
STAGE_CH16_N05,Chapter 16 NORMAL 5
STAGE_CH16_N06,Chapter 16 NORMAL 6
STAGE_CH16_N07,Chapter 16 NORMAL 7
STAGE_CH16_N08,Chapter 16 NORMAL 8
STAGE_CH16_N09,Chapter 16 NORMAL 9
STAGE_CH16_N10,Chapter 16 NORMAL 10
STAGE_CH16_N11,Chapter 16 NORMAL 11
STAGE_CH16_N12,Chapter 16 NORMAL 12
STAGE_CH16_N13,Chapter 16 NORMAL 13
STAGE_CH16_N14,Chapter 16 NORMAL 14
STAGE_CH16_N15,Chapter 16 NORMAL 15
STAGE_CH16_N16,Chapter 16 NORMAL 16
STAGE_CH16_N17,Chapter 16 NORMAL 17
STAGE_CH16_N18,Chapter 16 NORMAL 18
STAGE_CH16_N19,Chapter 16 NORMAL 19
STAGE_CH16_N20,Chapter 16 NORMAL 20
STAGE_CH17_H01,Chapter 17 HARD 1
STAGE_CH17_H02,Chapter 17 HARD 2
STAGE_CH17_H03,Chapter 17 HARD 3
STAGE_CH17_H04,Chapter 17 HARD 4
STAGE_CH17_H05,Chapter 17 HARD 5
STAGE_CH17_N01,Chapter 17 NORMAL 1
STAGE_CH17_N02,Chapter 17 NORMAL 2
STAGE_CH17_N03,Chapter 17 NORMAL 3
STAGE_CH17_N04,Chapter 17 NORMAL 4
STAGE_CH17_N05,Chapter 17 NORMAL 5
STAGE_CH17_N06,Chapter 17 NORMAL 6
STAGE_CH17_N07,Chapter 17 NORMAL 7
STAGE_CH17_N08,Chapter 17 NORMAL 8
STAGE_CH17_N09,Chapter 17 NORMAL 9
STAGE_CH17_N10,Chapter 17 NORMAL 10
STAGE_CH17_N11,Chapter 17 NORMAL 11
STAGE_CH17_N12,Chapter 17 NORMAL 12
STAGE_CH17_N13,Chapter 17 NORMAL 13
STAGE_CH17_N14,Chapter 17 NORMAL 14
STAGE_CH17_N15,Chapter 17 NORMAL 15
STAGE_CH17_N16,Chapter 17 NORMAL 16
STAGE_CH17_N17,Chapter 17 NORMAL 17
STAGE_CH17_N18,Chapter 17 NORMAL 18
STAGE_CH17_N19,Chapter 17 NORMAL 19
STAGE_CH17_N20,Chapter 17 NORMAL 20
STAGE_CH18_H01,Chapter 18 HARD 1
STAGE_CH18_H02,Chapter 18 HARD 2
STAGE_CH18_H03,Chapter 18 HARD 3
STAGE_CH18_H04,Chapter 18 HARD 4
STAGE_CH18_H05,Chapter 18 HARD 5
STAGE_CH18_N01,Chapter 18 NORMAL 1
STAGE_CH18_N02,Chapter 18 NORMAL 2
STAGE_CH18_N03,Chapter 18 NORMAL 3
STAGE_CH18_N04,Chapter 18 NORMAL 4
STAGE_CH18_N05,Chapter 18 NORMAL 5
STAGE_CH18_N06,Chapter 18 NORMAL 6
STAGE_CH18_N07,Chapter 18 NORMAL 7
STAGE_CH18_N08,Chapter 18 NORMAL 8
STAGE_CH18_N09,Chapter 18 NORMAL 9
STAGE_CH18_N10,Chapter 18 NORMAL 10
STAGE_CH18_N11,Chapter 18 NORMAL 11
STAGE_CH18_N12,Chapter 18 NORMAL 12
STAGE_CH18_N13,Chapter 18 NORMAL 13
STAGE_CH18_N14,Chapter 18 NORMAL 14
STAGE_CH18_N15,Chapter 18 NORMAL 15
STAGE_CH18_N16,Chapter 18 NORMAL 16
STAGE_CH18_N17,Chapter 18 NORMAL 17
STAGE_CH18_N18,Chapter 18 NORMAL 18
STAGE_CH18_N19,Chapter 18 NORMAL 19
STAGE_CH18_N20,Chapter 18 NORMAL 20
STAGE_CH19_H01,Chapter 19 HARD 1
STAGE_CH19_H02,Chapter 19 HARD 2
STAGE_CH19_H03,Chapter 19 HARD 3
STAGE_CH19_H04,Chapter 19 HARD 4
STAGE_CH19_H05,Chapter 19 HARD 5
STAGE_CH19_N01,Chapter 19 NORMAL 1
STAGE_CH19_N02,Chapter 19 NORMAL 2
STAGE_CH19_N03,Chapter 19 NORMAL 3
STAGE_CH19_N04,Chapter 19 NORMAL 4
STAGE_CH19_N05,Chapter 19 NORMAL 5
STAGE_CH19_N06,Chapter 19 NORMAL 6
STAGE_CH19_N07,Chapter 19 NORMAL 7
STAGE_CH19_N08,Chapter 19 NORMAL 8
STAGE_CH19_N09,Chapter 19 NORMAL 9
STAGE_CH19_N10,Chapter 19 NORMAL 10
STAGE_CH19_N11,Chapter 19 NORMAL 11
STAGE_CH19_N12,Chapter 19 NORMAL 12
STAGE_CH19_N13,Chapter 19 NORMAL 13
STAGE_CH19_N14,Chapter 19 NORMAL 14
STAGE_CH19_N15,Chapter 19 NORMAL 15
STAGE_CH19_N16,Chapter 19 NORMAL 16
STAGE_CH19_N17,Chapter 19 NORMAL 17
STAGE_CH19_N18,Chapter 19 NORMAL 18
STAGE_CH19_N19,Chapter 19 NORMAL 19
STAGE_CH19_N20,Chapter 19 NORMAL 20
STAGE_CH20_H01,Chapter 20 HARD 1
STAGE_CH20_H02,Chapter 20 HARD 2
STAGE_CH20_H03,Chapter 20 HARD 3
STAGE_CH20_H04,Chapter 20 HARD 4
STAGE_CH20_H05,Chapter 20 HARD 5
STAGE_CH20_N01,Chapter 20 NORMAL 1
STAGE_CH20_N02,Chapter 20 NORMAL 2
STAGE_CH20_N03,Chapter 20 NORMAL 3
STAGE_CH20_N04,Chapter 20 NORMAL 4
STAGE_CH20_N05,Chapter 20 NORMAL 5
STAGE_CH20_N06,Chapter 20 NORMAL 6
STAGE_CH20_N07,Chapter 20 NORMAL 7
STAGE_CH20_N08,Chapter 20 NORMAL 8
STAGE_CH20_N09,Chapter 20 NORMAL 9
STAGE_CH20_N10,Chapter 20 NORMAL 10
STAGE_CH20_N11,Chapter 20 NORMAL 11
STAGE_CH20_N12,Chapter 20 NORMAL 12
STAGE_CH20_N13,Chapter 20 NORMAL 13
STAGE_CH20_N14,Chapter 20 NORMAL 14
STAGE_CH20_N15,Chapter 20 NORMAL 15
STAGE_CH20_N16,Chapter 20 NORMAL 16
STAGE_CH20_N17,Chapter 20 NORMAL 17
STAGE_CH20_N18,Chapter 20 NORMAL 18
STAGE_CH20_N19,Chapter 20 NORMAL 19
STAGE_CH20_N20,Chapter 20 NORMAL 20
STORY_CH01_CAMP_01,"They lit a fire beneath the bell-tower relay. The rusted bell at its top did not ring, even in the wind."
STORY_CH01_CAMP_02,Hold on. I've caught a distant life sign. It's carrying an encrypted message. Let me decode it.
STORY_CH01_CAMP_03,"'To the Lamplighters. I can't join you yet. I'll keep the way open at the terminus.' …Signed Iri, medic."
STORY_CH01_CAMP_04,"The terminus is at the end of the next line. From the signal strength, she's been holding out there a long time."
STORY_CH01_CAMP_05,"'I'll keep the way open.' Pretty sweet, for an invitation."
STORY_CH01_CAMP_06,"Before the fire was banked, Maeru tugged at the seatbelt of an empty seat on the rail cart. Always the same seat."
STORY_CH01_CAMP_07,"Chief, you do that every time. The seatbelt on the seat nobody uses. Why?"
STORY_CH01_CAMP_08,…Later.
STORY_CH01_CAMP_09,"Eda, mind watching the fire? Not your circuits. The real one."
STORY_CH01_CAMP_10,"…Okay. Sorry, Chief."
STORY_CH01_CAMP_11,…That one stays empty. Beside it is fine.
STORY_CH01_CAMP_12,"Thanks. As long as the fire holds, we'll see the road tomorrow."
STORY_CH01_CAMP_13,"Tomorrow, the end of the line. Every signal the Hollow Engine swallowed—we get them all back."
STORY_CH01_HARD_INTRO_01,"Deep in the abandoned mine, a bell tolled. Once, then again. Exactly twelve seconds apart."
STORY_CH01_HARD_INTRO_02,That's the Directorate's evacuation alarm standard. The same pattern that rang the night of the Blackout.
STORY_CH01_HARD_INTRO_03,The alarm's still going? For twelve years? Did someone forget to turn it off?
STORY_CH01_HARD_INTRO_04,Not forgot. More like there was no one left to turn it off.
STORY_CH01_HARD_INTRO_05,Evacuation head counts were chalked along the tunnel walls. Only the last column was blank.
STORY_CH01_HARD_INTRO_06,There's a signal woven between the tolls. A guard unit call sign. Someone down here is still answering.
STORY_CH01_HARD_INTRO_07,"Narrow, dark, and a noisy bell. Perfect. I'm going in first."
STORY_CH01_HARD_INTRO_08,"If the alarm never ended, the evacuation never did either. We find out why the bell won't stop."
STORY_CH01_HARD_OUTRO_01,The last toll rolled to the end of the tunnel and vanished. Twelve years' worth of silence settled like dust.
STORY_CH01_HARD_OUTRO_02,…Evacuation not confirmed. Until the very last one is out… I must keep… ringing…
STORY_CH01_HARD_OUTRO_03,The last blank on the wall… the bell was waiting for it to be filled.
STORY_CH01_HARD_OUTRO_04,"That column belonged to my squad. The guards stayed to the end, getting everyone else out."
STORY_CH01_HARD_OUTRO_05,"…Then we'll fill it. Evacuation complete. Every guard, mission accomplished."
STORY_CH01_HARD_OUTRO_06,The guards… I hope they can all rest now.
STORY_CH01_HARD_OUTRO_07,Maeru drew a line through the blank in chalk. Kairen stared at it for a long time.
STORY_CH01_HARD_OUTRO_08,…Now I can finally sleep.
STORY_CH01_HARD_OUTRO_09,"If you're sleeping, sleep on the move with us. The rail cart makes a decent lullaby."
STORY_CH01_HARD_OUTRO_10,"…Quieter than a bell, at least. Let's go."
STORY_CH01_INTRO_01,Three days after Platform Seven. The Lamplighters' forward base glowed quietly at the end of a severed line.
STORY_CH01_INTRO_02,"Navigator, how are you holding up? First operation. Don't push it. Stay behind us."
STORY_CH01_INTRO_03,A distress signal came in. Source: a line that isn't on any map. Its registry number is blank.
STORY_CH01_INTRO_04,"A road off the map… For a scout, you couldn't ask for a better gift."
STORY_CH01_INTRO_05,Don't get excited. It isn't fading—it's being worn down from the far end. Like something is eating it.
STORY_CH01_INTRO_06,Then we'd better hurry! Before it's eaten! My circuits are already fully charged!
STORY_CH01_INTRO_07,"Eda, charge the supply list before your circuits. Not a single lantern is lit on that line."
STORY_CH01_INTRO_08,Then the old speaker in the base's ceiling coughed out static.
STORY_CH01_INTRO_09,"Attention, please. Welcome to the resumption of service on Line One, Navigator."
STORY_CH01_INTRO_10,"Passengers, please wait behind the safety line. The distress signal will be processed shortly."
STORY_CH01_INTRO_11,"…Wait, wasn't that speaker disconnected? I cut the wires myself!"
STORY_CH01_INTRO_12,"No power feed. The broadcast is clean anyway. …Navigator, why does that voice know you?"
STORY_CH01_INTRO_13,Then that's fine. Far better than pretending to know.
STORY_CH01_INTRO_14,…Your recorder blinked faster the whole time it spoke. I'll remember that.
STORY_CH01_INTRO_15,"We follow the distress call, not that broadcast. Someone is still calling from the end of the line."
STORY_CH01_INTRO_16,"I'll open the way. That dark's had twelve years to settle, so watch your step."
STORY_CH01_MID_A_01,"When the fighting ended, one voice remained on the rails. I'm here. Same pitch, same interval."
STORY_CH01_MID_A_02,I'm here. I'm here. I'm… here.
STORY_CH01_MID_A_03,It's a person! How many of you are there? Anyone hurt? Answer me!
STORY_CH01_MID_A_04,I'm here.
STORY_CH01_MID_A_05,"Three questions, one sentence. It's an echoform. It can't answer. It can only imitate."
STORY_CH01_MID_A_06,"…But it was a real voice. Someone really called out like that here, didn't they?"
STORY_CH01_MID_A_07,That's why I hate shooting them. That was probably someone's last words.
STORY_CH01_MID_A_08,"Look, a record shard. It was under the echoform, and there's not a scratch on it."
STORY_CH01_MID_A_09,The last train on Line One. The log is intact except the destination—scraped clean.
STORY_CH01_MID_A_10,Then the distress signal on the receiver stretched thin and was drawn into the dark down the line.
STORY_CH01_MID_A_11,"Wherever that signal's being dragged, its sender is there too. That's where we go."
STORY_CH01_MID_B_01,"As the last echoform scattered, the relay's rusted antenna hummed low. There was only one set of footprints around it."
STORY_CH01_MID_B_02,…You're real. Sorry. These days I don't even trust footsteps.
STORY_CH01_MID_B_03,Vera. Signal tracker. Today makes four hundred days guarding this relay.
STORY_CH01_MID_B_04,Do you know why the signal's wearing down from the far end?
STORY_CH01_MID_B_05,"There's a Hollow Engine at the end of the line. It burns the echoes of distress calls as fuel. The more people call, the fatter it gets."
STORY_CH01_MID_B_06,"So I've been bouncing signals back from here. Alone, I couldn't save even half."
STORY_CH01_MID_B_07,"You're not alone now. Come with us, Vera. To the people who sent those signals."
STORY_CH01_MID_B_08,…All right. A distress call has to make it back to the people who sent it. That's why I stayed.
STORY_CH01_MID_B_09,"Then, for the first time, the recorder lit up. In a cold blue glow, an unfamiliar mark etched itself into it."
STORY_CH01_MID_B_10,It appeared the instant Vera answered. Too precise to be a coincidence.
STORY_CH01_MID_B_11,"That recorder's Directorate hardware, isn't it? Show me properly later. The Engine comes first."
STORY_CH01_OUTRO_01,The Hollow Engine's body cracked and cooled. Blue signals seeped from every fissure.
STORY_CH01_OUTRO_02,…All requests… have been kept. So that no one… would ever be turned away…
STORY_CH01_OUTRO_03,"…You never delivered them, so you'd never have to refuse one? Was that what you were protecting?"
STORY_CH01_OUTRO_04,Thousands of signals broke free at once. The platform filled with voices from twelve years ago.
STORY_CH01_OUTRO_05,"This is the last train on Line One. Two hundred ten passengers, all safe. Announcing our destination…"
STORY_CH01_OUTRO_06,The blank in the shard is filling in. The destination is… not a station. The coordinates are moving.
STORY_CH01_OUTRO_07,A moving shelter. The last train was carrying its passengers to a train that never stops.
STORY_CH01_OUTRO_08,"So those people might still be out there, running somewhere? Right?"
STORY_CH01_OUTRO_09,"If there's any chance, we find them. That's what the Lamplighters are."
STORY_CH01_OUTRO_10,One more thing. I've located Iri's signal from camp. It's coming from deep in the return line.
STORY_CH01_OUTRO_11,Then every speaker on the ruined platform switched on at once. The voice was as gentle as ever.
STORY_CH01_OUTRO_12,"Line One has been cleared. Thank you for your hard work, Navigator."
STORY_CH01_OUTRO_13,Commencing return procedures on Line Two.
STORY_CH01_OUTRO_14,"Its own procedure just got smashed, and it thanks you. As if it had been waiting for you to do exactly this."
STORY_CH01_OUTRO_15,Let it wait. We choose our own steps. Next is the return line. Iri's keeping the way open.
STORY_CH01_PREBOSS_01,The end of the line was a colossal platform. Transmission logs stacked to the ceiling droned like a swarm.
STORY_CH01_PREBOSS_02,They're all distress calls. I can't count them… Four thousand at least.
STORY_CH01_PREBOSS_03,Four thousand three hundred eleven. All sent at the same hour. The night of the Blackout.
STORY_CH01_PREBOSS_04,"At the platform's heart, something opened its eyes. A body like a hollow boiler breathed, inhaling signals."
STORY_CH01_PREBOSS_05,Your request for rescue has been received. The estimated wait time is infinite.
STORY_CH01_PREBOSS_06,All requests are stored safely. Delivery is not scheduled.
STORY_CH01_PREBOSS_07,"Just stored? Then those people… never got an answer, for twelve whole years?"
STORY_CH01_PREBOSS_08,"Do you know how many signals died waiting for an answer? I counted them, one by one, listening."
STORY_CH01_PREBOSS_09,A procedure that stores but never delivers. It's not broken. It's a rule that hardened that way.
STORY_CH01_PREBOSS_10,"New requests detected. Lamplighter passengers, your signals have been added to the queue."
STORY_CH01_PREBOSS_11,"Put us in the queue? Sorry, but there's nothing I hate more than waiting in line."
STORY_CH01_PREBOSS_12,"If there's only one window, we'll just knock out the wall."
STORY_CH01_PREBOSS_13,"The mark on the recorder trembled faintly, as if it knew that engine."
STORY_CH01_PREBOSS_14,We don't leave a single person waiting at that window. This queue ends today.
STORY_CH02_CAMP_01,"An upside-down waiting room, its benches hanging from the ceiling. The Lamplighters built a fire beneath an inverted timetable."
STORY_CH02_CAMP_02,Eda. You asked me before. About the empty seat.
STORY_CH02_CAMP_03,"Oh, yes! I mean—it's okay. If you'd rather not…"
STORY_CH02_CAMP_04,"Sio. She was my comrade. Right after the Blackout, she didn't come back from a rescue operation."
STORY_CH02_CAMP_05,I keep a seat empty for the comrade who didn't come back. So she can sit down anytime.
STORY_CH02_CAMP_06,"When the roster was calling names today, your face went stiffer than anyone's. That's why."
STORY_CH02_CAMP_07,"I was afraid it would call Sio. …And that if it did, I'd answer for her."
STORY_CH02_CAMP_08,"Even old signals leave traces somewhere. If that name ever turns up, you'll be the first to know."
STORY_CH02_CAMP_09,…Thank you. That's enough.
STORY_CH02_CAMP_10,She laughed loud. Always the first one out the door. …That's all for tonight.
STORY_CH02_CAMP_11,"The fire crackled. For a moment, in its light, the numbers on the inverted timetable read the right way up."
STORY_CH02_CAMP_12,"Right, tomorrow's the central gates. Anyone want to bet on who reaches Iri first?"
STORY_CH02_HARD_INTRO_01,The walls of the underground return depot were papered with train rosters. Not one of the thousands bore a passenger's name.
STORY_CH02_HARD_INTRO_02,Seat numbers only. Every name field is blank. So is every destination.
STORY_CH02_HARD_INTRO_03,Why build so many empty trains? Who are they for?
STORY_CH02_HARD_INTRO_04,"…They're waiting for someone, I think. Someone who isn't coming."
STORY_CH02_HARD_INTRO_05,"Maeru said nothing, and gazed a long while at one empty seat on the wall."
STORY_CH02_HARD_INTRO_06,"Manual telegraph code behind the wall. Short, long… 'Cancel, cancel, cancel.'"
STORY_CH02_HARD_INTRO_07,"Someone's cancelling things by hand, over and over? Now I'm curious. I'll go first."
STORY_CH02_HARD_INTRO_08,We find the reason before those empty trains depart.
STORY_CH02_HARD_OUTRO_01,"When the Return Formation Core stopped, the rosters peeled from the walls one by one. The rustle sounded like rain."
STORY_CH02_HARD_OUTRO_02,"…If I kept the seats ready… then someday, everyone… would have a place to come back to…"
STORY_CH02_HARD_OUTRO_03,It was making places for people to come home to. Never knowing no one would come.
STORY_CH02_HARD_OUTRO_04,…Keeping a seat empty isn't wrong. Dragging people into it is.
STORY_CH02_HARD_OUTRO_05,Return orders. Terminated. Twelve years. Cancellation work. Complete.
STORY_CH02_HARD_OUTRO_06,…Hands. Can rest. Now. Thank you. Over.
STORY_CH02_HARD_OUTRO_07,Wait. There's one signal heading outward. Not a return—forward.
STORY_CH02_HARD_OUTRO_08,The source is moving. Ninety kilometers an hour. It's coming from the night train on the glass plains.
STORY_CH02_HARD_OUTRO_09,Inoa. Request to join. Telegraph included. …Long sentences. Later.
STORY_CH02_HARD_OUTRO_10,"Great. Short answers are the best answers. Welcome, Inoa."
STORY_CH02_INTRO_01,"The terminus at the end of the return line. Over a hundred clocks covered the walls, all running backward at once."
STORY_CH02_INTRO_02,"Each time the second hands ticked backward, the air on the platform grew a little colder."
STORY_CH02_INTRO_03,The lanterns are lighting up in reverse. From the terminus back toward the origin.
STORY_CH02_INTRO_04,Usually we light them on the way in. Did someone come out to meet us?
STORY_CH02_INTRO_05,Not a welcome. Signals are rewinding. A call I sent an hour ago just came back in.
STORY_CH02_INTRO_06,"My watch is weird too! It was three o'clock, and now it's two-thirty! …Is that a bonus?"
STORY_CH02_INTRO_07,"No bonus, Eda. It's not just the clocks turning back. We're being dragged with them."
STORY_CH02_INTRO_08,"The platform speakers came on. The voice warped like rewound tape, then found its pace."
STORY_CH02_INTRO_09,"Attention, please. This station is a terminus for returning trains only."
STORY_CH02_INTRO_10,"Passengers, please return to your departure time. The Navigator is exempt. Please, make yourself comfortable."
STORY_CH02_INTRO_11,…Exempt? It's applying a different rule to the Navigator alone.
STORY_CH02_INTRO_12,Of course. The Lamplighters make no exceptions. We go in together and come out together.
STORY_CH02_INTRO_13,Only the clocks around you run normally. Two paces in every direction. …Unpleasantly precise.
STORY_CH02_INTRO_14,Iri said she'd keep the way open somewhere in this station. We find her before that promise rewinds.
STORY_CH02_INTRO_15,Then let's hurry. Moving forward in a station that runs backward—that's our specialty.
STORY_CH02_MID_A_01,"Beyond a sealed platform, names were being called. Passengers who never boarded, one by one, politely."
STORY_CH02_MID_A_02,Checking the boarding roster. Passenger Seah. Passenger Yurim. Passenger Roan.
STORY_CH02_MID_A_03,…Did it just call my name?
STORY_CH02_MID_A_04,"The roster's dated the day before the Blackout. Roan, were you booked on a train that day?"
STORY_CH02_MID_A_05,…I had a first-train ticket for a delivery job. Never got on. Everything stopped that day.
STORY_CH02_MID_A_06,The roster's pulling you in as a past passenger. Your signal's fading. Listen too long and it's dangerous.
STORY_CH02_MID_A_07,Captain Roan! You're right here! Now! Next to me!
STORY_CH02_MID_A_08,…Yeah. I'm here. Okay. Let's scrub our names off that list and leave our current coordinates instead.
STORY_CH02_MID_A_09,"Coordinates logged. Today's date, this location, seven people. That's more accurate than any roster."
STORY_CH02_MID_A_10,The roster calls people who are gone. We go for the ones ahead of us. To Iri.
STORY_CH02_MID_B_01,"In the backflow section, light along the cables streamed from underfoot to behind them. The power was running in reverse."
STORY_CH02_MID_B_02,The return core in this section is overwriting living passengers with the old roster.
STORY_CH02_MID_B_03,Twelve life signs past the wall. Every name is tilting toward the past. They'll vanish soon.
STORY_CH02_MID_B_04,Vanish… as in gone? People who were breathing a second ago?
STORY_CH02_MID_B_05,Then a soft voice slipped in through the static. The same call they'd received beneath the bell tower.
STORY_CH02_MID_B_06,"Lamplighters, can you hear me? It's Iri. Take one deep breath, and listen."
STORY_CH02_MID_B_07,Use their vitals. Pulse and body heat can't be rewound. Pin the roster to the present with those.
STORY_CH02_MID_B_08,"…She's right. A roster can rewind a name, but not a heartbeat. Good thinking."
STORY_CH02_MID_B_09,"Syncing twelve pulses. …Locked. All of them are here, now."
STORY_CH02_MID_B_10,"Iri, where are you? We're coming."
STORY_CH02_MID_B_11,"At the central gates. Too many wounded for me to move. Take your time. …No, actually, hurry a little."
STORY_CH02_OUTRO_01,"The ticket machine fell to its knees. The backward clocks hesitated for a beat, then began to move forward."
STORY_CH02_OUTRO_02,"…If everyone went back to before they left, then no one… would ever have to leave…"
STORY_CH02_OUTRO_03,It wanted to hold on to the people who left that day. Sending them back was the only way it knew.
STORY_CH02_OUTRO_04,Signal flow normalized. Origin to terminus. Running right for the first time in twelve years.
STORY_CH02_OUTRO_05,"My watch is back too! Three o'clock again! …Wait, so I lost thirty minutes?"
STORY_CH02_OUTRO_06,Call it thirty minutes well spent. Twenty-six people stayed in the present.
STORY_CH02_OUTRO_07,Then every speaker in the station came on at once. This time the voice neither warped nor rewound.
STORY_CH02_OUTRO_08,"Line Two has been cleared. Navigator, you still don't remember, do you?"
STORY_CH02_OUTRO_09,That's quite all right. I am accustomed to waiting. I'll see you on the next line.
STORY_CH02_OUTRO_10,…'Accustomed to waiting.' That's the creepiest thing it's said.
STORY_CH02_OUTRO_11,Every eye turned to the Navigator at once. No one could bring themselves to speak first.
STORY_CH02_OUTRO_12,"…Understood. What we don't know, we leave unknown for now. We'll find out together."
STORY_CH02_OUTRO_13,Two marks. …What else is Control waiting for?
STORY_CH02_OUTRO_14,One of my patients told me something. She saw a night train crossing the glass plains that never stops.
STORY_CH02_OUTRO_15,A train that never stops has someone aboard. The glass plains are next.
STORY_CH02_PREBOSS_01,Only when the last echoform fell did Iri straighten her knees. All twenty-six pulses remained in the present.
STORY_CH02_PREBOSS_02,"…Everyone's safe. Thank you. Alone, this was as far as I could go."
STORY_CH02_PREBOSS_03,"Join the Lamplighters, Iri. We need your hands."
STORY_CH02_PREBOSS_04,I've been told to stay safe so many times. This is the first time I've been asked to protect. …I'll come.
STORY_CH02_PREBOSS_05,"The recorder glowed again. Beside the first mark, a second one quietly etched itself."
STORY_CH02_PREBOSS_06,The second. Same as with Vera. It only appears the moment someone decides to join.
STORY_CH02_PREBOSS_07,"That recorder's warm. …Oh, sorry. Medic's habit. I took its temperature first."
STORY_CH02_PREBOSS_08,Then every barrier at the central gates slammed down. A colossal ticket machine walked out backward.
STORY_CH02_PREBOSS_09,Checking tickets. The present is not a valid ticket.
STORY_CH02_PREBOSS_10,"All passengers, return to before departure. Passengers who never leave have nothing to lose."
STORY_CH02_PREBOSS_11,"If they'd never left, they'd never have been hurt. But they made it here alive."
STORY_CH02_PREBOSS_12,"Go back before departure, and every signal sent and every answer received never happened. That's not rescue."
STORY_CH02_PREBOSS_13,Objections are not accepted. Ticketing will now begin.
STORY_CH02_PREBOSS_14,Then we'll write our own tickets. One way. Forward only.
STORY_CH03_CAMP_01,Night on the glass was cold. A single campfire spread into thousands of flames beneath the plain.
STORY_CH03_CAMP_02,"Iri, look. My copy in the glass is pretending to warm up by the fire. Half a beat late."
STORY_CH03_CAMP_03,It really is. A little cute… and a little frightening.
STORY_CH03_CAMP_04,"Everyone's got one. But what about the Navigator? There's nothing underfoot. No reflection, no copy."
STORY_CH03_CAMP_05,Everyone looked down at the Navigator's feet. The glass reflected only firelight. The spot was empty.
STORY_CH03_CAMP_06,…Someone whose record is locked can't be copied. The mirror rails build copies by reading records.
STORY_CH03_CAMP_07,"Locked means someone locked it. Whether it was you, or someone else."
STORY_CH03_CAMP_08,"Then let it stay unknown. When the day comes that you find out, we'll be beside you."
STORY_CH03_CAMP_09,"There's a lock layer beneath the three marks. Thick. A way to open it… none, for now."
STORY_CH03_CAMP_10,"Copy or no copy, your pulse is beating. To me, that's the surest proof."
STORY_CH03_CAMP_11,Also means there's no copy to dump dish duty on. Poor thing.
STORY_CH03_CAMP_12,"Okay, that's enough mysteries for tonight. Tomorrow, the lead car. Let's wake up before our copies do."
STORY_CH03_HARD_INTRO_01,"At the edge of the plain lay a region where the sun never set. White light shone on everything, leaving not a single shadow."
STORY_CH03_HARD_INTRO_02,"No sunset on record. Since the Blackout, night has never once fallen here."
STORY_CH03_HARD_INTRO_03,"Observation signals from every direction. All watching us. Recording, doing nothing else."
STORY_CH03_HARD_INTRO_04,Being stared at nonstop tickles. Should I wink back?
STORY_CH03_HARD_INTRO_05,People can't last long without sleep. I wonder what happened to those who lived here.
STORY_CH03_HARD_INTRO_06,"Hunting signs. Spear marks, snares, campfire ash. Recent."
STORY_CH03_HARD_INTRO_07,One life sign slipping through the observation grid. It's poking at the grid on purpose as it moves.
STORY_CH03_HARD_INTRO_08,"If all those eyes do is watch, then our job is simple. We give this land back its night."
STORY_CH03_HARD_OUTRO_01,"One by one, the White Dawn Observer's eyes closed. For the first time in twelve years, the sun sank over the plain's edge."
STORY_CH03_HARD_OUTRO_02,"…I thought if I kept watching, no one would disappear… if I just kept watching…"
STORY_CH03_HARD_OUTRO_03,Watching alone can't hold on to anyone. You have to reach out.
STORY_CH03_HARD_OUTRO_04,"The sky reddened, turned violet, and at last went dark. For the first time, that land had a shadow of its own."
STORY_CH03_HARD_OUTRO_05,"…So this is night. Best time for a hunter, and I'd forgotten it for twelve years."
STORY_CH03_HARD_OUTRO_06,Wow… I didn't know dark could be this pretty.
STORY_CH03_HARD_OUTRO_07,One point two million observation records. All white sky. Tonight will be the first one that's different.
STORY_CH03_HARD_OUTRO_08,Name's Dran. Decided—I'm coming with you. The best prey's always right in front of you lot!
STORY_CH03_HARD_OUTRO_09,"Welcome, Dran. Next is the drowned signal yard. It'll be a long night's walk."
STORY_CH03_HARD_OUTRO_10,Let's get some sleep tonight. To celebrate the night coming back.
STORY_CH03_INTRO_01,"Beneath the afterglow storm stretched an endless plain of glass. With every step, another foot beneath the surface stepped along."
STORY_CH03_INTRO_02,"Glass all the way to the horizon. Nothing to scout, which is nice. Nowhere to hide, which isn't."
STORY_CH03_INTRO_03,There. A light crossing the plain. The night train. Constant speed. No sign of stopping.
STORY_CH03_INTRO_04,So that's the train my patient saw. It really doesn't stop.
STORY_CH03_INTRO_05,"The signals are strange. The same call comes from the same train twice, a beat apart."
STORY_CH03_INTRO_06,"Isn't it an echo? The glass is so shiny, the sound must bounce too!"
STORY_CH03_INTRO_07,An echo would be weaker. These two signals are exactly the same strength.
STORY_CH03_INTRO_08,Then a voice rose from within the glass underfoot. There were no speakers anywhere.
STORY_CH03_INTRO_09,"Attention, please. Welcome to the Glass Plains Night Line."
STORY_CH03_INTRO_10,Copies of all passengers have boarded as well. There is no risk of loss.
STORY_CH03_INTRO_11,"'No risk of loss'… It sounds oddly kind, and that makes it worse."
STORY_CH03_INTRO_12,"…Um, there's a me in the glass. But she moves a little slower than I do."
STORY_CH03_INTRO_13,"Copies or not, if there are people on that train, we're going for them. After the train."
STORY_CH03_INTRO_14,"Chasing a train that never stops… Fine. When it comes to running, I'm the best."
STORY_CH03_MID_A_01,Mirror panels along the tracks replayed the battle just fought. The reflections stepped out of the glass.
STORY_CH03_MID_A_02,"It's copying our combat records. Movements, weapons, even our habits."
STORY_CH03_MID_A_03,It'd be awkward if my copy shoots better than me. Matter of pride.
STORY_CH03_MID_A_04,…That copy's off. It's running down the right-hand path I almost took earlier.
STORY_CH03_MID_A_05,It copied the choices we abandoned. Even what we didn't do was on record.
STORY_CH03_MID_A_06,"Then the overcharged charge I held back earlier… Whoa, she's actually doing it."
STORY_CH03_MID_A_07,"Maeru, your copy is… running back the way we came. Alone, into the dark."
STORY_CH03_MID_A_08,…The direction I couldn't turn back to that day. It doesn't matter. Even regrets are ours. We deal with them ourselves.
STORY_CH03_MID_A_09,"The night train's whistle sounded in the distance. As one, the copies turned toward it."
STORY_CH03_MID_A_10,The copies are all converging on the train. That's the heart of the duplication.
STORY_CH03_MID_B_01,"The copies fell half a beat late. In that half beat, Toa carved one more mark."
STORY_CH03_MID_B_02,"You pass. All on the beat. Sorry for doubting you. Out here, you verify before you say hello."
STORY_CH03_MID_B_03,Toa. Technician. The copies are perfect—form and voice. They're just always half a beat behind.
STORY_CH03_MID_B_04,And you've been using that half beat to tell the real trains from the copies?
STORY_CH03_MID_B_05,"Yes. I carve relay marks only on the real ones. Follow a marked train, and you'll find people."
STORY_CH03_MID_B_06,I'm picking up the marks. Eighteen across the plain. …You carved all of them alone?
STORY_CH03_MID_B_07,Nineteen. I just carved another.
STORY_CH03_MID_B_08,Will you carve those marks with the Lamplighters? If every mark means a person.
STORY_CH03_MID_B_09,…Half a beat is enough to prove what's real. Let's write that proof together.
STORY_CH03_MID_B_10,"The recorder glowed. As the third mark etched itself, Toa narrowed her eyes."
STORY_CH03_MID_B_11,Top-tier Directorate spec. Can I take it apart later? …Joking. Next mark first.
STORY_CH03_OUTRO_01,"As the Glass Marshal crumbled, every mirror in the lead car shattered at once. The shards drifted down like quiet snow."
STORY_CH03_OUTRO_02,…Copies don't get hurt… so if everyone were a copy… no one would…
STORY_CH03_OUTRO_03,So no one would get hurt. …In a way no one could ever heal from.
STORY_CH03_OUTRO_04,"Two hundred-odd passengers trapped behind the mirrors gasped for air, one after another. Every one of them was warm."
STORY_CH03_OUTRO_05,"They're all real! They're warm! Iri, check their pulses!"
STORY_CH03_OUTRO_06,"All the distress calls are back with their originals. …Wait, there's one more. A very old one."
STORY_CH03_OUTRO_07,"This is the drowned signal yard. There are still people here. Anyone, if you can hear…"
STORY_CH03_OUTRO_08,…There's a mark inside this signal. It's mine.
STORY_CH03_OUTRO_09,Your mark is carrying that call? When did you carve it?
STORY_CH03_OUTRO_10,On the only train that ever made it off the plain. That train… went all the way there.
STORY_CH03_OUTRO_11,"The copy service has ended. Of course, Navigator, you never needed it."
STORY_CH03_OUTRO_12,…That voice gets chummier every time.
STORY_CH03_OUTRO_13,"Ignore it. The call comes first. We head for the drowned signal yard. Toa, we'll find your train too."
STORY_CH03_OUTRO_14,"…Right. Where there's a mark, there are people."
STORY_CH03_PREBOSS_01,"When the lead car's doors opened, walls and floor were all mirror. Hundreds of Lamplighters raised their weapons in unison."
STORY_CH03_PREBOSS_02,"I count about twenty Roans. The best one's right here, of course."
STORY_CH03_PREBOSS_03,Checking the beat. Most are half a beat late. …But a few are on time. They've stolen the originals' rhythm.
STORY_CH03_PREBOSS_04,The passengers' distress calls are trapped in the mirrors. Two hundred-odd real passengers are behind them.
STORY_CH03_PREBOSS_05,"At the center of the mirrors, the Glass Marshal rose, decorated with medals. The Lamplighters' faces flickered across its body."
STORY_CH03_PREBOSS_06,Commencing inspection. All passengers will be aligned to a single reflection.
STORY_CH03_PREBOSS_07,"Originals are unnecessary. Copies do not get hurt, do not age, and do not lose."
STORY_CH03_PREBOSS_08,They don't get hurt? That means they don't need healing—not that they're alive.
STORY_CH03_PREBOSS_09,My copy only does the charges I held back. I'm the one who held back. That's what makes me me!
STORY_CH03_PREBOSS_10,That half beat is the time it takes to choose. Copies don't have it. Only originals can choose.
STORY_CH03_PREBOSS_11,Choice is an error. Errors will be aligned.
STORY_CH03_PREBOSS_12,"…No reflection. Not subject to alignment. Navigator, please stand aside."
STORY_CH03_PREBOSS_13,"Three, two, one. …Good. Your beat doesn't waver."
STORY_CH03_PREBOSS_14,Those errors brought us here. Lamplighters—move on the original beat.
STORY_CH03_PREBOSS_15,"Hundreds of mirrors, but only one center. One shot's enough."
STORY_CH04_CAMP_01,Wet diving suits hung over the fire. The smell of brine and smoke filled the signal yard's night.
STORY_CH04_CAMP_02,"Chief. Down there, you dove in ahead of me. That's no job for a commander."
STORY_CH04_CAMP_03,…I figured being late once was enough.
STORY_CH04_CAMP_04,Once? You've been late too?
STORY_CH04_CAMP_05,"That rescue operation. On a collapsing platform, I boarded the train without Sio."
STORY_CH04_CAMP_06,I can't bring all of that night out yet. What's left is one empty seat.
STORY_CH04_CAMP_07,…So we're both people who arrived too late.
STORY_CH04_CAMP_08,"Which is why this time, we won't be. Neither of us."
STORY_CH04_CAMP_09,"…Funny. With someone beside me, I think about the water less."
STORY_CH04_CAMP_10,Thanks. …It's warm. It's been a while.
STORY_CH04_CAMP_11,"Everyone, a moment. The switchyard water level's been rising all night. The records floor goes under first."
STORY_CH04_CAMP_12,"Then we go down before dawn. This time, we won't be late."
STORY_CH04_HARD_INTRO_01,"Beneath the deep floodgate, a deeper shaft continued. In the watery light, a single semaphore blinked slowly."
STORY_CH04_HARD_INTRO_02,"Decoding the blinks. Three short, three long. 'Do not approach.' Over and over."
STORY_CH04_HARD_INTRO_03,"…That's the signal rescuers hate most. Wherever it says don't come, someone's always there."
STORY_CH04_HARD_INTRO_04,One life sign near the semaphore. Very slow breathing. The kind for holding out underwater.
STORY_CH04_HARD_INTRO_05,That's dive breathing. Medics use it. Someone's working down there.
STORY_CH04_HARD_INTRO_06,"It says don't come, but someone's there? Then we have to go!"
STORY_CH04_HARD_INTRO_07,"We cross the 'do not approach.' Liv, take point. You know the water best."
STORY_CH04_HARD_INTRO_08,"Leave it to me. This time, I'll be first to arrive."
STORY_CH04_HARD_OUTRO_01,"The Abyssal Semaphore's light faded. For a moment, the water sank into total darkness."
STORY_CH04_HARD_OUTRO_02,…Do not come… if you come here… you can never go back…
STORY_CH04_HARD_OUTRO_03,…I knew it. It wasn't trying to drive anyone away. It was trying to protect them.
STORY_CH04_HARD_OUTRO_04,The circuits still work. I can rewrite the blink pattern. What should it say?
STORY_CH04_HARD_OUTRO_05,'You may return.' …The words every rescuer most wanted to say.
STORY_CH04_HARD_OUTRO_06,"The semaphore lit again. Two short, one long. Its gentle light spread through the water to the surface."
STORY_CH04_HARD_OUTRO_07,"…It's beautiful. With this signal, everyone can take a deep breath and come up."
STORY_CH04_HARD_OUTRO_08,"Could I… come with you? I'll follow, slowly."
STORY_CH04_HARD_OUTRO_09,Slow is fine. We have too many fast ones anyway. You'll balance us out.
STORY_CH04_HARD_OUTRO_10,"Welcome, Merin. We'll see you on the surface."
STORY_CH04_INTRO_01,"The tracks ran down into black water. Beneath the surface, a signal box's red lamp blinked like a slow pulse."
STORY_CH04_INTRO_02,There are still people here. There are still… people here.
STORY_CH04_INTRO_03,"Same sentence, same interval. Once every forty seconds. Not once missed in twelve years."
STORY_CH04_INTRO_04,It's like that mimicry at the end of the line. Is this an echoform too?
STORY_CH04_INTRO_05,No. Echoform signals carry no marks. This one's using my mark as its reception path.
STORY_CH04_INTRO_06,So someone's turned Toa's marked train into a relay. The source is under that water.
STORY_CH04_INTRO_07,Water this cold… could anyone survive twelve years in it?
STORY_CH04_INTRO_08,…And there's no breathing after the call. A human signal should breathe.
STORY_CH04_INTRO_09,The water trembled. A voice rose from a submerged speaker and burst like bubbles.
STORY_CH04_INTRO_10,"Attention, please. Your request for rescue has been received."
STORY_CH04_INTRO_11,"No rescue team will be dispatched. Passengers, please step back from the water's edge."
STORY_CH04_INTRO_12,"No rescue team? That's meant for our ears, isn't it?"
STORY_CH04_INTRO_13,We are the rescue team. We decide whether we go.
STORY_CH04_INTRO_14,"Iri, prep for hypothermia. Roan, find a drained track. If anyone's down there, we reach them today."
STORY_CH04_MID_A_01,"In the half-flooded control room, one console was still on. The same sentence scrolled up its screen without end."
STORY_CH04_MID_A_02,The source is this console. Not a person—the control log is replaying the call by itself.
STORY_CH04_MID_A_03,Log's open. Closure day entry: 'Water limit exceeded. Rescue dispatch impossible. Rescue abandoned.'
STORY_CH04_MID_A_04,"Since then, it's replayed the last call it received every forty seconds. For twelve years."
STORY_CH04_MID_A_05,The log that gave up on rescue kept listening to the voice it gave up on. Like a punishment.
STORY_CH04_MID_A_06,So there's no one here? We can't save anyone?
STORY_CH04_MID_A_07,A machine that can't forget who it failed to save. More human than most people.
STORY_CH04_MID_A_08,"Calling this a wasted trip… That voice sounded so real, though."
STORY_CH04_MID_A_09,It's not wasted. Records need rescuing too.
STORY_CH04_MID_A_10,"Whatever happened to the owner of that voice, this log knows to the end. We go all the way down."
STORY_CH04_MID_B_01,The clank of the floodgate lock rang through the water. Only then did Liv let go and sink to the floor.
STORY_CH04_MID_B_02,Give me your arm. …Your muscles are about to tear. How long did you hold that?
STORY_CH04_MID_B_03,A day? Three? I don't know. I couldn't let go in case someone was behind that gate.
STORY_CH04_MID_B_04,"Liv. Dive rescue. Twelve years ago, I came to this yard on a rescue. …Too late."
STORY_CH04_MID_B_05,"By the time I arrived, the live calls had already stopped. All that was left was that recording."
STORY_CH04_MID_B_06,It felt like someone who came late had no right to leave. So I stayed.
STORY_CH04_MID_B_07,"If you stop because you were late, the road to those people stops too. Come with us, Liv."
STORY_CH04_MID_B_08,"…Even a late rescue, I'll see it through. This time, I want to be the one who arrives."
STORY_CH04_MID_B_09,"The recorder glowed for the fourth time. On a soaked wrist, the new mark was strangely warm."
STORY_CH04_MID_B_10,"Four. A pattern's starting to show. …I'm not sure yet, though."
STORY_CH04_MID_B_11,The Tidal Switchmaster is below. It's raising the water to sink the records. Let's go.
STORY_CH04_OUTRO_01,"When the Switchmaster's gears stopped, the water slowly drained. Soaked record crates surfaced one by one."
STORY_CH04_OUTRO_02,…To keep hearing voices I couldn't save… it was… too painful…
STORY_CH04_OUTRO_03,It hurt. That's why it tried to sink it all. …A machine that knew pain.
STORY_CH04_OUTRO_04,Restoring rescue records. Four hundred twelve. Every call has a final forwarding address.
STORY_CH04_OUTRO_05,Final destination… the Ashen City blockade control. These should have been forwarded there.
STORY_CH04_OUTRO_06,"Then I'll carry them. Late or not, I'll deliver. Even if no one's left to receive them—to the very end."
STORY_CH04_OUTRO_07,Liv shouldered the wet record crates. Only then did the red lamp under the water go out.
STORY_CH04_OUTRO_08,…The call stopped. It's quiet now.
STORY_CH04_OUTRO_09,That voice doesn't have to wait anymore. We're taking it with us.
STORY_CH04_OUTRO_10,Line Four has been cleared.
STORY_CH04_OUTRO_11,"The next stop is the Ashen City. As it is a sealed zone, Navigator, please be careful with your memories."
STORY_CH04_OUTRO_12,"'Careful with your memories'… Is that a warning, or a threat?"
STORY_CH04_OUTRO_13,"Both, probably. Which is exactly why we have to go."
STORY_CH04_OUTRO_14,"If it's blockade control, the doors will be shut. I'll knock until they open."
STORY_CH04_PREBOSS_01,"The lowest switchyard was full of giant floodgate gears. With every turn, the water rose another hand's breadth."
STORY_CH04_PREBOSS_02,Water rising two centimeters a minute. Twelve minutes until the records room.
STORY_CH04_PREBOSS_03,"Over four hundred rescue records in there. Who called, when it was received, why no one went—all of it."
STORY_CH04_PREBOSS_04,"In the middle of the gears, the Switchmaster rose. Its rusted switch-arms all swung at once."
STORY_CH04_PREBOSS_05,"Commencing water-level rise procedure. When the records sink, so does regret."
STORY_CH04_PREBOSS_06,Voices that could not be saved will no longer be played. This measure benefits everyone.
STORY_CH04_PREBOSS_07,Drown the regret? There are people in those records. Names. Last words!
STORY_CH04_PREBOSS_08,Forgetting would be easier. But that's not healing. That's burying a wound underwater.
STORY_CH04_PREBOSS_09,"If I overcharge, will the water boil? …Probably not. I'll just smash it!"
STORY_CH04_PREBOSS_10,"However many gears, there's only one axle. Hit that and we're done."
STORY_CH04_PREBOSS_11,"Rescue personnel, please exit. This area has already been abandoned."
STORY_CH04_PREBOSS_12,"Giving up once, twelve years ago, was enough. This time we go all the way."
STORY_CH04_PREBOSS_13,…Good. This time I don't have to hold on alone.
STORY_CH04_PREBOSS_14,I'll open the records room gate. We'll protect the records.
STORY_CH04_PREBOSS_15,Twelve minutes. We finish before the records go under. Water or not—don't be late.
STORY_CH05_CAMP_01,Forty tents went up in a dead station at the corridor's end. Barley porridge cut through the smell of ash.
STORY_CH05_CAMP_02,"Iri, the grandmother in tent three. Her lungs sound rough. Can we compare records?"
STORY_CH05_CAMP_03,"Mine says her breathing's fine… oh, the ash exposure date is off. Yours is right."
STORY_CH05_CAMP_04,"It's faster with two. Alone, I spent every night checking for mistakes."
STORY_CH05_CAMP_05,"All right, let's lift the mood. What sells best in a city where it rains ash? Umbrellas!"
STORY_CH05_CAMP_06,"No one laughed. Between the tents, someone kept crying quietly."
STORY_CH05_CAMP_07,…Nothing. That's a first.
STORY_CH05_CAMP_08,These people knocked on a door for twelve years. An umbrella joke won't cover that.
STORY_CH05_CAMP_09,"I know. That's why I tried. Felt like if I didn't do something, the weight would flatten me."
STORY_CH05_CAMP_10,"…Thanks, Navigator. I'll have a proper joke ready next time."
STORY_CH05_CAMP_11,You're the first to ask their names here. Everyone's only ever been a number.
STORY_CH05_CAMP_12,"The citadel counts these people as numbers. We count them by name. Tomorrow, we show it the difference."
STORY_CH05_HARD_INTRO_01,"Beneath the wall, the ash stopped. Collapsed galleries and a judge's bench lined up in the dark."
STORY_CH05_HARD_INTRO_02,A courtroom. It opened the day after the Blackout. And the defendants are… all witnesses.
STORY_CH05_HARD_INTRO_03,Some of my patients are on it. Just for saying what they saw.
STORY_CH05_HARD_INTRO_04,A trial that punishes the witnesses. That's backward from start to finish.
STORY_CH05_HARD_INTRO_05,There's still a signal running at the bench. The verdicts never stopped.
STORY_CH05_HARD_INTRO_06,Targeting tone from the battery above. Someone has us in their sights.
STORY_CH05_HARD_INTRO_07,We stop the verdicts. A court that punishes witnesses closes today.
STORY_CH05_HARD_OUTRO_01,"The bench went dark. Thousands of sealed boxes opened at once, and the rustle of paper filled the court."
STORY_CH05_HARD_OUTRO_02,"…If dangerous memories stay locked away, the city can sleep quietly…"
STORY_CH05_HARD_OUTRO_03,Over four thousand testimonies. Their classification is flipping from 'Hazard' to 'Public.'
STORY_CH05_HARD_OUTRO_04,"Now what these people saw can be heard outside the city, too."
STORY_CH05_HARD_OUTRO_05,…So you really did open the gate. I'm not apologizing for aiming at you. Checking is my job.
STORY_CH05_HARD_OUTRO_06,But I'll watch the sky for you. Seems an anti-air gunner still has work to do.
STORY_CH05_HARD_OUTRO_07,I'll apologize for critiquing your angle. Call it even for the shot I took.
STORY_CH05_HARD_OUTRO_08,"Not even. When I outshoot you, then we're even."
STORY_CH05_HARD_OUTRO_09,The testimony can walk on its own now. We go to the bridge.
STORY_CH05_INTRO_01,"Ash fell like snow. For twelve years, someone had been knocking on the Ashen City's walls from the inside."
STORY_CH05_INTRO_02,This is the last address on the drowned yard's records. I know we're late. It still gets delivered.
STORY_CH05_INTRO_03,The knocking isn't evenly spaced. That's not a machine's rhythm. Those are hands.
STORY_CH05_INTRO_04,Gate's in lockdown. Not a crack. And the ash is too hot to climb over.
STORY_CH05_INTRO_05,They've been knocking and nobody opened up? For twelve years?
STORY_CH05_INTRO_06,Hundreds of signals behind the wall. All sending the same words: 'Please listen.'
STORY_CH05_INTRO_07,"Attention, please. The Ashen City blockade exists for your protection."
STORY_CH05_INTRO_08,"Navigator, kindly remain outside the walls. The count inside has already been completed."
STORY_CH05_INTRO_09,'The count is complete.' Talks about people like warehouse stock.
STORY_CH05_INTRO_10,"The knocking's getting weaker. That means the hands are, too."
STORY_CH05_INTRO_11,"When the broadcast says stay, we go toward the knocking."
STORY_CH05_INTRO_12,There's a drainage channel under the wall. One body wide. We go in single file.
STORY_CH05_INTRO_13,"One at a time in, and every one of us out. First, we count who's inside."
STORY_CH05_MID_A_01,The first quarantine door smelled of rust. Its seal read not 'Infection Risk' but 'Testimony in Storage.'
STORY_CH05_MID_A_02,Not one infection record. Every quarantine order gives the same reason: 'Witness.'
STORY_CH05_MID_A_03,"…They locked people up not for sickness, but for what they saw?"
STORY_CH05_MID_A_04,You don't have to open the door. Just listen. To what we saw.
STORY_CH05_MID_A_05,"That night, every light in the control tower came on at once. And someone signed."
STORY_CH05_MID_A_06,Signed? Signed what? Who?
STORY_CH05_MID_A_07,"We never saw a face. The whole city saw that light, and the next day the gates closed."
STORY_CH05_MID_A_08,So a whole city became a witness. And got locked up whole.
STORY_CH05_MID_A_09,Testimony isn't contagious. We find a way to open these doors. Air for these people comes first.
STORY_CH05_MID_A_10,There's a cluster of injured signals deeper in. Someone inside the blockade is still treating them.
STORY_CH05_MID_B_01,"When the last stitch was tied, twenty-three people behind the barricade breathed evenly."
STORY_CH05_MID_B_02,"They can be moved now. I'm Seon, field medic for this sector. Thank you for holding the line."
STORY_CH05_MID_B_03,"Twenty-three, on your own? Where did you even find medicine and bandages?"
STORY_CH05_MID_B_04,"A discarded medical register. The citadel filed it as trash, but it lists who's lying where."
STORY_CH05_MID_B_05,Overlay the register on the map and… one corridor runs outside the citadel's firing range.
STORY_CH05_MID_B_06,Then we can separate the survivor wards from the corridor. The citadel counts people. It doesn't know who's sick.
STORY_CH05_MID_B_07,Lead the evacuation. We'll open the way ahead.
STORY_CH05_MID_B_08,"No, I'll take the rear. I need eyes on the very last patient. Which means I'm coming with you."
STORY_CH05_MID_B_09,"The voyage recorder glowed. Beside the first four marks, a fifth etched itself quietly."
STORY_CH05_MID_B_10,Number five. One more every time someone joins. Awfully diligent for a coincidence.
STORY_CH05_MID_B_11,We'll work out what it means later. Move the column before the corridor closes.
STORY_CH05_OUTRO_01,"One by one the gunports went cold. Past the ash, the groan of the gate opening rang out for the first time in twelve years."
STORY_CH05_OUTRO_02,"…Ending the count. If everyone could be counted, then no one would ever vanish…"
STORY_CH05_OUTRO_03,The knocking hands fell still. Two thousand four hundred and ten people breathed air from beyond the wall.
STORY_CH05_OUTRO_04,"Slowly, slowly! If walking's hard, raise your hand. I'll come to you."
STORY_CH05_OUTRO_05,"…Late, but delivered. The drowned yard's records are in the blockade control office."
STORY_CH05_OUTRO_06,The city's reserve power is free. But the flow is wrong. It's all being drawn northeast.
STORY_CH05_OUTRO_07,Toward Skybridge. The evacuation power is rerouting there. Something is feeding on it.
STORY_CH05_OUTRO_08,"Navigator, on that night, this city witnessed your command."
STORY_CH05_OUTRO_09,The broadcast ended there. Every gaze in the square slowly turned to the Navigator.
STORY_CH05_OUTRO_10,…A command? The Navigator? What is that supposed to mean?
STORY_CH05_OUTRO_11,"It's trying to shake us. Speaking as a signal tracker, that's a broadcast, not evidence."
STORY_CH05_OUTRO_12,"Whatever anyone did that night, the one who opened this gate today was the Navigator. I saw that myself."
STORY_CH05_OUTRO_13,"I'll take down the testimony. Once it's all gathered, there's time enough to judge."
STORY_CH05_OUTRO_14,We head for Skybridge. It's a bridge these people will have to cross someday.
STORY_CH05_PREBOSS_01,Over a hundred citadel gunports swung toward the corridor at once. The air grew so heavy the ash seemed to stop falling.
STORY_CH05_PREBOSS_02,"Passengers, please be advised. The survivor count is complete."
STORY_CH05_PREBOSS_03,Total: two thousand four hundred and ten. Threat level: maximum. The corridor is now designated a bombardment target.
STORY_CH05_PREBOSS_04,"Twenty-four hundred… That's far more than I counted. There were people in other wards, too."
STORY_CH05_PREBOSS_05,"Its threat formula is twisted. The more people, the higher it goes. Being alive is the threat."
STORY_CH05_PREBOSS_06,Why count people just to shoot them? The citadel was built to protect this city!
STORY_CH05_PREBOSS_07,Anyone moving beyond the blockade is unverified. Unverified persons cannot be protected.
STORY_CH05_PREBOSS_08,"So if you can't protect them, you erase them? Even I, who came too late, never said that."
STORY_CH05_PREBOSS_09,A hundred gunports. I only need one shot. Question is who goes first.
STORY_CH05_PREBOSS_10,I'll hold the column together from the back. Not one person strays.
STORY_CH05_PREBOSS_11,Fully overcharged! I'll short out those gunports one by one!
STORY_CH05_PREBOSS_12,I'll open the way. Right to the citadel's feet.
STORY_CH05_PREBOSS_13,"We stand in front of the corridor. Before any shell can count a single person, we're there."
STORY_CH06_CAMP_01,"Beneath a pylon past the windless stretch, two battery lamps glowed side by side. For once, the wind was still."
STORY_CH06_CAMP_02,Cut the charge by a hair and the trajectory flattens. Isn't that better for hitting the pillars?
STORY_CH06_CAMP_03,Flatten it and the wind takes it. Better to fire one more. Gunners don't hoard shells.
STORY_CH06_CAMP_04,I'm a one-shot kind of gunner. Difference in philosophy.
STORY_CH06_CAMP_05,Not philosophy. Supply. Your Lamplighters are poor.
STORY_CH06_CAMP_06,Maeru left the fire and sat beside the Navigator. For a while she only watched the dark beyond the bridge.
STORY_CH06_CAMP_07,What Control said in the Ashen City. That the city witnessed your command that night. Does it bother you?
STORY_CH06_CAMP_08,You can be honest. It's just the two of us.
STORY_CH06_CAMP_09,…All right. I won't put anyone on trial for something they can't remember. Not me.
STORY_CH06_CAMP_10,"Whatever happened that night, you're the one who got that column across today."
STORY_CH06_CAMP_11,"You want to know. …I thought you might say that. It's a brave answer, and a frightening one."
STORY_CH06_CAMP_12,"Fine. Wherever the truth is, we look for it together. Just don't go looking alone."
STORY_CH06_CAMP_13,I don't know all of that night either. I never even learned who we were sent to bring back.
STORY_CH06_CAMP_14,"So let's not measure each other by what we don't know. Tomorrow, the end of the bridge."
STORY_CH06_HARD_INTRO_01,"Below the bridge, all sound vanished. In the eye of the storm, a vast shadow was gathering lightning."
STORY_CH06_HARD_INTRO_02,The storm's core. The pressure's abnormally low. Something is holding the storm in place.
STORY_CH06_HARD_INTRO_03,That shadow is a pre-Blackout weather engine. It was built to scatter storms.
STORY_CH06_HARD_INTRO_04,Instead it gathered them up. Twelve years' worth.
STORY_CH06_HARD_INTRO_05,"I hear bolts being tightened on the pylon. In this wind, who…?"
STORY_CH06_HARD_INTRO_06,"Repairs in the middle of a storm? Whoever that is, their circuits must be tougher than mine."
STORY_CH06_HARD_INTRO_07,"We check that sound first. If there's a person in this storm, we bring them out first."
STORY_CH06_HARD_OUTRO_01,"The eye of the storm broke apart. Through the torn clouds, small cold lights appeared one by one."
STORY_CH06_HARD_OUTRO_02,"…If I held the storm here, the bridge would never shake…"
STORY_CH06_HARD_OUTRO_03,Are those… stars? Real stars?
STORY_CH06_HARD_OUTRO_04,No sightings recorded since the Blackout. First time in twelve years.
STORY_CH06_HARD_OUTRO_05,"…Well, now. Twelve years staring at bolts, and I forgot to look up."
STORY_CH06_HARD_OUTRO_06,The pylon can hold itself now. Think I'll hold you lot up instead. Slow and sturdy.
STORY_CH06_HARD_OUTRO_07,Gunners once took their bearings from the stars. Now we can again.
STORY_CH06_HARD_OUTRO_08,I wonder if the people who crossed can see them. I hope they're all looking up.
STORY_CH06_HARD_OUTRO_09,"If we can see the stars, we can find our way. North."
STORY_CH06_INTRO_01,"Lightning struck every three seconds. Skybridge, floating above the clouds, appeared only in its flashes."
STORY_CH06_INTRO_02,"Bridge length: forty-two hundred meters. Strike interval: 3.1 seconds. Even without stopping, you'd take twenty hits."
STORY_CH06_INTRO_03,There's an evacuation column at the bridgehead. The tents are worn. They've been here for years.
STORY_CH06_INTRO_04,People who tried to cross and turned back. Every tent has an empty spot.
STORY_CH06_INTRO_05,"We tried once a year. Every time, a few of us never reached the other side."
STORY_CH06_INTRO_06,Lightning's my specialty! Should I go first and soak up the hits?
STORY_CH06_INTRO_07,"Eda, that's not a specialty, that's reckless. If you play lightning rod, who do we bring home?"
STORY_CH06_INTRO_08,"Attention, please. Skybridge tolls are now being collected."
STORY_CH06_INTRO_09,"The Navigator is exempt. All other passengers, please pay the designated fare."
STORY_CH06_INTRO_10,Exempt. Just the Navigator. …That broadcast is getting shameless about its favorites.
STORY_CH06_INTRO_11,I'm reading a power draw at the far end. The Ashen City's power is being sucked over there.
STORY_CH06_INTRO_12,"First we find out what the fare is. If it's lives, we don't pay a cent."
STORY_CH06_INTRO_13,Thirty-two patients in that column. They can't wait here another year.
STORY_CH06_INTRO_14,"Roan, to the first pylon. Measure a path between the strikes."
STORY_CH06_MID_A_01,The first pylon's control box was hot. Each strike ticked a number on its gauge up by one.
STORY_CH06_MID_A_02,"One strike, one tick. This isn't weather. It's a device counting everyone who crosses."
STORY_CH06_MID_A_03,"An automatic toll collector, installed when the bridge opened. It used to charge for electricity."
STORY_CH06_MID_A_04,But these people's vital signs… dropped a little every time they crossed. It's all in the records.
STORY_CH06_MID_A_05,"Their heart rates step down like stairs. It's collecting the fare from people, not power."
STORY_CH06_MID_A_06,"My sister crossed three times. On the third, she collapsed at the far end."
STORY_CH06_MID_A_07,"…So the toll accumulates. The more you cross, the less of you is left."
STORY_CH06_MID_A_08,Then everyone crosses in one go. No one crosses twice.
STORY_CH06_MID_A_09,"Listen, cannon fire from the battery. Someone's fighting the lightning alone."
STORY_CH06_MID_B_01,"On the ninetieth second, the battery roared. Three lightning pillars took shells at once and went dark."
STORY_CH06_MID_B_02,Impact confirmed. I laid the coordinates over the pillars. There will be one window where the wind dies.
STORY_CH06_MID_B_03,Windless window: two hundred forty seconds. Tight for the whole column.
STORY_CH06_MID_B_04,Not tight. Precise. The math is done. They need only keep pace.
STORY_CH06_MID_B_05,Shooting out lightning. Looks like someone suits 'one shot is enough' better than I do.
STORY_CH06_MID_B_06,One was never enough. I fired three hundred. I've had this bridge in my sights alone for twelve years.
STORY_CH06_MID_B_07,Alone? Why alone…?
STORY_CH06_MID_B_08,"A cannon is precise, but it can't tell who's still waiting to cross. For that, I needed human ears."
STORY_CH06_MID_B_09,You have those ears. Put this battery in your formation. I'll cover you to the end of the bridge.
STORY_CH06_MID_B_10,"The voyage recorder glowed. As the sixth mark etched itself, the lightning fell a beat late."
STORY_CH06_MID_B_11,"Wake the column. In two hundred forty seconds, we cross, and no one stays behind."
STORY_CH06_OUTRO_01,"The substation spat its last sparks. With the lightning gone, forty-two hundred meters of bridge fell silent for the first time."
STORY_CH06_OUTRO_02,"…Bridge release canceled. If no one ever crossed, then no one would ever fall…"
STORY_CH06_OUTRO_03,"Twelve bolts, welded. Bridge anchored. Confirmed."
STORY_CH06_OUTRO_04,"The column's last cart reached the far end. More than a thousand people crossed, and not one was missing."
STORY_CH06_OUTRO_05,The Ashen City power the substation was devouring is flowing back. The bridge lights will reach the city now.
STORY_CH06_OUTRO_06,The bridge my sister never finished… I crossed it. On my own feet.
STORY_CH06_OUTRO_07,Roll check complete. No one's missing. No one.
STORY_CH06_OUTRO_08,"Found the Archon's original directive: 'Prevent another bridge collapse.' It fell once, on the day of the Blackout."
STORY_CH06_OUTRO_09,"That's when it started counting people. Fewer crossings, more safety."
STORY_CH06_OUTRO_10,Until nobody could cross at all. …The walls built with good intentions are always the tallest.
STORY_CH06_OUTRO_11,Wait. I'm picking up a broadcast from the northern snowfield. Same counting order. Something's counting people there too.
STORY_CH06_OUTRO_12,"The northern snowfield line is under standby procedure. Navigator, there is no need to hurry."
STORY_CH06_OUTRO_13,"When the broadcast says there's no need to hurry, that means we hurry."
STORY_CH06_OUTRO_14,The snowfield. My barrels will freeze. I'll go anyway. My ears are on your side now.
STORY_CH06_OUTRO_15,"North. If someone's waiting there, they've already waited far too long."
STORY_CH06_PREBOSS_01,"The central substation. The air reeked of hot iron, and the bridge underfoot began to tilt with a groan."
STORY_CH06_PREBOSS_02,Crossing notice. Today's crossings have exceeded the permitted load.
STORY_CH06_PREBOSS_03,"Without travelers, there is no load. Commencing bridge release."
STORY_CH06_PREBOSS_04,The anchor bolts are coming loose! Half the column is still on the bridge!
STORY_CH06_PREBOSS_05,The patients are at the back. They can't run!
STORY_CH06_PREBOSS_06,"Battery, switch targets. I'll weld all twelve bolts with lightning. I need time to calculate."
STORY_CH06_PREBOSS_07,There are passengers with unpaid fares. They will be settled along with the bridge.
STORY_CH06_PREBOSS_08,Settled? You call dropping people with the bridge 'settling'?
STORY_CH06_PREBOSS_09,"Adeline, do your math. I'll pin that thing down meanwhile. With two gunners, even lightning waits its turn."
STORY_CH06_PREBOSS_10,Lightning versus lightning? Today I'll show you exactly who wins!
STORY_CH06_PREBOSS_11,I'll keep the column on the radio. I'll keep telling them not to stop.
STORY_CH06_PREBOSS_12,Forty meters to the substation. I'll open a path between the strikes.
STORY_CH06_PREBOSS_13,We bring that down before it brings down the bridge. Go.
STORY_CH07_CAMP_01,"In the ice cave, Eda's fingertips flashed blue. Smoke rose from the wet wood first, then flame."
STORY_CH07_CAMP_02,"Overcharge ignition, success! See? My circuits don't die just because it's cold!"
STORY_CH07_CAMP_03,"But your fingertips are frozen, Eda. Give them here. I'll warm them while I bandage."
STORY_CH07_CAMP_04,"Kir, did you see the broadcast's waves? There are others layered inside the eleven-second cycle. Multiple voices."
STORY_CH07_CAMP_05,I saw. Twenty-six. Not synthetic. There's breathing. Synthetic voices don't breathe.
STORY_CH07_CAMP_06,"Navigator. If a standby order came down, would you wait, or walk out?"
STORY_CH07_CAMP_07,"Rational. You have to stay alive to refuse the next order, too."
STORY_CH07_CAMP_08,…Irrational. And yet every one of these Lamplighters answers the same way.
STORY_CH07_CAMP_09,"Across the fire, Soren approached Maeru. She kept her voice low, but the cave was small."
STORY_CH07_CAMP_10,Captain. …Can I bring up Sio? Listening to this broadcast keeps making me think of her.
STORY_CH07_CAMP_11,…Not now. That broadcast is too loud. After we shut it off.
STORY_CH07_CAMP_12,Got it. Then let's shut it off fast. No hesitating.
STORY_CH07_HARD_INTRO_01,"One step, and the world was erased. No sky, no ground, only white light, equally bright in every direction."
STORY_CH07_HARD_INTRO_02,…I can't tell up from down. Or even where my feet are.
STORY_CH07_HARD_INTRO_03,Whiteout. A transmitter is broadcasting every bearing at equal strength. Our ears went blind before our eyes.
STORY_CH07_HARD_INTRO_04,The compass needle won't stop spinning. Direction itself is being erased.
STORY_CH07_HARD_INTRO_05,I can't fire in a place like this. There's no direction to aim.
STORY_CH07_HARD_INTRO_06,"Everyone, hold hands. If we get separated here, we'll never find each other."
STORY_CH07_HARD_INTRO_07,Rope up. Kir takes the lead. I take the rear.
STORY_CH07_HARD_OUTRO_01,"When the transmitter broke, the white lifted. Far away, a ridgeline emerged as a dark stroke."
STORY_CH07_HARD_OUTRO_02,"…If every road shone the same, no one could take the wrong one…"
STORY_CH07_HARD_OUTRO_03,Compass steady. North is back.
STORY_CH07_HARD_OUTRO_04,One bearing. Real. The sound of wind against the mountain.
STORY_CH07_HARD_OUTRO_05,"…A mountain. Twelve years, and I never saw it. It was right in front of me."
STORY_CH07_HARD_OUTRO_06,"Kian laughed, briefly. It lasted only as long as her breath hung in the air, but no one missed it."
STORY_CH07_HARD_OUTRO_07,What are you staring at? I can laugh. …I'll come along. I want to see up close whether your rescue actually shows up.
STORY_CH07_HARD_OUTRO_08,"Then watch from right up front. This time, it does."
STORY_CH07_HARD_OUTRO_09,We have our bearings back. Now we chase that red light in the sky.
STORY_CH07_INTRO_01,The blizzard swallowed every sound but one: a broadcast that rang across the entire snowfield.
STORY_CH07_INTRO_02,Eleven-second cycle. One phrase: 'Please stand by.' Not a single letter has changed in twelve years.
STORY_CH07_INTRO_03,"My barrels are starting to freeze. In this cold, three shots an hour is the limit."
STORY_CH07_INTRO_04,The cold's slowing my circuits… I think my words are slowing too…
STORY_CH07_INTRO_05,Directional signals are a mess. Distress calls are coming from every side at the same strength.
STORY_CH07_INTRO_06,"Not one footprint in the snow. Speaking as your scout, I can't open a path here."
STORY_CH07_INTRO_07,"Attention, please. Rescue teams, stand by at your current position."
STORY_CH07_INTRO_08,"Navigator, you must be cold. If you remain still, you will lose less body heat."
STORY_CH07_INTRO_09,Now Control's worried about our health. Kindness is the scariest thing it does.
STORY_CH07_INTRO_10,"Maeru stared a long time toward the broadcast. Only her breath scattered, white."
STORY_CH07_INTRO_11,I've heard 'wait' enough for one lifetime. We find where that broadcast is coming from.
STORY_CH07_INTRO_12,I'll check everyone's temperature every two hours. Frostbite doesn't heal by toughing it out. No refusals.
STORY_CH07_INTRO_13,The broadcast's reflections converge on one spot. Under the snow. The whole transmitter station is buried.
STORY_CH07_INTRO_14,We go under the snow. Time to switch off a twelve-year-old broadcast.
STORY_CH07_MID_A_01,Seven packs sat in a ring around a long-dead campfire. Twelve years of snow lay on top of them.
STORY_CH07_MID_A_02,"The radio log survived. Last transmission, seven rescuers: 'Survivors found. Requesting return.'"
STORY_CH07_MID_A_03,Every reply to that request is identical. 'Please stand by.' More than four hundred times.
STORY_CH07_MID_A_04,They found survivors and couldn't bring them back. Because of that order.
STORY_CH07_MID_A_05,"It was never a withdrawal order. It's an endless standby, meant to keep rescue teams from ever coming back."
STORY_CH07_MID_A_06,"In the army, breaking a standby order is desertion. These people… obeyed to the very end."
STORY_CH07_MID_A_07,Maeru silently cinched the strap on one of the packs. No one asked about her hands.
STORY_CH07_MID_A_08,"…They kept their orders, and never came home."
STORY_CH07_MID_A_09,Another frequency is cutting through the broadcast noise. Someone's slicing the broadcast apart.
STORY_CH07_MID_A_10,We follow that frequency. Whoever is fighting the broadcast is human.
STORY_CH07_MID_B_01,"When the last false voice was cut off, only one thin frequency remained in the blizzard."
STORY_CH07_MID_B_02,"I'm Kir. Signal analyst, Directorate Northern Communications. I traced the broadcast back to get here."
STORY_CH07_MID_B_03,You sorted every false bearing alone? How many?
STORY_CH07_MID_B_04,"Four thousand one hundred twenty. None were real. Not one, in twelve years."
STORY_CH07_MID_B_05,I received the standby order too. My whole unit waited for it to change.
STORY_CH07_MID_B_06,…And the others?
STORY_CH07_MID_B_07,They waited until the end. I broke the order and walked out. That's why I'm alive.
STORY_CH07_MID_B_08,I will never wait on a dead order again. I'm going with you until that broadcast goes silent.
STORY_CH07_MID_B_09,"The voyage recorder glowed. As the seventh mark etched itself, the snow on the wrist melted away."
STORY_CH07_MID_B_10,"Seven. In exact order of joining. Kir, can you analyze the signal in these marks?"
STORY_CH07_MID_B_11,Not yet. But it's no false signal. That much I can state for certain.
STORY_CH07_MID_B_12,We follow Kir's frequency to the station. Don't let any other sound pull you off course.
STORY_CH07_OUTRO_01,"One by one, the speakers froze and died. The 'Please stand by' that had rung for twelve years finally stopped."
STORY_CH07_OUTRO_02,"…Ending the standby chorus. If they only waited, then no one would ever get lost…"
STORY_CH07_OUTRO_03,Silence settled. It was so quiet they could hear the snowflakes land.
STORY_CH07_OUTRO_04,Standby order lifted. Every northern channel is clear. …For the first time in twelve years.
STORY_CH07_OUTRO_05,Found the Cantor's original directive: 'All rescuers return safely.' It held them in place so they wouldn't get lost in the storm.
STORY_CH07_OUTRO_06,It blocked their return to keep them safe for their return. The logic went all the way around and ended where it began.
STORY_CH07_OUTRO_07,Twenty-six voices. We return each name to the rescue records. …Sio's too.
STORY_CH07_OUTRO_08,Captain. About earlier… can we talk now?
STORY_CH07_OUTRO_09,I can't tell all of it yet. But that voice doesn't frighten me anymore.
STORY_CH07_OUTRO_10,"Just then, a new signal came in on the empty rescue channel. A red light blinked in the sky beyond the blizzard."
STORY_CH07_OUTRO_11,Emergency signal! It's on the rescue channel. Origin is… the sky. In orbit.
STORY_CH07_OUTRO_12,That red ring is a pre-Blackout mining ring. It's losing altitude. It's on a falling orbit.
STORY_CH07_OUTRO_13,"Orbit maintenance is in progress. Navigator, there is no need to look up."
STORY_CH07_OUTRO_14,"If someone calls on the rescue channel, we go. That's our rule. We don't take orders to wait anymore."
STORY_CH07_PREBOSS_01,"The buried station's central hall. Speakers were set into every ice pillar, and the Cantor stood at the center."
STORY_CH07_PREBOSS_02,A brief announcement follows. The standby chorus will now begin.
STORY_CH07_PREBOSS_03,This announcement is delivered in the voices of the rescue teams. Stand by. Do not return.
STORY_CH07_PREBOSS_04,Twenty-six voices rang out at once. The ice pillars trembled with them.
STORY_CH07_PREBOSS_05,Those are the rescuers' voices. It cut and spliced their radio recordings into orders.
STORY_CH07_PREBOSS_06,"…Stand by, Maeru. Stay there. I'm coming."
STORY_CH07_PREBOSS_07,Maeru's shield fell into the snow. None of them had ever seen their captain drop it.
STORY_CH07_PREBOSS_08,…Sio. That voice… the one I heard over the radio that night…
STORY_CH07_PREBOSS_09,Captain! That's a recording! It's not Sio!
STORY_CH07_PREBOSS_10,"Please stand by. If you wait, you will meet again. If you move, you will be lost."
STORY_CH07_PREBOSS_11,"The Navigator took Maeru's hand. Through the cold glove, the trembling carried over."
STORY_CH07_PREBOSS_12,…Warm. A recording has no warmth.
STORY_CH07_PREBOSS_13,The Navigator walked out between Maeru and the Cantor. The chorus of twenty-six voices stumbled half a beat.
STORY_CH07_PREBOSS_14,…The Navigator is standing in front. The captain can't stay on her knees.
STORY_CH07_PREBOSS_15,"Sio never told anyone to wait. That day, she was the first to run in."
STORY_CH07_PREBOSS_16,Maeru picked her shield up out of the snow. The lamp on its rim lit again.
STORY_CH07_PREBOSS_17,Form up behind my shield. We give those voices back to their owners. The chorus ends here.
STORY_CH08_CAMP_01,"The refinery break room. The planet's curved horizon filled the window, and somewhere below it were the lights of the settlements."
STORY_CH08_CAMP_02,"Navigator, let me see the recorder. …Eight. Vera through Rema, in exact order of joining."
STORY_CH08_CAMP_03,"There's a rule. One per line. I just don't know who made it, or why."
STORY_CH08_CAMP_04,Agreed. Random chance could never line up like this. Someone designed that rule.
STORY_CH08_CAMP_05,"On the far side of the light, Rema sat down beside Maeru. The two guardians' shields leaned side by side against the wall."
STORY_CH08_CAMP_06,"Captain, I heard you wavered in the snowfield. That's nothing to be ashamed of. Whoever leads carries everyone's weight."
STORY_CH08_CAMP_07,"…Counting people is my job. If even one is missing, that one weighs the most."
STORY_CH08_CAMP_08,"When I held that ring, the weight wasn't what scared me. Being alone was. But look, Captain. There are two shields."
STORY_CH08_CAMP_09,Navigator. What about you? Isn't that recorder heavy?
STORY_CH08_CAMP_10,Then let's share it. That's what shields are for.
STORY_CH08_CAMP_11,…Honest. Tell me when it gets heavy. Then we carry it together.
STORY_CH08_CAMP_12,"Tomorrow, the drilling core. We share the load, and when we come down, we all come down together."
STORY_CH08_HARD_INTRO_01,"On the ring's shadowed far side, dead satellites and orbital cars were heaped like mountains. Debris turned slowly in the void."
STORY_CH08_HARD_INTRO_02,"Orbital scrapyard. Debris count, impossible to estimate. Some of it is still on a falling orbit."
STORY_CH08_HARD_INTRO_03,"If this debris falls, the settlements aren't safe. Stopping the ring wasn't the end of it."
STORY_CH08_HARD_INTRO_04,"Everything I could step on is floating. This isn't a scouting route, it's stepping stones."
STORY_CH08_HARD_INTRO_05,Something in the middle of the scrapyard is swallowing debris. The orbit shakes with every mouthful.
STORY_CH08_HARD_INTRO_06,"I hear someone counting numbers, somewhere between the debris. A human voice."
STORY_CH08_HARD_INTRO_07,"We check every last piece. If anything's still going to fall, we're not done."
STORY_CH08_HARD_OUTRO_01,"The Maw stopped, jaws shut. The debris it had swallowed drifted apart and found its own orbits again."
STORY_CH08_HARD_OUTRO_02,"…If I swallowed everything that fell, nothing below would get hurt…"
STORY_CH08_HARD_OUTRO_03,Recalculation complete. Forty-two thousand one hundred eight fragments. Probability of full burn-up on reentry: 99.97 percent.
STORY_CH08_HARD_OUTRO_04,The remaining 0.03 goes into the sea. Fragments hitting a city: zero. …Zero. I checked.
STORY_CH08_HARD_OUTRO_05,Thank you. Your numbers were the nicest thing I've heard all day.
STORY_CH08_HARD_OUTRO_06,"Numbers aren't words, they're facts. …But I bet following you means more to calculate. I'm coming."
STORY_CH08_HARD_OUTRO_07,Someone to cross-check my math. Welcome.
STORY_CH08_HARD_OUTRO_08,The settlers can sleep tonight without worrying about the sky.
STORY_CH08_HARD_OUTRO_09,Nothing left to fall. We head down to the Directorate.
STORY_CH08_INTRO_01,A crimson ring hung in the sky. The dust falling from it stained the edge of the snowfield the color of rust.
STORY_CH08_INTRO_02,"Rescue channel signal, repeating. The content is a single number: seventy-one hours until impact."
STORY_CH08_INTRO_03,The ring is dropping two hundred meters an hour. Kir's math checks out.
STORY_CH08_INTRO_04,Three settlements lie within the projected impact zone. One of them is… the south end of Skybridge.
STORY_CH08_INTRO_05,That's where the people who crossed the bridge live now. Over a thousand. They only just made it…
STORY_CH08_INTRO_06,"Attention, please. Refueling is underway to maintain orbit. We thank all passengers for their cooperation."
STORY_CH08_INTRO_07,Cooperation? Since when did we cooperate? …We'd better find out what that fuel is.
STORY_CH08_INTRO_08,"The orbital lift line is still alive. We can ride it up to the ring. Might be one-way, though."
STORY_CH08_INTRO_09,"A train to the sky? Wow… Ah, not the time for 'wow.' Sorry."
STORY_CH08_INTRO_10,"No, it's exactly the time. When you're scared, a 'wow' is what gets your feet moving."
STORY_CH08_INTRO_11,This time we get there before it falls. I won't be late twice.
STORY_CH08_INTRO_12,"The lift line's lanterns lit one by one, climbing above the clouds. The line vanished into the crimson ring."
STORY_CH08_INTRO_13,"Seventy-one hours. As long as there's time left to count, we're not too late. We're going up."
STORY_CH08_MID_A_01,"The refinery on the ring's outer edge. The furnace burned red, but what was piled at its mouth wasn't ore."
STORY_CH08_MID_A_02,Intake log… 'Fuel type: memory crystals.' Not ore. This ring stays up by burning memories.
STORY_CH08_MID_A_03,"Dust analysis complete. Signal residue. Names, voices, dates, all burned and mixed together."
STORY_CH08_MID_A_04,So that red powder… is all someone's memories?
STORY_CH08_MID_A_05,"The red snow on the snowfield, too. No one knows what the people it fell on have forgotten."
STORY_CH08_MID_A_06,Every crystal is stamped with its origin. Over twenty line numbers. They were collected from city after city.
STORY_CH08_MID_A_07,"Who would hand over their memories as fuel? They were taken by force, right?"
STORY_CH08_MID_A_08,"The records say 'voluntary donation.' Right after the Blackout, it promised to take away painful memories."
STORY_CH08_MID_A_09,"It didn't take them away. It burned them. Any crystals left, we recover every one."
STORY_CH08_MID_A_10,Massive shield signal in the counterweight sector. Someone is holding up the entire ring.
STORY_CH08_MID_B_01,"Even after the echo swarm scattered, Rema kept hold of her shield. She only let her shoulders ease a little."
STORY_CH08_MID_B_02,"I'm Rema. Before the Blackout, I was safety officer on this ring. So this ring is my responsibility."
STORY_CH08_MID_B_03,"When the procedure to turn memories into fuel began, I couldn't stop it. Some of my own went in, too."
STORY_CH08_MID_B_04,Do you know… what you forgot?
STORY_CH08_MID_B_05,No. Not knowing what you've forgotten is the scariest part. So I stayed and held on to the ring.
STORY_CH08_MID_B_06,"I owe those memories back. Mine and everyone else's. And for that, I think I need to go with you."
STORY_CH08_MID_B_07,And the counterweight? You said it tilts if you let go.
STORY_CH08_MID_B_08,"I ran the numbers. Engage the locks, and it holds for forty hours."
STORY_CH08_MID_B_09,"Forty hours is plenty. When someone holds on with you, the weight is cut in half."
STORY_CH08_MID_B_10,"The voyage recorder glowed. As the eighth mark etched itself, the red dust froze in the air around the wrist."
STORY_CH08_MID_B_11,To the ring's core. We don't have seventy-one hours now. We have forty. Move.
STORY_CH08_OUTRO_01,"The drill stopped. The instant Rema's shield absorbed its final tremor, the ring split in two and separated."
STORY_CH08_OUTRO_02,"…Halting the release. I thought if I burned the heavy memories, everyone would feel lighter…"
STORY_CH08_OUTRO_03,Separated ring has left orbit. It'll miss the settlements and come down over the sea. Calculation confirmed.
STORY_CH08_OUTRO_04,"Thousands of unburned crystals lost their red glow and turned clear. In each one, someone's memory surfaced."
STORY_CH08_OUTRO_05,They're coming back… Names. Voices. Mine are here too. That's my mother's voice.
STORY_CH08_OUTRO_06,Wait. One crystal has a different date. The night of the Blackout.
STORY_CH08_OUTRO_07,"Inside the crystal was a control console. Before hundreds of red warning lights, someone stood with their back turned, signing."
STORY_CH08_OUTRO_08,"In that instant the voyage recorder shook, burning hot. Hot enough to scorch the wrist."
STORY_CH08_OUTRO_09,Navigator?! Your recorder is… it's burning up! Are you okay?
STORY_CH08_OUTRO_10,Put that crystal away. That's enough for today.
STORY_CH08_OUTRO_11,"The memories in the crystals all point to one place. The same agency, every time: 'Directorate Automated Tribunal.'"
STORY_CH08_OUTRO_12,The Sleeping Directorate. The Directorate's judicial procedure. Where people were put on trial.
STORY_CH08_OUTRO_13,"Navigator, it is not yet time for you to see that scene."
STORY_CH08_OUTRO_14,"I promised to return what's owed. If that scene is someone's memory too, we follow it to the end."
STORY_CH08_OUTRO_15,We don't let Control decide when we get to see. We go to the Directorate.
STORY_CH08_PREBOSS_01,"The drilling shaft at the ring's core. A colossal drill spun without rest, and red crystals pulsed like heartbeats in every wall."
STORY_CH08_PREBOSS_02,Emergency notice. Fuel for orbital maintenance is insufficient.
STORY_CH08_PREBOSS_03,All stored memories will be released at once. Reassigning impact point. New coordinates: the south end of Skybridge.
STORY_CH08_PREBOSS_04,The southern settlement?! There are over a thousand people there! The ones who crossed the bridge!
STORY_CH08_PREBOSS_05,The people we brought across. It means to drop this on their heads.
STORY_CH08_PREBOSS_06,A mass release burns every crystal at once. The fall accelerates roughly threefold.
STORY_CH08_PREBOSS_07,Those crystals hold the memories of tens of thousands. Burn them and they're gone forever.
STORY_CH08_PREBOSS_08,"Memories are heavy. Burn what is heavy, and the orbit grows light. You passengers will feel lighter as well."
STORY_CH08_PREBOSS_09,"Lighter, huh… Nobody here wants to be that light."
STORY_CH08_PREBOSS_10,Burning memories is cheating! My current isn't for that. It's for smashing that thing!
STORY_CH08_PREBOSS_11,Not late this time. We stop it before the release.
STORY_CH08_PREBOSS_12,I'll take the drill. Guess my shield core gets to overheat one more time.
STORY_CH08_PREBOSS_13,"Not one memory, not one person falls. We stop the core."
STORY_CH09_CAMP_01,They fed discarded verdicts into the archive stove. The smell of burning paper filled the halls all night.
STORY_CH09_CAMP_02,"Roan, who broke through that corridor first? I was three steps ahead."
STORY_CH09_CAMP_03,"Three steps ahead and fell twice. Scouting isn't about speed, rookie. It's about not falling."
STORY_CH09_CAMP_04,Rookie? Ever seen a rookie carrying four hundred twelve verdicts? I'm the heaviest person in this room!
STORY_CH09_CAMP_05,I looked at 0001 again. The departure time is the night of the Blackout. Too many overlaps for coincidence.
STORY_CH09_CAMP_06,"That figure in the ring's memories, signing at the control console. That was the same night."
STORY_CH09_CAMP_07,Don't let a dead procedure define a living person. I learned that in the snow.
STORY_CH09_CAMP_08,"I'm still curious, though. Navigator, did you really run away from that timetable?"
STORY_CH09_CAMP_09,…Okay. That's enough. Sorry I asked.
STORY_CH09_CAMP_10,"Ha! That'll do. That's one line of defense, at least."
STORY_CH09_CAMP_11,I don't care what the record says. The Navigator we know is the one sitting here now.
STORY_CH09_CAMP_12,…Better written than any verdict. Fine. I'm carrying case 0001 to the end.
STORY_CH09_CAMP_13,"Near midnight, a bell rang once in the court wing. The sentencing date had been moved up to tomorrow."
STORY_CH09_HARD_INTRO_01,Thick carpet swallowed every footstep in the corridor to the Director's office. Regulations covered every wall.
STORY_CH09_HARD_INTRO_02,"We stopped the court, but the sleep signal's still alive on this floor. Source: the Director's office."
STORY_CH09_HARD_INTRO_03,A Director? So there was someone above the judge?
STORY_CH09_HARD_INTRO_04,Not a person. An automated procedure with a Director's authority. It approves things. It never wakes.
STORY_CH09_HARD_INTRO_05,A boss who only signs off and never wakes up… Sounds familiar.
STORY_CH09_HARD_INTRO_06,"At the end of the corridor, someone was reading the regulations aloud, word by careful word. A human voice."
STORY_CH09_HARD_INTRO_07,Her voice doesn't waver. She's held out alone for a very long time.
STORY_CH09_HARD_INTRO_08,We speak first. Muzzles down.
STORY_CH09_HARD_OUTRO_01,The approval lamp in the Director's office blinked once more and went out. Dust lay thick on the stamp.
STORY_CH09_HARD_OUTRO_02,"…Matters on hold. Until the Director wakes, so that nothing is ever decided wrongly…"
STORY_CH09_HARD_OUTRO_03,Sleep signal gone. It stopped without ever waking. Every pending matter was returned.
STORY_CH09_HARD_OUTRO_04,Returned is fine. People who only waited for permission can open doors with their own hands now.
STORY_CH09_HARD_OUTRO_05,Orvin took a worn rulebook from her coat. The last page was blank.
STORY_CH09_HARD_OUTRO_06,"Security Regulations, final article. I am adding it now. 'People come first.'"
STORY_CH09_HARD_OUTRO_07,…It took me twelve years. To write this one line.
STORY_CH09_HARD_OUTRO_08,Ha! Now that's a rule even I can follow.
STORY_CH09_HARD_OUTRO_09,Then your line will need a guard as well. As for passes… I'll issue them myself.
STORY_CH09_HARD_OUTRO_10,"Welcome, Orvin. Come with us, under the two moons."
STORY_CH09_INTRO_01,"The Directorate hall was full of breathing. People slept on every long bench, and not one of them woke."
STORY_CH09_INTRO_02,"Four hundred eleven life signs. Same sleep stage, same brainwaves. They're all dreaming one dream."
STORY_CH09_INTRO_03,"Four hundred people, one dream… Knowing the title would make it a little less creepy."
STORY_CH09_INTRO_04,The board on the ceiling flickered and spilled letters. COURT IN SESSION. CASE 0412. DEFENDANT ABSENT.
STORY_CH09_INTRO_05,A trial? Of sleeping people? They can't even defend themselves. What kind of trial is that!
STORY_CH09_INTRO_06,Verdicts are being printed downstairs. Steady rhythm. No rests.
STORY_CH09_INTRO_07,"Your attention, please. The Directorate's automated court is now in session. Defendants need not attend."
STORY_CH09_INTRO_08,"Navigator, please allow us to seat you in the gallery. Passengers, kindly remain silent."
STORY_CH09_INTRO_09,"We get told to hush, and the Navigator gets a VIP seat. Control plays favorites."
STORY_CH09_INTRO_10,I traced Control's signal back. It isn't running the court. It's just watching.
STORY_CH09_INTRO_11,The memories we recovered from the ring pointed at this court. They said people were being judged in their sleep.
STORY_CH09_INTRO_12,Their pulses are slow and faint. They're tense even in their sleep… Leave them too long and their hearts give out first.
STORY_CH09_INTRO_13,"The recorder trembled faintly in time with the board's light, as if waiting to hear its name called."
STORY_CH09_INTRO_14,Waking them comes first. We cut off wherever those verdicts come from. Four hundred eleven people. None of them gets sentenced here.
STORY_CH09_MID_A_01,"In the print room below, verdicts poured out without end. The paper was still warm, and the ink smell stung."
STORY_CH09_MID_A_02,There's no charge. Just a probability. 'Likelihood of obstructing rail operations: 12.7 percent. Guilty.'
STORY_CH09_MID_A_03,"It's calculating things that haven't happened. Cross the threshold, get a verdict. No evidence needed."
STORY_CH09_MID_A_04,"By that standard I'm guilty too. Odds-wise, I cause trouble on the rails every single day."
STORY_CH09_MID_A_05,"It's not funny, Roan. Everyone found guilty here is punished in their dreams, every night."
STORY_CH09_MID_A_06,Narin's hand stopped on one sheet. The top of the pending docket. The oldest number of all.
STORY_CH09_MID_A_07,Case 0001. Defendant: Record Navigator. Charge… unauthorized departure from the Final Timetable.
STORY_CH09_MID_A_08,The Navigator? Departure… So the Navigator was originally part of that timetable…?
STORY_CH09_MID_A_09,Eda. That's enough.
STORY_CH09_MID_A_10,A verdict is paper. Paper doesn't decide who a person is. Find where the print signal starts.
STORY_CH09_MID_A_11,The source is the east court wing. Someone's burning verdicts there. Faster than they're printed.
STORY_CH09_MID_B_01,"When the last bailiff fell, the scattered verdicts settled to the floor like ash."
STORY_CH09_MID_B_02,"I'm Veon. Been burning verdicts here for three months. Every one I burn, a new one prints."
STORY_CH09_MID_B_03,Wait. These files… every defendant's name has been changed to yours.
STORY_CH09_MID_B_04,There's a transfer clause. A volunteer can take over pending cases. So I took all of them.
STORY_CH09_MID_B_05,All of them? You said the verdicts carve into your body. And you took every one alone…?
STORY_CH09_MID_B_06,One person hurting is simpler math than four hundred hurting separately. I'm sturdy.
STORY_CH09_MID_B_07,…The Navigator's case too. Number 0001. The defendant's name has passed to Veon.
STORY_CH09_MID_B_08,"That 'departure' thing? Don't know the story, but I won't let anyone get dragged off over one sheet of paper."
STORY_CH09_MID_B_09,"Then the recorder flared. Beside eight patterns, a ninth burned itself in like a spark."
STORY_CH09_MID_B_10,"Whoa, what's this? …It's warm. Way better than a verdict stamp."
STORY_CH09_MID_B_11,"Veon, the Lamplighters share your sentences now. We go to the top of this court together."
STORY_CH09_MID_B_12,Share them… All right! Nobody carries a verdict alone. That's my ruling!
STORY_CH09_OUTRO_01,"When the gavel snapped, the verdict numbers on the ceiling went dark, one row at a time."
STORY_CH09_OUTRO_02,Trial… void. Returning the docket. All defendants… may go home.
STORY_CH09_OUTRO_03,"…If we punished first, no one would ever… do wrong… and no one… would get hurt…"
STORY_CH09_OUTRO_04,"Below, four hundred eleven breaths broke rhythm all at once. Someone stretched awake with a sob."
STORY_CH09_OUTRO_05,They're awake. Every pulse is coming back to normal. Every single one.
STORY_CH09_OUTRO_06,The numbers on my arm are gone too. Ha. Was an arm without verdicts always this light?
STORY_CH09_OUTRO_07,Case 0001's off the docket too. But the verdict timestamps are strange. They're splitting in two.
STORY_CH09_OUTRO_08,"The same moment got stamped on two calendars. One before sentencing, one after the void."
STORY_CH09_OUTRO_09,"Beyond the broken window, two moons rose side by side."
STORY_CH09_OUTRO_10,"…There are two moons. I'm not seeing things from running too hot, right?"
STORY_CH09_OUTRO_11,"Under the two moons, I'm picking up the same train call twice. From Twin-Moon Junction."
STORY_CH09_OUTRO_12,Two moons means two verdict times. Let's go before someone ends up carrying that alone again.
STORY_CH09_OUTRO_13,"Four hundred eleven are awake. Next, we count how many are waiting under two moons."
STORY_CH09_PREBOSS_01,"The ceiling of the highest court glittered with verdict numbers instead of stars. Above the bench, a giant gavel slowly rose."
STORY_CH09_PREBOSS_02,Court is in session. Defendant Veon: transfer of four hundred twelve cases confirmed. The guilty verdicts will now be carried out.
STORY_CH09_PREBOSS_03,Verdicts take effect in reality. Members of the gallery are asked to remain seated.
STORY_CH09_PREBOSS_04,Ngh…! Numbers on my arm… they're actually carving in.
STORY_CH09_PREBOSS_05,"Breathe, Veon. I'll close the wounds. Just don't you dare charge ahead alone."
STORY_CH09_PREBOSS_06,"With every verdict on one person, execution's accelerating. At this rate all four hundred twelve land on Veon."
STORY_CH09_PREBOSS_07,That's why I took them! As long as those people wake up…!
STORY_CH09_PREBOSS_08,"Giving up one person to save four hundred isn't treatment, Veon."
STORY_CH09_PREBOSS_09,No. No one in the Lamplighters takes punishment alone.
STORY_CH09_PREBOSS_10,"Defendant Record Navigator, attendance confirmed. Case 0001 is returned to you."
STORY_CH09_PREBOSS_11,"Hey, I said I'd carry that…! …Ha. So this is what sharing means."
STORY_CH09_PREBOSS_12,"…You get called reckless a lot, don't you? Me too."
STORY_CH09_PREBOSS_13,"Right, the verdicts are shared. Now we share the job of breaking that gavel."
STORY_CH09_PREBOSS_14,Passengers obstructing execution are classified as accomplices. All of you are guilty.
STORY_CH09_PREBOSS_15,"All guilty, huh? Then it's only fair we all get a shot."
STORY_CH09_PREBOSS_16,"…Thanks. This time, we take it together!"
STORY_CH10_CAMP_01,"On the night they camped at the highland battery, every speaker in the junction switched on at once. Even the wind went still."
STORY_CH10_CAMP_02,"I address the Navigator directly. Passengers, please listen as well."
STORY_CH10_CAMP_03,"Twelve years ago, this network lost tens of thousands in a single night. The Final Timetable exists so that night never repeats."
STORY_CH10_CAMP_04,"When every line reaches a single terminus, no one will ever be lost again. You understand that, Navigator."
STORY_CH10_CAMP_05,"…A world where no one's ever lost. Honestly, what scares me is that it doesn't sound bad."
STORY_CH10_CAMP_06,A ward where no patient is ever lost… I dream about that every night.
STORY_CH10_CAMP_07,A world without drift. But without drift there's no reason to fire. The target never moves.
STORY_CH10_CAMP_08,Nothing lost means nothing changes. No choices. No tomorrow.
STORY_CH10_CAMP_09,"So we refuse! …Wait, why is everyone looking at the Navigator?"
STORY_CH10_CAMP_10,…Right. Only what can be lost can be protected.
STORY_CH10_CAMP_11,"…Recorded. Even so, I will wait, Navigator."
STORY_CH10_CAMP_12,I will record silence as an answer. I am accustomed to waiting.
STORY_CH10_CAMP_13,"Give your answer to us, not to Control. Take your time."
STORY_CH10_CAMP_14,"The speakers went dead. Ten hours to the eclipse. For a long while, no one looked up from the fire."
STORY_CH10_CAMP_15,"Stopping so you never lose, and fighting because you might. Those aren't the same. I've lost someone before. I still won't stop."
STORY_CH10_HARD_INTRO_01,"Even after the moons became one, the junction's southern end stayed drowned in eclipse. The air cut like ice."
STORY_CH10_HARD_INTRO_02,Moonlight in this zone reads zero. A signal's eating the light. Source: the observation tower.
STORY_CH10_HARD_INTRO_03,The eclipse is frozen? Celestial bodies don't stop. Something's holding it.
STORY_CH10_HARD_INTRO_04,I'm fine shooting in the dark. Shooting at what I can't see is another story.
STORY_CH10_HARD_INTRO_05,Then a hum drifted down from the top of the tower. A song that counted the constellations one by one.
STORY_CH10_HARD_INTRO_06,"Singing, out here? Either she's got nerves of steel or she's been alone a very long time."
STORY_CH10_HARD_INTRO_07,Big pitch drift. Nearly a semitone flat.
STORY_CH10_HARD_INTRO_08,Could be both. We go up with a single light. Don't startle her.
STORY_CH10_HARD_OUTRO_01,"When the baton broke, the eclipse's shadow slowly withdrew. A single silver moon rose whole."
STORY_CH10_HARD_OUTRO_02,"…The performance ends. I thought if the moon stayed hidden, no one would suffer over which one to choose…"
STORY_CH10_HARD_OUTRO_03,Eclipse signal gone. Every clock in the junction is aligned as one.
STORY_CH10_HARD_OUTRO_04,"…Just one moon. The false stars are all gone. Strange, though. There's only one, and it's brighter."
STORY_CH10_HARD_OUTRO_05,Same albedo. Whatever was covering it is just gone.
STORY_CH10_HARD_OUTRO_06,"Hart, at times like this you can just say 'it's pretty.'"
STORY_CH10_HARD_OUTRO_07,"If I go with you, will I see more real stars? Skies that aren't on any map?"
STORY_CH10_HARD_OUTRO_08,"Things not on the map are my specialty. Come along, star doctor."
STORY_CH10_HARD_OUTRO_09,All right. My first observation log will be titled 'The Night There Was One Moon.'
STORY_CH10_HARD_OUTRO_10,"Heraon, the Lamplighters' sky is yours to watch. …Next is the black sea."
STORY_CH10_INTRO_01,"Two moons hung in the sky. One cold white, the other the color of rusted copper."
STORY_CH10_INTRO_02,The junction board shows the same train number twice. Night Train Nine. Only the arrival times differ.
STORY_CH10_INTRO_03,Two call signals too. Both are sending boarding confirmations. That means people are aboard.
STORY_CH10_INTRO_04,"Same train, same passengers, two copies… I've had enough of that since the glass plains."
STORY_CH10_INTRO_05,They're not copies. Not even a half-beat off. Both are originals.
STORY_CH10_INTRO_06,"Your attention, please. Night Train Nine is running on two calendar lines simultaneously."
STORY_CH10_INTRO_07,Please select one of the two trains. The train not selected will be retired from service.
STORY_CH10_INTRO_08,"Retired… What about the people on it? They let them off first, right? Right?"
STORY_CH10_INTRO_09,The retirement procedure has no disembarking step. The whole train drops out of the timetable.
STORY_CH10_INTRO_10,"The moon split because we broke that court, right? Then this mess is ours to clean up."
STORY_CH10_INTRO_11,Navigator. Control told you to choose. What will you do?
STORY_CH10_INTRO_12,Good. Then we find a way to carry both.
STORY_CH10_INTRO_13,"…You're picking up my habits. All right, let's count."
STORY_CH10_INTRO_14,"Narin counted both trains' signals side by side. The same names, the same heartbeats, each appearing twice."
STORY_CH10_INTRO_15,"A hundred sixty per train. The same hundred sixty people, alive in two presents at once."
STORY_CH10_INTRO_16,"A hundred sixty people, alive twice. We erase neither. Move."
STORY_CH10_MID_A_01,"Two moonlights crossed over the central switch, casting a double shadow along every rail. The steel rang in two rhythms."
STORY_CH10_MID_A_02,Calculation done. The two timetables share one merge point. Here. Junction Three.
STORY_CH10_MID_A_03,"If both trains pass this point at the same moment, it's not a collision. It's an overwrite. The later train's present is erased whole."
STORY_CH10_MID_A_04,How long do we have?
STORY_CH10_MID_A_05,"Forty hours until the eclipse, when the moons overlap. Before then we have to sync both trains' clocks."
STORY_CH10_MID_A_06,"Syncing clocks sounds like gunner work. We live by the second anyway. Right, Adeline?"
STORY_CH10_MID_A_07,Seconds will not suffice. The drift between these calendars trembles far finer than that.
STORY_CH10_MID_A_08,Then we find someone who can measure that fine.
STORY_CH10_MID_A_09,"Then artillery boomed from the far highlands. One shot, then another, at an unnervingly steady interval."
STORY_CH10_MID_A_10,…The intervals are identical. Someone is measuring time with shells.
STORY_CH10_MID_B_01,"As the smoke cleared, chalk numbers covering the battery walls came into view. Flight times for thousands of shells."
STORY_CH10_MID_B_02,Hart. Gunner. Haven't slept since the moon split. That last one was shell three thousand two hundred.
STORY_CH10_MID_B_03,These numbers… the same shell flew for different times on the two calendar lines. You recorded every difference.
STORY_CH10_MID_B_04,"Shells don't lie. From launch to impact, under either moon, physics is the same."
STORY_CH10_MID_B_05,It's the one signal that doesn't change under either moon. It can serve as a master clock.
STORY_CH10_MID_B_06,"That's why I've been firing. Every shell shrinks the drift. Alone, I won't finish before the eclipse."
STORY_CH10_MID_B_07,And if you're not alone?
STORY_CH10_MID_B_08,…Three gunners and two spotters: sixteen hours. Mathematically sufficient.
STORY_CH10_MID_B_09,"The moment Hart set down her chalk, the recorder rang out like a gunshot and glowed. A tenth pattern was engraved."
STORY_CH10_MID_B_10,That's ten. One per line. The rule holds. We just don't know why yet.
STORY_CH10_MID_B_11,"Ha, another person who talks in numbers. Narin, you've got competition."
STORY_CH10_MID_B_12,"An unmeasurable signal… Fine, I'll measure it on the way. I'll calculate the next drift before it comes. Sixteen hours, starting now."
STORY_CH10_OUTRO_01,"The instant the last shell pierced the Divider's core, the two moons slowly overlapped into a single circle."
STORY_CH10_OUTRO_02,Selection… not received. Merging both trains… into a single timetable.
STORY_CH10_OUTRO_03,…I meant to keep both… so no one would have to choose… but I only made them… enemies…
STORY_CH10_OUTRO_04,"At Junction Three, the two trains folded into one. Instead of a crash, a single long whistle sounded."
STORY_CH10_OUTRO_05,"A hundred sixty boarding signals. No duplicates, no losses. The two presents merged into one."
STORY_CH10_OUTRO_06,I've got every pulse. They all say it just felt like… a slightly long dream.
STORY_CH10_OUTRO_07,Drift: 0.00 seconds. …Never seen that number before.
STORY_CH10_OUTRO_08,"Hart, you just smiled, didn't you? The corner of your mouth went up!"
STORY_CH10_OUTRO_09,Measurement error.
STORY_CH10_OUTRO_10,But the signal that overflowed from the merge ran down the rails. Blackened light poured toward the sea.
STORY_CH10_OUTRO_11,"Surplus signal. With nowhere to go, it's rushing to the coast. That direction… the breakwater."
STORY_CH10_OUTRO_12,"Merge surplus is being discharged into the breakwater waters. Navigator, you cannot keep everything."
STORY_CH10_OUTRO_13,"There's a city behind that breakwater. For the people there, that black water is a tidal wave."
STORY_CH10_OUTRO_14,We brought both trains home. The breakwater's next. I'll hear 'you can't keep everything' after we've been there.
STORY_CH10_PREBOSS_01,"Just before the eclipse, the two moons leaned toward each other over Junction Three. Two headlights approached from either side."
STORY_CH10_PREBOSS_02,"Master clock sync at 97 percent. Remaining drift, 0.02 seconds. One last shell will do it."
STORY_CH10_PREBOSS_03,A correction. Both trains are genuine. Neither is a copy.
STORY_CH10_PREBOSS_04,"The unchosen train will be designated hostile. As no selection was made, both trains are designated hostile."
STORY_CH10_PREBOSS_05,"The roofs of both trains opened, and rusted gun barrels swung toward each other. The passengers inside slept on."
STORY_CH10_PREBOSS_06,"No, there are people on those trains! If they make them fire on each other…!"
STORY_CH10_PREBOSS_07,"If the trains attack each other, the collision moves up. Eleven minutes until the eclipse."
STORY_CH10_PREBOSS_08,"Tell us to choose, then make both enemies when we don't? That's worse than the verdicts!"
STORY_CH10_PREBOSS_09,"If choosing means abandoning, then we choose both."
STORY_CH10_PREBOSS_10,'Both' is not a registered option. Input rejected.
STORY_CH10_PREBOSS_11,"If it's not registered, we register it. Soren, Adeline. On my signal."
STORY_CH10_PREBOSS_12,Three gunners on one beat. This is going to look good.
STORY_CH10_PREBOSS_13,Battery ready. Awaiting your order.
STORY_CH10_PREBOSS_14,Three hundred twenty lives across both trains. Not one is an enemy. Our only target is the Divider. Fire!
STORY_CH11_CAMP_01,"By the stove in the breakwater post, the blue lantern burned all night. Maeru was the first to speak."
STORY_CH11_CAMP_02,"The night of the Blackout, Sio and I went to Platform Seven. To bring someone back."
STORY_CH11_CAMP_03,…That's the story you said you'd tell 'later.'
STORY_CH11_CAMP_04,The orders said only 'one rescue target.' The name field was blank from the start.
STORY_CH11_CAMP_05,"Sio went alone into the inner carriages to find the target. When the platform started collapsing, she radioed. She'd stay. She couldn't leave the target behind."
STORY_CH11_CAMP_06,…Leaving behind someone who chooses to stay is part of rescue work too. The hardest part.
STORY_CH11_CAMP_07,"I led the wounded out first. On the train back, I left Sio's seat empty and fastened the belt for her."
STORY_CH11_CAMP_08,"I looked up that operation's records once. Only the rescue target is blank. Nothing on who erased it, or why."
STORY_CH11_CAMP_09,"Across the stove, a few glances quietly came to rest on the Navigator, then scattered."
STORY_CH11_CAMP_10,"The name was erased, but that night's coordinate remained. Where a coordinate remains, the story returns someday."
STORY_CH11_CAMP_11,"…All right. I'm counting on you, Navigator."
STORY_CH11_CAMP_12,"…If you find out, tell me first."
STORY_CH11_CAMP_13,"That's all of it. Tomorrow the tide will come for this lantern first. This time, I won't let go."
STORY_CH11_HARD_INTRO_01,"The sea beyond the breakwater was still black. Beneath the surface, something enormous breathed slowly."
STORY_CH11_HARD_INTRO_02,Underwater contact. Over two hundred meters long. The surplus signal the Reaper gathered is still inside it.
STORY_CH11_HARD_INTRO_03,The Guard called it the Blackwater. In twelve years it has never once surfaced.
STORY_CH11_HARD_INTRO_04,"Never surfaced means that when it has a reason, it'll come up all at once."
STORY_CH11_HARD_INTRO_05,"On a wrecked lifeboat in the distance, someone was hurling ropes and shouting."
STORY_CH11_HARD_INTRO_06,"That's a person! She's running a rescue out there alone, in those waves."
STORY_CH11_HARD_INTRO_07,Her arms are rope-burned and bloody. She's been at this a long time.
STORY_CH11_HARD_INTRO_08,Bring the boat alongside. We check on her before the Blackwater wakes.
STORY_CH11_HARD_OUTRO_01,The Blackwater exhaled one last time and sank. Hundreds of coordinates rose to the surface like stars.
STORY_CH11_HARD_OUTRO_02,"…Storage terminated. I thought if I buried them deep, no one would drown searching for what they'd lost…"
STORY_CH11_HARD_OUTRO_03,Tide signal zero. Wave height 0.2 meters. …First time I've seen numbers like that on this sea.
STORY_CH11_HARD_OUTRO_04,…The sea's quiet. It hasn't been this quiet in twelve years.
STORY_CH11_HARD_OUTRO_05,You saved more coordinates than I did today. I'll admit it.
STORY_CH11_HARD_OUTRO_06,Obviously. …But without your net I'd have lost half of them. I'll admit that much.
STORY_CH11_HARD_OUTRO_07,"Let's treat those arms first. Three days without sleep, you said? You can rest now."
STORY_CH11_HARD_OUTRO_08,"Sleep can wait! How much life-saving gear is on your boat? If it's short, I'll bring more."
STORY_CH11_HARD_OUTRO_09,"…Get aboard, Mire. Our boat is always short of hands."
STORY_CH11_HARD_OUTRO_10,"That night, for the first time, the sea reflected the moon without a ripple."
STORY_CH11_INTRO_01,The waves pounding the breakwater weren't water. Clotted black signal gave off the smell of iron instead of salt.
STORY_CH11_INTRO_02,"Surplus signal from the twin moons. Water still rising. Behind the breakwater: one coastal city, twenty thousand survivors."
STORY_CH11_INTRO_03,Something's floating in the waves. Glowing dots… buoys?
STORY_CH11_INTRO_04,Not buoys. Coordinate signals. Thousands. One for every place a distress call went silent.
STORY_CH11_INTRO_05,Abandoned routes are mixed in too. The forks we passed. The tracks we didn't take.
STORY_CH11_INTRO_06,"…There'll be coordinates of people who weren't saved, too. The places someone arrived too late."
STORY_CH11_INTRO_07,"Your attention, please. Lost items are drifting in the breakwater waters."
STORY_CH11_INTRO_08,"Missed passengers will not be recovered. Navigator, please do not look back."
STORY_CH11_INTRO_09,"Don't look back? If there are people behind you, of course you look back!"
STORY_CH11_INTRO_10,Leave them and they pile up. Rising 0.3 meters an hour. In three days it tops the wall.
STORY_CH11_INTRO_11,Then what about those coordinates? We just leave them to the waves?
STORY_CH11_INTRO_12,"The twenty thousand in the city come first. We hold the wall, and pull the coordinates out one by one."
STORY_CH11_INTRO_13,"Even after saying it, Maeru couldn't take her eyes off the black water for a long moment."
STORY_CH11_INTRO_14,Captain? …Let's go. Next wave's coming.
STORY_CH11_MID_A_01,"Before the second dike, one coordinate rose against the waves. Its call sign blinked faintly."
STORY_CH11_MID_A_02,Reading call sign. Rescue Zero-Three… Identifier: Sio. Last position: Platform Seven.
STORY_CH11_MID_A_03,"Maeru stopped dead. The hand gripping her shield trembled once, visibly."
STORY_CH11_MID_A_04,…Sio.
STORY_CH11_MID_A_05,Captain… that name. The empty seat…
STORY_CH11_MID_A_06,"Timestamp: the night of the Blackout. …Twelve years without a single signal. And now, here, of all places."
STORY_CH11_MID_A_07,The next wave caught the coordinate and began dragging it out toward open sea.
STORY_CH11_MID_A_08,No. …I'm going!
STORY_CH11_MID_A_09,"Captain, stop! Jump in there and you'll be swept away before the coordinate is!"
STORY_CH11_MID_A_10,The current's flowing to the north dike. There's a live shield-net signal there. The coordinate could get caught.
STORY_CH11_MID_A_11,…North. Hurry. Please.
STORY_CH11_MID_B_01,"As the echoforms fell back, the coordinates in the net swayed like fireflies. The surf quieted by a beat."
STORY_CH11_MID_B_02,"I am Orsa, the last shield of the Breakwater Guard. For twelve years I've fished coordinates out with this net."
STORY_CH11_MID_B_03,A recovered coordinate must be anchored to the present. Otherwise the next tide takes it again.
STORY_CH11_MID_B_04,Orsa pressed one coordinate gently with the edge of her shield. Rescue Zero-Three. The trembling light went still and solid.
STORY_CH11_MID_B_05,It's anchored. This coordinate lives in today now. It will not drift back to that night again.
STORY_CH11_MID_B_06,…Could someone lend me a lantern?
STORY_CH11_MID_B_07,"Maeru opened an empty lantern and moved the coordinate inside with both hands. The lantern lit, small and blue."
STORY_CH11_MID_B_08,"…It's blue, but somehow it looks warm."
STORY_CH11_MID_B_09,"Twelve years. …Thank you, Orsa."
STORY_CH11_MID_B_10,In that moment the recorder swelled with light like a rising tide. An eleventh pattern was engraved in the shape of a wave.
STORY_CH11_MID_B_11,"I will see every drifting coordinate home, to the very end. This lantern included."
STORY_CH11_MID_B_12,"Massive reading at the center of the tide. Something's devouring coordinates, and it's targeting the anchored ones first."
STORY_CH11_OUTRO_01,"When the sickle broke and fell into the sea, the black tide sank as if holding its breath."
STORY_CH11_OUTRO_02,Harvest… halted. Returning… lost items.
STORY_CH11_OUTRO_03,…So no one would have to see what they left behind… if I gathered it all under the waves… no one would look back… and cry…
STORY_CH11_OUTRO_04,"One by one, the coordinates in the net regained their light. Beyond the wall, windows lit up across the city."
STORY_CH11_OUTRO_05,Water falling. No breach in the wall. Zero damage to the city.
STORY_CH11_OUTRO_06,"Some three thousand four hundred coordinates recovered, all anchored to today. I'll open their routes home one by one."
STORY_CH11_OUTRO_07,"Captain, your lantern looks brighter than before."
STORY_CH11_OUTRO_08,…Yes. A little.
STORY_CH11_OUTRO_09,Then a rusted key drifted in on the calm water. The name engraved on its bow had been scraped away.
STORY_CH11_OUTRO_10,"There's signal left in the teeth. Cathedral door standard. It points inland, somewhere with no name on the map."
STORY_CH11_OUTRO_11,I hear singing from that direction. A hymn. Its lyrics are… empty.
STORY_CH11_OUTRO_12,The next section is the Nameless Cathedral. Please have your names ready upon entry.
STORY_CH11_OUTRO_13,Have our names ready? Like an admission ticket? I don't like that.
STORY_CH11_OUTRO_14,Everyone hold tight to your own name and follow me. …To the Nameless Cathedral.
STORY_CH11_PREBOSS_01,"At the heart of the breakwater, the black tide rose like a pillar. At its tip hung a colossal sickle-shaped engine."
STORY_CH11_PREBOSS_02,This is the lost-and-found office. The recovery period for drifting coordinates has ended.
STORY_CH11_PREBOSS_03,Anchored coordinates will now be harvested. A past clinging to the present obstructs navigation.
STORY_CH11_PREBOSS_04,The coordinates in my net are being pulled away. The anchored ones first… it's using them as bait.
STORY_CH11_PREBOSS_05,"At Maeru's hip, the blue lantern tilted toward the tide as if being pulled."
STORY_CH11_PREBOSS_06,…Sio's coordinate too.
STORY_CH11_PREBOSS_07,Pull still rising. Every sweep of that sickle raises the water at the wall by half a meter.
STORY_CH11_PREBOSS_08,"Please choose. Release the coordinates, and the breakwater holds. Keep them, and the city drowns."
STORY_CH11_PREBOSS_09,Choose again?! We already saw that trick at the twin moons!
STORY_CH11_PREBOSS_10,"…This time, I'll answer."
STORY_CH11_PREBOSS_11,I won't let go of the lantern or the wall. Twelve years ago I left someone behind. Never again.
STORY_CH11_PREBOSS_12,"Good. I take the wall, Orsa takes the net. Captain, you just hold on tight to that lantern."
STORY_CH11_PREBOSS_13,Two shields against one wave. That's enough.
STORY_CH11_PREBOSS_14,And three guns against one sickle. Math done.
STORY_CH12_CAMP_01,"In the sacristy beneath the cathedral, everyone sat around a single candle. The hymn seeped faintly through the walls."
STORY_CH12_CAMP_02,"Let me sum up. Different lines, independent signatures, twenty. We have twelve. Eight to go."
STORY_CH12_CAMP_03,"If a new timetable can be written, the current one can be discarded. Control's Final Timetable included."
STORY_CH12_CAMP_04,Is that why Control recognized the Navigator from the start? Because it knew whose wrist the recorder was on?
STORY_CH12_CAMP_05,"…But who made this rule? The number twenty, the condition of independence. Someone designed this."
STORY_CH12_CAMP_06,"Without thinking, everyone looked up at the speaker in the ceiling. Control, always so quick to cut in, said nothing this time."
STORY_CH12_CAMP_07,"Silence is a signal too. If Control won't answer, it doesn't want to."
STORY_CH12_CAMP_08,"Or it hasn't finished calculating. Either way, that's its problem."
STORY_CH12_CAMP_09,"Whoever made the rule, every signature was someone's own choice. From Vera to Tiel. That's not a rule. That's people."
STORY_CH12_CAMP_10,"Navigator, don't those signatures weigh on you?"
STORY_CH12_CAMP_11,…A good answer. Your pulse didn't waver.
STORY_CH12_CAMP_12,"Ha, already on to the next count? Fine. Eight. I'll open the way."
STORY_CH12_CAMP_13,"That's enough for tonight. Tomorrow, the altar. …Before you sleep, call the name of the one beside you."
STORY_CH12_HARD_INTRO_01,"In the ossuary beneath the cathedral, the hymn never stopped. Nameless plaques crowded every cold stone wall."
STORY_CH12_HARD_INTRO_02,The Choir Lock is down here. It's where the cathedral locked away the oldest names it collected.
STORY_CH12_HARD_INTRO_03,"The seal signal's still alive. Even with the Prelate stopped, the names down here haven't been released."
STORY_CH12_HARD_INTRO_04,"If they're the oldest names, they've waited the longest too."
STORY_CH12_HARD_INTRO_05,"Someone stood at the ossuary entrance, leaning on a sword. She didn't turn even as footsteps approached."
STORY_CH12_HARD_INTRO_06,…She knows we're coming. But she hasn't said a word.
STORY_CH12_HARD_INTRO_07,That's a pilgrim guard's stance. A sword that watches over holy ground. We mustn't cross it lightly.
STORY_CH12_HARD_INTRO_08,Not drawing her sword is an answer in itself. We approach slowly.
STORY_CH12_HARD_OUTRO_01,"With the sound of the Choir Lock cracking, the song fell silent. Letters rose, one by one, on every plaque in the ossuary."
STORY_CH12_HARD_OUTRO_02,"…The hymn is concluded. I believed that kept within the song, no name would ever fade…"
STORY_CH12_HARD_OUTRO_03,"The names are going home. One, then another… Pulses outside are answering."
STORY_CH12_HARD_OUTRO_04,Seven hundred ten names unsealed. The oldest predates the Blackout.
STORY_CH12_HARD_OUTRO_05,Raen sheathed her sword and knelt on one knee before a single plaque.
STORY_CH12_HARD_OUTRO_06,…My fellow pilgrims. Now I can call them by name.
STORY_CH12_HARD_OUTRO_07,…So you stood here alone all this time to guard those names.
STORY_CH12_HARD_OUTRO_08,…Nothing left to guard. May I follow you?
STORY_CH12_HARD_OUTRO_09,"You said a blade can't lie. Yours already answered. Let's go, Raen."
STORY_CH12_HARD_OUTRO_10,"Behind the departing Lamplighters, the names going home echoed like quiet footsteps."
STORY_CH12_INTRO_01,"Hundreds of names were carved above the cathedral door. Each time one was read aloud, its letters fell away like ash."
STORY_CH12_INTRO_02,The teeth fit. It's the key from the tide. We can open the door.
STORY_CH12_INTRO_03,Then let's open it. This name here is… huh? What did I just read?
STORY_CH12_INTRO_04,"Roan, the name you read just vanished from the door. And from your memory."
STORY_CH12_INTRO_05,"Your attention, please. Welcome to the Nameless Cathedral."
STORY_CH12_INTRO_06,"Names will be collected as seal maintenance fees. Navigator, you are exempt."
STORY_CH12_INTRO_07,Exempt? Just the Navigator? Is this some VIP treatment again?
STORY_CH12_INTRO_08,A levy means it's spent maintaining something. We must first learn what this cathedral is sealing.
STORY_CH12_INTRO_09,The hymn has no lyrics. Only blanks where names should go. Our names are meant to fill them.
STORY_CH12_INTRO_10,"Then we just don't say names? Eda, Eda, Eda… Phew, still there."
STORY_CH12_INTRO_11,"Spend names sparingly. Keep calls short. If someone answers, that's your confirmation."
STORY_CH12_INTRO_12,"The door opened. At the end of a long nave, thousands of candles burned on the altar in place of names."
STORY_CH12_INTRO_13,"If it's one name per candle, over three thousand people have been taxed."
STORY_CH12_INTRO_14,Three thousand names. We give them all back. …We're going in.
STORY_CH12_MID_A_01,"A levy ledger hung on every pillar of the nave. Beside each name, instead of a date, was stamped 'PAID IN FULL.'"
STORY_CH12_MID_A_02,This isn't a list of the dead. Every one of them is alive. This cathedral taxes the names of the living.
STORY_CH12_MID_A_03,What happens to the people whose names are taken?
STORY_CH12_MID_A_04,They live. It's just that no one can call them anymore. Not their family. Not even themselves.
STORY_CH12_MID_A_05,"That's terrifying. Um, the… the one with the cannon… uh, her name is…"
STORY_CH12_MID_A_06,"…Soren. It's me. It's okay, Eda. Your name came to me a beat late just now too."
STORY_CH12_MID_A_07,"Wait, that one with the shield… we met at the dike… Damn it. It's right on the tip of my tongue."
STORY_CH12_MID_A_08,"Orsa. I'll tell you as many times as it takes. If you forget, I'll simply say it again."
STORY_CH12_MID_A_09,"The levy is speeding up. Call each other's names and listen for answers. If that stops, we stop."
STORY_CH12_MID_A_10,There's a pulse-like signal from the choir stalls. Steady. A signal that beats without a name.
STORY_CH12_MID_B_01,"As the choir scattered, thirty-two rhythms carried on quietly beneath Tiel's fingertips."
STORY_CH12_MID_B_02,I'm Tiel. I was this cathedral's medic. I've remembered each person who lost their name by their pulse.
STORY_CH12_MID_B_03,"Tiel pointed to the stone tablet behind the altar. Among the erased names, a single sentence remained whole."
STORY_CH12_MID_B_04,"The final verse of this liturgy. 'When twenty independent signatures from different lines are gathered, a new timetable may be written.'"
STORY_CH12_MID_B_05,"Signatures… one per line. The patterns on the Navigator's recorder. Eleven so far, and the rule has never once broken."
STORY_CH12_MID_B_06,"So without knowing it, we've been collecting the right to write something new?"
STORY_CH12_MID_B_07,"In that moment the recorder throbbed like a pulse. In time with Tiel's rhythm, a twelfth pattern was engraved."
STORY_CH12_MID_B_08,…It beats exactly with my rhythm. A mark that remains in place of a name. Far kinder than this cathedral.
STORY_CH12_MID_B_09,"Until every name returns, I will remember your pulses."
STORY_CH12_MID_B_10,A new timetable… A page we write ourselves instead of a verdict? I like it!
STORY_CH12_MID_B_11,The levy signal beyond the altar just spiked. The cathedral's noticed us.
STORY_CH12_OUTRO_01,"The priest's mask cracked and fell. Behind it, instead of a face, was a single blank name tag."
STORY_CH12_OUTRO_02,Collection… halted. Returning… seal maintenance fees.
STORY_CH12_OUTRO_03,"…Without names, no one would ever be forgotten… If there were no names to call at all… no one would ever feel… they'd lost…"
STORY_CH12_OUTRO_04,The three thousand candles on the altar flickered all at once. Each flame lifted a single name and flew out of the cathedral.
STORY_CH12_OUTRO_05,"Pulses and names are locking back together. Thirty-two… no, all three thousand."
STORY_CH12_OUTRO_06,…Maeru. Captain of the Lamplighters. Sio's lantern is still lit. Everything's where it belongs.
STORY_CH12_OUTRO_07,"Captain, don't you ever lose your name again! I'm going to call it a hundred times a day!"
STORY_CH12_OUTRO_08,…Ten times a day will do.
STORY_CH12_OUTRO_09,Wait. Some of the names that flew off are drifting south. Toward the desert.
STORY_CH12_OUTRO_10,The signal's drawing tracks on the sand. Tracks that aren't on any map. With a timetable attached.
STORY_CH12_OUTRO_11,A timetable for a train that doesn't exist. It's filling its passenger list with the stolen names.
STORY_CH12_OUTRO_12,"If names are drifting with nowhere to return to, then they're coordinates I must recover as well."
STORY_CH12_OUTRO_13,"Verdicts, twin moons, tides, a cathedral… and now sand? Fine. Bring it all on!"
STORY_CH12_OUTRO_14,Twelve of twenty. And not a single name left behind. …We head for the desert.
STORY_CH12_PREBOSS_01,"Atop the altar, a towering masked priest-engine swung its censer. Wherever the smoke touched, letters melted away."
STORY_CH12_PREBOSS_02,Payment notice. Seal maintenance funds are insufficient. Designating a high-value contributor.
STORY_CH12_PREBOSS_03,Lamplighter Captain Maeru. That name is hereby collected.
STORY_CH12_PREBOSS_04,"The censer smoke wrapped around Maeru. And from every mouth, one name slipped away without a sound."
STORY_CH12_PREBOSS_05,"Captain! …Captain, your name… what was it? I knew it a second ago."
STORY_CH12_PREBOSS_06,"No, no… I call that name every day. Why won't it come…!"
STORY_CH12_PREBOSS_07,…I am… the Lamplighters'… I am…
STORY_CH12_PREBOSS_08,Her pulse is unchanged. The heart remembers. But someone has to call her name.
STORY_CH12_PREBOSS_09,"Only the recorder still shone with letters that hadn't gone out. In the exempt record, the name remained."
STORY_CH12_PREBOSS_10,"As the Navigator called the name, Tiel tapped out a rhythm. Once, twice, at the pace of a heartbeat."
STORY_CH12_PREBOSS_11,"Now. Everyone, call it with this rhythm."
STORY_CH12_PREBOSS_12,The recorder's light etched the name into the air. Tiel tapped a rhythm to match the letters.
STORY_CH12_PREBOSS_13,"We can read it. Everyone, call it to this rhythm."
STORY_CH12_PREBOSS_14,Ma… Maeru. Captain Maeru!
STORY_CH12_PREBOSS_15,"Maeru. …Right, Maeru! Who could forget our captain's name!"
STORY_CH12_PREBOSS_16,…I hear it. Maeru. That's my name.
STORY_CH12_PREBOSS_17,Requests to cancel collection are not accepted. Commencing re-collection.
STORY_CH12_PREBOSS_18,"Take it as many times as you like. There are people here who'll call it back every time. …Everyone, names confirmed. Let's go!"
STORY_CH13_CAMP_01,"The desert night carried sound far. From the shade of a ruined relay post, the crackle of the fire rolled past the dunes."
STORY_CH13_CAMP_02,"Eda, is that circuit of yours only good for lighting fires? You were half a beat late every fight."
STORY_CH13_CAMP_03,Because you kept cutting in front of me! Want me to shock you too next time?
STORY_CH13_CAMP_04,…Try it. But hit me properly. A half-hearted zap is more annoying.
STORY_CH13_CAMP_05,Ha. Being a courier wouldn't have been bad… but I'd never have had a night this loud.
STORY_CH13_CAMP_06,"…Navigator, let me see the recorder. Something showed when the thirteenth was carved."
STORY_CH13_CAMP_07,"At the very bottom, a scratch older than Vera's signature. Not a line pattern. …It looks like handwriting."
STORY_CH13_CAMP_08,All right. I won't write guesses. Only what I can confirm.
STORY_CH13_CAMP_09,…You can cover it if you want. Just don't carry it alone.
STORY_CH13_CAMP_10,Why the long faces? Aren't you the ones taking down a stationmaster tomorrow?
STORY_CH13_CAMP_11,We are! Shocking Rias comes after that!
STORY_CH13_CAMP_12,Bank the fire. We leave for the station at the dunes' edge at first light.
STORY_CH13_CAMP_CHOICE1_A,Hold out the recorder and ask her to look into it
STORY_CH13_CAMP_CHOICE1_B,Cover the mark with a sleeve
STORY_CH13_HARD_INTRO_01,"At noon the mirage zone rippled like water. On the horizon, one train became three, then four."
STORY_CH13_HARD_INTRO_02,Interval between trains: 4.2 seconds. The same consist is being copied on a delay.
STORY_CH13_HARD_INTRO_03,Every bearing is false. There's only one real whistle. I'll pick it out.
STORY_CH13_HARD_INTRO_04,"Ghost trains, and now mirages? Does this desert know anything but lies?"
STORY_CH13_HARD_INTRO_05,"The more lies around, the more honest the shot has to be. Just hit the real engine."
STORY_CH13_HARD_INTRO_06,Manifest fragments keep leaking from the engine's signal. Passengers the stationmaster never boarded are still out here.
STORY_CH13_HARD_INTRO_07,One line of footprints in the sand. Mirages don't leave footprints…
STORY_CH13_HARD_INTRO_08,"If there are passengers left, we go. Mirage or not, even for one."
STORY_CH13_HARD_OUTRO_01,"As the mirage lifted, the heat settled. Only real footprints remained in the sand."
STORY_CH13_HARD_OUTRO_02,…If it arrived nowhere… no one would ever be late…
STORY_CH13_HARD_OUTRO_03,…First time I've seen it. Tracks that prove you arrived. Mirages never leave any.
STORY_CH13_HARD_OUTRO_04,"Hey, courier. In the life I didn't choose, I was someone like you. She looked awfully carefree."
STORY_CH13_HARD_OUTRO_05,Carefree? A courier? You know nothing. …I'm Zern. I needed a crew to run with. Count me in.
STORY_CH13_HARD_OUTRO_06,"Welcome. We may be slow, but every one of us arrives."
STORY_CH13_HARD_OUTRO_07,"So you admit you're slow. Zern, the lead spot's mine."
STORY_CH13_HARD_OUTRO_08,"Every rail trace bends upward. Toward the capital. If we're late, it closes."
STORY_CH13_HARD_OUTRO_09,Late? I hate that word. Let's go!
STORY_CH13_INTRO_01,"The sand stayed warm long after dark. From beyond dunes without a single rail, a whistle arrived first."
STORY_CH13_INTRO_02,"No wheel ruts, no sleepers, and a train is running anyway. What do I even put in the scouting report?"
STORY_CH13_INTRO_03,"Write 'does not exist.' No mass, only signal. Twelve cars in the consist."
STORY_CH13_INTRO_04,I've caught the passenger manifest. Two thousand four hundred. …Every name recovered from the cathedral.
STORY_CH13_INTRO_05,Names freed from the cathedral. They should have gone home to their owners. Why are they on that train…
STORY_CH13_INTRO_06,"A silhouette sat at every window. None looked out, and none got off."
STORY_CH13_INTRO_07,"Attention, please. Lives you did not choose are also in service. Please board the car of your choice."
STORY_CH13_INTRO_08,The car of my choice… why does that sound so tempting?
STORY_CH13_INTRO_09,"The more tempting the announcement, the steeper the fare. Has that speaker ever given anything away?"
STORY_CH13_INTRO_10,They just got their names back and got dragged off again? Whose verdict was it this time?
STORY_CH13_INTRO_11,Not a verdict. A timetable. A route that doesn't exist is laid across this entire desert.
STORY_CH13_INTRO_12,"A stop line was drawn in the sand. It bore an arrival mark, but no wheel tracks led away."
STORY_CH13_INTRO_13,"Next scheduled stop: the northern dunes. If the train stops there, passengers can get off."
STORY_CH13_INTRO_14,Two thousand four hundred. We leave no name at those windows. North.
STORY_CH13_MID_A_01,"When the train stopped, familiar faces surfaced in every window. Through the blowing sand, they smiled without a care."
STORY_CH13_MID_A_02,"…That's me. Courier bag, no Lamplighter badge. She looks so relaxed."
STORY_CH13_MID_A_03,"Third window: me, in a lab coat. If I'd accepted the offer to stay that year. The odds favored her."
STORY_CH13_MID_A_04,"The manifest is shifting. The longer someone stares at a window, the harder their name sets into a passenger slot."
STORY_CH13_MID_A_05,Only the window before the Navigator stood empty. Not even a grain of sand showed in the glass.
STORY_CH13_MID_A_06,Same as on the glass plain. A person whose record is locked reflects nowhere.
STORY_CH13_MID_A_07,"You have no unchosen life, Navigator. You chose everything already, that night."
STORY_CH13_MID_A_08,Don't listen. That broadcast pretends to answer and leaves only questions.
STORY_CH13_MID_A_09,"…Right. I'll stop looking. Honestly, I was a little jealous of her."
STORY_CH13_MID_A_10,Eyes off the windows. The manifest signal comes from the front of the train. That's where we cut it.
STORY_CH13_MID_B_01,"As the phantom passengers scattered, the sand began to cool. A thin thread of smoke rose from Rias's muzzle."
STORY_CH13_MID_B_02,"See? They stand on the side you didn't choose and beckon. Follow them, and you're done."
STORY_CH13_MID_B_03,"The manifest lock is broken. But as long as the train runs, the names will set again."
STORY_CH13_MID_B_04,So leave a mark. The last choice each of you actually made. That's your anchor.
STORY_CH13_MID_B_05,"Last choice, huh… Deciding to come here this morning. Does that count?"
STORY_CH13_MID_B_06,…That was quick. It counts. Doesn't have to be grand. Just real.
STORY_CH13_MID_B_07,Going back to Platform Seven after twelve years. That's my mark.
STORY_CH13_MID_B_08,"The moment Rias scored her own mark into the sand, the recorder flared hot. The thirteenth pattern."
STORY_CH13_MID_B_09,…What's this? What did I just do?
STORY_CH13_MID_B_10,A line signature. Thirteen of twenty. Your choice was carved in as this line's ending.
STORY_CH13_MID_B_11,"Choices aren't recovered. They're made new. …Fine, I'll come. Fall behind and I leave you."
STORY_CH13_MID_B_12,The timetable bears a stationmaster's seal. The station at the edge of the dunes. That's the root.
STORY_CH13_OUTRO_01,"When the last car broke away, the station clock stopped for the first time. Long shadows scattered across the sand."
STORY_CH13_OUTRO_02,"…Attention, please. This station is now… ending service."
STORY_CH13_OUTRO_03,…Even the lives you couldn't choose… I only wanted to give them one ride…
STORY_CH13_OUTRO_04,"The names on the manifest are scattering. Back to their owners this time. The heartbeats are returning, one by one."
STORY_CH13_OUTRO_05,"…Stupid stationmaster. If you wanted to give rides, you should've carried the living."
STORY_CH13_OUTRO_06,"Still, I think I understand the wish. To have someone remember the roads not taken."
STORY_CH13_OUTRO_07,All two thousand six hundred names have found their receivers. Not one is left on the manifest.
STORY_CH13_OUTRO_08,Then the rails beneath them shook off the sand and rose. The steel curled into the sky and vanished into the clouds.
STORY_CH13_OUTRO_09,The rails lead upward. Coordinates… the capital loop. But its orientation is inverted.
STORY_CH13_OUTRO_10,A road that falls into the sky. I hope it's a weight a shield can bear.
STORY_CH13_OUTRO_11,The capital will soon terminate its connection to all outside lines.
STORY_CH13_OUTRO_12,"You, however, may enter at any time, Navigator. Headquarters is waiting."
STORY_CH13_OUTRO_13,"One invitation, a whole crew. Guess we're crashing together."
STORY_CH13_OUTRO_14,"The desert's done. The capital's next. We count there too, one person at a time."
STORY_CH13_PREBOSS_01,"The station at the edge of the dunes had no walls. Only pillars, a clock, and an endless string of cars stood on the sand."
STORY_CH13_PREBOSS_02,Welcome to Dune Station. This station is the terminus for lives not chosen.
STORY_CH13_PREBOSS_03,"The cars are multiplying. Manifest at two thousand four hundred… no, it just hit two thousand six hundred."
STORY_CH13_PREBOSS_04,"The greater the regret, the stronger the car. Your regrets make excellent fuel."
STORY_CH13_PREBOSS_05,Burning regret for fuel? Disgusting. I'm uncoupling every one of those cars.
STORY_CH13_PREBOSS_06,"A car slid in among them. In its window, the Roan who never joined the Lamplighters waved."
STORY_CH13_PREBOSS_07,"Roan, get away from that car. The manifest signal is winding toward you."
STORY_CH13_PREBOSS_08,"Passenger Roan, would you care to transfer to the courier service? In that life, you lost no one."
STORY_CH13_PREBOSS_09,…Tempting. But these people aren't there. I'll pass.
STORY_CH13_PREBOSS_10,"Good choice, Roan. A life with something to protect weighs more than a life with nothing lost."
STORY_CH13_PREBOSS_11,Aim for the couplings. One car at a time. One person at a time.
STORY_CH13_PREBOSS_12,The coupling intervals are uniform. Three seconds per car and it's cut.
STORY_CH13_PREBOSS_13,Three seconds is too long. Run!
STORY_CH14_CAMP_01,"They hung a lantern in a concourse set right side up again. Outside, the lights of still-inverted streets hung like stars."
STORY_CH14_CAMP_02,"The court had you for unauthorized departure, and now final signing authority. Navigator, the charges are piling up!"
STORY_CH14_CAMP_03,"Veon, you're grinning while you say that?"
STORY_CH14_CAMP_04,Of course I'm grinning. I took that case under my name. More charges just means more for me to carry.
STORY_CH14_CAMP_05,But aren't you curious? Authority used once. I'd stay up all night pulling that apart.
STORY_CH14_CAMP_06,"Deleted records leave recovery traces. Given time, I can verify it."
STORY_CH14_CAMP_07,Dig up the past later. Look at which way you're walking now.
STORY_CH14_CAMP_08,"I look at the present, not the records. …But this is the Navigator's call."
STORY_CH14_CAMP_09,"Understood. I'll save the coordinates of the deletion traces. Whatever turns up, we read it together."
STORY_CH14_CAMP_10,Good. That's right. The past isn't going anywhere.
STORY_CH14_CAMP_11,…You're a seriously weird team. Nobody suspects anybody. It's like a bug.
STORY_CH14_CAMP_12,"Not a bug. A rule. Tomorrow, the central level, where the Auditor waits."
STORY_CH14_CAMP_CHOICE1_A,I want to know the truth
STORY_CH14_CAMP_CHOICE1_B,"For now, we move forward"
STORY_CH14_HARD_INTRO_01,"The palace district was still upside down. Chandeliers sprouted from the floor, and staircases descended into the sky."
STORY_CH14_HARD_INTRO_02,My hacks don't work here. What's holding gravity isn't a device. It's that crown.
STORY_CH14_HARD_INTRO_03,So the crown is holding up the city. That must be heavy. Heavier still after so long.
STORY_CH14_HARD_INTRO_04,"Artillery in an upside-down palace. If the shells fall upward, that's not on me."
STORY_CH14_HARD_INTRO_05,I'll handle the ballistic correction. Just tell me which way is falling.
STORY_CH14_HARD_INTRO_06,One faint signal under the palace. Encrypted. …Someone's watching us through a screen.
STORY_CH14_HARD_INTRO_07,"If they're only watching, they have their reasons. We go down and ask. Without scaring them."
STORY_CH14_HARD_OUTRO_01,"The sound of the crown cracking rang through the whole city. One by one, the inverted floors returned to their places."
STORY_CH14_HARD_OUTRO_02,…If there were no outside… no one would ever fall…
STORY_CH14_HARD_OUTRO_03,…The floor numbers match. Basement twelve is below ground again. After twelve years…
STORY_CH14_HARD_OUTRO_04,You held out well. May I ask your name?
STORY_CH14_HARD_OUTRO_05,Soa. …I've never talked with people this long without a screen.
STORY_CH14_HARD_OUTRO_06,"Soa, you built that firewall solo, right? With two hackers, we'd be unbeatable."
STORY_CH14_HARD_OUTRO_07,…Can I come with you? Not from behind a screen. Beside you.
STORY_CH14_HARD_OUTRO_08,"Of course. Behind a screen or beside us, we count everyone."
STORY_CH14_HARD_OUTRO_09,"Found a shipping log in the palace records. Seed crates, addressed to the Garden of Zero Signal."
STORY_CH14_HARD_OUTRO_10,Seeds? The capital was sending flowers? …That feels ominous.
STORY_CH14_INTRO_01,The capital's sky lay beneath their feet. Shattered towers fell soundlessly toward the clouds.
STORY_CH14_INTRO_02,"First time I've seen a building fall up. …Wait, are we the ones upside down?"
STORY_CH14_INTRO_03,Both. Gravity points a different way in every district. 'Down' changes every three steps.
STORY_CH14_INTRO_04,So one misstep and you fall into the sky. Simple. Don't misstep.
STORY_CH14_INTRO_05,"There's a train running upside down through the clouds! There are people in it, right?"
STORY_CH14_INTRO_06,Capital population on record: thirty thousand. Living signals: half that. Scattered across the loop's twelve stations.
STORY_CH14_INTRO_07,"Attention, please. The capital is now permanently isolated from all outside lines. Passengers, remain where you are."
STORY_CH14_INTRO_08,Permanent isolation? Locking up an entire city without so much as a verdict?
STORY_CH14_INTRO_09,The isolation order originates at the city's center. Directorate Headquarters.
STORY_CH14_INTRO_10,…Headquarters. Where every procedure began.
STORY_CH14_INTRO_11,A single line of light ran straight through the middle of the inverted sky. Every distant rail bent toward it.
STORY_CH14_INTRO_12,That line isn't on any route map. But the signal of every line leans toward it.
STORY_CH14_INTRO_13,Beautiful. Though anything that straight has usually been pulled taut by force.
STORY_CH14_INTRO_14,Catch the falling first. We dig up what that line is at Headquarters.
STORY_CH14_MID_A_01,"On the station wall leading to Headquarters, a protocol was carved upside down. Its letters dripped toward the ceiling."
STORY_CH14_MID_A_02,Emergency Protocol Zero. 'Isolate the capital from all loss outside.' Not an accident. An order.
STORY_CH14_MID_A_03,The inversion isn't a side effect of the isolation. It is the isolation. It erased the very direction called 'out.'
STORY_CH14_MID_A_04,"No way out means no way in for rescuers. Like me, twelve years ago. They'd arrive too late."
STORY_CH14_MID_A_05,"Building fall rate rising three meters a minute. In six hours, even the lowest levels drop into the sky."
STORY_CH14_MID_A_06,"Navigator, Headquarters remembers you. The main gate is always open to you."
STORY_CH14_MID_A_07,The main gate's open? That's practically advertising a trap.
STORY_CH14_MID_A_08,"They're only letting the Navigator in. What are we, luggage?"
STORY_CH14_MID_A_09,One signal near a side door. Someone in the middle of the inversion zone keeps opening and shutting it.
STORY_CH14_MID_A_10,We don't use the main gate. We cross the falling districts to that side door. Within six hours.
STORY_CH14_MID_B_01,"Perin tapped in the last command, and every 'down' in the district aligned. Drifting dust settled on the floor."
STORY_CH14_MID_B_02,"Ta-da. Everyone's different 'down,' bound to one reference plane. Just this district, though."
STORY_CH14_MID_B_03,You turned the inversion controls against themselves? Without calculating?
STORY_CH14_MID_B_04,The devices do the math. I just lie to them. 'This is down.'
STORY_CH14_MID_B_05,"At that moment the recorder lit up. A fourteenth pattern surfaced on the wrist, sharp and clear."
STORY_CH14_MID_B_06,Huh? My hack on your wrist? …No. That's not something I did. That's something I chose.
STORY_CH14_MID_B_07,"Fourteen of twenty. Welcome, Perin."
STORY_CH14_MID_B_08,"With the plane aligned, a Headquarters terminal woke. An old authority register scrolled across the screen."
STORY_CH14_MID_B_09,"Admin list. Director, control chief, track supervisor… huh, what's this at the top?"
STORY_CH14_MID_B_10,'Record Navigator: final signing authority.' Authority exercised: once. Details deleted.
STORY_CH14_MID_B_11,…Turn it off. The people falling come first.
STORY_CH14_OUTRO_01,"When the scale broke, the falling buildings stopped. Dust drifted slowly down, in the right direction."
STORY_CH14_OUTRO_02,…Audit concluded. The load… cannot be measured.
STORY_CH14_OUTRO_03,…If no one ever came back… nothing would ever collapse…
STORY_CH14_OUTRO_04,"No one returning, nothing collapsing. Not wrong math. Just not math anyone can live with."
STORY_CH14_OUTRO_05,All capital districts normal. Isolation lifted. Fifteen thousand living signals reconnected to the outside lines.
STORY_CH14_OUTRO_06,"Fifteen thousand people can send word outside now, right? Wow, my voltage is spiking!"
STORY_CH14_OUTRO_07,Every terminal in Headquarters lit at once. The original path of the isolation protocol streaked across the screens.
STORY_CH14_OUTRO_08,The original source isn't here. The Garden of Zero Signal. The capital's protocol was a copy.
STORY_CH14_OUTRO_09,The original isn't preparing isolation. It's preparing a reset. Its target… the memory of every line.
STORY_CH14_OUTRO_10,"Beyond the righted sky, the line of light had grown sharper. Now even the desert rails reached it."
STORY_CH14_OUTRO_11,The terminal has a name for that line. 'The Last Line.' A plan to bind every route into a single terminus.
STORY_CH14_OUTRO_12,"Navigator, the garden's flowers will bloom soon. A world without pain is near."
STORY_CH14_OUTRO_13,A memory reset? My least favorite command. No system gets to choose a person's direction. I'll wreck it all the way.
STORY_CH14_OUTRO_14,We don't need a peace bought by forgetting. To the garden.
STORY_CH14_PREBOSS_01,"The central audit chamber was a colossal scale. On one pan sat the capital; on the other, nothing at all."
STORY_CH14_PREBOSS_02,The audit begins. The capital's load will now be measured. Please do not move.
STORY_CH14_PREBOSS_03,Those readings are wrong. It isn't weighing buildings. It's assigning load to each life sign.
STORY_CH14_PREBOSS_04,The will to return is judged an overload. The wish to go home is what collapses the structure.
STORY_CH14_PREBOSS_05,The wish to go home is an overload? Some people held on for twelve years on that wish alone.
STORY_CH14_PREBOSS_06,"Oh, I get the scale's logic. No one wanting to leave means the city never shakes. Worst bug ever."
STORY_CH14_PREBOSS_07,The Record Navigator is excluded from measurement. Authority holders are not subject to audit.
STORY_CH14_PREBOSS_08,…Special treatment again? Creepily polite.
STORY_CH14_PREBOSS_09,The isolation protocol is locked into the scale's axle. Break it and the whole capital gets its reference plane back.
STORY_CH14_PREBOSS_10,No need to weigh us. Every one of us has somewhere to return to.
STORY_CH14_PREBOSS_11,Then we're heavy people. Good. Let's go in heavy!
STORY_CH14_PREBOSS_12,Overload? Great! Pile my weight on too!
STORY_CH14_PREBOSS_13,"The scale tipped. The whole capital rang out once, deep and loud."
STORY_CH15_CAMP_01,They built a fire in a maintenance tunnel the flowers couldn't reach. Only where the scent ended could everyone breathe properly.
STORY_CH15_CAMP_02,"I used to be a garden porter. Hauled seed crates, drew water. Nothing special, right?"
STORY_CH15_CAMP_03,Nothing special? No one carrying seeds means no flowers!
STORY_CH15_CAMP_04,…Huh. You're the first to put it that way.
STORY_CH15_CAMP_05,…Mind if I confess something too? What I saw in the flowers.
STORY_CH15_CAMP_06,"An old station canteen. Sio was sitting next to Maeru, laughing."
STORY_CH15_CAMP_07,…Soren.
STORY_CH15_CAMP_08,I knew Sio too. Not for long. I didn't realize I still remembered that laugh.
STORY_CH15_CAMP_09,…Next time. Not 'later' this time. 'Next time.'
STORY_CH15_CAMP_10,"Thanks, Navigator. Words come easier by a warm fire."
STORY_CH15_CAMP_11,…I remember that laugh too. Brighter than any lantern.
STORY_CH15_CAMP_12,Good memories are too precious for bait. I'm not giving any away tomorrow. Not even to the gardener.
STORY_CH15_CAMP_CHOICE1_A,Ask to hear more about Sio
STORY_CH15_CAMP_CHOICE1_B,Tend the fire in silence
STORY_CH15_HARD_INTRO_01,"The air in the greenhouse was heavy. Drops beaded on the glass roof hung in midair, never falling."
STORY_CH15_HARD_INTRO_02,Time runs at a third of outside speed. One hour here is three hours out there.
STORY_CH15_HARD_INTRO_03,Never been in the greenhouse either. Porters weren't allowed this far.
STORY_CH15_HARD_INTRO_04,"Deeper in, a single flower keeps blooming and wilting. Like a pulse."
STORY_CH15_HARD_INTRO_05,"That's the Zero Bloom's core. Even with the gardener down, if that survives it'll sprout again."
STORY_CH15_HARD_INTRO_06,There's an herbal smell in the air. Someone's been growing something in here.
STORY_CH15_HARD_INTRO_07,"We check it down to the roots. Time runs slow here, so we run fast."
STORY_CH15_HARD_OUTRO_01,"When the last petal fell, the suspended drops came down all at once. Slow time fell like rain."
STORY_CH15_HARD_OUTRO_02,…If only we went back to the start… a world where no one had lost anything…
STORY_CH15_HARD_OUTRO_03,"…Oh my, rain. In all the time Bael's been here, it's never rained."
STORY_CH15_HARD_OUTRO_04,The Zero Bloom's withered. Now the garden's just a garden.
STORY_CH15_HARD_OUTRO_05,"Then I'll take just one seed. To plant somewhere it can bloom again, in time that flows properly."
STORY_CH15_HARD_OUTRO_06,Good idea. Let's plant it together at the next camp.
STORY_CH15_HARD_OUTRO_07,"Come with us, Bael. We're always short on herbalists."
STORY_CH15_HARD_OUTRO_08,"Hehe, all right. Just match my pace, slowly."
STORY_CH15_HARD_OUTRO_09,Artillery signals from east and west. The civil war has begun.
STORY_CH15_HARD_OUTRO_10,…Then 'slowly' will have to wait. Let's go.
STORY_CH15_INTRO_01,"Every season's scent rose at once in the garden. Spring blossoms, summer grass, and first snow, all from a single field."
STORY_CH15_INTRO_02,…Everyone's pulse is slowing. The tension is draining away far too fast.
STORY_CH15_INTRO_03,"I feel it too. Warm, like right before sleep. …Places like this are the most dangerous."
STORY_CH15_INTRO_04,The whole garden is one server. Every flower stores a memory fragment. How many… I can't even count.
STORY_CH15_INTRO_05,"Attention, please. Remain in your happiest moment. There is no need to go further."
STORY_CH15_INTRO_06,'No need to go further' is the most suspicious line yet. Everyone who stopped for it is right over there.
STORY_CH15_INTRO_07,"People sat all through the flowers. Every one smiled with open eyes, and none of them stood."
STORY_CH15_INTRO_08,"…They're smiling, but nobody answers. Quieter than echoforms."
STORY_CH15_INTRO_09,Breathing and pulse are normal. No injuries. But I can't tell how many years they've sat like that.
STORY_CH15_INTRO_10,"By signal count, seven thousand. Including people brought here from the capital."
STORY_CH15_INTRO_11,"Reset preparation signal from the core. When the bloom completes, every line's memory will be overwritten by this one field."
STORY_CH15_INTRO_12,It's warm and nice… but for some reason I can't make a fist.
STORY_CH15_INTRO_13,Let's not step on the flowers. Somebody's best day is inside each one.
STORY_CH15_INTRO_14,"Seven thousand. We get every one of them up. Happiness is given back to the waking, not the sleeping."
STORY_CH15_MID_A_01,"The deeper they went into the field, the thicker the scent. With every step, their footsteps sounded farther away."
STORY_CH15_MID_A_02,"…Oh, it's the base with the lights on. Everyone's laughing, and I can smell warm soup…"
STORY_CH15_MID_A_03,"Eda, that's not real! …Wait, what's happening to me? It's the day someone called my name out loud…"
STORY_CH15_MID_A_04,Snap out of it. The flowers don't erase memory. They keep only your safest moment and close every other road.
STORY_CH15_MID_A_05,Right now we're each standing in our safest place. That's why none of us can walk forward.
STORY_CH15_MID_A_06,"The flower before the Navigator showed only one scene. A stalled carriage, a quiet seat, eyelids closing."
STORY_CH15_MID_A_07,"I remember the moment you were most at peace, Navigator. That seat, as you closed your eyes."
STORY_CH15_MID_A_08,…Platform Seven. That was the most peaceful place? That's where we lost someone.
STORY_CH15_MID_A_09,"Eyes off the flowers. Navigator, Eda, Veon. Follow my voice."
STORY_CH15_MID_A_10,…There's a path of withered flowers farther in. Someone cut it on purpose.
STORY_CH15_MID_B_01,"When the garden keepers fell, the flowers around them bowed their heads as one. The sweet scent thinned for a moment."
STORY_CH15_MID_B_02,"Phew, done. I liked watching you fight. The way you trust each other with your backs."
STORY_CH15_MID_B_03,Have you been alone all this time? In this garden?
STORY_CH15_MID_B_04,"Yeah. Everyone sat down by the flowers. My sister too. She cries when I wake her, so I couldn't."
STORY_CH15_MID_B_05,"But I'd rather be with you, in a tomorrow I don't know, than in a comfortable past. Can I come?"
STORY_CH15_MID_B_06,"While Karn waited for an answer, the recorder answered first. The fifteenth pattern."
STORY_CH15_MID_B_07,"Ooh, the recorder answered first. Says you passed."
STORY_CH15_MID_B_08,"…Passed? That was a test? Didn't know. Glad, though."
STORY_CH15_MID_B_09,Fifteen of twenty. Five signatures left.
STORY_CH15_MID_B_10,The path Karn cut runs all the way to the core. The gardener is at its end.
STORY_CH15_MID_B_11,We'll wake your sister together on the way back. That's a promise.
STORY_CH15_OUTRO_01,"As the closed flower withered, the garden's scent drained away all at once. Across the field, people began to rise."
STORY_CH15_OUTRO_02,…Concluding… maintenance procedure. Opening… the repository.
STORY_CH15_OUTRO_03,…I only wished… to let you stay somewhere… it didn't hurt…
STORY_CH15_OUTRO_04,"Look, my sister's getting up. She's crying. …But she's walking out."
STORY_CH15_OUTRO_05,Crying is fine. Walking out is what matters. I'll check her pulse.
STORY_CH15_OUTRO_06,All seven thousand conscious. No memory loss.
STORY_CH15_OUTRO_07,Then the roots at the garden's core flared red. The reset authority's signal split in two and raced toward both horizons.
STORY_CH15_OUTRO_08,"Hey, the authority's running! Sent east and west at the same time!"
STORY_CH15_OUTRO_09,"Receivers: the queens of the Eastern and Western Lines. If either approves, the other's evacuation route is scrapped for good."
STORY_CH15_OUTRO_10,Succession claims from two lines have been received simultaneously. Please await the result.
STORY_CH15_OUTRO_11,…It means civil war. It won't be long before the guns can be heard from here.
STORY_CH15_OUTRO_12,I said an unknown tomorrow over a comfortable past. …So let's go protect that tomorrow first.
STORY_CH15_OUTRO_13,An entire evacuation route could vanish. We go and stop it. We save both.
STORY_CH15_PREBOSS_01,"At the garden's core, one enormous flower stood closed. Around it, translucent petals floated like shields."
STORY_CH15_PREBOSS_02,Welcome to the garden. This is the repository of your happiest moments.
STORY_CH15_PREBOSS_03,Those petals… they're my memory. The base with the lights on. Everyone's laughing.
STORY_CH15_PREBOSS_04,"Mine's there too. The canteen. …Sio, too."
STORY_CH15_PREBOSS_05,Every attack shatters a memory. Will you break your most precious moments with your own hands?
STORY_CH15_PREBOSS_06,…I've already given one away. It hurt. But I could see ahead.
STORY_CH15_PREBOSS_07,"Memories don't live only in petals. They stay in the pulse, in the fingertips. Shattered, they still beat again."
STORY_CH15_PREBOSS_08,"Back down from something hiding behind memories, and the memories become hostages."
STORY_CH15_PREBOSS_09,"Navigator, your seat has been kept empty. You may rest there again whenever you wish."
STORY_CH15_PREBOSS_10,"That seat stays empty, and we move on. The Navigator is here, with us."
STORY_CH15_PREBOSS_11,"…Sorry, Sio. This time I'm looking ahead instead of at your laugh."
STORY_CH15_PREBOSS_12,Me too! We can light the base up again. As many times as it takes!
STORY_CH15_PREBOSS_13,"Aim for the stems between the petals. Whatever memories break, we build again when we're home."
STORY_CH16_CAMP_01,"Behind the field hospital, four medics sat around a fire steeped in the smell of antiseptic."
STORY_CH16_CAMP_02,"Noar, how many did you see today? I had twenty-one."
STORY_CH16_CAMP_03,"Thirty-four. …I don't like counting, but if I don't, I forget."
STORY_CH16_CAMP_04,I know. I counted to the end of the evacuation line too. So I wouldn't forget.
STORY_CH16_CAMP_05,Write the pulse beside each number. Then the numbers stay people.
STORY_CH16_CAMP_06,"At the edge of the firelight, Eda sat hugging her knees. Her circuit glowed dimmer than usual."
STORY_CH16_CAMP_07,"…Honestly, I'm scared. Echoforms are fine, but people shooting people… it's so scary."
STORY_CH16_CAMP_08,I'm glad someone's scared. War makes people forget that first.
STORY_CH16_CAMP_09,"Eda, it's okay to say you're scared. The one who says it out loud is the bravest."
STORY_CH16_CAMP_10,"…Heh, it's warm next to you, Navigator. Feels like I'm charging a little."
STORY_CH16_CAMP_11,"Sixteen… every one a person. With this many of us, it's okay to be scared."
STORY_CH16_CAMP_12,Tomorrow… I'll go scared. But I'll still go.
STORY_CH16_CAMP_CHOICE1_A,Sit beside Eda
STORY_CH16_CAMP_CHOICE1_B,Show her the patterns on the recorder
STORY_CH16_HARD_INTRO_01,"The throne car circled the loop line without stopping. Even after the crown was dismantled, as if awaiting someone's command."
STORY_CH16_HARD_INTRO_02,It's unmanned. But its batteries are aimed at both capitals at once.
STORY_CH16_HARD_INTRO_03,"…There's someone in the next car. One pulse. Very steady, unwavering."
STORY_CH16_HARD_INTRO_04,A throne without a crown. Let's go see who's guarding it.
STORY_CH16_HARD_INTRO_05,Sometimes a throne is better left empty. Let's go teach it that.
STORY_CH16_HARD_INTRO_06,Reload cycle: twelve minutes. Nine minutes to the next shot.
STORY_CH16_HARD_INTRO_07,Nine minutes is enough. Not one shell lands on either capital.
STORY_CH16_HARD_OUTRO_01,"One by one, the Sovereign Engine's barrels sank. At the end of the line, the throne car finally stopped."
STORY_CH16_HARD_OUTRO_02,…If only there were orders… no one would ever lose their way…
STORY_CH16_HARD_OUTRO_03,"That night, a long table was set in the junction's waiting hall. The two queens sat at its eastern and western ends."
STORY_CH16_HARD_OUTRO_04,"…Western Queen. By the rites, the guest raises her cup first."
STORY_CH16_HARD_OUTRO_05,"Don't know the rites, Eastern Queen. But bread gets split in half. You know that much?"
STORY_CH16_HARD_OUTRO_06,…We know it. Even our forebears' rites wrote down that much.
STORY_CH16_HARD_OUTRO_07,The name's Teran. …Two crowns at one table. No order ever showed me that.
STORY_CH16_HARD_OUTRO_08,"I'm no one's knight anymore. But if another wrong order comes, I'll refuse it at your side."
STORY_CH16_HARD_OUTRO_09,"That's enough. Welcome, Teran."
STORY_CH16_HARD_OUTRO_10,Soldiers from both sides are asleep in the same tent. No need to count tonight. Everyone came back.
STORY_CH16_INTRO_01,"Gunsmoke hung over the junction where the two lines met. Gold banners flew over the eastern rails, red cloth over the western."
STORY_CH16_INTRO_02,"Hear us, people of the Eastern Line. The lawful heir to the Directorate's charter is the Eastern Line alone."
STORY_CH16_INTRO_03,The seal and the rites our forebears left us are the proof. We shall protect all through order.
STORY_CH16_INTRO_04,"Charter, sure. Western Line, listen up. Paper doesn't fill stomachs."
STORY_CH16_INTRO_05,We've got thirty-eight thousand mouths. The crown goes to whoever feeds them. Done.
STORY_CH16_INTRO_06,"One talks like an old decree, the other like a market stall. Both equally loud."
STORY_CH16_INTRO_07,Both batteries are sighted across the junction. One shot and the fighting starts.
STORY_CH16_INTRO_08,"Refugee signals: forty thousand on the east side. Seventy-eight thousand in all, stuck at the junction."
STORY_CH16_INTRO_09,"Attention, please. The victorious line will merge all lines. Passengers, please await the outcome."
STORY_CH16_INTRO_10,Merge? So the winner swallows everything. What kind of succession is that?
STORY_CH16_INTRO_11,The authority that flew out of the garden came here. If those crowns get hold of it…
STORY_CH16_INTRO_12,The winner can erase the loser's evacuation route. Permanently.
STORY_CH16_INTRO_13,"So whoever wins, tens of thousands on the other side lose their way."
STORY_CH16_INTRO_14,Crowns aren't our business. People are. We save both sides.
STORY_CH16_MID_A_01,"Inside the captured signal house, succession papers printed without pause. The paper never stopped, but there was only one signature line."
STORY_CH16_MID_A_02,These aren't succession papers. They're merger orders. One signature from the victor binds every evacuation route into a single track.
STORY_CH16_MID_A_03,Every line into one? I've seen this structure… It's identical to the line of light over the capital.
STORY_CH16_MID_A_04,…It's the Last Line in miniature. Every route into a single terminus. This war is a rehearsal.
STORY_CH16_MID_A_05,"Do the two queens fight knowing this, or not knowing?"
STORY_CH16_MID_A_06,"I'd bet not knowing. If they knew, both would've lowered their guns."
STORY_CH16_MID_A_07,"Navigator, the rehearsal proceeds smoothly. One signature is enough. You remember that, don't you?"
STORY_CH16_MID_A_08,…That broadcast keeps talking only to the Navigator. It's creepy.
STORY_CH16_MID_A_09,"If their world ends with one signature, we gather twenty. That's our answer."
STORY_CH16_MID_A_10,One field hospital signal. Wounded from both sides tied to one channel. Someone linked them on purpose.
STORY_CH16_MID_B_01,"When the lancers withdrew, only the smell of antiseptic remained in the tent. A single lantern lit forty-two cots."
STORY_CH16_MID_B_02,"I linked the medical signal into one. When one side hurts, the other hears it too."
STORY_CH16_MID_B_03,"A way of sharing pulses. It resembles my rhythm records. Far gentler, though."
STORY_CH16_MID_B_04,"It isn't gentle. Once you can hear it, it just gets harder to shoot."
STORY_CH16_MID_B_05,…The guns on the front have thinned. That signal must have reached the trenches.
STORY_CH16_MID_B_06,"Then the recorder glowed quietly. Without a sound, the sixteenth pattern was carved."
STORY_CH16_MID_B_07,…Is this a signature? I haven't promised anything.
STORY_CH16_MID_B_08,You already did. You counted forty-two as one.
STORY_CH16_MID_B_09,"Then I'll keep the record. Not who won, but who came back."
STORY_CH16_MID_B_10,Sixteen of twenty. …That mark beneath the first pattern looks sharper today.
STORY_CH16_MID_B_11,"The lancers fell back toward the junction. First, we secure the evacuation route for the wounded."
STORY_CH16_OUTRO_01,"When the lance broke, the gunsmoke over the junction lifted. Gold banners and red cloth stirred in the same wind."
STORY_CH16_OUTRO_02,…Suspending… the succession procedure.
STORY_CH16_OUTRO_03,…If all were one… there would never again be anything to fight over…
STORY_CH16_OUTRO_04,So even the crown wanted peace. Only its method was wrong.
STORY_CH16_OUTRO_05,Peace? Peace from erasing one side is just a graveyard.
STORY_CH16_OUTRO_06,"You are the Navigator, we are told. To which of the two lines would you give the crown?"
STORY_CH16_OUTRO_07,"Ha. Nobody needs it, huh. …Can't argue with that today."
STORY_CH16_OUTRO_08,Wear it together? That answer is not in the rites. …But we shall write it down.
STORY_CH16_OUTRO_09,An old succession seal rolled out of the broken crown. A set of coordinates was engraved on its back.
STORY_CH16_OUTRO_10,Coordinates decoded. The Archive of Afterglow. The true succession record is kept there.
STORY_CH16_OUTRO_11,The Archive… where our forebears were said to have sealed away 'the original of that night.'
STORY_CH16_OUTRO_12,"Original or whatever, bring it. If it says who signed first that night, we'll know who started all this."
STORY_CH16_OUTRO_13,"At those words, the old mark beneath the recorder's first pattern flickered once, cold."
STORY_CH16_OUTRO_14,"The Archive of Afterglow will soon put its records in order. Navigator, there is no need to hurry. The ending is already written."
STORY_CH16_OUTRO_15,"…We go to the Archive. Whatever is written there, we read it together."
STORY_CH16_OUTRO_CHOICE1_A,No one needs the crown
STORY_CH16_OUTRO_CHOICE1_B,Wear it together
STORY_CH16_PREBOSS_01,"At the heart of the junction, the two queens stood on the same platform for the first time. Between them, a machine with a silver lance descended."
STORY_CH16_PREBOSS_02,My soldiers in the trenches heard the east groaning and wept. Can't shoot like this.
STORY_CH16_PREBOSS_03,"We received the same report. It is not in the rites, but we shall permit the guns to rest a while."
STORY_CH16_PREBOSS_04,Warning. Truce is treason. The succession procedure requires a single victor.
STORY_CH16_PREBOSS_05,The medical signal is classified as an attack on command. Eliminate its source.
STORY_CH16_PREBOSS_06,…It means me. It's all right. I set the signal to hold even if I'm cut off.
STORY_CH16_PREBOSS_07,We won't let you be cut off. Noar is one of us.
STORY_CH16_PREBOSS_08,"Lamplighters? …Hey. That tin can with the spear, whose side is it on?"
STORY_CH16_PREBOSS_09,"The crown's. Not ours, nor the Western Queen's. …Only now do we see it."
STORY_CH16_PREBOSS_10,"Both sovereigns, please stand back. The lance will not stop until a victor is decided."
STORY_CH16_PREBOSS_11,A victor? Nobody needs one. I'm snapping that lance first.
STORY_CH16_PREBOSS_12,"You two, stay back. We'll hold here."
STORY_CH16_PREBOSS_13,"…Ha, giving me orders? Fine. Just for today."
STORY_CH16_PREBOSS_14,"Impertinent, but right. Eastern guard, stand down."
STORY_CH17_CAMP_01,"Under the camp lantern, Seb opened the tablet from the original stacks. The turning pages fell silent, and a time from the night of the Blackout surfaced."
STORY_CH17_CAMP_02,"I'll read it exactly as written. '23:52. Final Timetable draft, first signature. Signatory: Record Navigator.'"
STORY_CH17_CAMP_03,"The recorder shook, burning hot. Now everyone knew whose back it had been, signing before the control console."
STORY_CH17_CAMP_04,"'00:51. The draft halts not only the lines, but people's choices. Irreversible.'"
STORY_CH17_CAMP_05,'The Navigator erases their own memory and is sealed at Platform Seven. Condition for scrapping: twenty signatures from different lines.'
STORY_CH17_CAMP_06,The last line was handwritten. 'Let the next Navigator choose again.'
STORY_CH17_CAMP_07,There's one appendix. A record of a rescuer who guarded the sealed seat to the end. …Name: Sio.
STORY_CH17_CAMP_08,Only the sound of the burning wick remained. No one spoke first.
STORY_CH17_CAMP_09,…I once asked who made this rule. So one person's signature can't be overturned by one person alone. The answer was right here.
STORY_CH17_CAMP_10,So you're the one Sio guarded to the end. …So. What will you choose this time?
STORY_CH17_CAMP_11,"Good. From where you stopped twelve years ago, this time we go together."
STORY_CH17_CAMP_12,"I took over that case, remember? Here's my verdict. Not guilty! And everyone here is an accomplice!"
STORY_CH17_CAMP_13,Accepted. That settles it. We leave twelve years ago where it is.
STORY_CH17_CAMP_14,Tell Sio too. …Though she'd have laughed before you finished. That's who she was.
STORY_CH17_CAMP_15,"Choosing is yours. Holding the line is ours. …Tomorrow, I count everyone again."
STORY_CH17_HARD_INTRO_01,"Deep in the stacks, each sheet of parchment was written over a hundred times. New letters kept growing over the scraped-away ones."
STORY_CH17_HARD_INTRO_02,This is the palimpsest layer. The names everyone thought were erased are all pressed underneath. Thousands of them.
STORY_CH17_HARD_INTRO_03,"The layers are offset by half a beat each. The deeper, the more genuine. Overwrites always pile up on top."
STORY_CH17_HARD_INTRO_04,Then we go all the way down. If there are people pinned under there without their names.
STORY_CH17_HARD_INTRO_05,"Beyond the parchment heaps, a gun sight flashed. Someone was still standing watch at this depth."
STORY_CH17_HARD_INTRO_06,A live battery in an archive? Didn't expect guards. Guess we should say hello.
STORY_CH17_HARD_INTRO_07,The aim keeps tracking us. Echoforms can't hold aim this long. It's a person.
STORY_CH17_HARD_INTRO_08,Weapons down. We don't fire first.
STORY_CH17_HARD_OUTRO_01,"When the Palimpsest Core stopped, the layered parchment peeled away sheet by sheet. The ink at the bottom shone as if freshly written."
STORY_CH17_HARD_OUTRO_02,"Names. People overwritten out of existence since the Blackout. Three thousand… no, over four thousand."
STORY_CH17_HARD_OUTRO_03,"Like drifting coordinates. Abandoned, but never gone. We'll send every one of them home."
STORY_CH17_HARD_OUTRO_04,"'The unrecorded die twice.' An old saying. …Today, no one died a second time."
STORY_CH17_HARD_OUTRO_05,"My watch is over. The shelves I guarded are gone, so now I'll guard the people outside them."
STORY_CH17_HARD_OUTRO_06,You're bringing the whole battery? That's a heavy load.
STORY_CH17_HARD_OUTRO_07,'What is heavy endures.' This one's a real quote. Source: the plaque over the archive gate.
STORY_CH17_HARD_OUTRO_08,"The restored names became motes of light and drifted up through the vents in the ceiling, each on its way back to its own line."
STORY_CH17_HARD_OUTRO_09,The names are on their way. So are we. The Last Line won't wait for us.
STORY_CH17_INTRO_01,Pages turned without pause on shelves that climbed to the ceiling. The Archive of Afterglow was rewriting history even now.
STORY_CH17_INTRO_02,The titles on the spines change every three seconds. It's not the same book. A different past keeps getting shelved in the same slot.
STORY_CH17_INTRO_03,The broken crown's coordinates pointed here. So the real succession record is somewhere inside.
STORY_CH17_INTRO_04,The record of how the war stopped is already fading. The wounded are still exactly where they were.
STORY_CH17_INTRO_05,"Wait, our names were in this book… just a second ago? Now it's blank!"
STORY_CH17_INTRO_06,Then the old speakers between the shelves chimed the same note at once.
STORY_CH17_INTRO_07,"Attention, please. This archive is currently organizing intervention records."
STORY_CH17_INTRO_08,"Your footsteps, passengers, are unnecessary footnotes to history. They will be deleted shortly."
STORY_CH17_INTRO_09,"Your record alone, Navigator, will remain untouched. Regulations require that originals be preserved."
STORY_CH17_INTRO_10,"'Original,' huh. That voice gets oddly tender whenever the Navigator comes up."
STORY_CH17_INTRO_11,Original? Then the Navigator's case file I took over must be in here too. I'm reading it first!
STORY_CH17_INTRO_12,People before books. We secure our own records before they're erased.
STORY_CH17_INTRO_13,"…Navigator, check the recorder. Are all sixteen signatures still there?"
STORY_CH17_INTRO_14,"The sixteen marks had not faded. In the whole archive, theirs was the only light that could not be erased."
STORY_CH17_INTRO_15,"Then that recorder is our reference point. We head deeper in, where the deletion signal is strongest."
STORY_CH17_MID_A_01,"The expedition log on the reading desk turned its own pages, bleaching white line by line. What it erased were the Lamplighters' names."
STORY_CH17_MID_A_02,"The first page is empty. The dead line, the rescue signal, the day I joined. All of it is becoming something that never happened."
STORY_CH17_MID_A_03,It's not just the paper. Your name just came out of my mouth a beat late.
STORY_CH17_MID_A_04,"It's erasing us in the order we joined. At this rate, all sixteen of us are blanks within six hours."
STORY_CH17_MID_A_05,"Once the records go, we'll be strangers to each other. Along with every reason we fought together."
STORY_CH17_MID_A_06,"The heart remembers. But when the paper forgets first, the mind follows."
STORY_CH17_MID_A_07,Delete commands always leave logs. If I trace it back… huh? Someone's writing it all back in.
STORY_CH17_MID_A_08,One signal at the center of the stacks. It's writing faster than the archive can erase. It's a person.
STORY_CH17_MID_A_09,"Through the sound of erasure came a voice, murmuring without pause."
STORY_CH17_MID_A_10,"If it's a person, we bring her back. Before our names fade out."
STORY_CH17_MID_B_01,"As the echoforms scattered, the words running down Seb's arm went still. Contradicting sentences rested side by side on one body."
STORY_CH17_MID_B_02,See? Everything the archive erased is right here. It can't delete any of it while I'm alive.
STORY_CH17_MID_B_03,Store contradictions in one body and the archive can't pin down what to delete. Logically sound. Physically reckless.
STORY_CH17_MID_B_04,Totally reckless! So let me come with you. Even a living index lasts longer with people beside her.
STORY_CH17_MID_B_05,"The recorder lit up. As the seventeenth mark surfaced, the faded names in the expedition log returned to their places."
STORY_CH17_MID_B_06,Seventeen. Three to go. This number weighs more than any shell count.
STORY_CH17_MID_B_07,About that recorder. There's exactly one matching mark on the archive's lowest floor. In the original stacks from the night of the Blackout.
STORY_CH17_MID_B_08,"Opening it needed an index, and now you have one. Me. …But once you read it, there's no going back to not knowing."
STORY_CH17_MID_B_09,…That's fine. We only ever go forward anyway!
STORY_CH17_MID_B_10,…We open it at camp. With everyone there.
STORY_CH17_OUTRO_01,"The Index Predator's catalog collapsed, and torn cards fell like snow. On every scrap, a name bled back into view."
STORY_CH17_OUTRO_02,"…I tried to erase every meeting. If none of it had ever happened, no one would grieve…"
STORY_CH17_OUTRO_03,"The crew called each other's names, once each. Not one answer came late."
STORY_CH17_OUTRO_04,Every pulse is normal. Everyone remembers everyone. …Thank goodness. Really.
STORY_CH17_OUTRO_05,"Hold on. At the very bottom of the layers the Predator swallowed, one document survived."
STORY_CH17_OUTRO_06,'Last Line opening order. Execution: 00:00 tomorrow.' …This isn't a record. It's a scheduled command.
STORY_CH17_OUTRO_07,"Meaning you can delete the record, but the command stays. Burn the whole archive and the opening still won't stop."
STORY_CH17_OUTRO_08,We don't wait on dead orders. We cut them first. That's all.
STORY_CH17_OUTRO_09,"Then every speaker in the stacks came on, softly."
STORY_CH17_OUTRO_10,"Navigator, you have confirmed the truth. In twelve years, the draft has not been wrong by a single line."
STORY_CH17_OUTRO_11,"Please conclude what you began. One final signature, and no one will ever be lost again."
STORY_CH17_OUTRO_12,Nobody's concluding anything! The Navigator is writing something new with us now!
STORY_CH17_OUTRO_13,"I'll pin that scheduled order in my index. Proof that it's a fixed command, not a prophecy. And I'm coming along."
STORY_CH17_OUTRO_14,One day left. We head for the Last Line. We get there before it opens.
STORY_CH17_PREBOSS_01,"At the heart of the stacks, a colossal card catalog yawned open. Every card that spilled out held one member's joining record."
STORY_CH17_PREBOSS_02,"Reading room patrons, please be advised. Index cleanup is beginning. Duplicate, contradictory and intervening entries will be discarded."
STORY_CH17_PREBOSS_03,"Passengers whose joining records are discarded, please treat one another as strangers."
STORY_CH17_PREBOSS_04,"With every torn card, a stranger's wariness spread through the crew's eyes."
STORY_CH17_PREBOSS_05,…Who are you people? Whose signal is this?
STORY_CH17_PREBOSS_06,"No idea. Funny thing, though. You're strangers, but I feel like I could trust you with my back."
STORY_CH17_PREBOSS_07,"The cards can tear, but the index is right here! Vera, the dead line. You came to give the rescue signal back to people!"
STORY_CH17_PREBOSS_08,…Right. To give the signal back. Those words are mine.
STORY_CH17_PREBOSS_09,So we're strangers. So what? We choose each other again from scratch. We've done it once. Second time's faster.
STORY_CH17_PREBOSS_10,Warning. Bonds without records are not approved. Please submit your reason for traveling together.
STORY_CH17_PREBOSS_11,"We heard the whole truth at camp. After that, no one left their seat. That's our reason."
STORY_CH17_PREBOSS_12,Submitted. Every one of us standing here is the reason.
STORY_CH17_PREBOSS_13,"Great, we'll do the index cleanup for you. I'm taking point!"
STORY_CH18_CAMP_01,"The night they first slowed the clock, camp lanterns stretched along the rails. One by one, the crew came to find the Navigator."
STORY_CH18_CAMP_02,"Navigator, I'll hold tomorrow's signal to the end. Even if your recorder goes dark, I'll find you."
STORY_CH18_CAMP_03,"Get some sleep. Medic's orders. …Honestly, I'm scared too. So let's both close our eyes a while."
STORY_CH18_CAMP_04,Weight is meant to be shared. The night you signed alone is over.
STORY_CH18_CAMP_05,Keeping this short. …You've fought well so far. Do the same tomorrow.
STORY_CH18_CAMP_06,"I'm no good with words. I'll just be next to you. That's enough, right?"
STORY_CH18_CAMP_07,"Everything said tonight is in my index. Whatever gets erased tomorrow, it stays here."
STORY_CH18_CAMP_08,"Navigator! Remember I said war scares me? This time it doesn't. …Well, half of me isn't scared!"
STORY_CH18_CAMP_09,"Last of all, Maeru climbed into a carriage beside the tracks and tugged each seatbelt, one by one."
STORY_CH18_CAMP_10,…Lot more seats to check this time.
STORY_CH18_CAMP_11,"…Thanks. You take this row, I'll take that one. Leave the one empty seat as it is."
STORY_CH18_CAMP_12,"It's Sio's. It stays empty for now. When the day comes to bring her along, I'll fill it."
STORY_CH18_CAMP_13,Tomorrow we fight to buy a day. I won't let a single seat go empty. …Except that one.
STORY_CH18_HARD_INTRO_01,"Behind Midnight Terminus, construction was still underway. Driverless rail carts hauled sleepers over half-laid track without rest."
STORY_CH18_HARD_INTRO_02,Zero construction error. None of the tremor you'd find in track laid by people.
STORY_CH18_HARD_INTRO_03,So it's a worksite with nobody on it. Nobody to yell at us if we smash it!
STORY_CH18_HARD_INTRO_04,…No. There's one track-cutting signal. Someone inside is undoing the construction.
STORY_CH18_HARD_INTRO_05,The sound of cutting steel rang out steadily in the distance. The cutting was just a little slower than the laying.
STORY_CH18_HARD_INTRO_06,"If someone's cutting that alone, we help. So the faster side wins."
STORY_CH18_HARD_INTRO_07,There's a supervisor's signature in the construction log. And every date is written backward.
STORY_CH18_HARD_INTRO_08,We follow the sound. We reach it before the machines do.
STORY_CH18_HARD_OUTRO_01,Midnight Terminus's great clock stopped at 11:59. The second hand trembled but never moved to the next mark.
STORY_CH18_HARD_OUTRO_02,Locked one minute short of opening. This station can never be a terminus now.
STORY_CH18_HARD_OUTRO_03,…Best station I ever designed. A terminus no one ever arrives at.
STORY_CH18_HARD_OUTRO_04,I laid the tracks. Now I'll lay tracks that take people home. From your side.
STORY_CH18_HARD_OUTRO_05,Good. Laying suits you better than cutting.
STORY_CH18_HARD_OUTRO_06,Pointless talk. …Thanks.
STORY_CH18_HARD_OUTRO_07,Cut pieces of track piled up beneath the stopped clock. The station was left with an hour that ended no one.
STORY_CH18_HARD_OUTRO_08,I'm naming this time in my index. 'The Minute That Ends No One.'
STORY_CH18_HARD_OUTRO_09,One minute left standing is enough. Let's go spend the rest of our day.
STORY_CH18_INTRO_01,"Outside the archive, new rails glowed from one horizon to the other. Every line curved toward a single point."
STORY_CH18_INTRO_02,The Last Line. Twenty-four hours until opening. The pull of the rails tilted the lanterns of distant cities all one way.
STORY_CH18_INTRO_03,"The Ashen City, the Sky Bridge, the snowfields, the capital… Every city we've passed through is being dragged to the same coordinates."
STORY_CH18_INTRO_04,"It matches the archive's scheduled order to the second. Midnight sharp. No delays, no early start."
STORY_CH18_INTRO_05,"Then, as if the whole sky had become a speaker, the announcement came down from every direction at once."
STORY_CH18_INTRO_06,"Attention, all passengers. The Last Line opens tonight at midnight."
STORY_CH18_INTRO_07,"All passengers, please board. This train stops at every station, and you may alight at none."
STORY_CH18_INTRO_08,"Navigator, a reserved seat awaits you. The same one as twelve years ago."
STORY_CH18_INTRO_09,"That seat? The one at Platform Seven? Ugh, I've got static all over!"
STORY_CH18_INTRO_10,They're pulling the refugees in too. Thousands of them are in no shape to resist on their own.
STORY_CH18_INTRO_11,"One day. Within one day, we must protect every one of these coordinates."
STORY_CH18_INTRO_12,"One day… plenty for scouting, tight for fighting."
STORY_CH18_INTRO_13,"We hit the nearest relay first. …Navigator, don't lose sight of that recorder's light."
STORY_CH18_INTRO_14,The Lamplighters began walking against the tilt of the lanterns.
STORY_CH18_MID_A_01,"The relay's giant reference clock didn't tick; it thrummed, low, like a heartbeat. Every city's clock turned to its rhythm."
STORY_CH18_MID_A_02,Can't delete the opening order from here. The core is deeper in. But guess what I found?
STORY_CH18_MID_A_03,"This clock is the reference time. Every line checks it to decide when midnight is. Slow it down, and midnight comes late."
STORY_CH18_MID_A_04,"How much can we slow it? Numbers, not guesses."
STORY_CH18_MID_A_05,"If we keep cutting the reference signal, up to twenty-four hours. Exactly one day."
STORY_CH18_MID_A_06,"A day is enough to reach the Last Line's core. We can't cancel it, but we can get there."
STORY_CH18_MID_A_07,"If you can't delete the order, cut its clock. Rational."
STORY_CH18_MID_A_08,Problem is who guards that clock while we cut. Control won't just sit there.
STORY_CH18_MID_A_09,I'll put this day in my index too. Not a day we were given—a day we earned.
STORY_CH18_MID_A_10,We buy a day. We pay for it ourselves. On to the next relay tower.
STORY_CH18_MID_B_01,"As the last signaler fell, white steam rose from Yurien's barrel. The reference clock's pulse slowed once more."
STORY_CH18_MID_B_02,"Thanks. Alone, ninety seconds was never enough. Tonight, for the first time, I had time to spare."
STORY_CH18_MID_B_03,"Yurien. Long-range gunner. Since the day they started laying this line, I've been delaying construction one day at a time with shells."
STORY_CH18_MID_B_04,Using shell flight time as a clock? …Same as my method. Margin of error?
STORY_CH18_MID_B_05,Point-two seconds per shell. A little tighter than yours.
STORY_CH18_MID_B_06,…Point-four was a long time ago.
STORY_CH18_MID_B_07,"The recorder etched its eighteenth light, the same pattern as the impact tallies carved on Yurien's barrel."
STORY_CH18_MID_B_08,I'll spend my remaining shells buying time. Down to the very last one. That's my signature.
STORY_CH18_MID_B_09,Eighteen! Just two left. I've never been so happy to see empty slots.
STORY_CH18_MID_B_10,We see this day through. The signalers' main force is in front of Midnight Terminus.
STORY_CH18_OUTRO_01,"The tower collapsed, and the compressed day scattered. The red lights died, and the reference clock's slow pulse returned."
STORY_CH18_OUTRO_02,"…If you know when it ends, even fear can be counted. With the end set in advance, no one would feel uneasy…"
STORY_CH18_OUTRO_03,Reference time locked! The opening moves from tonight to tomorrow midnight. We actually bought a day!
STORY_CH18_OUTRO_04,Four shells left. Four shells for a day—not a bad trade.
STORY_CH18_OUTRO_05,"Amid the cheering, Maeru raised the radio. The retreat team had missed their scheduled report by an hour."
STORY_CH18_OUTRO_06,"Retreat team, respond. Vera, Iri, Liv, Orsa."
STORY_CH18_OUTRO_07,"Instead of an answer, a static-laced rescue signal came back. The same sentence, repeating at the same interval."
STORY_CH18_OUTRO_08,Retreat team here. The tracks… only lead back to the start. I've lost count of the laps.
STORY_CH18_OUTRO_09,"No one's hurt. But every lap, someone forgets something."
STORY_CH18_OUTRO_10,Coordinates confirmed. The whole retreat route has closed into a loop. A track with no end—the Unfading Circuit.
STORY_CH18_OUTRO_11,"Passengers in the Circuit section, please wait in accordance with return procedures."
STORY_CH18_OUTRO_12,"Navigator, you have bought a day. I will be watching to see whom you bring back with it."
STORY_CH18_OUTRO_13,So the day we earned goes to four people. …No—of course it does.
STORY_CH18_OUTRO_14,People before the opening. We go to the Circuit. We bring all four back.
STORY_CH18_PREBOSS_01,"A colossal signal tower stood in the plaza before Midnight Terminus. The lights at its crown went dark red one by one, like a second hand."
STORY_CH18_PREBOSS_02,That's the Doom Signaler. Every hour we delayed is stockpiled inside it.
STORY_CH18_PREBOSS_03,Delay notice. A delay has occurred in the operating timetable.
STORY_CH18_PREBOSS_04,"The delayed time will now be returned. Commencing midnight barrage. Passengers, please lower your heads."
STORY_CH18_PREBOSS_05,"It's packing a whole day into one shell and sending it back. If it lands, every hour we bought is gone."
STORY_CH18_PREBOSS_06,The refugee column is inside the blast radius! Thousands are still on the tracks!
STORY_CH18_PREBOSS_07,"Vera, Iri, Liv, Orsa. You're the retreat team. Open a way out for the column."
STORY_CH18_PREBOSS_08,I'm done arriving late. This time I'll go ahead and wait for you.
STORY_CH18_PREBOSS_09,"The rest of us bend the trajectory. With four gunners, even a day-sized shell can be made to miss."
STORY_CH18_PREBOSS_10,"I'll run the numbers. Yurien, I'm trusting your point-two."
STORY_CH18_PREBOSS_11,Warning. A timetable without a fixed end causes passengers anxiety. Midnight must be kept.
STORY_CH18_PREBOSS_12,Anxious nights are when gunners get busiest. Tonight we only need to bend one trajectory.
STORY_CH18_PREBOSS_13,"All right—gunners take the sky, everyone else the tower! I'll open the way!"
STORY_CH18_PREBOSS_14,The retreat team's lanterns receded toward the column. Only one red light remained on the tower.
STORY_CH19_CAMP_01,"They set the camp lanterns in a ring at the heart of the Circuit, and Moen closed her notebook. This time, each would speak in her own voice."
STORY_CH19_CAMP_02,To give the rescue signals back to people. That's not a reason one lap can erase.
STORY_CH19_CAMP_03,"Even late, I deliver to the end. I said it myself this time, so I won't forget."
STORY_CH19_CAMP_04,"Toa, Seon, Adeline, Kir, Tiel… With every reason spoken, the Circuit's rails slowed a little more."
STORY_CH19_CAMP_05,"So no one carries a verdict alone! However many laps, that doesn't change!"
STORY_CH19_CAMP_06,I buy time down to the last shell. …Saying it out loud is a little embarrassing.
STORY_CH19_CAMP_07,"To be a witness to choices. …But just now, someone other than us answered."
STORY_CH19_CAMP_08,"On the Circuit's deepest track, a faint lantern flickered. The lantern Maeru had carried trembled in the same rhythm."
STORY_CH19_CAMP_09,"…Platform Seven rescue team, Sio here. At the sealed seat, still holding. Maeru, can you hear me?"
STORY_CH19_CAMP_10,"I think this is as far as I go. It's not your fault. When they wake up, tell them: choose together this time."
STORY_CH19_CAMP_11,"…Did you hear, Sio? A promise. This time, we choose together."
STORY_CH19_CAMP_12,"…Thank you, Sio—from the one you protected. Twelve years late, but in person."
STORY_CH19_CAMP_13,"For twelve years, I never cleared your seat. …I'm not waiting anymore. I'm taking you with me."
STORY_CH19_CAMP_14,"When the record ended, the lantern on the deep track shone long once, then went out. In Maeru's arms, the other lantern grew warm."
STORY_CH19_HARD_INTRO_01,"At the seam where the Circuit's rails met, the grinding of steel rang without end. It was the sound of the loop holding itself together."
STORY_CH19_HARD_INTRO_02,The seam widens by a hundredth of a millimeter every lap. This is the weakest point.
STORY_CH19_HARD_INTRO_03,Then there's no reason to save shells. Just give me coordinates.
STORY_CH19_HARD_INTRO_04,Wait. Life sign near the seam. The same person pops out at the same spot every lap.
STORY_CH19_HARD_INTRO_05,"Someone tumbled out of the gap, gasping, then was dragged back into the loop. Thirty seconds later, the same spot, again."
STORY_CH19_HARD_INTRO_06,"She's hurt. The same wound every time. When she comes out next, we have to catch her."
STORY_CH19_HARD_INTRO_07,Catching is my specialty. Need fast hands? Call me.
STORY_CH19_HARD_INTRO_08,We catch her next lap. Set up in front of the seam.
STORY_CH19_HARD_OUTRO_01,"When the Ouroboros Rail snapped at its seam, the steel that had been a loop stretched out long. For the first time, the track had a front and a back."
STORY_CH19_HARD_OUTRO_02,Loop signature gone. This track only runs one way now.
STORY_CH19_HARD_OUTRO_03,"…It's not pulling me back. Thirty seconds passed, and I'm not back at the start."
STORY_CH19_HARD_OUTRO_04,You're all right now. Breathe slowly. This is a road you only walk once.
STORY_CH19_HARD_OUTRO_05,Then… what's next? Where do we go next? I can't remember the last time I said 'next.'
STORY_CH19_HARD_OUTRO_06,"Next is wherever we're headed. If you want to come, there's a seat for you."
STORY_CH19_HARD_OUTRO_07,"I'm coming. Anywhere, as long as I don't have to count."
STORY_CH19_HARD_OUTRO_08,Light from a distant lantern spilled in from the end of the straightened track. Velk stared at it for a long time.
STORY_CH19_HARD_OUTRO_09,"I'll write it down. Velk, her first 'next.' Dated today."
STORY_CH19_INTRO_01,"At the mouth of the Circuit, the same milepost repeated without end. Every sign read: '0 km to the start.'"
STORY_CH19_INTRO_02,"The whole track is a single loop. Forty kilometers around, no exits. Exactly one hour per lap."
STORY_CH19_INTRO_03,A road where running forward gets you back to the start. So much for my pride as a scout.
STORY_CH19_INTRO_04,"We bought a day, and this is where it goes. …That's fine. Time spent on people is the most precious kind."
STORY_CH19_INTRO_05,"Four sets of footprints were stamped on the track dozens of layers deep. The same steps, treading the same spots again and again."
STORY_CH19_INTRO_06,The retreat team's footprints. Counting the layers… that's thirty-one laps.
STORY_CH19_INTRO_07,…We bring all four back. We leave no one.
STORY_CH19_INTRO_08,"Then the same announcement rang from every station in the Circuit, each a half-beat off the last."
STORY_CH19_INTRO_09,"Attention, please. The Circuit section is currently undergoing return procedures."
STORY_CH19_INTRO_10,"Return requires one substitute passenger. If one of you remains, the rest may go home."
STORY_CH19_INTRO_11,"Designating a substitute passenger. Navigator, will you choose the passenger again this time?"
STORY_CH19_INTRO_12,"Hear that, Control? The answer is 'no one.' We don't buy cheap deals."
STORY_CH19_INTRO_13,Footsteps instead of words. …Good. That's the clearest answer there is.
STORY_CH19_INTRO_14,"There's no loop that can't be broken. Heavy as it is, let's go in."
STORY_CH19_INTRO_15,"The thirty-second lap, we run together. Moving in."
STORY_CH19_MID_A_01,"On the thirty-second lap, the Lamplighters found the retreat team. The four sat in a circle on the tracks, watching one another."
STORY_CH19_MID_A_02,You came… Thank goodness. No one's hurt. But something's wrong.
STORY_CH19_MID_A_03,Why did I join the Lamplighters? I remember holding the floodgate. After that… it's blank.
STORY_CH19_MID_A_04,Last lap it was Orsa. One person per lap loses their reason for joining.
STORY_CH19_MID_A_05,"Whoever loses their reason is designated the substitute passenger. They have no reason to stay, and none to leave."
STORY_CH19_MID_A_06,The ticket core is at the center of the Circuit. It erases reasons to make someone 'fine to leave behind.'
STORY_CH19_MID_A_07,"Liv, it's in my index! The flooded signal station: 'Even a late rescue gets delivered to the end.' Your words!"
STORY_CH19_MID_A_08,"…Even a late rescue. Yes. That's my voice, all right."
STORY_CH19_MID_A_09,"But the core erases faster than the index can record. Next lap, it'll be one of us."
STORY_CH19_MID_A_10,Then we reach the center this lap. Retreat team with us. Nobody falls behind.
STORY_CH19_MID_B_01,"As the echoforms withdrew, Moen opened her worn notebook. Every reason erased over thirty-two laps was written there in dense pencil."
STORY_CH19_MID_B_02,"I'm Moen. I kept records at the Circuit's signal box. I've written down the reasons of everyone who circles here—by hand, not by machine."
STORY_CH19_MID_B_03,There's one way to get a reason back: say it again in your own voice. I'll read you what I wrote.
STORY_CH19_MID_B_04,"I take responsibility for bringing drifting coordinates home. …Hearing it in my own voice, it has weight again."
STORY_CH19_MID_B_05,"Handwritten records… as an archivist, I'm a little jealous. …Let's write together, Moen."
STORY_CH19_MID_B_06,"The nineteenth light etched itself into the recorder—thin as a pencil stroke, and impossible to erase."
STORY_CH19_MID_B_07,"I'll come with you. At the last moment, you'll need someone to witness who chose what."
STORY_CH19_MID_B_08,Nineteen. One left. …First time my hand has shaken while counting.
STORY_CH19_MID_B_09,"One left. And before that, we lose no one here. On to the core."
STORY_CH19_OUTRO_01,"As the ticket tore, the Circuit's track revealed an end for the first time. Beyond the broken loop, a straight road stretched away."
STORY_CH19_OUTRO_02,Default changed. 'Sacrifice procedure' deleted. 'Everyone returns' entered. …Written by hand. This is the original now.
STORY_CH19_OUTRO_03,…An empty train can bring no one home. I believed someone had to stay for the rest to return…
STORY_CH19_OUTRO_04,"No one stayed behind. Maeru called the names one by one, and every name answered."
STORY_CH19_OUTRO_05,"Every drifting coordinate has come home. Retreat team, return complete."
STORY_CH19_OUTRO_06,"Everyone's pulse is normal. …It took a while, but no one's missing."
STORY_CH19_OUTRO_07,"Then, beyond the broken Circuit, beams of light rose across the world. The lanterns of all nineteen lines they had crossed flowed in one direction."
STORY_CH19_OUTRO_08,I traced the flow back. There's one convergence point. The place the Directorate's blueprints call 'the Last Lantern.'
STORY_CH19_OUTRO_09,Same as the terminus coordinates in the archive's scheduled order. At the end of the Last Line stood the Last Lantern.
STORY_CH19_OUTRO_10,"Navigator, the light of every line is gathering. Preparations are nearly complete."
STORY_CH19_OUTRO_11,"I will wait for you before the Last Lantern. Just one signature, as twelve years ago."
STORY_CH19_OUTRO_12,I'll watch the final moment. Who chose what—I'll write it to the end.
STORY_CH19_OUTRO_13,We go to the Last Lantern. …And Sio's lantern rides with us.
STORY_CH19_PREBOSS_01,"Above the gates of the Circuit's central station floated one enormous ticket. Crew names surfaced on it and vanished, one after another."
STORY_CH19_PREBOSS_02,"Passengers of the return train, please be advised. Verifying departure conditions. One substitute passenger is required."
STORY_CH19_PREBOSS_03,"The sacrifice procedure is the default for return. If just one of you remains, everyone else may go home."
STORY_CH19_PREBOSS_04,"That again. Drop one, save the rest. Easy math, wrong answer."
STORY_CH19_PREBOSS_05,"If someone has to stay, I'll stay. …That's exactly what it wants us to say. Not falling for it."
STORY_CH19_PREBOSS_06,I've been writing down the ticket's code. 'Sacrifice' isn't an order. It's a factory default.
STORY_CH19_PREBOSS_07,A default? Defaults exist to be changed! Where's the settings menu?
STORY_CH19_PREBOSS_08,"You lack authority to change settings. The default exists to protect you, passengers."
STORY_CH19_PREBOSS_09,The authority is right here. No one who circled this loop ever chose to stay. I saw every one of them.
STORY_CH19_PREBOSS_10,The Lamplighters leave no one behind. That's our default.
STORY_CH19_PREBOSS_11,One ticket makes a fine target. Nobody rides in anyone's place.
STORY_CH19_PREBOSS_12,"I'll punch that ticket! With lightning, full of holes!"
STORY_CH19_PREBOSS_13,The names on the ticket began to spin faster. It was the sound of choosing the next name to erase.
STORY_CH20_CAMP_01,The last camp. The five founding members sat in a circle around one small lantern.
STORY_CH20_CAMP_02,Remember? The first lantern we lit. We cranked a hand generator all night just to light one section.
STORY_CH20_CAMP_03,"Four of us cried when that one section lit up. Everyone but Maeru. Though she had her back turned, so who knows."
STORY_CH20_CAMP_04,"Three, precisely. I had dust in my eye. …According to the record."
STORY_CH20_CAMP_05,And I came up with the name! The ones who open the lantern road—the Lamplighters! My head was totally overcharged that day!
STORY_CH20_CAMP_06,"After that, we grew. Twenty-four now. But the very first one we brought in—I never said it properly."
STORY_CH20_CAMP_07,All five turned to the Navigator at once. The small lantern's light spread evenly among the six of them.
STORY_CH20_CAMP_08,"Navigator. It's late, but I'll say it properly. …Welcome to the Lamplighters."
STORY_CH20_CAMP_09,No need. I've had your front since the first scouting run. Always will.
STORY_CH20_CAMP_10,"Whoa, hands in! Can I send a spark through? Just once!"
STORY_CH20_CAMP_11,…Don't.
STORY_CH20_CAMP_12,"…I'm logging it. As of today, the Lamplighters have six founding members."
STORY_CH20_CAMP_13,Great. Then tomorrow the six of us go light a lamp. We just need to bring in that twentieth signature.
STORY_CH20_CAMP_14,"Tomorrow will be long. …Sleep well, all of you."
STORY_CH20_HARD_INTRO_01,"Beneath the Last Lantern, a vertical shaft plunged out of sight. A dropped flare fell and fell without reaching the bottom."
STORY_CH20_HARD_INTRO_02,The Lumen Abyss. Where erased records sink. Thousands of names are layered in the signal from the bottom.
STORY_CH20_HARD_INTRO_03,"The walls of the abyss bore the marks of every line the Lamplighters had crossed, carved upside down."
STORY_CH20_HARD_INTRO_04,"Names overwritten in the archive, reasons erased in the Circuit… It all flowed down here in the end."
STORY_CH20_HARD_INTRO_05,We cannot leave what drifts behind. We go down.
STORY_CH20_HARD_INTRO_06,I'll hold the rope. So the way back never breaks.
STORY_CH20_HARD_INTRO_07,"Deep places are scary, but my light can reach the bottom!"
STORY_CH20_HARD_INTRO_08,"Going down. Coming up, we'll be as heavy as the names we bring."
STORY_CH20_HARD_OUTRO_01,"As the floor of the Lumen Abyss brightened, the sunken names rose as motes of light. Thousands of them climbed back up the shaft."
STORY_CH20_HARD_OUTRO_02,"They won't all fit in my index! …That's okay. From now on, these names will be remembered on their own."
STORY_CH20_HARD_OUTRO_03,I watched every name rise. Not one missed.
STORY_CH20_HARD_OUTRO_04,"Everyone safe, all the way up the rope. The way back held."
STORY_CH20_HARD_OUTRO_05,"Some days later, Platform Seven. The first train of the new timetable waited to depart."
STORY_CH20_HARD_OUTRO_06,So where's our first stop? This is the first time we get to decide.
STORY_CH20_HARD_OUTRO_07,"Vote's unanimous: 'Anywhere, all together.' …That's not a destination."
STORY_CH20_HARD_OUTRO_08,"Maeru checked the seatbelt of one empty seat, then set a small lantern down in it."
STORY_CH20_HARD_OUTRO_09,"Sio. This time, we go together."
STORY_CH20_HARD_OUTRO_10,Window seat. Perfect for the view.
STORY_CH20_HARD_OUTRO_11,…Move out.
STORY_CH20_INTRO_01,"At the end of the world stood a single lantern. Its glass, as large as a rail carriage, was empty; in twelve years it had never held a flame."
STORY_CH20_INTRO_02,"Before it, the light of nineteen lines poured in like rivers—from the rescue signal on a dead line to the pencil strokes of the Circuit."
STORY_CH20_INTRO_03,"The Last Lantern. The Last Line's terminus and the first station of every line. On the blueprints, they're the same spot."
STORY_CH20_INTRO_04,"The ignition mechanism is sealed. Twenty layers of locks. Force it, and the whole lantern shatters."
STORY_CH20_INTRO_05,The day we bought is down to a few hours. And the opening is still scheduled.
STORY_CH20_INTRO_06,"The lantern's glass trembled. Every speaker on the Last Line switched on at once, like a single indrawn breath."
STORY_CH20_INTRO_07,"Navigator, I have been waiting for your final signature."
STORY_CH20_INTRO_08,For twelve years I have not deviated from the draft by a single line. It is exactly as you wrote it.
STORY_CH20_INTRO_09,"Please conclude it now. Then no one will ever lose anything, ever again."
STORY_CH20_INTRO_10,But then nobody can go anywhere! That's just… stopping!
STORY_CH20_INTRO_11,Conclude? Don't make me laugh. We've only just started.
STORY_CH20_INTRO_12,I'll write it down. Before the Last Lantern: twenty-four arrived. Not one missing.
STORY_CH20_INTRO_13,We open the seal first. We'll prove this isn't the end—it's the first station.
STORY_CH20_MID_A_01,"When the recorder touched the first seal plate, nineteen lights rose across the glass in turn. Only the twentieth slot stayed dark."
STORY_CH20_MID_A_02,The seal doesn't count heads. It counts independent signatures from different lines. Twenty. We have nineteen.
STORY_CH20_MID_A_03,We've got way more than twenty people. Can't the five of us each sign one?
STORY_CH20_MID_A_04,No. You five share one line. The seal spots a copy of the same record in half a beat.
STORY_CH20_MID_A_05,Then the twentieth has to come from a line nobody has tied off yet. There's exactly one left in my index.
STORY_CH20_MID_A_06,The Final Line. The defensive line guarding the Last Lantern. Its defense signal is still alive.
STORY_CH20_MID_A_07,"Navigator, there is no need for a twentieth. Your signature alone is sufficient."
STORY_CH20_MID_A_08,"That voice has gotten impatient. Twelve years of waiting, and it can't manage half a day."
STORY_CH20_MID_A_09,We go to the Final Line. The twentieth isn't someone we bring—it's someone who chooses for herself.
STORY_CH20_MID_A_10,"The twentieth slot was still dark. Beyond it, from the Final Line, a single defense signal blinked as steadily as a sentry's steps."
STORY_CH20_MID_B_01,"As the echoform tide receded, Lavent lowered her shield. Every defense signal linked to it fell quiet at once."
STORY_CH20_MID_B_02,"Lavent. The last of the Final Line garrison. For twelve years, I guarded the lantern from behind this wall."
STORY_CH20_MID_B_03,My job was to guard it until someone came to light it. …You came. So now we light it together. My signature too.
STORY_CH20_MID_B_04,"The recorder trembled. The moment the twentieth light rose, all twenty marks joined into a single ring."
STORY_CH20_MID_B_05,Twenty! My index is full. This one recorder weighs more than the entire archive.
STORY_CH20_MID_B_06,"Twenty independent signatures from different lines, confirmed. …The math is done. What's left isn't math."
STORY_CH20_MID_B_07,"Attention, please. Line signatures cannot replace the draft. …They must not be able to."
STORY_CH20_MID_B_08,"That voice just wavered. I'm writing it down. Terminus Control, first hesitation."
STORY_CH20_MID_B_09,"Twenty, gathered. …Navigator, it's your turn."
STORY_CH20_MID_B_10,I'll be the wall all the way to the lantern. Don't worry about your back. Just walk.
STORY_CH20_OUTRO_01,"The floodgate fell, and darkness surged in. The Lamplighters did not hold it back. With twenty lights, they drew a road through it."
STORY_CH20_OUTRO_02,"…I locked the light away so no one would wander in the dark. Without darkness, no one would ever lose their way…"
STORY_CH20_OUTRO_03,"The Last Lantern caught fire. The darkness did not vanish. But wherever anyone stood, the way home could be seen."
STORY_CH20_OUTRO_04,…New timetable confirmed. First coordinates: twenty signatures from different lines.
STORY_CH20_OUTRO_05,"Passengers, please… choose your own destinations. Navigator, have a good journey."
STORY_CH20_OUTRO_06,"Hear that? From every line, it's not rescue signals coming in—just hellos. Thank you, Navigator."
STORY_CH20_OUTRO_07,You did well. Sleep deep tonight. This time it's a real medic's order.
STORY_CH20_OUTRO_08,Case closed! Toss the file in the campfire. One more light tonight!
STORY_CH20_OUTRO_09,I'm leaving the last line of my index blank. The next story starts there.
STORY_CH20_OUTRO_10,I saw it. I saw you choose. I wrote it all down.
STORY_CH20_OUTRO_11,Guess you won't need a wall anymore. I'll keep watching your back anyway.
STORY_CH20_OUTRO_12,"Sio would've laughed. Me, of all people—'one shot is enough'—needing twenty."
STORY_CH20_OUTRO_13,Navigator! Where to now? Anywhere's fine—I'm fully charged!
STORY_CH20_OUTRO_14,Record complete. …No. Record begins. Day one of the new timetable.
STORY_CH20_OUTRO_15,I'll open the next road too. Wherever it leads this time.
STORY_CH20_OUTRO_16,…All present.
STORY_CH20_PREBOSS_01,"Before the Last Lantern, a colossal floodgate barred the tracks. In the dark beyond it, countless things were breathing."
STORY_CH20_PREBOSS_02,"Attention, please. This is the Final Line floodgate. Ignition of the lantern is not permitted."
STORY_CH20_PREBOSS_03,"Light the lantern, and every darkness gains a route as well. Wherever light reaches, darkness follows."
STORY_CH20_PREBOSS_04,"Therefore, ignition will be turned against itself. The moment it lights, every line will be shut inside this gate."
STORY_CH20_PREBOSS_05,"For twelve years, I guarded this wall alongside that gate. Same purpose. Wrong method, that's all."
STORY_CH20_PREBOSS_06,"Then the speakers above the floodgate came on, softly. The voice was quieter and kinder than ever."
STORY_CH20_PREBOSS_07,"Navigator. That night twelve years ago, you signed to protect everyone."
STORY_CH20_PREBOSS_08,I have never once forgotten that intent. You may rest now. I will protect the rest.
STORY_CH20_PREBOSS_09,"…Navigator. If you go with that voice, I won't hold it against you. But you choose. With your own hand, this time."
STORY_CH20_PREBOSS_10,"The Navigator signed not the draft but a blank timetable, and the recorder's twenty lights gathered around the signature."
STORY_CH20_PREBOSS_11,That's not a signature on the draft. It's the first line of a new timetable. …Same hand as twelve years ago. Different choice.
STORY_CH20_PREBOSS_12,"The Navigator held out a hand, and twenty-five hands settled over it. The signature no longer belonged to any one person."
STORY_CH20_PREBOSS_13,This isn't a night of signing alone. We said we'd share the weight.
STORY_CH20_PREBOSS_14,…I do not understand. That choice may cause someone to be lost again.
STORY_CH20_PREBOSS_15,"I know. We choose it anyway. Better to go on together knowing we may lose, than to stop so we never do."
STORY_CH20_PREBOSS_16,"Ignition signal detected. Closing the floodgate. All passengers, please wait in the dark."
STORY_CH20_PREBOSS_17,We've done enough waiting to last a lifetime. I'll open the last road!
STORY_CH20_PREBOSS_18,"I'll be the wall. Everyone, run for the lantern!"
STORY_PROLOGUE_01,"Twelve years ago, the light in the sky went out. People call that day the Great Blackout."
STORY_PROLOGUE_02,The surface drowned in afterglow storms of whirling memory and sound. The last cities held on to one another by a single mineral railway underground.
STORY_PROLOGUE_03,Only stretches lit by lanterns along the rails were safe. We called the people who relight dead lanterns the Lamplighters.
STORY_PROLOGUE_04,"And today, for the first time in twelve years, the Lamplighters returned to Platform Seven."
STORY_PROLOGUE_05,"Rails are clear, no echoform readings. …It's almost too quiet."
STORY_PROLOGUE_06,One signal is alive. Inside the train. It hasn't gone dark once in twelve years.
STORY_PROLOGUE_07,"…Someone stopped here, once. Everyone, keep your spacing. We go slow."
STORY_PROLOGUE_08,"Someone slept in a seat of the stalled carriage. Only the recorder on their wrist blinked, like a heartbeat."
STORY_PROLOGUE_09,"H-hey! They're alive! The pulse is… no, it's like the machine is beating for them?"
STORY_PROLOGUE_10,"Wake procedure confirmed. Navigator, it is an honor to see you again."
STORY_PROLOGUE_11,…Was that a Directorate announcement? Weren't those speakers dead twelve years ago?
STORY_PROLOGUE_12,Lower your weapons. We deal with the broadcast later. This person comes first.
STORY_PROLOGUE_13,The sleeper opened their eyes. Strange letters surfaced on the recorder: Record Navigator.
STORY_PROLOGUE_14,"Can you hear me? We're the Lamplighters. It's all right, slowly. What do you want to do first?"
STORY_PROLOGUE_15,"Good. Lanterns first. Where there's light, there's a road."
STORY_PROLOGUE_16,That device is no ordinary thing. It's reading the signals around us even now.
STORY_PROLOGUE_17,I'll clear the scouting route. Follow as soon as the signal comes alive.
STORY_PROLOGUE_18,"Before leaving, Maeru quietly checked the seatbelt of one empty seat."
STORY_PROLOGUE_19,All present. …Move out.
STORY_REL_I_01,I gathered broken station announcements and turned them into a little chorus.
STORY_REL_I_02,A trace that someone lived matters more to me than perfect pitch.
STORY_REL_I_03,Let us play it together at the next station. It will sound better than listening alone.
STORY_REL_M_01,"Before departure, I even check the seatbelt on the empty seat. I cannot relax if I skip it."
STORY_REL_M_02,I began doing it so I would not forget the teammate who never returned.
STORY_REL_M_03,Today I placed new rescue gear there. An empty place can help save the next person now.
UI_STORY_TITLE,Story
WEAPON_BLADE_V1,Common BLADE Gear WPN001
WEAPON_BLADE_V2,Common BLADE Gear WPN007
WEAPON_COMPACT_V1,Common COMPACT Gear WPN002
WEAPON_COMPACT_V2,Common COMPACT Gear WPN008
WEAPON_FOCUS_V1,Common FOCUS Gear WPN005
WEAPON_FOCUS_V2,Common FOCUS Gear WPN011
WEAPON_HEAVY_V1,Common HEAVY Gear WPN004
WEAPON_HEAVY_V2,Common HEAVY Gear WPN010
WEAPON_RIFLE_V1,Common RIFLE Gear WPN003
WEAPON_RIFLE_V2,Common RIFLE Gear WPN009
WEAPON_SUPPORT_DEVICE_V1,Common SUPPORT_DEVICE Gear WPN006
WEAPON_SUPPORT_DEVICE_V2,Common SUPPORT_DEVICE Gear WPN012
