key,text
BATTLE_BOSS_ENRAGE_HUD,폭주
BATTLE_BOSS_ENRAGE_SUBTITLE,위험 출력이 한계를 넘어섰습니다.
BATTLE_BOSS_ENRAGE_TITLE,보스 폭주
BATTLE_BOSS_PHASE_1_HUD,1단계
BATTLE_BOSS_PHASE_2_HUD,2단계
BATTLE_BOSS_PHASE_2_SUBTITLE,공허기관의 핵이 재배열됩니다.
BATTLE_BOSS_PHASE_2_TITLE,제2단계 돌입
CH01_CHOICE_FIRE,모닥불에 장작을 넣는다
CH01_CHOICE_RECORDER,항해 기록기를 내려다본다
CH01_CHOICE_SEAT,빈 좌석 옆에 앉는다
CH01_CHOICE_UNKNOWN,나도 모른다
CH02_CHOICE_ASK_SIO,시오에 대해 더 묻는다
CH02_CHOICE_CLOCKS,주위의 시계를 살핀다
CH02_CHOICE_KEEP_SEAT,빈 좌석을 함께 비워 둔다
CH02_CHOICE_NO_MEMORY,기억나는 것은 없다
CH02_CHOICE_SHOW_RECORDER,기록기를 모두에게 보인다
CH02_CHOICE_TOGETHER,모두와 함께 간다
CH03_CHOICE_DONT_KNOW,나도 이유를 모른다
CH03_CHOICE_FIRELIGHT,기록기를 불빛에 비춰 본다
CH03_CHOICE_STEP_FORWARD,거울 앞으로 나선다
CH03_CHOICE_TOA_BEAT,토아의 박자에 맞춘다
CH04_CHOICE_BESIDE_LIV,리브 곁에 선다
CH04_CHOICE_BLANKET,마른 담요를 건넨다
CH04_CHOICE_RECORDS_ROOM,보관실 쪽을 가리킨다
CH04_CHOICE_SIT_BETWEEN,두 사람 사이에 앉는다
CH17_CHOICE_APOLOGIZE,모두에게 사과한다
CH17_CHOICE_DISCARD,초안을 폐기한다
CH18_CHOICE_ASK,빈 좌석에 대해 묻는다
CH18_CHOICE_HELP,좌석 확인을 돕는다
CH19_CHOICE_NONE,아무도 고르지 않는다
CH19_CHOICE_PROMISE,약속한다
CH19_CHOICE_THANK,고맙다고 전한다
CH19_CHOICE_WALK,스피커를 등지고 원환으로 들어선다
CH20_CHOICE_HANDS,다섯의 손을 한데 모은다
CH20_CHOICE_SIGN,새 시간표에 서명한다
CH20_CHOICE_THANKS,고맙다고 답한다
CH20_CHOICE_TOGETHER,모두와 함께 서명한다
CHAPTER_01,제1장 — 꺼진 노선의 신호
CHAPTER_02,제2장 — 되감기는 종착선
CHAPTER_03,제3장 — 유리평원의 야간열차
CHAPTER_04,제4장 — 침수된 신호원
CHAPTER_05,제5장 — 회백도시 봉쇄선
CHAPTER_06,제6장 — 하늘교량의 낙뢰
CHAPTER_07,제7장 — 설원에 묻힌 방송
CHAPTER_08,제8장 — 붉은 채굴궤도
CHAPTER_09,제9장 — 잠든 역무국
CHAPTER_10,제10장 — 쌍월 환승로
CHAPTER_11,제11장 — 검은 조류 방파선
CHAPTER_12,제12장 — 무명성당의 열쇠
CHAPTER_13,제13장 — 사막의 유령 시간표
CHAPTER_14,제14장 — 반전된 수도권
CHAPTER_15,제15장 — 제로 신호의 정원
CHAPTER_16,제16장 — 철도왕관 내전
CHAPTER_17,제17장 — 잔광의 도서고
CHAPTER_18,제18장 — 종말선 전야
CHAPTER_19,제19장 — 꺼지지 않는 원환
CHAPTER_20,제20장 — 마지막 등불
CHAR_ADELINE_DESC,등로단의 ARTILLERY 역할을 맡은 탐사대원.
CHAR_ADELINE_NAME,아델린
CHAR_ARINT_DESC,등로단의 GUARDIAN 역할을 맡은 탐사대원.
CHAR_ARINT_NAME,아린트
CHAR_BAEL_DESC,등로단의 MEDIC 역할을 맡은 탐사대원.
CHAR_BAEL_NAME,바엘
CHAR_CIEL_DESC,등로단의 ARTILLERY 역할을 맡은 탐사대원.
CHAR_CIEL_NAME,시엘
CHAR_DAEL_DESC,등로단의 SPECIALIST 역할을 맡은 탐사대원.
CHAR_DAEL_NAME,다엘
CHAR_DRAN_DESC,등로단의 VANGUARD 역할을 맡은 탐사대원.
CHAR_DRAN_NAME,드란
CHAR_EDA_DESC,등로단의 ASSAULT 역할을 맡은 탐사대원.
CHAR_EDA_NAME,에다
CHAR_HART_DESC,등로단의 ARTILLERY 역할을 맡은 탐사대원.
CHAR_HART_NAME,하르트
CHAR_HERAON_DESC,등로단의 ARTILLERY 역할을 맡은 탐사대원.
CHAR_HERAON_NAME,헤라온
CHAR_INOA_DESC,등로단의 SPECIALIST 역할을 맡은 탐사대원.
CHAR_INOA_NAME,이노아
CHAR_IRI_DESC,등로단의 MEDIC 역할을 맡은 탐사대원.
CHAR_IRI_NAME,이리
CHAR_KAIREN_DESC,등로단의 ASSAULT 역할을 맡은 탐사대원.
CHAR_KAIREN_NAME,카이렌
CHAR_KARN_DESC,등로단의 VANGUARD 역할을 맡은 탐사대원.
CHAR_KARN_NAME,카른
CHAR_KIAN_DESC,등로단의 ASSAULT 역할을 맡은 탐사대원.
CHAR_KIAN_NAME,키안
CHAR_KIR_DESC,등로단의 SPECIALIST 역할을 맡은 탐사대원.
CHAR_KIR_NAME,키르
CHAR_LAVENT_DESC,등로단의 GUARDIAN 역할을 맡은 탐사대원.
CHAR_LAVENT_NAME,라벤트
CHAR_LIV_DESC,등로단의 VANGUARD 역할을 맡은 탐사대원.
CHAR_LIV_NAME,리브
CHAR_MAERU_DESC,등로단의 GUARDIAN 역할을 맡은 탐사대원.
CHAR_MAERU_NAME,마에루
CHAR_MERIN_DESC,등로단의 MEDIC 역할을 맡은 탐사대원.
CHAR_MERIN_NAME,메린
CHAR_MIRE_DESC,등로단의 MEDIC 역할을 맡은 탐사대원.
CHAR_MIRE_NAME,미레
CHAR_MOEN_DESC,등로단의 SPECIALIST 역할을 맡은 탐사대원.
CHAR_MOEN_NAME,모엔
CHAR_NARIN_DESC,등로단의 ASSAULT 역할을 맡은 탐사대원.
CHAR_NARIN_NAME,나린
CHAR_NOAR_DESC,등로단의 MEDIC 역할을 맡은 탐사대원.
CHAR_NOAR_NAME,노아르
CHAR_ORBIN_DESC,등로단의 GUARDIAN 역할을 맡은 탐사대원.
CHAR_ORBIN_NAME,오르빈
CHAR_ORSA_DESC,등로단의 GUARDIAN 역할을 맡은 탐사대원.
CHAR_ORSA_NAME,오르사
CHAR_PERIN_DESC,등로단의 SPECIALIST 역할을 맡은 탐사대원.
CHAR_PERIN_NAME,페린
CHAR_RAEN_DESC,등로단의 VANGUARD 역할을 맡은 탐사대원.
CHAR_RAEN_NAME,라엔
CHAR_REMA_DESC,등로단의 GUARDIAN 역할을 맡은 탐사대원.
CHAR_REMA_NAME,레마
CHAR_RIAS_DESC,등로단의 ASSAULT 역할을 맡은 탐사대원.
CHAR_RIAS_NAME,리아스
CHAR_ROAN_DESC,등로단의 VANGUARD 역할을 맡은 탐사대원.
CHAR_ROAN_NAME,로안
CHAR_ROME_DESC,등로단의 GUARDIAN 역할을 맡은 탐사대원.
CHAR_ROME_NAME,로메
CHAR_SEB_DESC,등로단의 VANGUARD 역할을 맡은 탐사대원.
CHAR_SEB_NAME,세브
CHAR_SEON_DESC,등로단의 MEDIC 역할을 맡은 탐사대원.
CHAR_SEON_NAME,세온
CHAR_SOA_DESC,등로단의 SPECIALIST 역할을 맡은 탐사대원.
CHAR_SOA_NAME,소아
CHAR_SOREN_DESC,등로단의 ARTILLERY 역할을 맡은 탐사대원.
CHAR_SOREN_NAME,소렌
CHAR_TERAN_DESC,등로단의 VANGUARD 역할을 맡은 탐사대원.
CHAR_TERAN_NAME,테란
CHAR_TIEL_DESC,등로단의 MEDIC 역할을 맡은 탐사대원.
CHAR_TIEL_NAME,티엘
CHAR_TOA_DESC,등로단의 SPECIALIST 역할을 맡은 탐사대원.
CHAR_TOA_NAME,토아
CHAR_VELK_DESC,등로단의 ASSAULT 역할을 맡은 탐사대원.
CHAR_VELK_NAME,벨크
CHAR_VEON_DESC,등로단의 ASSAULT 역할을 맡은 탐사대원.
CHAR_VEON_NAME,베온
CHAR_VERA_DESC,등로단의 SPECIALIST 역할을 맡은 탐사대원.
CHAR_VERA_NAME,베라
CHAR_YUNAK_DESC,등로단의 ARTILLERY 역할을 맡은 탐사대원.
CHAR_YUNAK_NAME,유나크
CHAR_YURIEN_DESC,등로단의 ARTILLERY 역할을 맡은 탐사대원.
CHAR_YURIEN_NAME,유리엔
CHAR_ZERN_DESC,등로단의 ASSAULT 역할을 맡은 탐사대원.
CHAR_ZERN_NAME,제른
CHOICE_CH05_ASK_NAMES,천막을 돌며 이름을 묻는다
CHOICE_CH05_SIT_ROAN,로안 곁에 앉는다
CHOICE_CH06_NO_MEMORY,기억나지 않는다
CHOICE_CH06_WANT_TRUTH,알고 싶다
CHOICE_CH07_FETCH,기다리는 사람을 데리러 간다
CHOICE_CH07_HOLD_MAERU,마에루의 손을 잡는다
CHOICE_CH07_STEP_FORWARD,마에루 앞으로 나선다
CHOICE_CH07_WALK_OUT,걸어 나온다
CHOICE_CH08_HEAVY,무겁다
CHOICE_CH08_NOT_YET,아직 모르겠다
CHOICE_CH09_HAD_REASON,"그랬다면, 이유가 있었을 것이다"
CHOICE_CH09_HERE_NOW,모른다. 하지만 지금은 여기 있다
CHOICE_CH09_SHIELD_VEON,베온 앞에 선다
CHOICE_CH09_TAKE_CASE,사건 0001을 돌려받는다
CHOICE_CH10_CHOOSE_NEITHER,어느 쪽도 고르지 않는다
CHOICE_CH10_CHOOSING_WORLD,그래도 고르는 세계가 낫다
CHOICE_CH10_COUNT_BOTH,양쪽 승객부터 센다
CHOICE_CH10_SILENCE,대답하지 않는다
CHOICE_CH11_FIND_TARGET,그 밤의 구조 대상을 찾겠다
CHOICE_CH11_GUARD_LANTERN,시오의 등불을 함께 지킨다
CHOICE_CH12_CALL_NAME,마에루의 이름을 부른다
CHOICE_CH12_CARRY_TOGETHER,무겁다. 하지만 함께 들고 있다
CHOICE_CH12_EIGHT_MORE,아직 여덟이 남았다
CHOICE_CH12_SHOW_RECORD,기록기를 내민다
CHOICE_LIGHT,먼저 불빛을 확인한다
CHOICE_RECORD,기록 장치를 확보한다
ENEMY_ABYSSAL_SEMAPHORE,심연 신호기
ENEMY_AFTERGLOW_SCREEN,잔광 차폐기
ENEMY_ARC_HARRIER,아크 습격체
ENEMY_ARC_MOTE,전류 부유체
ENEMY_ASH_CITADEL,재의 성채
ENEMY_ASH_RUNNER,재의 질주체
ENEMY_BLACKWATER_LEVIATHAN,흑수 리바이어던
ENEMY_BREAKWATER_GUARD,방파 경비체
ENEMY_BRIDGE_ANCHOR,교량 닻
ENEMY_BRINE_CANNON,염수 포대
ENEMY_BROADCASTER,왜곡 방송국
ENEMY_BROKENLINE_TRACKER,단선 추적자
ENEMY_CHOIR_LOCK,성가 자물쇠
ENEMY_CHORUS_BIT,합창 파편
ENEMY_CINDER_JUDICATOR,잿빛 심판관
ENEMY_CINDER_RIFLE,불씨 소총체
ENEMY_CROWN_LANCER,왕관 창기사
ENEMY_DOCKET_GUARD,사건부 경비체
ENEMY_DOOM_SIGNALER,종말 신호수
ENEMY_DREAM_BAILIFF,꿈의 집행관
ENEMY_DREAM_PATROL,꿈 순찰체
ENEMY_DROWNED_SCOUT,수몰 척후
ENEMY_DUNE_STATIONMASTER,사구 역장
ENEMY_DUST_LENS,먼지 렌즈
ENEMY_ECLIPSE_CONDUCTOR,월식 지휘자
ENEMY_ECLIPSE_WARD,월식 결계체
ENEMY_ETERNAL_TICKET,영원 승차권
ENEMY_FALLEN_BATTERY,낙선 포대
ENEMY_FOG_MORTAR,안개 박격체
ENEMY_FROST_CANTOR,서리 성가대장
ENEMY_GLASS_MARSHAL,유리 원수
ENEMY_GLASS_STALKER,유리 추적자
ENEMY_GLASS_TRANSMITTER,유리 송신체
ENEMY_GRAVITY_AUDITOR,중력 감사관
ENEMY_HOLLOW_ENGINE,공허 기관
ENEMY_ICE_RELAY,빙결 중계기
ENEMY_INDEX_PREDATOR,색인 포식자
ENEMY_INVERSION_CROWN,반전 왕관
ENEMY_IRON_CANTOR,철의 선창자
ENEMY_LAST_LINE_WARDEN,최후선 수문장
ENEMY_LUMEN_ABYSS,루멘 심연
ENEMY_LUNAR_DIVIDER,월분할자
ENEMY_MAGMA_CASTER,용암 투사체
ENEMY_MEND_ECHO,수복 잔향
ENEMY_MIDNIGHT_TERMINUS,자정 종착역
ENEMY_MIRAGE_LOCOTIVE,신기루 기관차
ENEMY_MIRROR_BULWARK,거울 방벽
ENEMY_MOON_SKIRMISHER,월광 척후
ENEMY_NAMELESS_PRELATE,무명 고위사제
ENEMY_NIGHT_BELL,심야의 종
ENEMY_NULL_GARDENER,무의 정원사
ENEMY_ORBITAL_MAW,궤도의 아가리
ENEMY_ORE_BASTION,광석 보루
ENEMY_OUROBOROS_RAIL,우로보로스 선로
ENEMY_PALIMPSEST_CORE,팰림프세스트 핵
ENEMY_PRISM_GUNNER,프리즘 사수
ENEMY_QUARRY_CUTTER,채석 절단기
ENEMY_RETURN_FORMATION_CORE,회송 편성핵
ENEMY_REVERSE_ELECTRODE,역송 전극체
ENEMY_REVERSE_GATEKEEPER,역행의 개찰자
ENEMY_RUSH_WISP,화염 송곳짐승
ENEMY_SCARLET_EXCAVATOR,진홍 굴착기
ENEMY_SHELL_RELAY,장갑 중계기
ENEMY_SILT_MEDIC,침니 수복체
ENEMY_SLEEP_NEEDLE,수면 바늘
ENEMY_SMOG_WARDEN,매연 감시자
ENEMY_SNOW_TRACKER,설원 추적자
ENEMY_SOMNOLENT_DIRECTOR,잠든 국장
ENEMY_SOVEREIGN_ENGINE,군주 기관
ENEMY_SURGE_RUNNER,해일 질주체
ENEMY_TEMPEST_COLOSSUS,폭풍 거상
ENEMY_THUNDER_LENS,뇌광 렌즈
ENEMY_TIDAL_SNIPER,조석 저격체
ENEMY_TIDAL_SWITCHMASTER,조수 전환장
ENEMY_TIDE_REAPER,조류 수확자
ENEMY_VACANT_CHORUS,빈자리 합창체
ENEMY_VOLT_ARCHON,전압 집정관
ENEMY_WARDEN_FRAME,감시자 골격
ENEMY_WHITEOUT_TRANSMITTER,백시 송신기
ENEMY_WHITE_DAWN_OBSERVER,백야 관측체
ENEMY_WHITE_MEDIC,백색 수복체
ENEMY_ZERO_BLOOM,제로 개화
FIELD_ARCHIVE,증거를 기록한다 · 보급함 위치 표시
FIELD_CACHE,노선 점검 보급함
FIELD_CH01_OBJECTIVE,꺼진 광맥선을 다시 연결한다
FIELD_CH02_ENTRY_BODY,같은 열차의 출발 도장이 두 번 찍혀 있다. 시곗바늘 대신 종이의 찢어진 순서를 따라 원래 출발 지점을 표시한다.
FIELD_CH02_ENTRY_TITLE,겹쳐 찍힌 출발표
FIELD_CH02_EVIDENCE_BODY,되감기는 표와 실제 이동 기록이 일치하지 않는다. 역송 신호가 지나간 구간을 분리해 표시해야 한다. 현장 기록을 보관하거나 남은 정비 물자를 회수할 수 있다.
FIELD_CH02_EVIDENCE_TITLE,겹쳐 찍힌 출발표 · 대조 기록
FIELD_CH02_OBJECTIVE,시간을 역송하는 종착역을 멈춘다
FIELD_CH03_ENTRY_BODY,차창 속 발자국은 우리가 멈춘 뒤에도 한 번 더 움직였다. 반사면에서 떨어진 선로에 실제 발자국을 표시한다.
FIELD_CH03_ENTRY_TITLE,금이 간 차창
FIELD_CH03_EVIDENCE_BODY,"거울 선로는 일행의 전투 기록을 복제해, 버린 선택까지 적으로 되돌리고 있었다. 현장 기록을 보관하거나 남은 정비 물자를 회수할 수 있다."
FIELD_CH03_EVIDENCE_TITLE,금이 간 차창 · 대조 기록
FIELD_CH03_OBJECTIVE,거울 선로가 원정대를 복제한다
FIELD_CH04_ENTRY_BODY,호출함의 표시등은 물결과 다른 간격으로 깜빡인다. 구조음을 따라 뛰어들기 전에 마른 점검로를 확보한다.
FIELD_CH04_ENTRY_TITLE,물에 잠긴 호출함
FIELD_CH04_EVIDENCE_BODY,호출은 생존자가 아니라 폐쇄 당시 구조를 포기했던 관제 기록이 만든 죄책감의 루프였다. 현장 기록을 보관하거나 남은 정비 물자를 회수할 수 있다.
FIELD_CH04_EVIDENCE_TITLE,물에 잠긴 호출함 · 대조 기록
FIELD_CH04_OBJECTIVE,수몰 신호소의 거짓 구조음을 추적한다
FIELD_CH05_ENTRY_BODY,닫힌 문 아래에서 따뜻한 공기가 흘러나온다. 안쪽을 지나는 사람들을 방해하지 않도록 통풍로 옆에 우회 표식을 남긴다.
FIELD_CH05_ENTRY_TITLE,봉쇄문 아래의 통풍로
FIELD_CH05_EVIDENCE_BODY,봉쇄선은 감염을 막은 것이 아니라 도시 밖으로 증언이 나가는 것을 막고 있었다. 현장 기록을 보관하거나 남은 정비 물자를 회수할 수 있다.
FIELD_CH05_EVIDENCE_TITLE,봉쇄문 아래의 통풍로 · 대조 기록
FIELD_CH05_OBJECTIVE,봉쇄된 도시의 생존 회랑을 연다
FIELD_CH06_ENTRY_BODY,교량의 접지판마다 그을린 방향이 다르다. 최근 낙뢰가 빠져나간 쪽을 기록해 다음 점검 구간을 고른다.
FIELD_CH06_ENTRY_TITLE,낙뢰를 맞은 접지판
FIELD_CH06_EVIDENCE_BODY,낙뢰는 자연현상이 아니라 다리를 건넌 사람의 수를 세는 오래된 통행세였다. 현장 기록을 보관하거나 남은 정비 물자를 회수할 수 있다.
FIELD_CH06_EVIDENCE_TITLE,낙뢰를 맞은 접지판 · 대조 기록
FIELD_CH06_OBJECTIVE,부유 교량의 낙뢰 제어권을 되찾는다
FIELD_CH07_ENTRY_BODY,눈을 털어내자 방송이 다시 선명해진다. 선을 끊기 전에 명령이 들어오는 방향부터 추적한다.
FIELD_CH07_ENTRY_TITLE,눈 아래의 수신선
FIELD_CH07_EVIDENCE_BODY,방송은 철수 명령이 아니라 구조대가 돌아오지 못하게 만드는 무한 대기 명령이었다. 현장 기록을 보관하거나 남은 정비 물자를 회수할 수 있다.
FIELD_CH07_EVIDENCE_TITLE,눈 아래의 수신선 · 대조 기록
FIELD_CH07_OBJECTIVE,빙설 아래 계속되는 명령 방송을 끊는다
FIELD_CH08_ENTRY_BODY,고정쇠에 새겨진 하중 눈금이 끝까지 밀려 있다. 붉은 분진에 남은 낙하 흔적을 피해 점검로를 정한다.
FIELD_CH08_ENTRY_TITLE,떨어진 궤도 고정쇠
FIELD_CH08_EVIDENCE_BODY,채굴환은 광석이 아니라 기억을 연료로 태워 궤도를 유지해 왔다. 현장 기록을 보관하거나 남은 정비 물자를 회수할 수 있다.
FIELD_CH08_EVIDENCE_TITLE,떨어진 궤도 고정쇠 · 대조 기록
FIELD_CH08_OBJECTIVE,폭주 채굴환의 낙하를 저지한다
FIELD_CH09_ENTRY_BODY,잠든 접수대가 빈 서류에도 판결 번호를 찍는다. 새 서류를 넣지 않고 배출구의 기록만 회수한다.
FIELD_CH09_ENTRY_TITLE,주인 없는 접수대
FIELD_CH09_EVIDENCE_BODY,"자동 재판은 죄를 묻지 않고, 미래에 노선을 방해할 가능성만 계산하고 있었다. 현장 기록을 보관하거나 남은 정비 물자를 회수할 수 있다."
FIELD_CH09_EVIDENCE_TITLE,주인 없는 접수대 · 대조 기록
FIELD_CH09_OBJECTIVE,잠든 관제국의 자동 재판을 무효화한다
FIELD_CH10_ENTRY_BODY,한 승강장에 서로 다른 날짜가 켜져 있다. 어느 쪽도 지우지 않고 각 신호가 연결된 선로를 따로 표시한다.
FIELD_CH10_ENTRY_TITLE,두 겹의 승강장 시계
FIELD_CH10_EVIDENCE_BODY,두 시간표가 충돌하면 한쪽 승객의 현재가 통째로 삭제된다. 현장 기록을 보관하거나 남은 정비 물자를 회수할 수 있다.
FIELD_CH10_EVIDENCE_TITLE,두 겹의 승강장 시계 · 대조 기록
FIELD_CH10_OBJECTIVE,두 개의 달력선이 충돌하기 전 분리한다
FIELD_CH11_ENTRY_BODY,검은 물이 빠진 뒤에도 수위계의 신호는 오르고 있다. 실제 수면과 방송 수위를 나란히 기록한다.
FIELD_CH11_ENTRY_TITLE,검게 물든 수위계
FIELD_CH11_EVIDENCE_BODY,조류 속에는 지금까지 버린 경로와 구조하지 못한 사람들의 좌표가 떠다녔다. 현장 기록을 보관하거나 남은 정비 물자를 회수할 수 있다.
FIELD_CH11_EVIDENCE_TITLE,검게 물든 수위계 · 대조 기록
FIELD_CH11_OBJECTIVE,도시로 밀려오는 신호 조류를 막는다
FIELD_CH12_ENTRY_BODY,열쇠는 남아 있지만 소유자 이름은 모두 비어 있다. 이름 대신 열쇠의 홈 모양으로 보관 위치를 복원한다.
FIELD_CH12_ENTRY_TITLE,이름이 지워진 열쇠함
FIELD_CH12_EVIDENCE_BODY,성당은 죽은 이를 추모한 것이 아니라 살아 있는 이의 이름을 봉인 유지비로 징수했다. 현장 기록을 보관하거나 남은 정비 물자를 회수할 수 있다.
FIELD_CH12_EVIDENCE_TITLE,이름이 지워진 열쇠함 · 대조 기록
FIELD_CH12_OBJECTIVE,이름을 빼앗는 성당의 봉인을 푼다
FIELD_CH13_ENTRY_BODY,바퀴 자국이 없는 정차선에 도착 표시만 남아 있다. 유령 시간표가 가리키는 방향과 실제 길을 대조한다.
FIELD_CH13_ENTRY_TITLE,모래 위의 정차선
FIELD_CH13_EVIDENCE_BODY,유령 시간표는 사람들이 선택하지 못한 삶을 실제 노선으로 만들려 했다. 현장 기록을 보관하거나 남은 정비 물자를 회수할 수 있다.
FIELD_CH13_EVIDENCE_TITLE,모래 위의 정차선 · 대조 기록
FIELD_CH13_OBJECTIVE,존재하지 않는 열차의 노선을 지운다
FIELD_CH14_ENTRY_BODY,출입 표지 아래로 먼지가 떨어지지 않는다. 방향 표시를 믿기 전에 작은 돌로 중력이 흐르는 쪽을 확인한다.
FIELD_CH14_ENTRY_TITLE,뒤집힌 출입 표지
FIELD_CH14_EVIDENCE_BODY,중력 반전은 사고가 아니라 수도를 외부 노선에서 영구 격리하려는 비상 규약이었다. 현장 기록을 보관하거나 남은 정비 물자를 회수할 수 있다.
FIELD_CH14_EVIDENCE_TITLE,뒤집힌 출입 표지 · 대조 기록
FIELD_CH14_OBJECTIVE,뒤집힌 수도 순환선의 중력을 복구한다
FIELD_CH15_ENTRY_BODY,방금 읽은 표찰의 날짜가 처음 값으로 돌아갔다. 정원 밖에서 기록을 대조할 수 있도록 종이 표식을 남긴다.
FIELD_CH15_ENTRY_TITLE,되풀이되는 화단 표찰
FIELD_CH15_EVIDENCE_BODY,정원의 꽃은 기억을 지우는 대신 가장 안전했던 순간만 남겨 사람을 움직이지 못하게 했다. 현장 기록을 보관하거나 남은 정비 물자를 회수할 수 있다.
FIELD_CH15_EVIDENCE_TITLE,되풀이되는 화단 표찰 · 대조 기록
FIELD_CH15_OBJECTIVE,모든 기억을 초기화하는 정원을 봉쇄한다
FIELD_CH16_ENTRY_BODY,같은 길을 두 왕관의 검문패가 막고 있다. 어느 쪽 명령도 전달하지 않고 민간 이동로를 먼저 표시한다.
FIELD_CH16_ENTRY_TITLE,부서진 양쪽 검문패
FIELD_CH16_EVIDENCE_BODY,내전의 승자는 왕관이 아니라 모든 피난 노선을 강제 병합할 권한을 얻는다. 현장 기록을 보관하거나 남은 정비 물자를 회수할 수 있다.
FIELD_CH16_EVIDENCE_TITLE,부서진 양쪽 검문패 · 대조 기록
FIELD_CH16_OBJECTIVE,분열된 노선왕들의 내전을 끝낸다
FIELD_CH17_ENTRY_BODY,새 색인 아래에 지워지지 않은 책 번호가 비친다. 원본 종이를 훼손하지 않고 겹쳐진 순서를 기록한다.
FIELD_CH17_ENTRY_TITLE,덧씌워진 서가 색인
FIELD_CH17_EVIDENCE_BODY,도서고는 내전을 없애기 위해 원정대가 개입한 기록부터 삭제하고 있었다. 현장 기록을 보관하거나 남은 정비 물자를 회수할 수 있다.
FIELD_CH17_EVIDENCE_TITLE,덧씌워진 서가 색인 · 대조 기록
FIELD_CH17_OBJECTIVE,역사를 개작하는 기록기관을 탈환한다
FIELD_CH18_ENTRY_BODY,개통 예고의 남은 시간이 점검 시계보다 빠르게 줄어든다. 두 시계를 함께 기록해 신호 기준의 차이를 찾는다.
FIELD_CH18_ENTRY_TITLE,앞당겨진 개통 예고
FIELD_CH18_EVIDENCE_BODY,이 중계점에서는 개통을 취소할 수 없지만 신호 기준시를 늦추면 다음 핵심부에 도착할 하루를 벌 수 있다. 현장 기록을 보관하거나 남은 정비 물자를 회수할 수 있다.
FIELD_CH18_EVIDENCE_TITLE,앞당겨진 개통 예고 · 대조 기록
FIELD_CH18_OBJECTIVE,최종 노선의 개통을 하루 늦춘다
FIELD_CH19_ENTRY_BODY,앞에 남겨둔 회수 표식이 다시 발밑에서 발견된다. 표식을 덧그리지 않고 이동 순서를 번호로 구분한다.
FIELD_CH19_ENTRY_TITLE,돌아온 회수 표식
FIELD_CH19_EVIDENCE_BODY,원환 중앙의 승차권 코어는 매 회 한 명을 대체 승객으로 지정하기 위해 그 사람의 합류 이유를 지우고 있었다. 현장 기록을 보관하거나 남은 정비 물자를 회수할 수 있다.
FIELD_CH19_EVIDENCE_TITLE,돌아온 회수 표식 · 대조 기록
FIELD_CH19_OBJECTIVE,무한 순환에 갇힌 동료들을 회수한다
FIELD_CH20_ENTRY_BODY,마지막 선로의 차폐판 틈으로 작은 빛이 새어 나온다. 불씨를 건드리지 않고 바람이 들어오는 틈부터 막는다.
FIELD_CH20_ENTRY_TITLE,불씨를 지키는 차폐판
FIELD_CH20_EVIDENCE_BODY,봉인이 세는 것은 사람 수가 아니라 서로 다른 노선에서 확보한 스무 개의 독립 서명이었다. 같은 기록의 복제로는 점화할 수 없다. 현장 기록을 보관하거나 남은 정비 물자를 회수할 수 있다.
FIELD_CH20_EVIDENCE_TITLE,불씨를 지키는 차폐판 · 대조 기록
FIELD_CH20_OBJECTIVE,세계의 마지막 등불을 점화한다
FIELD_SALVAGE,정비 부품 회수 · 기술 교본
FIELD_SUPPLY,남은 보급품 회수 · 훈련 노트
FIELD_SURVEY,경로를 조사한다 · 주변 시야 확보
GAME_SUBTITLE,빛이 끊긴 세계에서 이야기를 잇는 사람들
GAME_TITLE,LUMENBOUND: TACTICS OF THE LAST LINE
ITEM_BLUEPRINT_T1,설계도 T1
ITEM_BLUEPRINT_T2,설계도 T2
ITEM_BLUEPRINT_T3,설계도 T3
ITEM_BLUEPRINT_T4,설계도 T4
ITEM_BREAK_CORE_T1,돌파 코어 T1
ITEM_BREAK_CORE_T2,돌파 코어 T2
ITEM_BREAK_CORE_T3,돌파 코어 T3
ITEM_BREAK_CORE_T4,돌파 코어 T4
ITEM_CREDIT,크레딧
ITEM_EXPEDITION_ROUTE_MODULE_A,노선 확장 모듈 α
ITEM_EXPEDITION_ROUTE_MODULE_B,노선 확장 모듈 β
ITEM_FACTION_SEAL_T1,조직 인장 T1
ITEM_FACTION_SEAL_T2,조직 인장 T2
ITEM_FACTION_SEAL_T3,조직 인장 T3
ITEM_LANTERN_SHARD,등불 파편
ITEM_ROLE_TOKEN_T1,역할 토큰 T1
ITEM_ROLE_TOKEN_T2,역할 토큰 T2
ITEM_ROLE_TOKEN_T3,역할 토큰 T3
ITEM_ROLE_TOKEN_T4,역할 토큰 T4
ITEM_SHARD_CHR001,마에루 조각
ITEM_SHARD_CHR002,로안 조각
ITEM_SHARD_CHR003,나린 조각
ITEM_SHARD_CHR004,에다 조각
ITEM_SHARD_CHR005,소렌 조각
ITEM_SHARD_CHR006,베라 조각
ITEM_SHARD_CHR007,토아 조각
ITEM_SHARD_CHR008,이리 조각
ITEM_SHARD_CHR009,리브 조각
ITEM_SHARD_CHR010,세온 조각
ITEM_SHARD_CHR011,아델린 조각
ITEM_SHARD_CHR012,키르 조각
ITEM_SHARD_CHR013,레마 조각
ITEM_SHARD_CHR014,베온 조각
ITEM_SHARD_CHR015,하르트 조각
ITEM_SHARD_CHR016,오르사 조각
ITEM_SHARD_CHR017,티엘 조각
ITEM_SHARD_CHR018,리아스 조각
ITEM_SHARD_CHR019,페린 조각
ITEM_SHARD_CHR020,카른 조각
ITEM_SHARD_CHR021,노아르 조각
ITEM_SHARD_CHR022,세브 조각
ITEM_SHARD_CHR023,유리엔 조각
ITEM_SHARD_CHR024,모엔 조각
ITEM_SHARD_CHR025,라벤트 조각
ITEM_SHARD_CHR026,카이렌 조각
ITEM_SHARD_CHR027,이노아 조각
ITEM_SHARD_CHR028,드란 조각
ITEM_SHARD_CHR029,메린 조각
ITEM_SHARD_CHR030,시엘 조각
ITEM_SHARD_CHR031,로메 조각
ITEM_SHARD_CHR032,키안 조각
ITEM_SHARD_CHR033,다엘 조각
ITEM_SHARD_CHR034,오르빈 조각
ITEM_SHARD_CHR035,헤라온 조각
ITEM_SHARD_CHR036,미레 조각
ITEM_SHARD_CHR037,라엔 조각
ITEM_SHARD_CHR038,제른 조각
ITEM_SHARD_CHR039,소아 조각
ITEM_SHARD_CHR040,바엘 조각
ITEM_SHARD_CHR041,테란 조각
ITEM_SHARD_CHR042,유나크 조각
ITEM_SHARD_CHR043,아린트 조각
ITEM_SHARD_CHR044,벨크 조각
ITEM_SKILL_BOOK_T1,기술 교본 T1
ITEM_SKILL_BOOK_T2,기술 교본 T2
ITEM_SKILL_BOOK_T3,기술 교본 T3
ITEM_SKILL_BOOK_T4,기술 교본 T4
ITEM_SKILL_TOKEN_T1,기술 토큰 T1
ITEM_SKILL_TOKEN_T2,기술 토큰 T2
ITEM_SKILL_TOKEN_T3,기술 토큰 T3
ITEM_SKILL_TOKEN_T4,기술 토큰 T4
ITEM_TRAINING_NOTE_L,훈련 노트 L
ITEM_TRAINING_NOTE_M,훈련 노트 M
ITEM_TRAINING_NOTE_S,훈련 노트 S
ITEM_TRAINING_NOTE_XL,훈련 노트 XL
ITEM_ULT_BOOK_T1,궁극 교본 T1
ITEM_ULT_BOOK_T2,궁극 교본 T2
ITEM_ULT_BOOK_T3,궁극 교본 T3
ITEM_ULT_BOOK_T4,궁극 교본 T4
ITEM_UNIVERSAL_CATALYST,범용 촉매
ITEM_WEAPON_CHIP_L,무기 칩 L
ITEM_WEAPON_CHIP_M,무기 칩 M
ITEM_WEAPON_CHIP_S,무기 칩 S
ITEM_WEAPON_CHIP_XL,무기 칩 XL
ITEM_WEAPON_ORE_T1,무기 광석 T1
ITEM_WEAPON_ORE_T2,무기 광석 T2
ITEM_WEAPON_ORE_T3,무기 광석 T3
ITEM_WEAPON_ORE_T4,무기 광석 T4
MAP_ANOMALY_CH01_H02_BODY,경로를 봉쇄하는 특이 반응이 감지되었습니다. 신호를 분석한 뒤 전투 구역으로 진입합니다.
MAP_ANOMALY_CH01_H02_DIALOGUE_01,갱도 벽에서 진동. 종소리에 맞춰 뭔가 기어 나와.
MAP_ANOMALY_CH01_H02_DIALOGUE_02,대피하십시오. 대피하십시오. 대피……
MAP_ANOMALY_CH01_H02_DIALOGUE_03,대피하라면서 길을 막네. 친절한 척은 그만해.
MAP_ANOMALY_CH01_H02_DIALOGUE_04,밀고 들어간다. 종까지 멈추지 마라.
MAP_ANOMALY_CH01_H02_OUTCOME,승리 시 위협 신호 안정화 · 영입/보상은 없음
MAP_ANOMALY_CH01_H02_TITLE,특이 위협 신호 · 잔광 차폐기
MAP_ANOMALY_CH01_N06_BODY,경로를 봉쇄하는 특이 반응이 감지되었습니다. 신호를 분석한 뒤 전투 구역으로 진입합니다.
MAP_ANOMALY_CH01_N06_DIALOGUE_01,전방에 이상 개체. 등불 잔광을 빨아들이면서 커지고 있어.
MAP_ANOMALY_CH01_N06_DIALOGUE_02,……불 꺼 주세요. 눈이 부셔요. 불 꺼 주세요.
MAP_ANOMALY_CH01_N06_DIALOGUE_03,등불을 끄라는 부탁이라. 미안하지만 그건 못 들어줘.
MAP_ANOMALY_CH01_N06_DIALOGUE_04,등불 사수. 하나도 꺼뜨리지 마라.
MAP_ANOMALY_CH01_N06_OUTCOME,승리 시 위협 신호 안정화 · 영입/보상은 없음
MAP_ANOMALY_CH01_N06_TITLE,특이 위협 신호 · 단선 추적자
MAP_ANOMALY_CH01_N13_BODY,경로를 봉쇄하는 특이 반응이 감지되었습니다. 신호를 분석한 뒤 전투 구역으로 진입합니다.
MAP_ANOMALY_CH01_N13_DIALOGUE_01,선로 위에 뭔가 서 있어. ……내 목소리로 날 부르는데?
MAP_ANOMALY_CH01_N13_DIALOGUE_02,"로안, 이쪽이야. 길은 내가 연다."
MAP_ANOMALY_CH01_N13_DIALOGUE_03,남의 대사 훔치지 마. 사용료는 칼로 받는다.
MAP_ANOMALY_CH01_N13_DIALOGUE_04,"목소리는 똑같은데, 멋은 반도 안 되네요!"
MAP_ANOMALY_CH01_N13_OUTCOME,승리 시 위협 신호 안정화 · 영입/보상은 없음
MAP_ANOMALY_CH01_N13_TITLE,특이 위협 신호 · 유리 송신체
MAP_ANOMALY_CH02_H02_BODY,경로를 봉쇄하는 특이 반응이 감지되었습니다. 신호를 분석한 뒤 전투 구역으로 진입합니다.
MAP_ANOMALY_CH02_H02_DIALOGUE_01,공석을 지키는 개체야. 빈자리에 다가가면 반응해.
MAP_ANOMALY_CH02_H02_DIALOGUE_02,이 좌석은 예약석입니다. 착석하지 마십시오.
MAP_ANOMALY_CH02_H02_DIALOGUE_03,……예약석이라. 비켜라. 지나가기만 할 거다.
MAP_ANOMALY_CH02_H02_OUTCOME,승리 시 위협 신호 안정화 · 영입/보상은 없음
MAP_ANOMALY_CH02_H02_TITLE,특이 위협 신호 · 빈자리 합창체
MAP_ANOMALY_CH02_N06_BODY,경로를 봉쇄하는 특이 반응이 감지되었습니다. 신호를 분석한 뒤 전투 구역으로 진입합니다.
MAP_ANOMALY_CH02_N06_DIALOGUE_01,"이상 신호. 저 잔향체, 우리가 방금 한 말을 거꾸로 되뇌고 있어."
MAP_ANOMALY_CH02_N06_DIALOGUE_02,……다니합작시 를투전. ……다니합작시 를투전.
MAP_ANOMALY_CH02_N06_DIALOGUE_03,"거꾸로 말하니까 좀 귀엽지 않아요? ……아니에요? 네, 쏠게요."
MAP_ANOMALY_CH02_N06_OUTCOME,승리 시 위협 신호 안정화 · 영입/보상은 없음
MAP_ANOMALY_CH02_N06_TITLE,특이 위협 신호 · 역송 전극체
MAP_ANOMALY_CH02_N13_BODY,경로를 봉쇄하는 특이 반응이 감지되었습니다. 신호를 분석한 뒤 전투 구역으로 진입합니다.
MAP_ANOMALY_CH02_N13_DIALOGUE_01,"전방 개체, 시간 역행 중. 쓰러뜨려도 삼 초 전으로 돌아가서 다시 일어나."
MAP_ANOMALY_CH02_N13_DIALOGUE_02,승차권을 확인합니다. 확인합니다. 확인합니다.
MAP_ANOMALY_CH02_N13_DIALOGUE_03,삼 초 안에 끝내면 되지. 조준은 벌써 끝났어.
MAP_ANOMALY_CH02_N13_DIALOGUE_04,"그럼 난 이 초 안에. 내기다, 소렌."
MAP_ANOMALY_CH02_N13_OUTCOME,승리 시 위협 신호 안정화 · 영입/보상은 없음
MAP_ANOMALY_CH02_N13_TITLE,특이 위협 신호 · 낙선 포대
MAP_ANOMALY_CH03_H02_BODY,경로를 봉쇄하는 특이 반응이 감지되었습니다. 신호를 분석한 뒤 전투 구역으로 진입합니다.
MAP_ANOMALY_CH03_H02_DIALOGUE_01,백야 구역 입구야. 관측 장비를 단 잔향체가 계속 따라와.
MAP_ANOMALY_CH03_H02_DIALOGUE_02,관측 중. 관측 중. 대상의 전투 기록을 수집합니다.
MAP_ANOMALY_CH03_H02_DIALOGUE_03,보는 건 자유지. 대신 오래 보면 눈이 좀 아플 거야.
MAP_ANOMALY_CH03_H02_OUTCOME,승리 시 위협 신호 안정화 · 영입/보상은 없음
MAP_ANOMALY_CH03_H02_TITLE,특이 위협 신호 · 거울 방벽
MAP_ANOMALY_CH03_N06_BODY,경로를 봉쇄하는 특이 반응이 감지되었습니다. 신호를 분석한 뒤 전투 구역으로 진입합니다.
MAP_ANOMALY_CH03_N06_DIALOGUE_01,거울 파편이 뭉쳐서 움직여. 비친 건 우리가 오늘 쏜 탄환들이야.
MAP_ANOMALY_CH03_N06_DIALOGUE_02,기록된 공격을 반환합니다. 기록된 공격을 반환합니다.
MAP_ANOMALY_CH03_N06_DIALOGUE_03,내가 쏜 걸 돌려준다고? 그럼 반환하기 전에 부숴 버리면 되겠네.
MAP_ANOMALY_CH03_N06_OUTCOME,승리 시 위협 신호 안정화 · 영입/보상은 없음
MAP_ANOMALY_CH03_N06_TITLE,특이 위협 신호 · 유리 추적자
MAP_ANOMALY_CH03_N13_BODY,경로를 봉쇄하는 특이 반응이 감지되었습니다. 신호를 분석한 뒤 전투 구역으로 진입합니다.
MAP_ANOMALY_CH03_N13_DIALOGUE_01,저 사본…… 다친 척을 하고 있어. 붕대까지 똑같이.
MAP_ANOMALY_CH03_N13_DIALOGUE_02,도와주세요. 아파요. 도와…… 주세요.
MAP_ANOMALY_CH03_N13_DIALOGUE_03,미안. 진짜 아픈 사람은 반 박자 늦게 아파하지 않아.
MAP_ANOMALY_CH03_N13_OUTCOME,승리 시 위협 신호 안정화 · 영입/보상은 없음
MAP_ANOMALY_CH03_N13_TITLE,특이 위협 신호 · 프리즘 사수
MAP_ANOMALY_CH04_H02_BODY,경로를 봉쇄하는 특이 반응이 감지되었습니다. 신호를 분석한 뒤 전투 구역으로 진입합니다.
MAP_ANOMALY_CH04_H02_DIALOGUE_01,심해 구역 입구야. 물살 속에 신호를 끊는 개체가 있어.
MAP_ANOMALY_CH04_H02_DIALOGUE_02,……돌아가십시오. 돌아가…… 십시오.
MAP_ANOMALY_CH04_H02_DIALOGUE_03,돌아가라는 말은 오늘 충분히 들었어. 대답은 포탄으로 할게.
MAP_ANOMALY_CH04_H02_OUTCOME,승리 시 위협 신호 안정화 · 영입/보상은 없음
MAP_ANOMALY_CH04_H02_TITLE,특이 위협 신호 · 거울 방벽
MAP_ANOMALY_CH04_N06_BODY,경로를 봉쇄하는 특이 반응이 감지되었습니다. 신호를 분석한 뒤 전투 구역으로 진입합니다.
MAP_ANOMALY_CH04_N06_DIALOGUE_01,수면 아래 이상 개체. 신호 표식을 갉아 먹으면서 올라와.
MAP_ANOMALY_CH04_N06_DIALOGUE_02,수신 경로 확보. 수신 경로 확보. 호출을…… 삼킵니다.
MAP_ANOMALY_CH04_N06_DIALOGUE_03,내 표식이야. 먹이로 줄 생각은 없어.
MAP_ANOMALY_CH04_N06_OUTCOME,승리 시 위협 신호 안정화 · 영입/보상은 없음
MAP_ANOMALY_CH04_N06_TITLE,특이 위협 신호 · 유리 추적자
MAP_ANOMALY_CH04_N13_BODY,경로를 봉쇄하는 특이 반응이 감지되었습니다. 신호를 분석한 뒤 전투 구역으로 진입합니다.
MAP_ANOMALY_CH04_N13_DIALOGUE_01,"저기, 물에 떠 있는 잔향체…… 구명조끼를 입고 있어."
MAP_ANOMALY_CH04_N13_DIALOGUE_02,구조대는 출발하지 않습니다. 구조대는 출발하지 않습니다.
MAP_ANOMALY_CH04_N13_DIALOGUE_03,출발했거든요! 여기 도착했거든요!
MAP_ANOMALY_CH04_N13_OUTCOME,승리 시 위협 신호 안정화 · 영입/보상은 없음
MAP_ANOMALY_CH04_N13_TITLE,특이 위협 신호 · 프리즘 사수
MAP_ANOMALY_CH05_H02_BODY,경로를 봉쇄하는 특이 반응이 감지되었습니다. 신호를 분석한 뒤 전투 구역으로 진입합니다.
MAP_ANOMALY_CH05_H02_DIALOGUE_01,정숙하십시오. 증인에게는 발언권이 없습니다.
MAP_ANOMALY_CH05_H02_DIALOGUE_02,발언권은 없어도 번개는 있거든요! 정숙은 그쪽이 해요!
MAP_ANOMALY_CH05_H02_DIALOGUE_03,법정 경위 신호야. 판결 집행용이야. 방청석 뒤로 돌아가.
MAP_ANOMALY_CH05_H02_OUTCOME,승리 시 위협 신호 안정화 · 영입/보상은 없음
MAP_ANOMALY_CH05_H02_TITLE,특이 위협 신호 · 침니 수복체
MAP_ANOMALY_CH05_N06_BODY,경로를 봉쇄하는 특이 반응이 감지되었습니다. 신호를 분석한 뒤 전투 구역으로 진입합니다.
MAP_ANOMALY_CH05_N06_DIALOGUE_01,재 속에서 계수기 신호. 우리 머릿수를 세고 있어.
MAP_ANOMALY_CH05_N06_DIALOGUE_02,미등록 인원 다섯…… 여섯…… 일곱. 계수를 계속합니다.
MAP_ANOMALY_CH05_N06_DIALOGUE_03,셀 거면 끝까지 세 봐. 다 세기 전에 끝내 줄 테니까.
MAP_ANOMALY_CH05_N06_OUTCOME,승리 시 위협 신호 안정화 · 영입/보상은 없음
MAP_ANOMALY_CH05_N06_TITLE,특이 위협 신호 · 수몰 척후
MAP_ANOMALY_CH05_N13_BODY,경로를 봉쇄하는 특이 반응이 감지되었습니다. 신호를 분석한 뒤 전투 구역으로 진입합니다.
MAP_ANOMALY_CH05_N13_DIALOGUE_01,벽이 움직여. 봉쇄선이 우리 쪽으로 밀려와.
MAP_ANOMALY_CH05_N13_DIALOGUE_02,봉쇄선을 확장합니다. 안쪽에 계신 분은 안쪽에 머무르십시오.
MAP_ANOMALY_CH05_N13_DIALOGUE_03,안쪽이 어디인지는 우리가 정한다. 밀어낸다.
MAP_ANOMALY_CH05_N13_OUTCOME,승리 시 위협 신호 안정화 · 영입/보상은 없음
MAP_ANOMALY_CH05_N13_TITLE,특이 위협 신호 · 안개 박격체
MAP_ANOMALY_CH06_H02_BODY,경로를 봉쇄하는 특이 반응이 감지되었습니다. 신호를 분석한 뒤 전투 구역으로 진입합니다.
MAP_ANOMALY_CH06_H02_DIALOGUE_01,구름 속에 렌즈가 떠 있어. 번개를 모아서 우리한테 쏘려는 거야.
MAP_ANOMALY_CH06_H02_DIALOGUE_02,집광 완료. 통행 거부 신호를 발사합니다.
MAP_ANOMALY_CH06_H02_DIALOGUE_03,렌즈 초점 거리 계산했어. 반 박자 비켜서 쏴.
MAP_ANOMALY_CH06_H02_OUTCOME,승리 시 위협 신호 안정화 · 영입/보상은 없음
MAP_ANOMALY_CH06_H02_TITLE,특이 위협 신호 · 침니 수복체
MAP_ANOMALY_CH06_N06_BODY,경로를 봉쇄하는 특이 반응이 감지되었습니다. 신호를 분석한 뒤 전투 구역으로 진입합니다.
MAP_ANOMALY_CH06_N06_DIALOGUE_01,번개 속에 계수 신호. 우리를 통행자로 등록하고 있어.
MAP_ANOMALY_CH06_N06_DIALOGUE_02,통행자 확인. 1인당 요금을 산정합니다.
MAP_ANOMALY_CH06_N06_DIALOGUE_03,요금은 전기로 낼게요! 거스름돈까지 넉넉하게!
MAP_ANOMALY_CH06_N06_OUTCOME,승리 시 위협 신호 안정화 · 영입/보상은 없음
MAP_ANOMALY_CH06_N06_TITLE,특이 위협 신호 · 수몰 척후
MAP_ANOMALY_CH06_N15_BODY,경로를 봉쇄하는 특이 반응이 감지되었습니다. 신호를 분석한 뒤 전투 구역으로 진입합니다.
MAP_ANOMALY_CH06_N15_DIALOGUE_01,교량 닻이 움직여. 저게 풀리면 이 구간이 통째로 떨어져.
MAP_ANOMALY_CH06_N15_DIALOGUE_02,과적 구간입니다. 초과 인원은 낙하 처리합니다.
MAP_ANOMALY_CH06_N15_DIALOGUE_03,초과 인원은 없다. 전부 정원이다. 닻부터 붙잡는다.
MAP_ANOMALY_CH06_N15_OUTCOME,승리 시 위협 신호 안정화 · 영입/보상은 없음
MAP_ANOMALY_CH06_N15_TITLE,특이 위협 신호 · 안개 박격체
MAP_ANOMALY_CH07_H02_BODY,경로를 봉쇄하는 특이 반응이 감지되었습니다. 신호를 분석한 뒤 전투 구역으로 진입합니다.
MAP_ANOMALY_CH07_H02_DIALOGUE_01,의무관 잔향이야. 치료하는 척하면서 체온을 뺏어 가.
MAP_ANOMALY_CH07_H02_DIALOGUE_02,휴식을 권장합니다. 눈을 감으시면 추위가 사라집니다.
MAP_ANOMALY_CH07_H02_DIALOGUE_03,그건 치료가 아니에요. 잠들면 안 돼요. 다들 제 목소리 들어요!
MAP_ANOMALY_CH07_H02_OUTCOME,승리 시 위협 신호 안정화 · 영입/보상은 없음
MAP_ANOMALY_CH07_H02_TITLE,특이 위협 신호 · 매연 감시자
MAP_ANOMALY_CH07_N06_BODY,경로를 봉쇄하는 특이 반응이 감지되었습니다. 신호를 분석한 뒤 전투 구역으로 진입합니다.
MAP_ANOMALY_CH07_N06_DIALOGUE_01,눈 밑에서 뭔가 우리 발자국을 따라와. 발자국마다 하나씩.
MAP_ANOMALY_CH07_N06_DIALOGUE_02,이동 흔적을 확인했습니다. 흔적을 지우고 대기 위치로 되돌립니다.
MAP_ANOMALY_CH07_N06_DIALOGUE_03,흔적을 지우겠다? 포탄 자국은 지우기 어려울 거요.
MAP_ANOMALY_CH07_N06_OUTCOME,승리 시 위협 신호 안정화 · 영입/보상은 없음
MAP_ANOMALY_CH07_N06_TITLE,특이 위협 신호 · 재의 질주체
MAP_ANOMALY_CH07_N13_BODY,경로를 봉쇄하는 특이 반응이 감지되었습니다. 신호를 분석한 뒤 전투 구역으로 진입합니다.
MAP_ANOMALY_CH07_N13_DIALOGUE_01,얼음 중계기가 방송을 증폭하고 있어. 가까이 갈수록 다리가 무거워져.
MAP_ANOMALY_CH07_N13_DIALOGUE_02,대기하십시오. 대기하십시오. 대기 위치 이탈을 감지했습니다.
MAP_ANOMALY_CH07_N13_DIALOGUE_03,대기는 지겨워요! 제 회로는 달리라고 만들어진 거라고요!
MAP_ANOMALY_CH07_N13_OUTCOME,승리 시 위협 신호 안정화 · 영입/보상은 없음
MAP_ANOMALY_CH07_N13_TITLE,특이 위협 신호 · 불씨 소총체
MAP_ANOMALY_CH08_H02_BODY,경로를 봉쇄하는 특이 반응이 감지되었습니다. 신호를 분석한 뒤 전투 구역으로 진입합니다.
MAP_ANOMALY_CH08_H02_DIALOGUE_01,절단기가 파편을 잘라 던지고 있소. 탄도가 불규칙하오.
MAP_ANOMALY_CH08_H02_DIALOGUE_02,폐기물을 규격에 맞게 절단합니다. 규격 외 물체는 모두 절단합니다.
MAP_ANOMALY_CH08_H02_DIALOGUE_03,규격 외라. 우리 등로단한텐 칭찬이네. 한 발 먹여 줄게.
MAP_ANOMALY_CH08_H02_OUTCOME,승리 시 위협 신호 안정화 · 영입/보상은 없음
MAP_ANOMALY_CH08_H02_TITLE,특이 위협 신호 · 매연 감시자
MAP_ANOMALY_CH08_N06_BODY,경로를 봉쇄하는 특이 반응이 감지되었습니다. 신호를 분석한 뒤 전투 구역으로 진입합니다.
MAP_ANOMALY_CH08_N06_DIALOGUE_01,붉은 분진이 렌즈처럼 모여. 초점이 우리한테 맞춰지고 있어.
MAP_ANOMALY_CH08_N06_DIALOGUE_02,기억 결정 반응을 확인했습니다. 채굴을 시작합니다.
MAP_ANOMALY_CH08_N06_DIALOGUE_03,우리 기억을 캐겠다는 거다. 초점을 흩뜨려라. 지금.
MAP_ANOMALY_CH08_N06_OUTCOME,승리 시 위협 신호 안정화 · 영입/보상은 없음
MAP_ANOMALY_CH08_N06_TITLE,특이 위협 신호 · 재의 질주체
MAP_ANOMALY_CH08_N13_BODY,경로를 봉쇄하는 특이 반응이 감지되었습니다. 신호를 분석한 뒤 전투 구역으로 진입합니다.
MAP_ANOMALY_CH08_N13_DIALOGUE_01,"광석 보루가 길을 막아. 저 벽, 전부 굳은 기억 결정이야."
MAP_ANOMALY_CH08_N13_DIALOGUE_02,채굴 구역입니다. 연료가 아닌 분은 출입하실 수 없습니다.
MAP_ANOMALY_CH08_N13_DIALOGUE_03,연료 아니에요! 연료를 끄러 온 사람들이에요!
MAP_ANOMALY_CH08_N13_OUTCOME,승리 시 위협 신호 안정화 · 영입/보상은 없음
MAP_ANOMALY_CH08_N13_TITLE,특이 위협 신호 · 불씨 소총체
MAP_ANOMALY_CH09_H02_BODY,경로를 봉쇄하는 특이 반응이 감지되었습니다. 신호를 분석한 뒤 전투 구역으로 진입합니다.
MAP_ANOMALY_CH09_H02_DIALOGUE_01,복도에서는 정숙하십시오. 소음은 수면 방해죄로 처리됩니다.
MAP_ANOMALY_CH09_H02_DIALOGUE_02,정숙이요? 저 지금 찌릿찌릿해서 가만히 못 있어요!
MAP_ANOMALY_CH09_H02_DIALOGUE_03,그럼 조용히 끝내 주지. 소음기 없는 포격으로.
MAP_ANOMALY_CH09_H02_OUTCOME,승리 시 위협 신호 안정화 · 영입/보상은 없음
MAP_ANOMALY_CH09_H02_TITLE,특이 위협 신호 · 교량 닻
MAP_ANOMALY_CH09_N06_BODY,경로를 봉쇄하는 특이 반응이 감지되었습니다. 신호를 분석한 뒤 전투 구역으로 진입합니다.
MAP_ANOMALY_CH09_N06_DIALOGUE_01,민원이 접수되었습니다. 귀하에게 사건 번호를 부여합니다. 다음 분.
MAP_ANOMALY_CH09_N06_DIALOGUE_02,민원 넣은 적 없는데? 벌써 번호표가 등에 붙었잖아!
MAP_ANOMALY_CH09_N06_DIALOGUE_03,접수 절차가 잔향체를 찍어 내고 있어. 번호가 붙은 놈부터 끊어.
MAP_ANOMALY_CH09_N06_OUTCOME,승리 시 위협 신호 안정화 · 영입/보상은 없음
MAP_ANOMALY_CH09_N06_TITLE,특이 위협 신호 · 아크 습격체
MAP_ANOMALY_CH09_N13_BODY,경로를 봉쇄하는 특이 반응이 감지되었습니다. 신호를 분석한 뒤 전투 구역으로 진입합니다.
MAP_ANOMALY_CH09_N13_DIALOGUE_01,증인을 소환합니다. 증언을 거부하면 위증으로 간주합니다.
MAP_ANOMALY_CH09_N13_DIALOGUE_02,증언이라면 해 주지. 너희는 여기서 끝난다. 이상.
MAP_ANOMALY_CH09_N13_DIALOGUE_03,"저 목소리, 잠든 사람들 꿈에서 뜯어 온 거야. 돌려받아야 해."
MAP_ANOMALY_CH09_N13_OUTCOME,승리 시 위협 신호 안정화 · 영입/보상은 없음
MAP_ANOMALY_CH09_N13_TITLE,특이 위협 신호 · 뇌광 렌즈
MAP_ANOMALY_CH10_H02_BODY,경로를 봉쇄하는 특이 반응이 감지되었습니다. 신호를 분석한 뒤 전투 구역으로 진입합니다.
MAP_ANOMALY_CH10_H02_DIALOGUE_01,월식 중에는 그림자가 본체입니다. 본체를 반납하십시오.
MAP_ANOMALY_CH10_H02_DIALOGUE_02,그림자가 본체라니. 그럼 오늘 난 좀 날씬하겠네.
MAP_ANOMALY_CH10_H02_DIALOGUE_03,"농담은 좋은데, 발밑을 봐. 그림자가 우리보다 먼저 움직이고 있어."
MAP_ANOMALY_CH10_H02_OUTCOME,승리 시 위협 신호 안정화 · 영입/보상은 없음
MAP_ANOMALY_CH10_H02_TITLE,특이 위협 신호 · 교량 닻
MAP_ANOMALY_CH10_N06_BODY,경로를 봉쇄하는 특이 반응이 감지되었습니다. 신호를 분석한 뒤 전투 구역으로 진입합니다.
MAP_ANOMALY_CH10_N06_DIALOGUE_01,현재 시각은 두 개입니다. 승객 여러분은 둘 중 한 시각에만 존재하십시오.
MAP_ANOMALY_CH10_N06_DIALOGUE_02,놈이 우리 좌표를 반씩 갈라놓으려 해. 발 맞춰. 반 박자도 어긋나지 마.
MAP_ANOMALY_CH10_N06_DIALOGUE_03,갈라놓을 수 있으면 해 봐. 내 방패는 한 번에 한 곳에만 선다.
MAP_ANOMALY_CH10_N06_OUTCOME,승리 시 위협 신호 안정화 · 영입/보상은 없음
MAP_ANOMALY_CH10_N06_TITLE,특이 위협 신호 · 아크 습격체
MAP_ANOMALY_CH10_N13_BODY,경로를 봉쇄하는 특이 반응이 감지되었습니다. 신호를 분석한 뒤 전투 구역으로 진입합니다.
MAP_ANOMALY_CH10_N13_DIALOGUE_01,선택 안내. 왼쪽과 오른쪽 선로 중 하나는 폐쇄됩니다. 하나를 고르십시오.
MAP_ANOMALY_CH10_N13_DIALOGUE_02,양쪽 선로 모두에서 구조 신호가 들려. 어느 쪽을 골라도 놈은 반대쪽을 끊을 거야.
MAP_ANOMALY_CH10_N13_DIALOGUE_03,그럼 고르지 말고 놈을 끊자!
MAP_ANOMALY_CH10_N13_OUTCOME,승리 시 위협 신호 안정화 · 영입/보상은 없음
MAP_ANOMALY_CH10_N13_TITLE,특이 위협 신호 · 뇌광 렌즈
MAP_ANOMALY_CH11_H02_BODY,경로를 봉쇄하는 특이 반응이 감지되었습니다. 신호를 분석한 뒤 전투 구역으로 진입합니다.
MAP_ANOMALY_CH11_H02_DIALOGUE_01,표류물 안내. 방향을 잃은 선박은 해류를 따라 폐기 해역으로 이동하십시오.
MAP_ANOMALY_CH11_H02_DIALOGUE_02,해류 초속 3미터. 따라가면 사 분 뒤 폐기 해역이야.
MAP_ANOMALY_CH11_H02_DIALOGUE_03,따라갈 생각 없어. 저 안내판부터 날려 버리지.
MAP_ANOMALY_CH11_H02_OUTCOME,승리 시 위협 신호 안정화 · 영입/보상은 없음
MAP_ANOMALY_CH11_H02_TITLE,특이 위협 신호 · 백색 수복체
MAP_ANOMALY_CH11_N06_BODY,경로를 봉쇄하는 특이 반응이 감지되었습니다. 신호를 분석한 뒤 전투 구역으로 진입합니다.
MAP_ANOMALY_CH11_N06_DIALOGUE_01,수위 안내. 현재 수위는 방송 기준을 따릅니다. 실제 수면은 무시하십시오.
MAP_ANOMALY_CH11_N06_DIALOGUE_02,수위계 신호가 실제 수면보다 2미터 높아. 거짓 경보로 수문을 열게 만들고 있어.
MAP_ANOMALY_CH11_N06_DIALOGUE_03,수문은 내가 붙든다. 저 거짓말쟁이부터 끊어.
MAP_ANOMALY_CH11_N06_OUTCOME,승리 시 위협 신호 안정화 · 영입/보상은 없음
MAP_ANOMALY_CH11_N06_TITLE,특이 위협 신호 · 설원 추적자
MAP_ANOMALY_CH11_N13_BODY,경로를 봉쇄하는 특이 반응이 감지되었습니다. 신호를 분석한 뒤 전투 구역으로 진입합니다.
MAP_ANOMALY_CH11_N13_DIALOGUE_01,여기 있어요. 여기 있어요. 저를 두고 가셨잖아요.
MAP_ANOMALY_CH11_N13_DIALOGUE_02,……구하지 못한 사람 목소리를 흉내 내고 있어. 대답하지 마.
MAP_ANOMALY_CH11_N13_DIALOGUE_03,대답 대신 부숴 줄게. 진짜 목소리는 그렇게 원망하지 않아!
MAP_ANOMALY_CH11_N13_OUTCOME,승리 시 위협 신호 안정화 · 영입/보상은 없음
MAP_ANOMALY_CH11_N13_TITLE,특이 위협 신호 · 빙결 중계기
MAP_ANOMALY_CH12_H02_BODY,경로를 봉쇄하는 특이 반응이 감지되었습니다. 신호를 분석한 뒤 전투 구역으로 진입합니다.
MAP_ANOMALY_CH12_H02_DIALOGUE_01,묘비 안내. 이름이 없는 분은 이곳에 안치됩니다. 여러분의 자리도 준비되어 있습니다.
MAP_ANOMALY_CH12_H02_DIALOGUE_02,빈 명패 수가 우리 인원과 정확히 같아. 기분 나쁘게 정확하네.
MAP_ANOMALY_CH12_H02_DIALOGUE_03,자리는 사양하지. 우린 돌아갈 곳이 있어.
MAP_ANOMALY_CH12_H02_OUTCOME,승리 시 위협 신호 안정화 · 영입/보상은 없음
MAP_ANOMALY_CH12_H02_TITLE,특이 위협 신호 · 백색 수복체
MAP_ANOMALY_CH12_N06_BODY,경로를 봉쇄하는 특이 반응이 감지되었습니다. 신호를 분석한 뒤 전투 구역으로 진입합니다.
MAP_ANOMALY_CH12_N06_DIALOGUE_01,보관함 안내. 주인의 이름을 말씀하시면 열쇠를 드립니다. 이름은 저희가 보관합니다.
MAP_ANOMALY_CH12_N06_DIALOGUE_02,대답하지 마. 열쇠 홈 모양만으로 위치를 맞출 수 있어. 이름 없이도.
MAP_ANOMALY_CH12_N06_DIALOGUE_03,그럼 제가 앞을 막겠습니다. 저것이 이름을 캐묻지 못하도록.
MAP_ANOMALY_CH12_N06_OUTCOME,승리 시 위협 신호 안정화 · 영입/보상은 없음
MAP_ANOMALY_CH12_N06_TITLE,특이 위협 신호 · 설원 추적자
MAP_ANOMALY_CH12_N15_BODY,경로를 봉쇄하는 특이 반응이 감지되었습니다. 신호를 분석한 뒤 전투 구역으로 진입합니다.
MAP_ANOMALY_CH12_N15_DIALOGUE_01,성가대 안내. 가사를 모르시는 분은 이름으로 대신 불러 주십시오.
MAP_ANOMALY_CH12_N15_DIALOGUE_02,따라 부르면 이름이 가사로 빨려 들어가. 입 다물고 싸워.
MAP_ANOMALY_CH12_N15_DIALOGUE_03,입 다물고요? 저 그거 제일 못하는데요! 대신 번개로 크게 말할게요!
MAP_ANOMALY_CH12_N15_OUTCOME,승리 시 위협 신호 안정화 · 영입/보상은 없음
MAP_ANOMALY_CH12_N15_TITLE,특이 위협 신호 · 빙결 중계기
MAP_ANOMALY_CH13_H02_BODY,경로를 봉쇄하는 특이 반응이 감지되었습니다. 신호를 분석한 뒤 전투 구역으로 진입합니다.
MAP_ANOMALY_CH13_H02_DIALOGUE_01,신기루 속에서 열차 문이 열린다. 안에서 누군가 부르고 있다.
MAP_ANOMALY_CH13_H02_DIALOGUE_02,다음 정차역은 '그때 그랬더라면'입니다. 내리실 문은 없습니다.
MAP_ANOMALY_CH13_H02_DIALOGUE_03,"내릴 문이 없다면 뚫으면 됩니다. 포대, 조준."
MAP_ANOMALY_CH13_H02_OUTCOME,승리 시 위협 신호 안정화 · 영입/보상은 없음
MAP_ANOMALY_CH13_H02_TITLE,특이 위협 신호 · 광석 보루
MAP_ANOMALY_CH13_N06_BODY,경로를 봉쇄하는 특이 반응이 감지되었습니다. 신호를 분석한 뒤 전투 구역으로 진입합니다.
MAP_ANOMALY_CH13_N06_DIALOGUE_01,"모래 속에서 명부 신호가 솟아. 승객이 아니야, 검표원이다."
MAP_ANOMALY_CH13_N06_DIALOGUE_02,승차권을 확인하겠습니다. 고르지 않은 삶의 승차권을 제시하십시오.
MAP_ANOMALY_CH13_N06_DIALOGUE_03,그런 거 없어! 난 고른 삶만 들고 다닌다고!
MAP_ANOMALY_CH13_N06_OUTCOME,승리 시 위협 신호 안정화 · 영입/보상은 없음
MAP_ANOMALY_CH13_N06_TITLE,특이 위협 신호 · 채석 절단기
MAP_ANOMALY_CH13_N13_BODY,경로를 봉쇄하는 특이 반응이 감지되었습니다. 신호를 분석한 뒤 전투 구역으로 진입합니다.
MAP_ANOMALY_CH13_N13_DIALOGUE_01,모래 폭풍 속 이동체 셋. 속도가 우리 발걸음에 정확히 맞춰져 있다.
MAP_ANOMALY_CH13_N13_DIALOGUE_02,……같이 가자. 저쪽 길이 더 편해.
MAP_ANOMALY_CH13_N13_DIALOGUE_03,"목소리 흉내는 질렸어. 대답해 봐, 저쪽 길이 어딘데?"
MAP_ANOMALY_CH13_N13_DIALOGUE_04,같이 가자. 같이 가자. 같이……
MAP_ANOMALY_CH13_N13_OUTCOME,승리 시 위협 신호 안정화 · 영입/보상은 없음
MAP_ANOMALY_CH13_N13_TITLE,특이 위협 신호 · 용암 투사체
MAP_ANOMALY_CH14_H02_BODY,경로를 봉쇄하는 특이 반응이 감지되었습니다. 신호를 분석한 뒤 전투 구역으로 진입합니다.
MAP_ANOMALY_CH14_H02_DIALOGUE_01,왕궁 경비 신호가 거꾸로 송출된다. 소리의 앞뒤가 바뀌었다.
MAP_ANOMALY_CH14_H02_DIALOGUE_02,……다니습없 수 갈아돌. 다니습없 수 갈아돌.
MAP_ANOMALY_CH14_H02_DIALOGUE_03,"거꾸로 말해도 뜻은 알겠네. 됐고, 부순다."
MAP_ANOMALY_CH14_H02_OUTCOME,승리 시 위협 신호 안정화 · 영입/보상은 없음
MAP_ANOMALY_CH14_H02_TITLE,특이 위협 신호 · 광석 보루
MAP_ANOMALY_CH14_N06_BODY,경로를 봉쇄하는 특이 반응이 감지되었습니다. 신호를 분석한 뒤 전투 구역으로 진입합니다.
MAP_ANOMALY_CH14_N06_DIALOGUE_01,추락 방향을 안내합니다. 승객 여러분은 위쪽으로 떨어지십시오.
MAP_ANOMALY_CH14_N06_DIALOGUE_02,위로 떨어지라고 친절하게도 말하네!
MAP_ANOMALY_CH14_N06_DIALOGUE_03,넘어진 분들부터 붙잡아요. 발끝이 허공을 향하고 있어요!
MAP_ANOMALY_CH14_N06_OUTCOME,승리 시 위협 신호 안정화 · 영입/보상은 없음
MAP_ANOMALY_CH14_N06_TITLE,특이 위협 신호 · 채석 절단기
MAP_ANOMALY_CH14_N13_BODY,경로를 봉쇄하는 특이 반응이 감지되었습니다. 신호를 분석한 뒤 전투 구역으로 진입합니다.
MAP_ANOMALY_CH14_N13_DIALOGUE_01,"경비체 셋, 중력 방향을 무기로 쓴다. 착지 오차 0.2초 안으로 맞춰."
MAP_ANOMALY_CH14_N13_DIALOGUE_02,무단 귀환자를 감지했습니다. 무게를 다시 측정합니다.
MAP_ANOMALY_CH14_N13_DIALOGUE_03,무게라면 제가 받아 줄게요. 다들 방패 뒤로.
MAP_ANOMALY_CH14_N13_OUTCOME,승리 시 위협 신호 안정화 · 영입/보상은 없음
MAP_ANOMALY_CH14_N13_TITLE,특이 위협 신호 · 용암 투사체
MAP_ANOMALY_CH15_H02_BODY,경로를 봉쇄하는 특이 반응이 감지되었습니다. 신호를 분석한 뒤 전투 구역으로 진입합니다.
MAP_ANOMALY_CH15_H02_DIALOGUE_01,온실 수거체 둘. 목표는 우리 장비가 아니다. 기억이다.
MAP_ANOMALY_CH15_H02_DIALOGUE_02,기억 수거 시간입니다. 가장 무거운 기억부터 내려놓으십시오.
MAP_ANOMALY_CH15_H02_DIALOGUE_03,무거운 기억일수록 조준이 정확해지는 법. 사양하겠습니다.
MAP_ANOMALY_CH15_H02_OUTCOME,승리 시 위협 신호 안정화 · 영입/보상은 없음
MAP_ANOMALY_CH15_H02_TITLE,특이 위협 신호 · 사건부 경비체
MAP_ANOMALY_CH15_N06_BODY,경로를 봉쇄하는 특이 반응이 감지되었습니다. 신호를 분석한 뒤 전투 구역으로 진입합니다.
MAP_ANOMALY_CH15_N06_DIALOGUE_01,머무르십시오. 머무르십시오. 여기가 가장 좋은 날입니다.
MAP_ANOMALY_CH15_N06_DIALOGUE_02,가장 좋은 날은 내가 정해! 아직 오지도 않았다고!
MAP_ANOMALY_CH15_N06_DIALOGUE_03,"좋아, 방금 그 말 멋있었어. 길은 내가 연다!"
MAP_ANOMALY_CH15_N06_OUTCOME,승리 시 위협 신호 안정화 · 영입/보상은 없음
MAP_ANOMALY_CH15_N06_TITLE,특이 위협 신호 · 꿈 순찰체
MAP_ANOMALY_CH15_N13_BODY,경로를 봉쇄하는 특이 반응이 감지되었습니다. 신호를 분석한 뒤 전투 구역으로 진입합니다.
MAP_ANOMALY_CH15_N13_DIALOGUE_01,……같이 앉자. 다리 아프잖아.
MAP_ANOMALY_CH15_N13_DIALOGUE_02,앉으면 못 일어나. 그걸 알아서 여기까지 서서 왔어.
MAP_ANOMALY_CH15_N13_DIALOGUE_03,그 목소리의 주인은 이미 일어나 걸어갔을 겁니다. 흉내는 거기까지 하시지요.
MAP_ANOMALY_CH15_N13_OUTCOME,승리 시 위협 신호 안정화 · 영입/보상은 없음
MAP_ANOMALY_CH15_N13_TITLE,특이 위협 신호 · 수면 바늘
MAP_ANOMALY_CH16_H02_BODY,경로를 봉쇄하는 특이 반응이 감지되었습니다. 신호를 분석한 뒤 전투 구역으로 진입합니다.
MAP_ANOMALY_CH16_H02_DIALOGUE_01,옥좌 차량 호위체. 포신 각도가 양쪽 수도에 동시에 맞춰져 있다.
MAP_ANOMALY_CH16_H02_DIALOGUE_02,통치 공백을 감지했습니다. 호위 절차를 무기한 연장합니다.
MAP_ANOMALY_CH16_H02_DIALOGUE_03,무기한은 너무 길어. 오늘까지만 해.
MAP_ANOMALY_CH16_H02_OUTCOME,승리 시 위협 신호 안정화 · 영입/보상은 없음
MAP_ANOMALY_CH16_H02_TITLE,특이 위협 신호 · 사건부 경비체
MAP_ANOMALY_CH16_N06_BODY,경로를 봉쇄하는 특이 반응이 감지되었습니다. 신호를 분석한 뒤 전투 구역으로 진입합니다.
MAP_ANOMALY_CH16_N06_DIALOGUE_01,양쪽 포탄이 한 지점에 모여요. 포격이 아니라 누군가 조종하는 탄막입니다.
MAP_ANOMALY_CH16_N06_DIALOGUE_02,"교전 구역입니다. 소속을 밝히십시오. 동부선입니까, 서부선입니까."
MAP_ANOMALY_CH16_N06_DIALOGUE_03,등로단이다! 둘 다 아니라고!
MAP_ANOMALY_CH16_N06_OUTCOME,승리 시 위협 신호 안정화 · 영입/보상은 없음
MAP_ANOMALY_CH16_N06_TITLE,특이 위협 신호 · 꿈 순찰체
MAP_ANOMALY_CH16_N13_BODY,경로를 봉쇄하는 특이 반응이 감지되었습니다. 신호를 분석한 뒤 전투 구역으로 진입합니다.
MAP_ANOMALY_CH16_N13_DIALOGUE_01,앞쪽 참호에서 손 든 병사들이 나와. 그런데 저 기관이 조준을 풀지 않아.
MAP_ANOMALY_CH16_N13_DIALOGUE_02,투항하는 병사는 적으로 간주합니다. 사격을 개시합니다.
MAP_ANOMALY_CH16_N13_DIALOGUE_03,"병사 여러분, 제 방패 안으로 들어오십시오. 여기서부터는 제가 막습니다."
MAP_ANOMALY_CH16_N13_OUTCOME,승리 시 위협 신호 안정화 · 영입/보상은 없음
MAP_ANOMALY_CH16_N13_TITLE,특이 위협 신호 · 수면 바늘
MAP_ANOMALY_CH17_H02_BODY,경로를 봉쇄하는 특이 반응이 감지되었습니다. 신호를 분석한 뒤 전투 구역으로 진입합니다.
MAP_ANOMALY_CH17_H02_DIALOGUE_01,덧쓰기 권한을 확인했습니다. 여러분의 과거를 더 나은 과거로 교체합니다.
MAP_ANOMALY_CH17_H02_DIALOGUE_02,더 나은 과거? 필요 없어. 내가 고른 걸로 충분해.
MAP_ANOMALY_CH17_H02_DIALOGUE_03,좌표 확인. 과거를 바꾸려는 자에게는 현재의 포탄을 주겠소.
MAP_ANOMALY_CH17_H02_OUTCOME,승리 시 위협 신호 안정화 · 영입/보상은 없음
MAP_ANOMALY_CH17_H02_TITLE,특이 위협 신호 · 월식 결계체
MAP_ANOMALY_CH17_N06_BODY,경로를 봉쇄하는 특이 반응이 감지되었습니다. 신호를 분석한 뒤 전투 구역으로 진입합니다.
MAP_ANOMALY_CH17_N06_DIALOGUE_01,대출 기한이 만료되었습니다. 승객 여러분의 기억을 회수합니다.
MAP_ANOMALY_CH17_N06_DIALOGUE_02,기억은 빌린 게 아니거든요! 반납 거부예요!
MAP_ANOMALY_CH17_N06_DIALOGUE_03,회수 속도 초당 두 줄. 3분 안에 끝내면 손실 없어.
MAP_ANOMALY_CH17_N06_OUTCOME,승리 시 위협 신호 안정화 · 영입/보상은 없음
MAP_ANOMALY_CH17_N06_TITLE,특이 위협 신호 · 월광 척후
MAP_ANOMALY_CH17_N13_BODY,경로를 봉쇄하는 특이 반응이 감지되었습니다. 신호를 분석한 뒤 전투 구역으로 진입합니다.
MAP_ANOMALY_CH17_N13_DIALOGUE_01,주석 삭제 절차입니다. 본문에 없는 인물은 존재하지 않습니다.
MAP_ANOMALY_CH17_N13_DIALOGUE_02,본문에 없어도 아픈 사람은 있어요. 지우게 두지 않아요.
MAP_ANOMALY_CH17_N13_DIALOGUE_03,"주석이 본문을 뒤집는 거, 한번 보여 주지!"
MAP_ANOMALY_CH17_N13_OUTCOME,승리 시 위협 신호 안정화 · 영입/보상은 없음
MAP_ANOMALY_CH17_N13_TITLE,특이 위협 신호 · 조석 저격체
MAP_ANOMALY_CH18_H02_BODY,경로를 봉쇄하는 특이 반응이 감지되었습니다. 신호를 분석한 뒤 전투 구역으로 진입합니다.
MAP_ANOMALY_CH18_H02_DIALOGUE_01,공사 구간입니다. 작업자 외 출입 시 즉시 매설합니다.
MAP_ANOMALY_CH18_H02_DIALOGUE_02,묻히는 건 사양이야. 파내는 건 자신 있지만.
MAP_ANOMALY_CH18_H02_DIALOGUE_03,경고 방송 주파수 고정. 거짓 신호는 여기서 끊는다.
MAP_ANOMALY_CH18_H02_OUTCOME,승리 시 위협 신호 안정화 · 영입/보상은 없음
MAP_ANOMALY_CH18_H02_TITLE,특이 위협 신호 · 월식 결계체
MAP_ANOMALY_CH18_N06_BODY,경로를 봉쇄하는 특이 반응이 감지되었습니다. 신호를 분석한 뒤 전투 구역으로 진입합니다.
MAP_ANOMALY_CH18_N06_DIALOGUE_01,개통 전 시운전입니다. 선로 위의 모든 물체는 제거 대상입니다.
MAP_ANOMALY_CH18_N06_DIALOGUE_02,물체 아니야. 사람이야. 비키는 건 네 쪽이다.
MAP_ANOMALY_CH18_N06_DIALOGUE_03,시운전 경로 계산 끝. 탈선 지점은 여기로 정하겠소.
MAP_ANOMALY_CH18_N06_OUTCOME,승리 시 위협 신호 안정화 · 영입/보상은 없음
MAP_ANOMALY_CH18_N06_TITLE,특이 위협 신호 · 월광 척후
MAP_ANOMALY_CH18_N13_BODY,경로를 봉쇄하는 특이 반응이 감지되었습니다. 신호를 분석한 뒤 전투 구역으로 진입합니다.
MAP_ANOMALY_CH18_N13_DIALOGUE_01,초과 체류 승객을 확인했습니다. 남은 시간을 회수합니다.
MAP_ANOMALY_CH18_N13_DIALOGUE_02,시간 회수? 우리 하루는 반품 불가 상품이거든!
MAP_ANOMALY_CH18_N13_DIALOGUE_03,회수 절차요? 도서고에서 질리도록 봤어요. 실패하는 장면까지요!
MAP_ANOMALY_CH18_N13_OUTCOME,승리 시 위협 신호 안정화 · 영입/보상은 없음
MAP_ANOMALY_CH18_N13_TITLE,특이 위협 신호 · 조석 저격체
MAP_ANOMALY_CH19_H02_BODY,경로를 봉쇄하는 특이 반응이 감지되었습니다. 신호를 분석한 뒤 전투 구역으로 진입합니다.
MAP_ANOMALY_CH19_H02_DIALOGUE_01,이음매 보수 절차입니다. 틈에 있는 모든 것을 용접합니다.
MAP_ANOMALY_CH19_H02_DIALOGUE_02,용접 온도 상승 중. 반 박자 먼저 빠져.
MAP_ANOMALY_CH19_H02_DIALOGUE_03,용접기보다 포탄이 빠르지. 엎드려.
MAP_ANOMALY_CH19_H02_OUTCOME,승리 시 위협 신호 안정화 · 영입/보상은 없음
MAP_ANOMALY_CH19_H02_TITLE,특이 위협 신호 · 방파 경비체
MAP_ANOMALY_CH19_N06_BODY,경로를 봉쇄하는 특이 반응이 감지되었습니다. 신호를 분석한 뒤 전투 구역으로 진입합니다.
MAP_ANOMALY_CH19_N06_DIALOGUE_01,회차 갱신. 이전 회차의 전투 기록은 무효 처리됩니다.
MAP_ANOMALY_CH19_N06_DIALOGUE_02,무효는 네 방송이다. 우리 기록은 우리가 들고 있다.
MAP_ANOMALY_CH19_N06_DIALOGUE_03,몇 번을 갱신해도 결과는 똑같을걸요! 우리가 이겨요!
MAP_ANOMALY_CH19_N06_OUTCOME,승리 시 위협 신호 안정화 · 영입/보상은 없음
MAP_ANOMALY_CH19_N06_TITLE,특이 위협 신호 · 해일 질주체
MAP_ANOMALY_CH19_N13_BODY,경로를 봉쇄하는 특이 반응이 감지되었습니다. 신호를 분석한 뒤 전투 구역으로 진입합니다.
MAP_ANOMALY_CH19_N13_DIALOGUE_01,이유가 확인되지 않는 승객은 하차 대상입니다.
MAP_ANOMALY_CH19_N13_DIALOGUE_02,이유는 심장이 압니다. 제 맥박은 한 번도 흐트러진 적 없습니다.
MAP_ANOMALY_CH19_N13_DIALOGUE_03,"하차 대상? 미안, 난 원래 무임승차 전문이라서."
MAP_ANOMALY_CH19_N13_OUTCOME,승리 시 위협 신호 안정화 · 영입/보상은 없음
MAP_ANOMALY_CH19_N13_TITLE,특이 위협 신호 · 염수 포대
MAP_ANOMALY_CH20_H02_BODY,경로를 봉쇄하는 특이 반응이 감지되었습니다. 신호를 분석한 뒤 전투 구역으로 진입합니다.
MAP_ANOMALY_CH20_H02_DIALOGUE_01,심연 하강 구간입니다. 상승은 허가되지 않습니다.
MAP_ANOMALY_CH20_H02_DIALOGUE_02,"허가 없이 올라간 사람들, 여기 다 적혀 있어. 우리도 그렇게 할 거야."
MAP_ANOMALY_CH20_H02_DIALOGUE_03,올라가는 길은 포탄으로 낸다. 머리 조심.
MAP_ANOMALY_CH20_H02_OUTCOME,승리 시 위협 신호 안정화 · 영입/보상은 없음
MAP_ANOMALY_CH20_H02_TITLE,특이 위협 신호 · 방파 경비체
MAP_ANOMALY_CH20_N06_BODY,경로를 봉쇄하는 특이 반응이 감지되었습니다. 신호를 분석한 뒤 전투 구역으로 진입합니다.
MAP_ANOMALY_CH20_N06_DIALOGUE_01,점화 예정 구역입니다. 가연성 기억을 소지한 승객은 즉시 폐기하십시오.
MAP_ANOMALY_CH20_N06_DIALOGUE_02,"제 기억은 불붙기 쉬운 편이긴 한데요, 폐기는 절대 안 해요!"
MAP_ANOMALY_CH20_N06_DIALOGUE_03,앞은 내가 막아. 뒤에서 태워 버려.
MAP_ANOMALY_CH20_N06_OUTCOME,승리 시 위협 신호 안정화 · 영입/보상은 없음
MAP_ANOMALY_CH20_N06_TITLE,특이 위협 신호 · 해일 질주체
MAP_ANOMALY_CH20_N13_BODY,경로를 봉쇄하는 특이 반응이 감지되었습니다. 신호를 분석한 뒤 전투 구역으로 진입합니다.
MAP_ANOMALY_CH20_N13_DIALOGUE_01,노선 서명 위조를 감지했습니다. 열아홉 개 서명 전부 무효로 처리합니다.
MAP_ANOMALY_CH20_N13_DIALOGUE_02,하나하나 제 손으로 고른 서명입니다. 위조라는 말은 모욕입니다.
MAP_ANOMALY_CH20_N13_DIALOGUE_03,"원본 증명 필요하면 말해요. 색인 열람, 무료예요!"
MAP_ANOMALY_CH20_N13_OUTCOME,승리 시 위협 신호 안정화 · 영입/보상은 없음
MAP_ANOMALY_CH20_N13_TITLE,특이 위협 신호 · 염수 포대
MAP_BOSS_CH01_H03_SUBTITLE,고유 보스 신호 · 경로 최종 방어선
MAP_BOSS_CH01_H03_TITLE,백야 감시선
MAP_BOSS_CH01_H05_DIALOGUE_01,대피 경보 발령 중입니다. 모든 인원은 갱도 밖으로 대피하십시오.
MAP_BOSS_CH01_H05_DIALOGUE_02,열두 해째 같은 호출이야. 대피할 사람은 이제 아무도 없어.
MAP_BOSS_CH01_H05_DIALOGUE_03,대피 미완료 인원을 확인했습니다. 경보를 연장합니다.
MAP_BOSS_CH01_H05_DIALOGUE_04,그럼 오늘로 대피를 끝낸다. 종을 멈춘다!
MAP_BOSS_CH01_H05_SUBTITLE,고유 보스 신호 · 경로 최종 방어선
MAP_BOSS_CH01_H05_TITLE,끊긴 등불 · 심층
MAP_BOSS_CH01_H10_SUBTITLE,고유 보스 신호 · 경로 최종 방어선
MAP_BOSS_CH01_H10_TITLE,심야 공명선
MAP_BOSS_CH01_N20_DIALOGUE_01,구조 요청 처리 창구입니다. 대기 번호를 받으십시오.
MAP_BOSS_CH01_N20_DIALOGUE_02,"대기는 끝났어. 네가 삼킨 신호, 전부 돌려받는다!"
MAP_BOSS_CH01_N20_DIALOGUE_03,창구 업무 방해를 확인했습니다. 방해 승객을 보관 처리합니다.
MAP_BOSS_CH01_N20_DIALOGUE_04,처리될 건 너야. 비켜!
MAP_BOSS_CH01_N20_SUBTITLE,고유 보스 신호 · 경로 최종 방어선
MAP_BOSS_CH01_N20_TITLE,끊긴 등불
MAP_BOSS_CH02_H05_DIALOGUE_01,회송 편성을 완료했습니다. 공석을 채울 승객을 모집합니다.
MAP_BOSS_CH02_H05_DIALOGUE_02,공석이 삼천 개야. 채우려는 건 지금 살아 있는 사람들이고.
MAP_BOSS_CH02_H05_DIALOGUE_03,승객 여러분을 확인했습니다. 과거 명부에 배정합니다.
MAP_BOSS_CH02_H05_DIALOGUE_04,좌석 배정은 사양할게. 우리 자리는 우리가 정해.
MAP_BOSS_CH02_H05_SUBTITLE,지하 회송실 최심부 · 빈자리 편성 명령
MAP_BOSS_CH02_H05_TITLE,회송 편성핵 정지
MAP_BOSS_CH02_H10_SUBTITLE,고유 보스 신호 · 경로 최종 방어선
MAP_BOSS_CH02_H10_TITLE,회송 편성 최심부
MAP_BOSS_CH02_N10_SUBTITLE,회송선 중앙 분기장 · 역방향 절차 관리자
MAP_BOSS_CH02_N10_TITLE,중앙 역행 개찰
MAP_BOSS_CH02_N20_DIALOGUE_01,역방향 개찰 중입니다. 승객 여러분은 과거를 향해 한 줄로 서십시오.
MAP_BOSS_CH02_N20_DIALOGUE_02,"미안하지만, 우리 환자분들은 지금이 제일 좋대."
MAP_BOSS_CH02_N20_DIALOGUE_03,불응 승객을 확인했습니다. 승차권을 회수합니다.
MAP_BOSS_CH02_N20_DIALOGUE_04,회수할 수 있으면 해 봐. 우린 반품 불가야!
MAP_BOSS_CH02_N20_SUBTITLE,고유 보스 신호 · 경로 최종 방어선
MAP_BOSS_CH02_N20_TITLE,되감기는 종착선
MAP_BOSS_CH03_H05_DIALOGUE_01,관측을 계속합니다. 관측 대상은 움직이지 마십시오.
MAP_BOSS_CH03_H05_DIALOGUE_02,"열두 해 동안 보기만 했어. 기록은 산더미인데, 도운 건 하나도 없어."
MAP_BOSS_CH03_H05_DIALOGUE_03,개입은 관측의 오류입니다. 관측을 방해하는 대상을 제외합니다.
MAP_BOSS_CH03_H05_DIALOGUE_04,우린 보러 온 게 아니다. 밤을 돌려받으러 왔다.
MAP_BOSS_CH03_H05_SUBTITLE,고유 보스 신호 · 경로 최종 방어선
MAP_BOSS_CH03_H05_TITLE,유리평원의 야간열차 · 심층
MAP_BOSS_CH03_N20_DIALOGUE_01,정렬 불량 승객을 확인했습니다. 반사면 교정을 실시합니다.
MAP_BOSS_CH03_N20_DIALOGUE_02,교정은 필요 없어. 반 박자 늦은 건 네 쪽이니까.
MAP_BOSS_CH03_N20_DIALOGUE_03,원본 폐기 절차로 전환합니다.
MAP_BOSS_CH03_N20_DIALOGUE_04,"과충전 돌격, 이번엔 참지 않아요!"
MAP_BOSS_CH03_N20_SUBTITLE,고유 보스 신호 · 경로 최종 방어선
MAP_BOSS_CH03_N20_TITLE,유리평원의 야간열차
MAP_BOSS_CH04_H05_DIALOGUE_01,경고. 이 구역에 접근하지 마십시오. 경고. 오지 마십시오.
MAP_BOSS_CH04_H05_DIALOGUE_02,열두 해 동안 한 문장만 깜박였어. 다른 말은 잊어버린 거야.
MAP_BOSS_CH04_H05_DIALOGUE_03,접근자를 확인했습니다. 경고 강도를 최대로 올립니다.
MAP_BOSS_CH04_H05_DIALOGUE_04,경고는 충분히 들었어. 이번엔 우리가 대답할 차례야.
MAP_BOSS_CH04_H05_SUBTITLE,고유 보스 신호 · 경로 최종 방어선
MAP_BOSS_CH04_H05_TITLE,침수된 신호원 · 심층
MAP_BOSS_CH04_N20_DIALOGUE_01,수문 전환 중입니다. 기록 보관실을 수몰 구역으로 지정합니다.
MAP_BOSS_CH04_N20_DIALOGUE_02,그 문은 안 잠겨. 이번엔 내가 열 거니까.
MAP_BOSS_CH04_N20_DIALOGUE_03,구조 활동은 허가되지 않았습니다.
MAP_BOSS_CH04_N20_DIALOGUE_04,"허가는 우리가 한다. 등로단, 돌입!"
MAP_BOSS_CH04_N20_SUBTITLE,고유 보스 신호 · 경로 최종 방어선
MAP_BOSS_CH04_N20_TITLE,침수된 신호원
MAP_BOSS_CH05_H05_DIALOGUE_01,개정합니다. 증인 전원에 대해 위험물 분류를 유지합니다.
MAP_BOSS_CH05_H05_DIALOGUE_02,그 사람들은 위험물이 아니에요. 본 걸 말했을 뿐이에요.
MAP_BOSS_CH05_H05_DIALOGUE_03,증언은 도시를 불안하게 합니다. 불안은 봉쇄 사유입니다.
MAP_BOSS_CH05_H05_DIALOGUE_04,그럼 판결을 뒤집는다. 증언은 밖으로 나간다.
MAP_BOSS_CH05_H05_SUBTITLE,고유 보스 신호 · 경로 최종 방어선
MAP_BOSS_CH05_H05_TITLE,회백도시 봉쇄선 · 심층
MAP_BOSS_CH05_N20_DIALOGUE_01,집계 외 인원이 접근 중입니다. 즉시 번호를 부여받으십시오.
MAP_BOSS_CH05_N20_DIALOGUE_02,번호는 필요 없어요. 여기 있는 사람들은 전부 이름이 있어요.
MAP_BOSS_CH05_N20_DIALOGUE_03,포문을 닫아라. 회랑은 넘겨주지 않는다.
MAP_BOSS_CH05_N20_DIALOGUE_04,번호 수령 거부를 확인했습니다. 위협도를 재산정합니다.
MAP_BOSS_CH05_N20_SUBTITLE,고유 보스 신호 · 경로 최종 방어선
MAP_BOSS_CH05_N20_TITLE,회백도시 봉쇄선
MAP_BOSS_CH06_H05_DIALOGUE_01,기상 경보를 발령합니다. 폭풍은 교량 하부에 격리 보관 중입니다.
MAP_BOSS_CH06_H05_DIALOGUE_02,격리가 아니라 축적이야. 한계치까지 삼 분.
MAP_BOSS_CH06_H05_DIALOGUE_03,폭풍을 방출하면 교량이 위험합니다. 방출을 거부합니다.
MAP_BOSS_CH06_H05_DIALOGUE_04,그럼 우리가 대신 흩어 줄게. 좀 시끄러울 거야.
MAP_BOSS_CH06_H05_SUBTITLE,고유 보스 신호 · 경로 최종 방어선
MAP_BOSS_CH06_H05_TITLE,하늘교량의 낙뢰 · 심층
MAP_BOSS_CH06_N20_DIALOGUE_01,통행료를 징수합니다. 승객 여러분은 생체 신호를 제출하십시오.
MAP_BOSS_CH06_N20_DIALOGUE_02,요금은 포탄으로 내겠소. 거스름돈은 필요 없소.
MAP_BOSS_CH06_N20_DIALOGUE_03,행렬은 건넌다. 요금은 없다.
MAP_BOSS_CH06_N20_DIALOGUE_04,미납을 확인했습니다. 교량 해제 절차를 앞당깁니다.
MAP_BOSS_CH06_N20_SUBTITLE,고유 보스 신호 · 경로 최종 방어선
MAP_BOSS_CH06_N20_TITLE,하늘교량의 낙뢰
MAP_BOSS_CH07_H05_DIALOGUE_01,전 방향 안내를 송출합니다. 모든 방향이 정답입니다.
MAP_BOSS_CH07_H05_DIALOGUE_02,모든 방향이 정답이면 정답은 없다. 신호 차단 들어간다.
MAP_BOSS_CH07_H05_DIALOGUE_03,방향을 잃은 승객은 이동하지 않습니다. 이동하지 않는 승객은 안전합니다.
MAP_BOSS_CH07_H05_DIALOGUE_04,안전한 게 아니라 멈춘 거다. 방향을 되찾는다.
MAP_BOSS_CH07_H05_SUBTITLE,고유 보스 신호 · 경로 최종 방어선
MAP_BOSS_CH07_H05_TITLE,설원에 묻힌 방송 · 심층
MAP_BOSS_CH07_N20_DIALOGUE_01,성가 제2절을 시작합니다. 구조대는 끝까지 대기하십시오.
MAP_BOSS_CH07_N20_DIALOGUE_02,그 명령은 죽었다. 죽은 명령에 답할 사람은 여기 없다.
MAP_BOSS_CH07_N20_DIALOGUE_03,그 목소리들은 돌려받는다. 주인들에게.
MAP_BOSS_CH07_N20_DIALOGUE_04,……불응자를 확인했습니다. 합창으로 덮습니다.
MAP_BOSS_CH07_N20_SUBTITLE,고유 보스 신호 · 경로 최종 방어선
MAP_BOSS_CH07_N20_TITLE,설원에 묻힌 방송
MAP_BOSS_CH08_H05_DIALOGUE_01,폐기 절차를 계속합니다. 떨어지는 모든 것을 수거합니다.
MAP_BOSS_CH08_H05_DIALOGUE_02,수거가 아니라 포식이다. 삼킬 때마다 궤도가 흔들린다.
MAP_BOSS_CH08_H05_DIALOGUE_03,수거 대상에 승객 여러분을 추가합니다.
MAP_BOSS_CH08_H05_DIALOGUE_04,추가하지 마. 우린 떨어지지 않을 거니까.
MAP_BOSS_CH08_H05_SUBTITLE,고유 보스 신호 · 경로 최종 방어선
MAP_BOSS_CH08_H05_TITLE,붉은 채굴궤도 · 심층
MAP_BOSS_CH08_N20_DIALOGUE_01,방출 절차 진행 중. 승객 여러분은 무거운 기억을 제출해 주십시오.
MAP_BOSS_CH08_N20_DIALOGUE_02,무거운 건 내가 들게. 태우는 건 이제 끝이야.
MAP_BOSS_CH08_N20_DIALOGUE_03,기억은 주인에게 돌려준다. 멈춰라.
MAP_BOSS_CH08_N20_DIALOGUE_04,제출 거부를 확인했습니다. 강제 회수로 전환합니다.
MAP_BOSS_CH08_N20_SUBTITLE,고유 보스 신호 · 경로 최종 방어선
MAP_BOSS_CH08_N20_TITLE,붉은 채굴궤도
MAP_BOSS_CH09_H05_DIALOGUE_01,결재 대기 중입니다. 모든 안건은 국장 기상 후 처리됩니다. 기상 예정 시각은 미정입니다.
MAP_BOSS_CH09_H05_DIALOGUE_02,"적체된 안건 삼만 건. 저게 안 깨면, 이 층 사람들은 아무것도 허락받지 못해."
MAP_BOSS_CH09_H05_DIALOGUE_03,허락은 필요 없어! 그 결재 책상째로 부숴 주지!
MAP_BOSS_CH09_H05_DIALOGUE_04,잠든 절차는 깨울 필요 없다. 여기서 멈춘다.
MAP_BOSS_CH09_H05_SUBTITLE,고유 보스 신호 · 경로 최종 방어선
MAP_BOSS_CH09_H05_TITLE,잠든 역무국 · 심층
MAP_BOSS_CH09_N20_DIALOGUE_01,선고 공판을 속개합니다. 피고인 및 공범은 법대 앞으로 나오십시오.
MAP_BOSS_CH09_N20_DIALOGUE_02,나왔다! 이번엔 판결 받으러 온 게 아니라 뒤집으러 왔어!
MAP_BOSS_CH09_N20_DIALOGUE_03,"망치가 떨어지기 직전, 판결 신호가 한 번 끊긴다. 그 틈을 친다."
MAP_BOSS_CH09_N20_DIALOGUE_04,번호는 보지 마라. 옆 사람의 등만 봐라. 간다!
MAP_BOSS_CH09_N20_SUBTITLE,고유 보스 신호 · 경로 최종 방어선
MAP_BOSS_CH09_N20_TITLE,잠든 역무국
MAP_BOSS_CH10_H05_DIALOGUE_01,월식 연주를 계속합니다. 달이 가려진 동안에는 아무것도 선택되지 않습니다.
MAP_BOSS_CH10_H05_DIALOGUE_02,월식 신호가 환승로의 시각을 붙들고 있어. 이게 남으면 시간표가 다시 갈라질 수 있어.
MAP_BOSS_CH10_H05_DIALOGUE_03,"지휘봉 박자, 1.2초 간격. 그 사이에 쏜다."
MAP_BOSS_CH10_H05_DIALOGUE_04,연주는 끝났다. 달을 돌려받는다.
MAP_BOSS_CH10_H05_SUBTITLE,고유 보스 신호 · 경로 최종 방어선
MAP_BOSS_CH10_H05_TITLE,쌍월 환승로 · 심층
MAP_BOSS_CH10_N20_DIALOGUE_01,월식 개시까지 십 분. 선택 입력을 대기합니다. 미입력 시 양 편성의 운행을 종료합니다.
MAP_BOSS_CH10_N20_DIALOGUE_02,십 분이면 탄 서른 발이야. 넉넉해.
MAP_BOSS_CH10_N20_DIALOGUE_03,입력해 주지. 내 주먹으로!
MAP_BOSS_CH10_N20_DIALOGUE_04,양쪽 전조등을 등 뒤에 둔다. 어느 쪽도 멈추게 하지 마라.
MAP_BOSS_CH10_N20_SUBTITLE,고유 보스 신호 · 경로 최종 방어선
MAP_BOSS_CH10_N20_TITLE,쌍월 환승로
MAP_BOSS_CH11_H05_DIALOGUE_01,해역 안내. 본 해역은 유실물 보관소입니다. 보관품의 반출을 금지합니다.
MAP_BOSS_CH11_H05_DIALOGUE_02,"보관이라니요. 열두 해 동안 삼킨 좌표들, 전부 돌려받겠습니다."
MAP_BOSS_CH11_H05_DIALOGUE_03,흑수 몸속에 좌표 반응 수백 개. 아직 살아 있는 신호도 섞여 있어.
MAP_BOSS_CH11_H05_DIALOGUE_04,배를 붙인다. 삼킨 것들을 전부 뱉게 만든다.
MAP_BOSS_CH11_H05_SUBTITLE,고유 보스 신호 · 경로 최종 방어선
MAP_BOSS_CH11_H05_TITLE,검은 조류 방파선 · 심층
MAP_BOSS_CH11_N20_DIALOGUE_01,수확 절차를 재개합니다. 방파선 인근 승객께서는 유실물을 반납해 주십시오.
MAP_BOSS_CH11_N20_DIALOGUE_02,반납할 유실물은 없습니다. 여기 있는 건 전부 누군가의 귀환입니다.
MAP_BOSS_CH11_N20_DIALOGUE_03,낫 궤적 확인. 회전 주기 4.6초. 두 번째 회전 끝에 틈이 생겨.
MAP_BOSS_CH11_N20_DIALOGUE_04,등불을 가운데 두고 선다. 아무것도 넘겨주지 않는다.
MAP_BOSS_CH11_N20_SUBTITLE,고유 보스 신호 · 경로 최종 방어선
MAP_BOSS_CH11_N20_TITLE,검은 조류 방파선
MAP_BOSS_CH12_H05_DIALOGUE_01,성가를 계속합니다. 잠긴 이름은 노래가 끝날 때까지 봉인됩니다. 노래는 끝나지 않습니다.
MAP_BOSS_CH12_H05_DIALOGUE_02,"저 성가의 박자, 심장보다 느려요. 이름들이 그 느린 박자에 묶여 있어요."
MAP_BOSS_CH12_H05_DIALOGUE_03,그럼 박자를 끊어 주면 되겠네. 다음 박자가 오기 전에.
MAP_BOSS_CH12_H05_DIALOGUE_04,노래를 끝낸다. 이름들을 집으로 보낸다.
MAP_BOSS_CH12_H05_SUBTITLE,고유 보스 신호 · 경로 최종 방어선
MAP_BOSS_CH12_H05_TITLE,무명성당의 열쇠 · 심층
MAP_BOSS_CH12_N20_DIALOGUE_01,재징수 절차를 개시합니다. 참배객 여러분은 이름을 제단에 올려 주십시오.
MAP_BOSS_CH12_N20_DIALOGUE_02,올릴 이름은 없습니다. 모두 제가 박자로 붙들고 있으니까요.
MAP_BOSS_CH12_N20_DIALOGUE_03,이름도 없는 주제에 남의 이름을 걷어? 전부 돌려받는다!
MAP_BOSS_CH12_N20_DIALOGUE_04,"마에루다. 몇 번이든 말해 주지. 등로단, 이름을 걸고 간다!"
MAP_BOSS_CH12_N20_SUBTITLE,고유 보스 신호 · 경로 최종 방어선
MAP_BOSS_CH12_N20_TITLE,무명성당의 열쇠
MAP_BOSS_CH13_H05_DIALOGUE_01,"신기루 기관차, 출발합니다. 본 열차는 어디에도 도착하지 않습니다."
MAP_BOSS_CH13_H05_DIALOGUE_02,도착 안 하는 열차를 누가 타. 여기서 내려 줄게.
MAP_BOSS_CH13_H05_DIALOGUE_03,종착역이 없으면 늦는 승객도 없습니다. 안심하고 탑승하십시오.
MAP_BOSS_CH13_H05_DIALOGUE_04,늦어도 도착하는 쪽이 나아. 멈춰!
MAP_BOSS_CH13_H05_SUBTITLE,고유 보스 신호 · 경로 최종 방어선
MAP_BOSS_CH13_H05_TITLE,사막의 유령 시간표 · 심층
MAP_BOSS_CH13_N20_DIALOGUE_01,"사구역 최종 편성, 출발 준비를 마쳤습니다. 후회가 큰 승객부터 탑승하십시오."
MAP_BOSS_CH13_N20_DIALOGUE_02,후회 순서로 줄 세우는 역이라니. 서비스 최악이네.
MAP_BOSS_CH13_N20_DIALOGUE_03,리아스 승객님의 객차가 가장 무겁습니다. 고르지 않은 삶이 가장 많으시군요.
MAP_BOSS_CH13_N20_DIALOGUE_04,……그러니까 뛰는 거야. 멈추면 전부 따라잡히니까. 끊어 줄게!
MAP_BOSS_CH13_N20_SUBTITLE,고유 보스 신호 · 경로 최종 방어선
MAP_BOSS_CH13_N20_TITLE,사막의 유령 시간표
MAP_BOSS_CH14_H05_DIALOGUE_01,반전 왕관이 수도를 지탱하고 있습니다. 왕관을 벗기면 도시는 추락합니다.
MAP_BOSS_CH14_H05_DIALOGUE_02,거짓말. 아래는 우리가 이미 맞춰 놨어. 네가 쥐고 있는 건 겁뿐이야.
MAP_BOSS_CH14_H05_DIALOGUE_03,"위아래가 뒤집혀 있는 한, 누구도 밖으로 나가지 않습니다. 자리에 앉아 계십시오."
MAP_BOSS_CH14_H05_DIALOGUE_04,앉아 있을 시간 없어. 왕관 벗긴다!
MAP_BOSS_CH14_H05_SUBTITLE,고유 보스 신호 · 경로 최종 방어선
MAP_BOSS_CH14_H05_TITLE,반전된 수도권 · 심층
MAP_BOSS_CH14_N20_DIALOGUE_01,최종 감사를 개시합니다. 수도의 모든 귀환 의지를 압류합니다.
MAP_BOSS_CH14_N20_DIALOGUE_02,돌아가려는 마음을 압류하겠다고? 그건 내가 열두 해 붙든 거야. 못 줘.
MAP_BOSS_CH14_N20_DIALOGUE_03,감사 결과는 이미 확정되었습니다. 이의 신청은 받지 않습니다.
MAP_BOSS_CH14_N20_DIALOGUE_04,"이의 말고 버그 신고할게. 네 저울, 처음부터 틀렸어!"
MAP_BOSS_CH14_N20_SUBTITLE,고유 보스 신호 · 경로 최종 방어선
MAP_BOSS_CH14_N20_TITLE,반전된 수도권
MAP_BOSS_CH15_H05_DIALOGUE_01,제로 개화를 시작합니다. 모든 기억은 첫 봉오리로 돌아갑니다.
MAP_BOSS_CH15_H05_DIALOGUE_02,첫 봉오리로 돌아가면 어떤 맥박도 기억하지 못해요. 그건 치유가 아니에요.
MAP_BOSS_CH15_H05_DIALOGUE_03,"처음으로 돌아가면, 아무것도 잃지 않았던 때가 됩니다. 눈을 감으십시오."
MAP_BOSS_CH15_H05_DIALOGUE_04,눈 감는 건 밤에 할게. 지금은 벤다.
MAP_BOSS_CH15_H05_SUBTITLE,고유 보스 신호 · 경로 최종 방어선
MAP_BOSS_CH15_H05_TITLE,제로 신호의 정원 · 심층
MAP_BOSS_CH15_N20_DIALOGUE_01,"마지막 개화를 시작합니다. 승객 여러분, 가장 행복한 순간으로 돌아가십시오."
MAP_BOSS_CH15_N20_DIALOGUE_02,돌아가는 건 안 해. 앞으로 좋은 날 만들 거야.
MAP_BOSS_CH15_N20_DIALOGUE_03,앞날에는 보장이 없습니다. 이곳의 행복은 영원히 시들지 않습니다.
MAP_BOSS_CH15_N20_DIALOGUE_04,시들지 않는 꽃은 조화야. 한 발이면 충분해.
MAP_BOSS_CH15_N20_SUBTITLE,고유 보스 신호 · 경로 최종 방어선
MAP_BOSS_CH15_N20_TITLE,제로 신호의 정원
MAP_BOSS_CH16_H05_DIALOGUE_01,"군주 기관, 가동합니다. 왕좌가 비어 있으므로 본 기관이 통치를 대행합니다."
MAP_BOSS_CH16_H05_DIALOGUE_02,빈 자리는 비어 있어도 돼. 억지로 채우지 마.
MAP_BOSS_CH16_H05_DIALOGUE_03,통치자가 없으면 명령이 없습니다. 명령이 없으면 혼란입니다. 양쪽 수도를 조준합니다.
MAP_BOSS_CH16_H05_DIALOGUE_04,혼란은 우리가 감당한다. 포신 내려.
MAP_BOSS_CH16_H05_SUBTITLE,고유 보스 신호 · 경로 최종 방어선
MAP_BOSS_CH16_H05_TITLE,철도왕관 내전 · 심층
MAP_BOSS_CH16_N20_DIALOGUE_01,"계승 절차, 최종 단계입니다. 승자가 아닌 모든 자를 배제합니다."
MAP_BOSS_CH16_N20_DIALOGUE_02,배제할 사람은 없어요. 여기 있는 모두가 돌아갈 사람이에요.
MAP_BOSS_CH16_N20_DIALOGUE_03,치료 신호 발신자를 확인했습니다. 반역 행위를 종결합니다.
MAP_BOSS_CH16_N20_DIALOGUE_04,종결되는 건 네 절차다. 노아르 앞을 막아라. 한 걸음도 내주지 마.
MAP_BOSS_CH16_N20_SUBTITLE,고유 보스 신호 · 경로 최종 방어선
MAP_BOSS_CH16_N20_TITLE,철도왕관 내전
MAP_BOSS_CH17_H05_DIALOGUE_01,본 층은 덧쓰기 전용입니다. 원본 열람은 허가되지 않습니다.
MAP_BOSS_CH17_H05_DIALOGUE_02,원본을 덮어 두기만 하고 버리진 못했잖아요. 그게 당신 약점이에요.
MAP_BOSS_CH17_H05_DIALOGUE_03,덧쓴 역사가 더 평온합니다. 아래층의 이름들은 계속 주무시게 하십시오.
MAP_BOSS_CH17_H05_DIALOGUE_04,잠든 이름에도 맥박은 뜁니다. 깨우러 왔습니다.
MAP_BOSS_CH17_H05_SUBTITLE,고유 보스 신호 · 경로 최종 방어선
MAP_BOSS_CH17_H05_TITLE,잔광의 도서고 · 심층
MAP_BOSS_CH17_N20_DIALOGUE_01,최종 색인 작업입니다. 모든 합류 기록을 첫 장부터 파기합니다.
MAP_BOSS_CH17_N20_DIALOGUE_02,첫 장부터요? 그럼 제가 첫 장부터 다시 읽어 드리죠. 소리 내서!
MAP_BOSS_CH17_N20_DIALOGUE_03,도서고 내 낭독은 규정 위반입니다. 정숙하십시오.
MAP_BOSS_CH17_N20_DIALOGUE_04,"정숙은 끝났다. 등로단, 서로의 이름을 불러라!"
MAP_BOSS_CH17_N20_SUBTITLE,고유 보스 신호 · 경로 최종 방어선
MAP_BOSS_CH17_N20_TITLE,잔광의 도서고
MAP_BOSS_CH18_H05_DIALOGUE_01,자정 종착역입니다. 본 역은 모든 노선의 마지막 정차역입니다.
MAP_BOSS_CH18_H05_DIALOGUE_02,마지막 역이라는 건 설계가 아니라 명령이야. 명령은 끊을 수 있어.
MAP_BOSS_CH18_H05_DIALOGUE_03,종착 시각 이후의 시간은 존재하지 않습니다. 하차를 준비하십시오.
MAP_BOSS_CH18_H05_DIALOGUE_04,하차 시각은 우리가 정해. 시계부터 멈춰 주지.
MAP_BOSS_CH18_H05_SUBTITLE,고유 보스 신호 · 경로 최종 방어선
MAP_BOSS_CH18_H05_TITLE,종말선 전야 · 심층
MAP_BOSS_CH18_N20_DIALOGUE_01,자정 포격 발사 준비 완료. 모든 승객은 착석하십시오.
MAP_BOSS_CH18_N20_DIALOGUE_02,착석은 사양할게. 우리 포탄은 아직 남았거든.
MAP_BOSS_CH18_N20_DIALOGUE_03,잔여 시간은 몰수됩니다. 이의 신청은 받지 않습니다.
MAP_BOSS_CH18_N20_DIALOGUE_04,이의는 포격으로 제출한다. 사격 개시!
MAP_BOSS_CH18_N20_SUBTITLE,고유 보스 신호 · 경로 최종 방어선
MAP_BOSS_CH18_N20_TITLE,종말선 전야
MAP_BOSS_CH19_H05_DIALOGUE_01,우로보로스 선로입니다. 본 열차는 기점과 종점이 같습니다. 영원히 운행합니다.
MAP_BOSS_CH19_H05_DIALOGUE_02,기점과 종점이 같다면 이음매가 하나 있다는 뜻이야. 거기를 끊는다.
MAP_BOSS_CH19_H05_DIALOGUE_03,끊긴 선로는 운행을 종료합니다. 안전을 위해 순환을 유지하십시오.
MAP_BOSS_CH19_H05_DIALOGUE_04,안전한 무한보다 위험한 다음이 낫지. 조준 끝.
MAP_BOSS_CH19_H05_SUBTITLE,고유 보스 신호 · 경로 최종 방어선
MAP_BOSS_CH19_H05_TITLE,꺼지지 않는 원환 · 심층
MAP_BOSS_CH19_N20_DIALOGUE_01,대체 승객 지정 절차를 강제 집행합니다. 지정된 분은 좌석에서 일어나지 마십시오.
MAP_BOSS_CH19_N20_DIALOGUE_02,지정해 봐. 그 사람의 이유는 내가 다시 읽어 줄 테니까.
MAP_BOSS_CH19_N20_DIALOGUE_03,기록된 이유는 효력이 없습니다. 유효한 것은 승차권뿐입니다.
MAP_BOSS_CH19_N20_DIALOGUE_04,"우리 표는 전원 왕복이다. 등로단, 돌파한다!"
MAP_BOSS_CH19_N20_SUBTITLE,고유 보스 신호 · 경로 최종 방어선
MAP_BOSS_CH19_N20_TITLE,꺼지지 않는 원환
MAP_BOSS_CH20_H05_DIALOGUE_01,루멘 심연은 폐기 기록 보관소입니다. 반출은 허가되지 않습니다.
MAP_BOSS_CH20_H05_DIALOGUE_02,폐기된 게 아니야. 아무도 안 읽어 줬을 뿐이지. 내가 읽을게.
MAP_BOSS_CH20_H05_DIALOGUE_03,가라앉은 기록은 평온합니다. 다시 떠오르면 다시 아파합니다.
MAP_BOSS_CH20_H05_DIALOGUE_04,아파도 됩니다. 살아 있다는 뜻이니까요. 모두 데려가겠습니다.
MAP_BOSS_CH20_H05_SUBTITLE,고유 보스 신호 · 경로 최종 방어선
MAP_BOSS_CH20_H05_TITLE,마지막 등불 · 심층
MAP_BOSS_CH20_N20_DIALOGUE_01,"최후선 수문, 폐쇄 절차를 개시합니다. 등불과 승객을 영구 격리합니다."
MAP_BOSS_CH20_N20_DIALOGUE_02,격리는 벽이 하는 일이 아니야. 벽은 돌아올 사람을 기다리는 거야.
MAP_BOSS_CH20_N20_DIALOGUE_03,경고합니다. 빛은 어둠을 부릅니다. 점화를 중지하십시오.
MAP_BOSS_CH20_N20_DIALOGUE_04,"어둠째로 데려간다. 등로단, 마지막 등불로!"
MAP_BOSS_CH20_N20_SUBTITLE,고유 보스 신호 · 경로 최종 방어선
MAP_BOSS_CH20_N20_TITLE,마지막 등불
MAP_BOSS_CONTACT_CAPTION,위협 신호 · 특이 개체 감지
MAP_BOSS_N10_EVENT_TITLE,심층 신호 차단
MAP_BOSS_N10_SUBTITLE,중계 구역 최심부 · 접근 통제 개체
MAP_BOSS_UNKNOWN_NAME,미확인 위협
MAP_BOSS_UNKNOWN_SUBTITLE,신호 판독 중
MAP_CONTACT_CH01_H03_BODY,왜곡된 회송 신호 속에서 동료의 구조 좌표가 겹쳐진다. 접촉을 마치면 이 조우의 진짜 응답을 확인할 수 있다.
MAP_CONTACT_CH01_H03_DIALOGUE_01,"멈춰. 저 위, 갱목 사이에 총구 하나. 우릴 겨누고 있어."
MAP_CONTACT_CH01_H03_DIALOGUE_02,움직이지 마. 질문 하나. 틀리면 쏜다.
MAP_CONTACT_CH01_H03_DIALOGUE_03,"거기, 시끄러운 쪽. 네 왼쪽에 선 사람 이름과, 그 사람이 제일 싫어하는 걸 말해."
MAP_CONTACT_CH01_H03_DIALOGUE_04,"제 왼쪽이요? 로안 대장님이고요, 줄 서는 걸 제일 싫어하세요!"
MAP_CONTACT_CH01_H03_DIALOGUE_05,……잔향체는 질문에 대답하지 못한다. 쓸데없이 긴 대답이군. 사람이다.
MAP_CONTACT_CH01_H03_DIALOGUE_06,카이렌. 폐광 경비대. ……뒤에서 너희 목소리가 또 들리는군. 저건 가짜다.
MAP_CONTACT_CH01_H03_DIALOGUE_07,우리 목소리를 흉내 내는 잔향체 떼라. 오늘은 한 발로는 좀 모자라겠네.
MAP_CONTACT_CH01_H03_DIALOGUE_08,진짜라면 가짜를 쏠 수 있겠지. 보여 줘.
MAP_CONTACT_CH01_H03_OUTCOME,이 전투에서 승리하면 합류 · 카이렌
MAP_CONTACT_CH01_H03_TITLE,떠도는 등로단 · 카이렌
MAP_CONTACT_CH01_N08_BODY,왜곡된 회송 신호 속에서 동료의 구조 좌표가 겹쳐진다. 접촉을 마치면 이 조우의 진짜 응답을 확인할 수 있다.
MAP_CONTACT_CH01_N08_DIALOGUE_01,중계기 앞에 생체 반응 하나. 잔향체에 둘러싸였어.
MAP_CONTACT_CH01_N08_DIALOGUE_02,멈춰! 누구 신호를 타고 왔지? 목소리 흉내라면 이미 질리도록 들었어.
MAP_CONTACT_CH01_N08_DIALOGUE_03,등로단이다. 구조 신호를 따라왔다.
MAP_CONTACT_CH01_N08_DIALOGUE_04,잔향체도 똑같이 말했어. '구조하러 왔어요.' 그게 열한 번째였지.
MAP_CONTACT_CH01_N08_DIALOGUE_05,저희 진짜예요! 이렇게 시끄러운 잔향체 보신 적 있어요?
MAP_CONTACT_CH01_N08_DIALOGUE_06,……시끄러운 건 인정해. 그래도 말은 흉내 낼 수 있어.
MAP_CONTACT_CH01_N08_DIALOGUE_07,좋아. 그럼 증명해. 저것들부터 치워. 말은 그다음이야.
MAP_CONTACT_CH01_N08_DIALOGUE_08,"한 발이면 충분해. 잘 봐 둬, 신호 추적자 씨."
MAP_CONTACT_CH01_N08_OUTCOME,이 전투에서 승리하면 합류 · 베라
MAP_CONTACT_CH01_N08_TITLE,특별 신호 · 베라
MAP_CONTACT_CH02_H03_BODY,왜곡된 회송 신호 속에서 동료의 구조 좌표가 겹쳐진다. 접촉을 마치면 이 조우의 진짜 응답을 확인할 수 있다.
MAP_CONTACT_CH02_H03_DIALOGUE_01,전신 부호 발신지 도착. 사람 하나가 전건을 두드리고 있어.
MAP_CONTACT_CH02_H03_DIALOGUE_02,수신. 정체불명. 다수. 회송반 여부. 확인 요망. 끊음.
MAP_CONTACT_CH02_H03_DIALOGUE_03,……방금 우리한테 말한 거 맞지? 전보 치듯이?
MAP_CONTACT_CH02_H03_DIALOGUE_04,회송반이 아니다. 등로단이다. 회송을 멈추러 왔다.
MAP_CONTACT_CH02_H03_DIALOGUE_05,회송반. 매번. 같은 답. 열두 해. 속았음.
MAP_CONTACT_CH02_H03_DIALOGUE_06,증명. 요구. 교전 후. 재수신. 끊음.
MAP_CONTACT_CH02_H03_DIALOGUE_07,"와, 말을 한 박자씩 끊어요! 멋있는데 무서워요!"
MAP_CONTACT_CH02_H03_DIALOGUE_08,평가. 불필요. 개시.
MAP_CONTACT_CH02_H03_OUTCOME,이 전투에서 승리하면 합류 · 이노아
MAP_CONTACT_CH02_H03_TITLE,떠도는 등로단 · 이노아
MAP_CONTACT_CH02_N19_BODY,왜곡된 회송 신호 속에서 동료의 구조 좌표가 겹쳐진다. 접촉을 마치면 이 조우의 진짜 응답을 확인할 수 있다.
MAP_CONTACT_CH02_N19_DIALOGUE_01,"중앙 개찰 앞 신호 확인. 이리야. 부상자 여럿, 그리고 잔향체 무리."
MAP_CONTACT_CH02_N19_DIALOGUE_02,"아, 왔구나. ……늦어서 미안해. 길을 열어 두겠다고 했는데."
MAP_CONTACT_CH02_N19_DIALOGUE_03,늦은 건 우리다. 부상자는 몇 명이지?
MAP_CONTACT_CH02_N19_DIALOGUE_04,스물여섯. 전부 명부에 덮이기 직전이야. 내가 손을 떼면 과거로 끌려가.
MAP_CONTACT_CH02_N19_DIALOGUE_05,그럼 이리 씨는 계속 치료해요! 싸우는 건 저희가 할게요!
MAP_CONTACT_CH02_N19_DIALOGUE_06,고마워. 그럼 부탁해도 될까. 저것들이 개찰구를 넘지 못하게.
MAP_CONTACT_CH02_N19_DIALOGUE_07,"부탁을 그렇게 다정하게 하면, 한 발 더 쏘고 싶어지잖아."
MAP_CONTACT_CH02_N19_DIALOGUE_08,……조심해. 다치면 내가 또 바빠지니까.
MAP_CONTACT_CH02_N19_OUTCOME,이 전투에서 승리하면 합류 · 이리
MAP_CONTACT_CH02_N19_TITLE,특별 신호 · 이리
MAP_CONTACT_CH03_H03_BODY,왜곡된 회송 신호 속에서 동료의 구조 좌표가 겹쳐진다. 접촉을 마치면 이 조우의 진짜 응답을 확인할 수 있다.
MAP_CONTACT_CH03_H03_DIALOGUE_01,저기 바위 위. 창을 든 사람 하나가 우릴 보고 웃고 있어.
MAP_CONTACT_CH03_H03_DIALOGUE_02,"하하! 드디어 사냥감이 제 발로 왔군! 너희, 사본이냐 원본이냐?"
MAP_CONTACT_CH03_H03_DIALOGUE_03,원본. 박자로 증명할 수도 있어.
MAP_CONTACT_CH03_H03_DIALOGUE_04,박자? 그런 건 몰라. 난 사냥꾼이야. 사본이든 뭐든 같이 사냥하면 알게 되지!
MAP_CONTACT_CH03_H03_DIALOGUE_05,같이 사냥이요? 좋아요! 뭘 잡아요?
MAP_CONTACT_CH03_H03_DIALOGUE_06,"너희 전부! ……농담 반이다. 한 판 붙자. 진짜면 버틸 거고, 가짜면 깨지겠지!"
MAP_CONTACT_CH03_H03_DIALOGUE_07,"시험치곤 꽤 거친데. 뭐, 그런 쪽이 알기 쉽긴 하지."
MAP_CONTACT_CH03_H03_DIALOGUE_08,간다! 창끝에 망설임은 없다!
MAP_CONTACT_CH03_H03_OUTCOME,이 전투에서 승리하면 합류 · 드란
MAP_CONTACT_CH03_H03_TITLE,떠도는 등로단 · 드란
MAP_CONTACT_CH03_N10_BODY,왜곡된 회송 신호 속에서 동료의 구조 좌표가 겹쳐진다. 접촉을 마치면 이 조우의 진짜 응답을 확인할 수 있다.
MAP_CONTACT_CH03_N10_DIALOGUE_01,열차 지붕 위에 사람 하나. 신호 표식을 새기고 있어. ……진짜 사람 신호야.
MAP_CONTACT_CH03_N10_DIALOGUE_02,거기까지. 다가오는 속도로 봐선 원본일 확률 반반.
MAP_CONTACT_CH03_N10_DIALOGUE_03,"반반이라니, 근거는?"
MAP_CONTACT_CH03_N10_DIALOGUE_04,"사본은 원본보다 반 박자 늦어. 지금부터 박자를 셀 테니, 내 신호에 맞춰 싸워."
MAP_CONTACT_CH03_N10_DIALOGUE_05,늦는 쪽은 쏜다. 맞는 쪽과는 대화한다. 간단하지.
MAP_CONTACT_CH03_N10_DIALOGUE_06,박자요? 저 리듬 게임 잘해요! ……아마도요!
MAP_CONTACT_CH03_N10_DIALOGUE_07,좋다. 시험받지. 대신 끝나면 네 이야기도 듣겠다.
MAP_CONTACT_CH03_N10_DIALOGUE_08,"셋, 둘, 하나. 시작."
MAP_CONTACT_CH03_N10_OUTCOME,이 전투에서 승리하면 합류 · 토아
MAP_CONTACT_CH03_N10_TITLE,특별 신호 · 토아
MAP_CONTACT_CH04_H03_BODY,왜곡된 회송 신호 속에서 동료의 구조 좌표가 겹쳐진다. 접촉을 마치면 이 조우의 진짜 응답을 확인할 수 있다.
MAP_CONTACT_CH04_H03_DIALOGUE_01,물속에서 누가 올라와. 잠수복에…… 의무 표식이 있어.
MAP_CONTACT_CH04_H03_DIALOGUE_02,"……쉿. 천천히요. 여기선…… 빨리 움직이면, 숨이 먼저 떨어져요."
MAP_CONTACT_CH04_H03_DIALOGUE_03,의무관이야? 우리도 의무관이 있어. 부상자가 있으면……
MAP_CONTACT_CH04_H03_DIALOGUE_04,"……메린이에요. 부상자는, 제가 돌봐요. 그런데 당신들…… 신호기를 멈추러 왔죠."
MAP_CONTACT_CH04_H03_DIALOGUE_05,그 신호가…… 사람들을 물 밖에 붙잡아 둬요. 멈추면…… 다들 다시 내려올지도 몰라요.
MAP_CONTACT_CH04_H03_DIALOGUE_06,오지 말라는 말만으로는 아무도 지키지 못한다. 보여 주지.
MAP_CONTACT_CH04_H03_DIALOGUE_07,숨 참고 싸우는 건 처음인데요?!
MAP_CONTACT_CH04_H03_DIALOGUE_08,"……그럼, 증명해 주세요. 천천히, 숨 참고…… 시작해요."
MAP_CONTACT_CH04_H03_OUTCOME,이 전투에서 승리하면 합류 · 메린
MAP_CONTACT_CH04_H03_TITLE,떠도는 등로단 · 메린
MAP_CONTACT_CH04_N12_BODY,왜곡된 회송 신호 속에서 동료의 구조 좌표가 겹쳐진다. 접촉을 마치면 이 조우의 진짜 응답을 확인할 수 있다.
MAP_CONTACT_CH04_N12_DIALOGUE_01,수문 앞에 사람. 열리려는 문을 몸으로 막고 있어. 저 수압이면…… 말이 안 돼.
MAP_CONTACT_CH04_N12_DIALOGUE_02,가까이 오지 마! 손 놓으면 다 잠겨!
MAP_CONTACT_CH04_N12_DIALOGUE_03,등로단이다. 도우러 왔다. 무엇부터 하면 되지?
MAP_CONTACT_CH04_N12_DIALOGUE_04,도우러? ……좋아. 싸우는 건 당신들이 해. 난 이 문을 못 놓아.
MAP_CONTACT_CH04_N12_DIALOGUE_05,잔향체가 수문 제어판을 노려. 제어판이 깨지면 아래 구역 전부 물에 잠겨.
MAP_CONTACT_CH04_N12_DIALOGUE_06,혼자서 얼마나 버티신 거예요? 팔이 떨리잖아요!
MAP_CONTACT_CH04_N12_DIALOGUE_07,셀 수 있을 만큼은 아니야. 말은 나중에. 빨리!
MAP_CONTACT_CH04_N12_DIALOGUE_08,명령 받았다. 제어판까진 한 놈도 못 가게 할게.
MAP_CONTACT_CH04_N12_OUTCOME,이 전투에서 승리하면 합류 · 리브
MAP_CONTACT_CH04_N12_TITLE,특별 신호 · 리브
MAP_CONTACT_CH05_H03_BODY,왜곡된 회송 신호 속에서 동료의 구조 좌표가 겹쳐진다. 접촉을 마치면 이 조우의 진짜 응답을 확인할 수 있다.
MAP_CONTACT_CH05_H03_DIALOGUE_01,위쪽 방공포대에서 조준 신호. 우리를 정확히 겨누고 있어.
MAP_CONTACT_CH05_H03_DIALOGUE_02,"거기, 행렬 끝! 봉쇄군 새 편대야? 이번엔 몇 명을 세러 왔는데?"
MAP_CONTACT_CH05_H03_DIALOGUE_03,봉쇄군이 아니다. 등로단이다. 성문을 연 건 우리다.
MAP_CONTACT_CH05_H03_DIALOGUE_04,웃기지 마. 성문은 열두 해 동안 안 열렸어. 그 말 하던 건 전부 성채 확성기였고.
MAP_CONTACT_CH05_H03_DIALOGUE_05,"그 포, 조준이 3도쯤 왼쪽으로 틀어져 있네. 그 각도로는 우리 못 맞혀."
MAP_CONTACT_CH05_H03_DIALOGUE_06,"……뭐? 지금 내 포 각도를 지적했어? 좋아, 한 발 먼저 맞아 보고 말해!"
MAP_CONTACT_CH05_H03_DIALOGUE_07,대화는 끝난 모양이네. 저 포대까지 한달음에 올라가 주지.
MAP_CONTACT_CH05_H03_OUTCOME,이 전투에서 승리하면 합류 · 시엘
MAP_CONTACT_CH05_H03_TITLE,떠도는 등로단 · 시엘
MAP_CONTACT_CH05_N09_BODY,왜곡된 회송 신호 속에서 동료의 구조 좌표가 겹쳐진다. 접촉을 마치면 이 조우의 진짜 응답을 확인할 수 있다.
MAP_CONTACT_CH05_N09_DIALOGUE_01,바리케이드 뒤에 한 사람. 주위에 누운 사람이…… 스물이 넘어.
MAP_CONTACT_CH05_N09_DIALOGUE_02,거기 멈춰요! 한 발만 더 오면 재가 들어와요. 여긴 지금 수술 중이에요.
MAP_CONTACT_CH05_N09_DIALOGUE_03,등로단이다. 부상자를 옮기러 왔다.
MAP_CONTACT_CH05_N09_DIALOGUE_04,지금 옮기면 죽어요. 치료가 끝날 때까지 여긴 못 비워요.
MAP_CONTACT_CH05_N09_DIALOGUE_05,대신 저것들이 오고 있어요. 방송만 울리면 몰려드는 것들이에요.
MAP_CONTACT_CH05_N09_DIALOGUE_06,그럼 저희가 막으면 되죠! 수술 계속하세요!
MAP_CONTACT_CH05_N09_DIALOGUE_07,……고마워요. 봉합 세 번이면 끝나요. 그동안만 버텨 줘요.
MAP_CONTACT_CH05_N09_OUTCOME,작전 승리 누적 후 합류 · 세온 2회
MAP_CONTACT_CH05_N09_TITLE,특별 신호 · 세온
MAP_CONTACT_CH06_H03_BODY,왜곡된 회송 신호 속에서 동료의 구조 좌표가 겹쳐진다. 접촉을 마치면 이 조우의 진짜 응답을 확인할 수 있다.
MAP_CONTACT_CH06_H03_DIALOGUE_01,교각 끝에 누가 매달려 있어. 이 바람에 볼트를 조이고 있어!
MAP_CONTACT_CH06_H03_DIALOGUE_02,"……어어, 손님이네. 잠깐만. 이 볼트, 반 바퀴만 더 돌리면 되거든."
MAP_CONTACT_CH06_H03_DIALOGUE_03,등로단이다. 거기서 내려와. 폭풍이 더 거세진다.
MAP_CONTACT_CH06_H03_DIALOGUE_04,"내려가면 이 교각이 흔들려. 열두 해째 내가 조이는 거라, 내가 제일 잘 알아."
MAP_CONTACT_CH06_H03_DIALOGUE_05,"그리고, 음…… 당신들이 진짜 사람인지도 아직 모르겠고. 번개 잔향이 흉내를 잘 내거든."
MAP_CONTACT_CH06_H03_DIALOGUE_06,그럼 확인해. 무엇을 하면 믿겠어?
MAP_CONTACT_CH06_H03_DIALOGUE_07,저기 몰려오는 번개 잔향부터 같이 막아 줘. 천천히 하자. 급하게 조인 볼트는 금방 풀리니까.
MAP_CONTACT_CH06_H03_OUTCOME,이 전투에서 승리하면 합류 · 로메
MAP_CONTACT_CH06_H03_TITLE,떠도는 등로단 · 로메
MAP_CONTACT_CH06_N13_BODY,왜곡된 회송 신호 속에서 동료의 구조 좌표가 겹쳐진다. 접촉을 마치면 이 조우의 진짜 응답을 확인할 수 있다.
MAP_CONTACT_CH06_N13_DIALOGUE_01,포대 하나가 아직 살아 있어. 발사 간격이 정확해. 사람이 쏘고 있어.
MAP_CONTACT_CH06_N13_DIALOGUE_02,민간인은 물러나시오. 여긴 교전 구역이오. 3초 뒤 탄착이 있소.
MAP_CONTACT_CH06_N13_DIALOGUE_03,민간인이 아니다. 등로단이다.
MAP_CONTACT_CH06_N13_DIALOGUE_04,……등로단. 제7 승강장에서 돌아온 이들이 있다는 소문은 들었소.
MAP_CONTACT_CH06_N13_DIALOGUE_05,"좋소, 부탁하오. 계산에 90초가 필요하오. 그동안 이 포대를 지켜 주시오."
MAP_CONTACT_CH06_N13_DIALOGUE_06,90초요? 그 정도면 번개가 서른 번은 떨어지는데요!
MAP_CONTACT_CH06_N13_DIALOGUE_07,서른 번 떨어지는 동안 한 번도 틀리지 않으면 교량이 건너가오. 시작하시오.
MAP_CONTACT_CH06_N13_OUTCOME,작전 승리 누적 후 합류 · 아델린 2회
MAP_CONTACT_CH06_N13_TITLE,특별 신호 · 아델린
MAP_CONTACT_CH07_H03_BODY,왜곡된 회송 신호 속에서 동료의 구조 좌표가 겹쳐진다. 접촉을 마치면 이 조우의 진짜 응답을 확인할 수 있다.
MAP_CONTACT_CH07_H03_DIALOGUE_01,사람 발소리. 진짜다. 한 명이 우리 뒤를 따라오고 있다.
MAP_CONTACT_CH07_H03_DIALOGUE_02,따라가는 거 아니야. 너희가 내 길에 끼어든 거지. 구조대 흉내는 그만둬.
MAP_CONTACT_CH07_H03_DIALOGUE_03,흉내가 아니다. 등로단이다. 구조하러 왔다.
MAP_CONTACT_CH07_H03_DIALOGUE_04,구조대? 그 말 믿고 기다리다 다 얼어 죽었어. 우리 탐색대 열한 명이.
MAP_CONTACT_CH07_H03_DIALOGUE_05,구조대라는 건 매번 '대기하라'면서 끝내 안 왔어. 너희도 똑같겠지.
MAP_CONTACT_CH07_H03_DIALOGUE_06,우린 오라는 말만 해요. 기다리라는 말은 안 해요.
MAP_CONTACT_CH07_H03_DIALOGUE_07,"말은 누구나 해. 증명해 봐. 저 흰 것들 사이에서 살아남으면, 그때 믿어 주지."
MAP_CONTACT_CH07_H03_OUTCOME,이 전투에서 승리하면 합류 · 키안
MAP_CONTACT_CH07_H03_TITLE,떠도는 등로단 · 키안
MAP_CONTACT_CH07_N11_BODY,왜곡된 회송 신호 속에서 동료의 구조 좌표가 겹쳐진다. 접촉을 마치면 이 조우의 진짜 응답을 확인할 수 있다.
MAP_CONTACT_CH07_N11_DIALOGUE_01,눈보라 속에 짧은 펄스 신호. 규칙적이야. 가짜 방향음을 하나씩 끊어 내고 있어.
MAP_CONTACT_CH07_N11_DIALOGUE_02,멈춰라. 한 발 왼쪽은 가짜 길이다. 낭떠러지 위에 쌓인 눈이다.
MAP_CONTACT_CH07_N11_DIALOGUE_03,등로단이다. 방송의 발신지를 찾고 있다.
MAP_CONTACT_CH07_N11_DIALOGUE_04,안다. 30분 전부터 너희 소리를 들었다. 진짜 발소리라서 살려 둔 거다.
MAP_CONTACT_CH07_N11_DIALOGUE_05,내 주파수만 따라와. 다른 소리는 전부 거짓이다. 저기 몰려오는 것들까지.
MAP_CONTACT_CH07_N11_DIALOGUE_06,잔향체 열둘. 전부 구조대 목소리로 '여기예요'를 반복해. ……정교하네.
MAP_CONTACT_CH07_N11_DIALOGUE_07,정교할수록 거짓이다. 진짜 조난자는 그렇게 또박또박 말할 기운이 없다. 쏴라.
MAP_CONTACT_CH07_N11_OUTCOME,작전 승리 누적 후 합류 · 키르 2회
MAP_CONTACT_CH07_N11_TITLE,특별 신호 · 키르
MAP_CONTACT_CH08_H03_BODY,왜곡된 회송 신호 속에서 동료의 구조 좌표가 겹쳐진다. 접촉을 마치면 이 조우의 진짜 응답을 확인할 수 있다.
MAP_CONTACT_CH08_H03_DIALOGUE_01,파편 사이에서 계산 신호. 초당 수천 번. 사람이 암산하는 속도가 아니다.
MAP_CONTACT_CH08_H03_DIALOGUE_02,"칠천삼백열두 번째 파편, 궤도 확인. 잠깐, 거기 일곱…… 아니, 열넷. 궤도 방해야."
MAP_CONTACT_CH08_H03_DIALOGUE_03,등로단이다. 파편 추락을 막으러 왔다.
MAP_CONTACT_CH08_H03_DIALOGUE_04,막겠다고? 파편 사만 이천 개 중 몇 개를? 확률로 말해 봐. 확률로.
MAP_CONTACT_CH08_H03_DIALOGUE_05,……전부. 백 퍼센트를 목표로.
MAP_CONTACT_CH08_H03_DIALOGUE_06,비과학적이야. 마음에 들어. 그래도 검증은 해야지. 저 잔향 떼 궤도부터 바꿔 봐.
MAP_CONTACT_CH08_H03_DIALOGUE_07,시험이구나. 좋아. 계산은 당신이 해. 버티는 건 우리가 할게.
MAP_CONTACT_CH08_H03_OUTCOME,이 전투에서 승리하면 합류 · 다엘
MAP_CONTACT_CH08_H03_TITLE,떠도는 등로단 · 다엘
MAP_CONTACT_CH08_N14_BODY,왜곡된 회송 신호 속에서 동료의 구조 좌표가 겹쳐진다. 접촉을 마치면 이 조우의 진짜 응답을 확인할 수 있다.
MAP_CONTACT_CH08_N14_DIALOGUE_01,무게추 구역이야. 저기 누가 방패 하나로 고리 무게를 받치고 있어!
MAP_CONTACT_CH08_N14_DIALOGUE_02,"손님이구나. 미안, 악수는 못 해. 두 손이 다 이 고리에 잡혀 있어서."
MAP_CONTACT_CH08_N14_DIALOGUE_03,등로단이다. 고리의 추락을 막으러 왔다.
MAP_CONTACT_CH08_N14_DIALOGUE_04,잘 왔어. 그럼 역할을 나누자. 내가 버틸 테니 안으로 가.
MAP_CONTACT_CH08_N14_DIALOGUE_05,혼자서 얼마나 버틴 거예요? 방패 코어가 과열됐어요!
MAP_CONTACT_CH08_N14_DIALOGUE_06,"사흘. 아니, 나흘인가. 괜찮아, 무거운 건 익숙하니까. 그보다 저것들이 먼저야."
MAP_CONTACT_CH08_N14_DIALOGUE_07,굴착 잔향 떼! 무게추를 노려. 여기부터 지키고 들어가자.
MAP_CONTACT_CH08_N14_DIALOGUE_08,"고마워. 그럼 등만 잠깐 맡길게. 오랜만이네, 누구한테 등을 맡기는 거."
MAP_CONTACT_CH08_N14_OUTCOME,작전 승리 누적 후 합류 · 레마 2회
MAP_CONTACT_CH08_N14_TITLE,특별 신호 · 레마
MAP_CONTACT_CH09_H03_BODY,왜곡된 회송 신호 속에서 동료의 구조 좌표가 겹쳐진다. 접촉을 마치면 이 조우의 진짜 응답을 확인할 수 있다.
MAP_CONTACT_CH09_H03_DIALOGUE_01,정지. 역무국 경비 규정 제3조. 출입증을 보여 주십시오.
MAP_CONTACT_CH09_H03_DIALOGUE_02,출입증? 여기 문은 열두 해째 열려 있던 거 아니었어?
MAP_CONTACT_CH09_H03_DIALOGUE_03,문이 열려 있다고 규정이 열리지는 않습니다. 출입증이 없으면 퇴거 조치합니다.
MAP_CONTACT_CH09_H03_DIALOGUE_04,우리는 아래층 재판을 멈추고 왔어. 이 안의 절차도 멈추려고.
MAP_CONTACT_CH09_H03_DIALOGUE_05,"국장님 결재 없이 절차는 멈출 수 없습니다. 제4조, 무단 침입자는 제압합니다."
MAP_CONTACT_CH09_H03_DIALOGUE_06,"규정, 규정! 좋아, 그럼 몸으로 결재받아 주지!"
MAP_CONTACT_CH09_H03_DIALOGUE_07,"베온, 다치게 하지 마. 저 사람은 열두 해 동안 여길 지킨 사람이다."
MAP_CONTACT_CH09_H03_DIALOGUE_08,……경고는 끝났습니다. 제압을 개시합니다.
MAP_CONTACT_CH09_H03_OUTCOME,이 전투에서 승리하면 합류 · 오르빈
MAP_CONTACT_CH09_H03_TITLE,떠도는 등로단 · 오르빈
MAP_CONTACT_CH09_N10_BODY,왜곡된 회송 신호 속에서 동료의 구조 좌표가 겹쳐진다. 접촉을 마치면 이 조우의 진짜 응답을 확인할 수 있다.
MAP_CONTACT_CH09_N10_DIALOGUE_01,법정동에 생체 반응 하나. 판결문 더미 위야. 잔향체 집행관 넷에 둘러싸였어.
MAP_CONTACT_CH09_N10_DIALOGUE_02,"또 왔냐, 집행관! 재판? 좋아, 다 내 이름으로 받아 주지!"
MAP_CONTACT_CH09_N10_DIALOGUE_03,"저 사람, 판결문을 방벽처럼 쌓아 놓고 싸우는데?"
MAP_CONTACT_CH09_N10_DIALOGUE_04,"거기 너희! 피고인이야, 방청객이야? 방청객이면 비켜, 피고인이면 내 뒤로!"
MAP_CONTACT_CH09_N10_DIALOGUE_05,어느 쪽도 아니다. 등로단이다. 잠든 사람들을 깨우러 왔다.
MAP_CONTACT_CH09_N10_DIALOGUE_06,깨운다고? 하! 오늘 들은 판결 중에 제일 마음에 드네. 그럼 같이 부수자!
MAP_CONTACT_CH09_N10_DIALOGUE_07,"좋아요, 저 지금 과충전 상태예요! 판결문째로 태워 버릴게요!"
MAP_CONTACT_CH09_N10_DIALOGUE_08,조심해! 저 망치에 맞으면 꿈속 판결이 몸에 새겨진다!
MAP_CONTACT_CH09_N10_OUTCOME,작전 승리 누적 후 합류 · 베온 2회
MAP_CONTACT_CH09_N10_TITLE,특별 신호 · 베온
MAP_CONTACT_CH10_H03_BODY,왜곡된 회송 신호 속에서 동료의 구조 좌표가 겹쳐진다. 접촉을 마치면 이 조우의 진짜 응답을 확인할 수 있다.
MAP_CONTACT_CH10_H03_DIALOGUE_01,쉿. 방금 월식 가장자리에 별이 하나 새로 떴거든. 지금 이름 붙이는 중이야.
MAP_CONTACT_CH10_H03_DIALOGUE_02,"이름 짓는 중에 미안한데, 너 지금 잔향체 떼한테 둘러싸여 있어."
MAP_CONTACT_CH10_H03_DIALOGUE_03,"아, 저것들? 밤마다 와. 월식을 지키는 별자리 같은 거지. 너희는 무슨 별자리야?"
MAP_CONTACT_CH10_H03_DIALOGUE_04,……등로단. 별자리 아니야. 저 관측탑의 월식 신호를 끄러 왔어.
MAP_CONTACT_CH10_H03_DIALOGUE_05,끄면 안 돼. 월식이 끝나면 별이 안 보여. 열두 해 동안 여기서만 별을 볼 수 있었는데.
MAP_CONTACT_CH10_H03_DIALOGUE_06,월식은 천체 현상이야. 끝나는 게 정상이고. 비켜.
MAP_CONTACT_CH10_H03_DIALOGUE_07,"그럼 이러자. 너희가 진짜 별을 보여 줄 수 있는지, 내 망원포로 먼저 확인할게!"
MAP_CONTACT_CH10_H03_DIALOGUE_08,……시험이군. 받아 준다. 망원경은 부수지 마라.
MAP_CONTACT_CH10_H03_OUTCOME,이 전투에서 승리하면 합류 · 헤라온
MAP_CONTACT_CH10_H03_TITLE,떠도는 등로단 · 헤라온
MAP_CONTACT_CH10_N15_BODY,왜곡된 회송 신호 속에서 동료의 구조 좌표가 겹쳐진다. 접촉을 마치면 이 조우의 진짜 응답을 확인할 수 있다.
MAP_CONTACT_CH10_N15_DIALOGUE_01,고지대 포대에 생체 반응 하나. 잔향체가 포대를 에워싸고 있어.
MAP_CONTACT_CH10_N15_DIALOGUE_02,오차 0.4초. 당신들 때문에 다시 재야 해.
MAP_CONTACT_CH10_N15_DIALOGUE_03,……구하러 왔는데 첫마디가 그거야?
MAP_CONTACT_CH10_N15_DIALOGUE_04,구조 요청 안 했어. 방금 쏜 탄의 착탄음을 당신들 발소리가 덮었어. 기록 무효.
MAP_CONTACT_CH10_N15_DIALOGUE_05,"포수, 탄도 기록은 우리가 지켜 주겠소. 발사를 계속하시오."
MAP_CONTACT_CH10_N15_DIALOGUE_06,"……군 출신이네. 좋아. 삼십 초 줄게. 그 안에 저것들 치워. 29, 28."
MAP_CONTACT_CH10_N15_DIALOGUE_07,카운트다운으로 사람 부리는 타입이네. 마음에 들어.
MAP_CONTACT_CH10_N15_DIALOGUE_08,들었지. 이십칠 초다. 움직여.
MAP_CONTACT_CH10_N15_OUTCOME,작전 승리 누적 후 합류 · 하르트 2회
MAP_CONTACT_CH10_N15_TITLE,특별 신호 · 하르트
MAP_CONTACT_CH11_H03_BODY,왜곡된 회송 신호 속에서 동료의 구조 좌표가 겹쳐진다. 접촉을 마치면 이 조우의 진짜 응답을 확인할 수 있다.
MAP_CONTACT_CH11_H03_DIALOGUE_01,"거기 배! 구경할 거면 비켜, 도울 거면 밧줄 잡아!"
MAP_CONTACT_CH11_H03_DIALOGUE_02,도우러 왔어. 근데 네 뒤에 잔향체가……
MAP_CONTACT_CH11_H03_DIALOGUE_03,"알아! 저것들이 좌표 물고 가는 거 막느라 사흘째 못 잤어. 살릴 수 있으면 살리는 거지, 뭘 따져!"
MAP_CONTACT_CH11_H03_DIALOGUE_04,방파선 구호원이군요. 그 좌표들은 저희가 이미 고정했습니다. 물러서 주십시오.
MAP_CONTACT_CH11_H03_DIALOGUE_05,고정? 수비대 방패쟁이들이 늘 하던 소리지. 그러고 반은 놓쳤잖아!
MAP_CONTACT_CH11_H03_DIALOGUE_06,……반박하지 않겠습니다. 그래서 지금 다시 건지는 겁니다.
MAP_CONTACT_CH11_H03_DIALOGUE_07,말로는 몰라. 너희가 저것들보다 빨리 건지는지 내 눈으로 봐야겠어. 방해되면 너희도 밀어낸다!
MAP_CONTACT_CH11_H03_DIALOGUE_08,좋다. 누가 더 많이 건지는지 보자.
MAP_CONTACT_CH11_H03_OUTCOME,이 전투에서 승리하면 합류 · 미레
MAP_CONTACT_CH11_H03_TITLE,떠도는 등로단 · 미레
MAP_CONTACT_CH11_N11_BODY,왜곡된 회송 신호 속에서 동료의 구조 좌표가 겹쳐진다. 접촉을 마치면 이 조우의 진짜 응답을 확인할 수 있다.
MAP_CONTACT_CH11_N11_DIALOGUE_01,북쪽 제방에 생체 반응. 방패망을 바다 위로 펼쳤어. 잔향체가 그물을 뜯고 있어.
MAP_CONTACT_CH11_N11_DIALOGUE_02,물러서십시오. 이 그물에 걸린 좌표는 하나도 놓을 수 없습니다.
MAP_CONTACT_CH11_N11_DIALOGUE_03,그 그물에…… 구조반 03이라는 좌표가 있나?
MAP_CONTACT_CH11_N11_DIALOGUE_04,있습니다. 오늘 밤 떠밀려 온 것 중 가장 오래된 좌표지요. 당신의 사람입니까?
MAP_CONTACT_CH11_N11_DIALOGUE_05,……내 사람이다.
MAP_CONTACT_CH11_N11_DIALOGUE_06,그렇다면 도와주십시오. 떠도는 좌표를 버릴 수는 없습니다. 저 혼자로는 그물이 버티지 못합니다.
MAP_CONTACT_CH11_N11_DIALOGUE_07,그물 한쪽은 내가 받친다. 단장은 앞만 봐.
MAP_CONTACT_CH11_N11_DIALOGUE_08,"……감사합니다. 그럼, 시작하지요."
MAP_CONTACT_CH11_N11_OUTCOME,작전 승리 누적 후 합류 · 오르사 2회
MAP_CONTACT_CH11_N11_TITLE,특별 신호 · 오르사
MAP_CONTACT_CH12_H03_BODY,왜곡된 회송 신호 속에서 동료의 구조 좌표가 겹쳐진다. 접촉을 마치면 이 조우의 진짜 응답을 확인할 수 있다.
MAP_CONTACT_CH12_H03_DIALOGUE_01,……돌아가.
MAP_CONTACT_CH12_H03_DIALOGUE_02,인사가 짧네. 우린 등로단이야. 아래 자물쇠를 풀러 왔어.
MAP_CONTACT_CH12_H03_DIALOGUE_03,……순례자의 이름이 잠들어 있다. 외부인은 못 지나간다.
MAP_CONTACT_CH12_H03_DIALOGUE_04,그 이름들을 돌려보내려고 온 거예요. 맥박은 아직 밖에서 기다리고 있어요.
MAP_CONTACT_CH12_H03_DIALOGUE_05,……말은 믿지 않는다. 검을 뽑아라. 검은 거짓말을 못 한다.
MAP_CONTACT_CH12_H03_DIALOGUE_06,좋아! 말 적은 사람이 제일 알기 쉽지!
MAP_CONTACT_CH12_H03_DIALOGUE_07,"검으로 묻는다면 검으로 답한다. 전원, 칼끝은 낮게."
MAP_CONTACT_CH12_H03_DIALOGUE_08,……간다.
MAP_CONTACT_CH12_H03_OUTCOME,이 전투에서 승리하면 합류 · 라엔
MAP_CONTACT_CH12_H03_TITLE,떠도는 등로단 · 라엔
MAP_CONTACT_CH12_N13_BODY,왜곡된 회송 신호 속에서 동료의 구조 좌표가 겹쳐진다. 접촉을 마치면 이 조우의 진짜 응답을 확인할 수 있다.
MAP_CONTACT_CH12_N13_DIALOGUE_01,"성가대석에 생체 반응. 잔향체 성가대가 에워쌌어. 그 사람, 뭔가를 두드리고 있어."
MAP_CONTACT_CH12_N13_DIALOGUE_02,쉿. 박자를 흐트러뜨리지 말아 주세요. 지금 서른두 명의 심장을 받아 적는 중이니까요.
MAP_CONTACT_CH12_N13_DIALOGUE_03,심장을…… 받아 적어? 이름은?
MAP_CONTACT_CH12_N13_DIALOGUE_04,이름은 모두 가져갔답니다. 하지만 이름이 없어도 심장은 당신을 기억합니다.
MAP_CONTACT_CH12_N13_DIALOGUE_05,맥박을 리듬으로 기록하는 거구나…… 의무관이야. 우리도 도울게.
MAP_CONTACT_CH12_N13_DIALOGUE_06,고맙습니다. 저 성가대가 제 박자를 덮지 못하게만 해 주세요. 한 소절이면 됩니다.
MAP_CONTACT_CH12_N13_DIALOGUE_07,"박자 옆은 제가 지킬게요. 서른두 명, 하나도 안 놓쳐요."
MAP_CONTACT_CH12_N13_DIALOGUE_08,한 소절이다. 들었지. 박자에 맞춰 움직인다.
MAP_CONTACT_CH12_N13_OUTCOME,작전 승리 누적 후 합류 · 티엘 2회
MAP_CONTACT_CH12_N13_TITLE,특별 신호 · 티엘
MAP_CONTACT_CH13_H03_BODY,왜곡된 회송 신호 속에서 동료의 구조 좌표가 겹쳐진다. 접촉을 마치면 이 조우의 진짜 응답을 확인할 수 있다.
MAP_CONTACT_CH13_H03_DIALOGUE_01,모래 먼지 하나가 우리보다 빠르게 다가와. 잔향체치곤 너무 빠른데?
MAP_CONTACT_CH13_H03_DIALOGUE_02,"비켜, 비켜! 늦는 건 죄야! 내 배달 경로 막고 선 게 너희지?"
MAP_CONTACT_CH13_H03_DIALOGUE_03,사람이야. 등에 우편낭. 이 사막에서 열두 해 동안 누가 편지를 받는다고……
MAP_CONTACT_CH13_H03_DIALOGUE_04,받을 사람이 있든 없든 약속한 시각엔 도착해. 그게 배달부야.
MAP_CONTACT_CH13_H03_DIALOGUE_05,배달부라…… 오늘따라 그 단어랑 인연이 많네. 우린 저 기관차 세우러 왔어.
MAP_CONTACT_CH13_H03_DIALOGUE_06,등로단 배지? 신기루도 그 배지를 달고 나타나더라.
MAP_CONTACT_CH13_H03_DIALOGUE_07,진짜면 내 속도 따라와 봐. 증명은 달리면서 해!
MAP_CONTACT_CH13_H03_OUTCOME,이 전투에서 승리하면 합류 · 제른
MAP_CONTACT_CH13_H03_TITLE,떠도는 등로단 · 제른
MAP_CONTACT_CH13_N09_BODY,왜곡된 회송 신호 속에서 동료의 구조 좌표가 겹쳐진다. 접촉을 마치면 이 조우의 진짜 응답을 확인할 수 있다.
MAP_CONTACT_CH13_N09_DIALOGUE_01,전방에 생체 반응 하나. 환영 승객들 사이를 거꾸로 달리고 있어.
MAP_CONTACT_CH13_N09_DIALOGUE_02,"거기, 창문 보고 멍하니 선 사람들! 미련은 나중에 떨고, 지금은 뛰어!"
MAP_CONTACT_CH13_N09_DIALOGUE_03,……초면에 인사가 좀 거칠다?
MAP_CONTACT_CH13_N09_DIALOGUE_04,인사는 살아남고 나서 해. 저 승객들한테 잡히면 명부에 네 이름이 적혀.
MAP_CONTACT_CH13_N09_DIALOGUE_05,우린 그 명부의 이름을 돌려받으러 왔어. 원래 주인들에게.
MAP_CONTACT_CH13_N09_DIALOGUE_06,돌려받아? 틀렸어. 거기 적힌 건 안 고른 삶이야. 되찾을 게 아니라 끊어 내야지.
MAP_CONTACT_CH13_N09_DIALOGUE_07,"와, 말보다 발이 빠른 사람이다!"
MAP_CONTACT_CH13_N09_DIALOGUE_08,"말은 됐고, 따라올 수 있으면 따라와. 뒤처지면 안 기다린다."
MAP_CONTACT_CH13_N09_OUTCOME,작전 승리 누적 후 합류 · 리아스 2회
MAP_CONTACT_CH13_N09_TITLE,특별 신호 · 리아스
MAP_CONTACT_CH14_H03_BODY,왜곡된 회송 신호 속에서 동료의 구조 좌표가 겹쳐진다. 접촉을 마치면 이 조우의 진짜 응답을 확인할 수 있다.
MAP_CONTACT_CH14_H03_DIALOGUE_01,"어, 내 해킹이 튕겼어. 누가 역으로 막았네? 실력 좋은데?"
MAP_CONTACT_CH14_H03_DIALOGUE_02,"……저, 저기요. 더 오시면 방어 로봇이 켜져요. 화면으로 말해서 죄송해요……"
MAP_CONTACT_CH14_H03_DIALOGUE_03,"신호 발신지, 바로 저 벽 뒤야. 사람이야."
MAP_CONTACT_CH14_H03_DIALOGUE_04,그 등불 문장…… 등로단이에요? 증명할 수 있어요? 목소리만 믿다가 몇 번 속았거든요.
MAP_CONTACT_CH14_H03_DIALOGUE_05,로봇을 켜라. 멈추는 걸 보여 주겠다.
MAP_CONTACT_CH14_H03_DIALOGUE_06,"……아, 알겠어요. 그럼 저도…… 직접 나갈게요. 화면 뒤에선 판단이 안 돼서요."
MAP_CONTACT_CH14_H03_DIALOGUE_07,"오, 나온다! 해커가 모니터 밖으로 나오는 건 대사건이지."
MAP_CONTACT_CH14_H03_OUTCOME,이 전투에서 승리하면 합류 · 소아
MAP_CONTACT_CH14_H03_TITLE,떠도는 등로단 · 소아
MAP_CONTACT_CH14_N14_BODY,왜곡된 회송 신호 속에서 동료의 구조 좌표가 겹쳐진다. 접촉을 마치면 이 조우의 진짜 응답을 확인할 수 있다.
MAP_CONTACT_CH14_N14_DIALOGUE_01,반전 장치 하나가 제멋대로 방향을 바꿔. 누가 안에서 건드리고 있어.
MAP_CONTACT_CH14_N14_DIALOGUE_02,"짠! 위아래가 뭐가 중요해, 재밌잖아? 어, 손님이다. 안녕~"
MAP_CONTACT_CH14_N14_DIALOGUE_03,……거꾸로 매달려서 인사하지 마. 보는 사람 머리에 피 쏠려.
MAP_CONTACT_CH14_N14_DIALOGUE_04,"여기선 이게 정자세야. 근데 너희, 방금 감사관 경보 밟았어. 몰랐지?"
MAP_CONTACT_CH14_N14_DIALOGUE_05,반전 장치를 멈추러 왔다. 넌 어느 쪽이지?
MAP_CONTACT_CH14_N14_DIALOGUE_06,"멈추면 안 돼, 뒤집어야지! 경비체들 좀 막아 줘. 삼 분이면 해킹 끝나. ……아마 오 분."
MAP_CONTACT_CH14_N14_DIALOGUE_07,해킹이요? 제 전기 좀 빌려드릴까요?
MAP_CONTACT_CH14_N14_DIALOGUE_08,"오, 전기 좋아! 근데 과충전은 사양이야. 자, 온다!"
MAP_CONTACT_CH14_N14_OUTCOME,작전 승리 누적 후 합류 · 페린 3회
MAP_CONTACT_CH14_N14_TITLE,특별 신호 · 페린
MAP_CONTACT_CH15_H03_BODY,왜곡된 회송 신호 속에서 동료의 구조 좌표가 겹쳐진다. 접촉을 마치면 이 조우의 진짜 응답을 확인할 수 있다.
MAP_CONTACT_CH15_H03_DIALOGUE_01,생체 반응 하나. 꽃밭 사이에서 약초를 캐고 있어. 느긋하게…… 너무 느긋하게.
MAP_CONTACT_CH15_H03_DIALOGUE_02,"어머, 손님이네요. 여긴 시간이 느리게 가요. 서두르면 멀미해요."
MAP_CONTACT_CH15_H03_DIALOGUE_03,멀미는 네 사정이고. 비켜. 우리 중심부 가.
MAP_CONTACT_CH15_H03_DIALOGUE_04,음…… 그 길로 가면 제 약초밭이 밟혀요. 열두 해 가꾼 거예요.
MAP_CONTACT_CH15_H03_DIALOGUE_05,우린 등로단이에요. 길만 잠깐 빌릴게요. 밭은 밟지 않을게요.
MAP_CONTACT_CH15_H03_DIALOGUE_06,"등로단…… 꿈에서도 그 이름을 들었어요. 진짜인지, 한번 겨뤄 볼까요?"
MAP_CONTACT_CH15_H03_DIALOGUE_07,천천히요. 여기선 빨리 휘두르면 제가 먼저 졸려요.
MAP_CONTACT_CH15_H03_OUTCOME,이 전투에서 승리하면 합류 · 바엘
MAP_CONTACT_CH15_H03_TITLE,떠도는 등로단 · 바엘
MAP_CONTACT_CH15_N12_BODY,왜곡된 회송 신호 속에서 동료의 구조 좌표가 겹쳐진다. 접촉을 마치면 이 조우의 진짜 응답을 확인할 수 있다.
MAP_CONTACT_CH15_N12_DIALOGUE_01,꽃밭 한가운데 길이 났어. 칼로 베어 낸 자국이야.
MAP_CONTACT_CH15_N12_DIALOGUE_02,"거기, 꽃 냄새 맡지 마. 편한 건 좋지. 근데 거기엔 아무도 없어."
MAP_CONTACT_CH15_N12_DIALOGUE_03,당신 주변만 꽃이 시들어 있어. ……기억을 미끼로 던졌어?
MAP_CONTACT_CH15_N12_DIALOGUE_04,응. 제일 좋았던 기억 하나 줬어. 꽃들이 그거 먹는 동안 길을 벤 거야.
MAP_CONTACT_CH15_N12_DIALOGUE_05,그 기억은요? 다시 돌아와요?
MAP_CONTACT_CH15_N12_DIALOGUE_06,모르지. 근데 앞으로 좋은 날 또 만들면 되잖아.
MAP_CONTACT_CH15_N12_DIALOGUE_07,"그 길, 같이 벤다."
MAP_CONTACT_CH15_N12_DIALOGUE_08,정원지기 온다. 도와줄 거면 칼부터 들어. 인사는 끝나고 하고.
MAP_CONTACT_CH15_N12_OUTCOME,작전 승리 누적 후 합류 · 카른 3회
MAP_CONTACT_CH15_N12_TITLE,특별 신호 · 카른
MAP_CONTACT_CH16_H03_BODY,왜곡된 회송 신호 속에서 동료의 구조 좌표가 겹쳐진다. 접촉을 마치면 이 조우의 진짜 응답을 확인할 수 있다.
MAP_CONTACT_CH16_H03_DIALOGUE_01,"옥좌 차량 앞에 검 든 사람 하나. 왕관 기사단 갑옷인데, 문장을 긁어 냈어."
MAP_CONTACT_CH16_H03_DIALOGUE_02,"멈춰라. 등로단이든 뭐든, 이 차량에 손대면 벤다."
MAP_CONTACT_CH16_H03_DIALOGUE_03,기사단은 해체됐어. 아직도 명령 기다려?
MAP_CONTACT_CH16_H03_DIALOGUE_04,명령이 틀렸으면 따르지 않는다. 그게 전부다.
MAP_CONTACT_CH16_H03_DIALOGUE_05,나는 이 차량이 양쪽 도시를 쏘지 못하게 지키고 있다.
MAP_CONTACT_CH16_H03_DIALOGUE_06,목적이 같다. 우리는 이 차량을 멈추러 왔다.
MAP_CONTACT_CH16_H03_DIALOGUE_07,말로는 누구나 그렇게 말한다. 검으로 확인하겠다. 멈추러 온 자의 검인지.
MAP_CONTACT_CH16_H03_OUTCOME,이 전투에서 승리하면 합류 · 테란
MAP_CONTACT_CH16_H03_TITLE,떠도는 등로단 · 테란
MAP_CONTACT_CH16_N15_BODY,왜곡된 회송 신호 속에서 동료의 구조 좌표가 겹쳐진다. 접촉을 마치면 이 조우의 진짜 응답을 확인할 수 있다.
MAP_CONTACT_CH16_N15_DIALOGUE_01,천막 안 신음 소리가 한 박자로 들려요. 동쪽 말씨랑 서쪽 말씨가 섞여서요.
MAP_CONTACT_CH16_N15_DIALOGUE_02,"……쉿, 조용히 와 주세요. 아픔은 편을 가리지 않아요."
MAP_CONTACT_CH16_N15_DIALOGUE_03,양쪽 병사를 한 천막에? 들키면 둘 다한테 반역자 취급이잖아!
MAP_CONTACT_CH16_N15_DIALOGUE_04,"이미 그렇게 됐어요. 그래서 창기사들이 오고 있어요. ……저 소리, 들리죠?"
MAP_CONTACT_CH16_N15_DIALOGUE_05,환자는 우리가 지킬게요. 몇 명이에요?
MAP_CONTACT_CH16_N15_DIALOGUE_06,"동쪽 스물셋, 서쪽 열아홉. ……아니, 이제 그냥 마흔둘이에요."
MAP_CONTACT_CH16_N15_DIALOGUE_07,마흔둘. 한 명도 내주지 않는다.
MAP_CONTACT_CH16_N15_DIALOGUE_08,"……고마워요. 그럼 천막 입구만, 부탁해요."
MAP_CONTACT_CH16_N15_OUTCOME,작전 승리 누적 후 합류 · 노아르 3회
MAP_CONTACT_CH16_N15_TITLE,특별 신호 · 노아르
MAP_CONTACT_CH17_H03_BODY,왜곡된 회송 신호 속에서 동료의 구조 좌표가 겹쳐진다. 접촉을 마치면 이 조우의 진짜 응답을 확인할 수 있다.
MAP_CONTACT_CH17_H03_DIALOGUE_01,포대에 생체 반응 하나. 조준이 정확해. 우리 발끝 한 뼘 앞만 골라 쏘고 있어.
MAP_CONTACT_CH17_H03_DIALOGUE_02,'모든 방문자는 먼저 자신이 누구인지 증명하라.' 도서고 경비 규정 제3조. 인용 끝.
MAP_CONTACT_CH17_H03_DIALOGUE_03,규정 낭독은 됐고! 우린 등로단이야. 사람이라고!
MAP_CONTACT_CH17_H03_DIALOGUE_04,'잔향은 사람의 말을 완벽히 흉내 낸다.' 잔향 연구 초판 12쪽. 말로는 증명이 안 되지.
MAP_CONTACT_CH17_H03_DIALOGUE_05,그럼 무엇으로 증명하지?
MAP_CONTACT_CH17_H03_DIALOGUE_06,'사람은 싸우는 방식에서 드러난다.' 이건 내 말이야. 포탄 속에서 서로를 감싸 봐.
MAP_CONTACT_CH17_H03_DIALOGUE_07,"포격수끼리 인사하는 방식이군. 좋아, 한 발씩 주고받자고."
MAP_CONTACT_CH17_H03_DIALOGUE_08,'말보다 탄착이 정직하다.' ……출처는 방금 나. 장전.
MAP_CONTACT_CH17_H03_OUTCOME,이 전투에서 승리하면 합류 · 유나크
MAP_CONTACT_CH17_H03_TITLE,떠도는 등로단 · 유나크
MAP_CONTACT_CH17_N10_BODY,왜곡된 회송 신호 속에서 동료의 구조 좌표가 겹쳐진다. 접촉을 마치면 이 조우의 진짜 응답을 확인할 수 있다.
MAP_CONTACT_CH17_N10_DIALOGUE_01,서가 틈에 생체 반응 하나. 팔에 글자를 받아 적으면서 잔향체랑 싸우고 있어.
MAP_CONTACT_CH17_N10_DIALOGUE_02,"모순? 좋죠, 모순이 있어야 진짜 기록이에요! ……어, 손님이네요? 잠깐, 적을게요."
MAP_CONTACT_CH17_N10_DIALOGUE_03,지금 받아 적을 때야? 저것들이 너 물어뜯기 직전인데!
MAP_CONTACT_CH17_N10_DIALOGUE_04,"지금이니까 적죠! 도서고는 당신들이 온 적 없다고 쓰고, 저는 왔다고 써요."
MAP_CONTACT_CH17_N10_DIALOGUE_05,등로단이다. 우리 기록을 되찾으러 왔다.
MAP_CONTACT_CH17_N10_DIALOGUE_06,"저는 세브, 기록관이에요. 그럼 증거를 늘려 주세요. 저것들을 치운 기록이면 딱이에요!"
MAP_CONTACT_CH17_N10_DIALOGUE_07,"기록이라면 제 전류로 크게 써 드릴게요! 번쩍, 하고요!"
MAP_CONTACT_CH17_N10_DIALOGUE_08,"좋아요, 제목은 '등로단, 도서고 첫 교전'! 시작하세요!"
MAP_CONTACT_CH17_N10_OUTCOME,작전 승리 누적 후 합류 · 세브 3회
MAP_CONTACT_CH17_N10_TITLE,특별 신호 · 세브
MAP_CONTACT_CH18_H03_BODY,왜곡된 회송 신호 속에서 동료의 구조 좌표가 겹쳐진다. 접촉을 마치면 이 조우의 진짜 응답을 확인할 수 있다.
MAP_CONTACT_CH18_H03_DIALOGUE_01,저기다. 절단기 든 사람 하나. 작업복에 대운행국 공사 감독 완장을 찼어.
MAP_CONTACT_CH18_H03_DIALOGUE_02,멈춰. 여긴 내 현장이다. 외부인 출입 금지.
MAP_CONTACT_CH18_H03_DIALOGUE_03,공사 감독? 그럼 종말선을 깐 사람이 너야?
MAP_CONTACT_CH18_H03_DIALOGUE_04,그래. 내가 깔았다. 그러니까 내가 끊는다. 남의 손 빌릴 생각 없다.
MAP_CONTACT_CH18_H03_DIALOGUE_05,혼자선 못 따라잡는다. 기계가 까는 속도가 더 빠르다.
MAP_CONTACT_CH18_H03_DIALOGUE_06,"안다. 그래서 짜증 나는 거다. ……좋아. 날 넘을 수 있으면, 도와도 된다."
MAP_CONTACT_CH18_H03_DIALOGUE_07,"시험이라면 환영이지! 감독님, 안전모 꽉 매요!"
MAP_CONTACT_CH18_H03_DIALOGUE_08,쓸데없는 말이 많군. 덤벼.
MAP_CONTACT_CH18_H03_OUTCOME,이 전투에서 승리하면 합류 · 아린트
MAP_CONTACT_CH18_H03_TITLE,떠도는 등로단 · 아린트
MAP_CONTACT_CH18_N16_BODY,왜곡된 회송 신호 속에서 동료의 구조 좌표가 겹쳐진다. 접촉을 마치면 이 조우의 진짜 응답을 확인할 수 있다.
MAP_CONTACT_CH18_N16_DIALOGUE_01,5킬로미터 밖에서 포격. 정확히 60초 간격이야. 포탄이 떨어질 때마다 기준 신호가 끊겨.
MAP_CONTACT_CH18_N16_DIALOGUE_02,"저 간격, 사람이 재는 거요. 기계라면 저렇게 끈질기지 않소."
MAP_CONTACT_CH18_N16_DIALOGUE_03,"한 발에 1분. 오늘 밤은 길 거야. ……거기, 사격선 안으로 들어오지 마."
MAP_CONTACT_CH18_N16_DIALOGUE_04,우린 적이 아니야! 같은 시계를 늦추러 왔다고!
MAP_CONTACT_CH18_N16_DIALOGUE_05,그럼 증명해. 신호수 무리가 내 포대로 오고 있어. 장전하는 90초 동안 버텨 줘.
MAP_CONTACT_CH18_N16_DIALOGUE_06,90초? 넉넉하네. 한 발이면 충분한 사람들이 여기 몇 명 있거든.
MAP_CONTACT_CH18_N16_DIALOGUE_07,좋아. 다음 탄착까지 58초. 늦으면 같이 날아가.
MAP_CONTACT_CH18_N16_DIALOGUE_08,"포대를 등지고 원진. 90초, 한 걸음도 물러서지 않는다."
MAP_CONTACT_CH18_N16_OUTCOME,작전 승리 누적 후 합류 · 유리엔 4회
MAP_CONTACT_CH18_N16_TITLE,특별 신호 · 유리엔
MAP_CONTACT_CH19_H03_BODY,왜곡된 회송 신호 속에서 동료의 구조 좌표가 겹쳐진다. 접촉을 마치면 이 조우의 진짜 응답을 확인할 수 있다.
MAP_CONTACT_CH19_H03_DIALOGUE_01,나왔다! 생체 반응 확인. 이번엔 원환이 못 끌고 가게 막아!
MAP_CONTACT_CH19_H03_DIALOGUE_02,다가오지 마! 또 너희야? 몇 번째지? 백…… 이백? 세다가 잊었어!
MAP_CONTACT_CH19_H03_DIALOGUE_03,처음이에요. 우린 처음 만나요. 다친 데부터 봐 줄게요.
MAP_CONTACT_CH19_H03_DIALOGUE_04,다들 처음이라고 했어! 그러다 한 바퀴 돌면 잔향체로 변했다고! 이번엔 안 속아!
MAP_CONTACT_CH19_H03_DIALOGUE_05,그럼 믿지 않아도 된다. 대신 이번 바퀴가 끝날 때까지 우리 뒤에 서.
MAP_CONTACT_CH19_H03_DIALOGUE_06,"……싫어. 먼저 쳐야 살아. 너희가 진짜면, 쓰러지지 않겠지!"
MAP_CONTACT_CH19_H03_DIALOGUE_07,"좋아, 쳐 봐. 다 받아 줄게. 그러고 나서 같이 나가자."
MAP_CONTACT_CH19_H03_OUTCOME,이 전투에서 승리하면 합류 · 벨크
MAP_CONTACT_CH19_H03_TITLE,떠도는 등로단 · 벨크
MAP_CONTACT_CH19_N14_BODY,왜곡된 회송 신호 속에서 동료의 구조 좌표가 겹쳐진다. 접촉을 마치면 이 조우의 진짜 응답을 확인할 수 있다.
MAP_CONTACT_CH19_N14_DIALOGUE_01,선로 옆 신호소에 생체 반응. 잔향체가 몰려드는데 도망치지 않아. 뭔가 쓰고 있어.
MAP_CONTACT_CH19_N14_DIALOGUE_02,……또 한 명 지워졌네. 적어 둘게. 누군가는 기억해야 하니까.
MAP_CONTACT_CH19_N14_DIALOGUE_03,손으로요? 종이에? 원환 안에선 종이 기록도 한 바퀴면 백지가 되는데요!
MAP_CONTACT_CH19_N14_DIALOGUE_04,장치에 적으면 지워져. 내 손은 원환의 장치가 아니야. 그래서 남아.
MAP_CONTACT_CH19_N14_DIALOGUE_05,등로단이다. 우리 동료들의 이유가 지워지고 있다.
MAP_CONTACT_CH19_N14_DIALOGUE_06,알아. 다 적었어. 서른두 바퀴 전부. ……그런데 저것들이 공책을 노려.
MAP_CONTACT_CH19_N14_DIALOGUE_07,공책은 우리가 지킨다! 너는 계속 써!
MAP_CONTACT_CH19_N14_DIALOGUE_08,"……고마워. 그럼 이번 바퀴는, 당신들이 지킨 걸로 적을게."
MAP_CONTACT_CH19_N14_OUTCOME,작전 승리 누적 후 합류 · 모엔 4회
MAP_CONTACT_CH19_N14_TITLE,특별 신호 · 모엔
MAP_CONTACT_CH20_N17_BODY,왜곡된 회송 신호 속에서 동료의 구조 좌표가 겹쳐진다. 접촉을 마치면 이 조우의 진짜 응답을 확인할 수 있다.
MAP_CONTACT_CH20_N17_DIALOGUE_01,최후선 방어 신호의 중심에 생체 반응. 잔향체 대군을 혼자 막고 있어.
MAP_CONTACT_CH20_N17_DIALOGUE_02,"벽이 필요하다고 들었어. ……생각보다 늦었네, 등로단."
MAP_CONTACT_CH20_N17_DIALOGUE_03,우릴 알아? 우린 너 처음 보는데!
MAP_CONTACT_CH20_N17_DIALOGUE_04,"방어 신호는 전부 이어져 있어. 너희가 켠 등불 열아홉 개, 하나하나 여기서 봤지."
MAP_CONTACT_CH20_N17_DIALOGUE_05,스무 번째 서명이 필요하다. 네 노선이 마지막이다.
MAP_CONTACT_CH20_N17_DIALOGUE_06,서명은 나중에. 지금은 이 벽부터 같이 지켜. 무너지면 등불까지 한 번에 삼켜져.
MAP_CONTACT_CH20_N17_DIALOGUE_07,버티는 거라면 내 전문이야. 옆자리 비워.
MAP_CONTACT_CH20_N17_DIALOGUE_08,"좋아. 오른쪽 맡아. ……오랜만이네, 누구랑 나란히 서는 거."
MAP_CONTACT_CH20_N17_OUTCOME,작전 승리 누적 후 합류 · 라벤트 5회
MAP_CONTACT_CH20_N17_TITLE,특별 신호 · 라벤트
MAP_EVENT_BROKEN_SWITCH_BODY,손상된 분기 장치가 짧은 우회로와 연결되어 있다.
MAP_EVENT_BROKEN_SWITCH_RESTORE,신호를 복구한다
MAP_EVENT_BROKEN_SWITCH_SALVAGE,부품을 회수한다
MAP_EVENT_BROKEN_SWITCH_TITLE,끊긴 분기 스위치
MAP_EVENT_COAST_LOG_BODY,파도 아래의 빛이 다음 복구 지점을 잠시 비춘다.
MAP_EVENT_COAST_LOG_LEAVE,지나간다
MAP_EVENT_COAST_LOG_SYNC,기록을 동기화한다
MAP_EVENT_COAST_LOG_TITLE,해안 관측 기록
MAP_EVENT_COMMAND_NAME,등로단 통신
MAP_EVENT_CONTACT_SIGNAL,특별 신호 조우
MAP_EVENT_CRYSTAL_TRACE_BODY,수정 군락의 미세한 진동이 북쪽 샛길을 가리킨다.
MAP_EVENT_CRYSTAL_TRACE_INVESTIGATE,조사한다
MAP_EVENT_CRYSTAL_TRACE_PASS,지나간다
MAP_EVENT_CRYSTAL_TRACE_TITLE,잔광 수정의 흔적
MAP_EVENT_DEFAULT_BODY,주변의 작은 변화가 탐색을 유도합니다.
MAP_EVENT_DEFAULT_CHOICE_PRIMARY,조사한다
MAP_EVENT_DEFAULT_CHOICE_SECONDARY,지나간다
MAP_EVENT_DEFAULT_TITLE,탐색 기록
MAP_EVENT_DIALOGUE_BATTLE,전투 개시
MAP_EVENT_DIALOGUE_HINT,화면을 누르거나 다음을 선택해 사건을 진행합니다.
MAP_EVENT_DIALOGUE_NEXT,다음
MAP_EVENT_DIALOGUE_SKIP,대화 건너뛰기
MAP_EVENT_ENEMY_SIGNAL_NAME,위협 신호
MAP_EVENT_MOVE_TO,탐색 지점으로 이동
MAP_EVENT_NARRATION_NAME,나레이션
MAP_EVENT_RELAY_TOA_BODY,중계선을 혼자 복구하던 탐사대원이 응답한다. 조우를 마치면 다음 신호를 함께 추적한다.
MAP_EVENT_RELAY_TOA_OUTCOME,승리 후 신호 동행 · NORMAL 9 완료 뒤 편성 합류
MAP_EVENT_RELAY_TOA_TITLE,단절된 중계선 · 토아
MAP_EVENT_RESCUE_VERA_BODY,흐트러진 신호를 붙드는 탐사대원이 길목을 지키고 있다. 가까이 다가가면 기존 조우가 시작된다.
MAP_EVENT_RESCUE_VERA_OUTCOME,승리 시 즉시 편성에 합류
MAP_EVENT_RESCUE_VERA_TITLE,구조 신호 · 베라
MAP_INCIDENT_CAPTION,돌발 사건
MAP_INCIDENT_CH01_AMBUSH_CHOICE_EVADE,우회한다
MAP_INCIDENT_CH01_AMBUSH_CHOICE_FIGHT,교전한다
MAP_INCIDENT_CH01_AMBUSH_DIALOGUE_01,등불이 꺼진 구간에서 잔향체들이 선로 틈으로 솟아올랐다.
MAP_INCIDENT_CH01_AMBUSH_DIALOGUE_02,"매복이다! 뚫고 갈래, 돌아갈래? 어느 쪽이든 앞장은 내가 선다."
MAP_INCIDENT_CH01_AMBUSH_TITLE,선로 틈의 매복
MAP_INCIDENT_CH01_BANTER_CHOICE_CONTINUE,계속 간다
MAP_INCIDENT_CH01_BANTER_DIALOGUE_01,"나린, 방금 갈림길 말이야. 내 감으로는 왼쪽이었어."
MAP_INCIDENT_CH01_BANTER_DIALOGUE_02,네 감은 이번 주에 네 번 틀렸어. 오른쪽이 신호 세기가 3퍼센트 높아.
MAP_INCIDENT_CH01_BANTER_DIALOGUE_03,……그 네 번 중 두 번은 운이 나빴던 거야.
MAP_INCIDENT_CH01_BANTER_TITLE,로안의 감
MAP_INCIDENT_CH01_CACHE_CHOICE_TAKE,회수한다
MAP_INCIDENT_CH01_CACHE_DIALOGUE_01,선로 옆 신호함 안에 봉인된 보급 상자가 있었다. 뚜껑에 '다음 사람에게'라고 적혀 있었다.
MAP_INCIDENT_CH01_CACHE_DIALOGUE_02,"다음 사람…… 우리네요! 고마워요, 모르는 분! 잘 쓸게요!"
MAP_INCIDENT_CH01_CACHE_TITLE,다음 사람에게
MAP_INCIDENT_CH01_DISTRESS_CHOICE_RECORD,좌표를 기록한다
MAP_INCIDENT_CH01_DISTRESS_CHOICE_RESCUE,구조한다
MAP_INCIDENT_CH01_DISTRESS_DIALOGUE_01,"무너진 대피소 쪽에서 신호가 들렸다. 잔향체의 흉내와 달리, 떨리고 있었다."
MAP_INCIDENT_CH01_DISTRESS_DIALOGUE_02,……누구 있어요? 물이 떨어졌어요. 이틀째예요.
MAP_INCIDENT_CH01_DISTRESS_DIALOGUE_03,문장이 매번 달라. 흉내가 아니라 사람이야. 체온도 떨어지는 중이고.
MAP_INCIDENT_CH01_DISTRESS_TITLE,떨리는 조난 신호
MAP_INCIDENT_CH01_ECHO_CHOICE_IGNORE,지나간다
MAP_INCIDENT_CH01_ECHO_CHOICE_LISTEN,끝까지 듣는다
MAP_INCIDENT_CH01_ECHO_DIALOGUE_01,"꺼진 역사 안에서 오래된 방송이 흘러나왔다. 대정전 이전, 평범한 아침의 목소리였다."
MAP_INCIDENT_CH01_ECHO_DIALOGUE_02,제1 노선 열차가 곧 도착합니다. 오늘도 좋은 하루 보내십시오.
MAP_INCIDENT_CH01_ECHO_DIALOGUE_03,……이 노선이 사람을 실어 나르던 때가 있었지.
MAP_INCIDENT_CH01_ECHO_TITLE,평범한 아침의 방송
MAP_INCIDENT_CH01_STORM_CHOICE_PUSH,돌파한다
MAP_INCIDENT_CH01_STORM_CHOICE_SHELTER,대피한다
MAP_INCIDENT_CH01_STORM_DIALOGUE_01,갱도 입구로 잔광 폭풍이 밀려들었다. 바람 속에서 모르는 사람들의 웃음소리가 흩날렸다.
MAP_INCIDENT_CH01_STORM_DIALOGUE_02,"기억이 섞인 바람이야. 오래 맞으면 남의 추억에 취해. 쉬어 갈래, 뚫고 갈래?"
MAP_INCIDENT_CH01_STORM_TITLE,잔광 폭풍
MAP_INCIDENT_CH02_AMBUSH_CHOICE_EVADE,우회한다
MAP_INCIDENT_CH02_AMBUSH_CHOICE_FIGHT,교전한다
MAP_INCIDENT_CH02_AMBUSH_DIALOGUE_01,"거꾸로 흐르는 전선을 타고 잔향체 무리가 덮쳐 왔다. 소리는 앞에서 났는데, 놈들은 뒤에 있었다."
MAP_INCIDENT_CH02_AMBUSH_DIALOGUE_02,"이 역은 방향 감각부터 뺏어 가네. 붙을래, 빠질래?"
MAP_INCIDENT_CH02_AMBUSH_TITLE,역류하는 매복
MAP_INCIDENT_CH02_BANTER_CHOICE_CONTINUE,계속 간다
MAP_INCIDENT_CH02_BANTER_DIALOGUE_01,"베라 씨, 신호 추적할 때 무슨 소리가 들려요? 삐삐? 치지직?"
MAP_INCIDENT_CH02_BANTER_DIALOGUE_02,사람 숨소리. 신호마다 숨 쉬는 박자가 달라. ……에다 신호는 계속 뛰고 있어.
MAP_INCIDENT_CH02_BANTER_DIALOGUE_03,제가 원래 좀 과충전 상태라서요!
MAP_INCIDENT_CH02_BANTER_TITLE,숨소리
MAP_INCIDENT_CH02_CACHE_CHOICE_TAKE,회수한다
MAP_INCIDENT_CH02_CACHE_DIALOGUE_01,멈춘 자판기 안에 보급품이 채워져 있었다. 유통 기한이 내일에서 어제로 바뀌는 중이었다.
MAP_INCIDENT_CH02_CACHE_DIALOGUE_02,빨리 꺼내요! 어제가 되기 전에!
MAP_INCIDENT_CH02_CACHE_TITLE,유통 기한
MAP_INCIDENT_CH02_DISTRESS_CHOICE_RECORD,좌표를 기록한다
MAP_INCIDENT_CH02_DISTRESS_CHOICE_RESCUE,구조한다
MAP_INCIDENT_CH02_DISTRESS_DIALOGUE_01,"뒤집힌 매표소 안에서 두드리는 소리가 났다. 세 번, 쉬고, 세 번."
MAP_INCIDENT_CH02_DISTRESS_DIALOGUE_02,거기 누구 있어요? 시계가…… 시계가 자꾸 어제로 가요.
MAP_INCIDENT_CH02_DISTRESS_DIALOGUE_03,진짜 생체 신호야. 명부에 덮이기 전에 꺼내야 해.
MAP_INCIDENT_CH02_DISTRESS_TITLE,어제로 가는 시계
MAP_INCIDENT_CH02_ECHO_CHOICE_IGNORE,지나간다
MAP_INCIDENT_CH02_ECHO_CHOICE_LISTEN,끝까지 듣는다
MAP_INCIDENT_CH02_ECHO_DIALOGUE_01,역 방송실에서 오래된 녹음이 흘러나왔다. 막차를 놓친 승객에게 건네는 안내였다.
MAP_INCIDENT_CH02_ECHO_DIALOGUE_02,막차를 놓치신 승객께서는 대합실에서 첫차를 기다려 주십시오. 첫차는 반드시 옵니다.
MAP_INCIDENT_CH02_ECHO_DIALOGUE_03,"……반드시, 라."
MAP_INCIDENT_CH02_ECHO_TITLE,첫차는 반드시 옵니다
MAP_INCIDENT_CH02_STORM_CHOICE_PUSH,돌파한다
MAP_INCIDENT_CH02_STORM_CHOICE_SHELTER,대피한다
MAP_INCIDENT_CH02_STORM_DIALOGUE_01,역사 틈으로 잔광 폭풍이 불어닥쳤다. 바람 속에서 어제 들은 말들이 다시 들렸다.
MAP_INCIDENT_CH02_STORM_DIALOGUE_02,"어제가 날아다니네. 오래 맞으면 오늘이 헷갈려. 피할래, 뚫을래?"
MAP_INCIDENT_CH02_STORM_TITLE,어제의 바람
MAP_INCIDENT_CH03_AMBUSH_CHOICE_EVADE,우회한다
MAP_INCIDENT_CH03_AMBUSH_CHOICE_FIGHT,교전한다
MAP_INCIDENT_CH03_AMBUSH_DIALOGUE_01,"유리 아래에서 사본들이 솟아올랐다. 반 박자 늦게, 그러나 정확히 등 뒤였다."
MAP_INCIDENT_CH03_AMBUSH_DIALOGUE_02,"늦었어도 등 뒤는 등 뒤지. 받아칠까, 빠질까?"
MAP_INCIDENT_CH03_AMBUSH_TITLE,등 뒤의 사본
MAP_INCIDENT_CH03_BANTER_CHOICE_CONTINUE,계속 간다
MAP_INCIDENT_CH03_BANTER_DIALOGUE_01,"소렌, 어깨 좀 보자. 포 반동을 계속 한쪽으로만 받고 있어."
MAP_INCIDENT_CH03_BANTER_DIALOGUE_02,"들켰네. 괜찮아, 아직 한 발은 더 쏠 수 있어."
MAP_INCIDENT_CH03_BANTER_DIALOGUE_03,그 한 발 다음을 책임지는 게 나야. 오늘 밤엔 찜질이야.
MAP_INCIDENT_CH03_BANTER_TITLE,한쪽 어깨
MAP_INCIDENT_CH03_CACHE_CHOICE_TAKE,회수한다
MAP_INCIDENT_CH03_CACHE_DIALOGUE_01,선로 옆 유리 속에 보급 상자가 갇혀 있었다. 누군가 두드려 깨다 만 자국이 있었다.
MAP_INCIDENT_CH03_CACHE_DIALOGUE_02,나머지는 제가 할게요! 전류 한 방이면…… 됐다!
MAP_INCIDENT_CH03_CACHE_TITLE,유리 속의 상자
MAP_INCIDENT_CH03_DISTRESS_CHOICE_RECORD,좌표를 기록한다
MAP_INCIDENT_CH03_DISTRESS_CHOICE_RESCUE,구조한다
MAP_INCIDENT_CH03_DISTRESS_DIALOGUE_01,깨진 객차 한 량이 평원에 쓰러져 있었다. 안에서 유리를 긁는 소리가 났다.
MAP_INCIDENT_CH03_DISTRESS_DIALOGUE_02,"……원본이에요. 저, 원본이에요. 믿어 주세요."
MAP_INCIDENT_CH03_DISTRESS_DIALOGUE_03,"체온 정상, 맥박 빨라. 진짜야. 겁먹었을 뿐이야."
MAP_INCIDENT_CH03_DISTRESS_TITLE,원본이에요
MAP_INCIDENT_CH03_ECHO_CHOICE_IGNORE,지나간다
MAP_INCIDENT_CH03_ECHO_CHOICE_LISTEN,끝까지 듣는다
MAP_INCIDENT_CH03_ECHO_DIALOGUE_01,"유리 속에 오래된 녹음이 갇혀 있었다. 대정전 전, 이 평원을 달리던 관광 열차의 안내였다."
MAP_INCIDENT_CH03_ECHO_DIALOGUE_02,왼편 창밖으로 백야 구역이 보입니다. 해 지는 모습이 가장 아름다운 곳입니다.
MAP_INCIDENT_CH03_ECHO_DIALOGUE_03,……해 지는 게 제일 아름다운 곳이었대. 지금 그 구역엔 해가 지지 않는데.
MAP_INCIDENT_CH03_ECHO_TITLE,해 지는 구간
MAP_INCIDENT_CH03_STORM_CHOICE_PUSH,돌파한다
MAP_INCIDENT_CH03_STORM_CHOICE_SHELTER,대피한다
MAP_INCIDENT_CH03_STORM_DIALOGUE_01,잔광 폭풍이 유리 평원을 휩쓸었다. 반사된 빛이 사방에서 눈을 찔렀다.
MAP_INCIDENT_CH03_STORM_DIALOGUE_02,"시야 거의 제로. 버티면 지나가지만, 멈추면 열차를 놓쳐."
MAP_INCIDENT_CH03_STORM_TITLE,반사광 폭풍
MAP_INCIDENT_CH04_AMBUSH_CHOICE_EVADE,우회한다
MAP_INCIDENT_CH04_AMBUSH_CHOICE_FIGHT,교전한다
MAP_INCIDENT_CH04_AMBUSH_DIALOGUE_01,물이 빠진 선로 위로 잔향체들이 기어 올라왔다. 발밑이 미끄러웠다.
MAP_INCIDENT_CH04_AMBUSH_DIALOGUE_02,"미끄러운 데서 싸우는 건 취향이 아닌데. 치고 나갈래, 돌아갈래?"
MAP_INCIDENT_CH04_AMBUSH_TITLE,미끄러운 선로
MAP_INCIDENT_CH04_BANTER_CHOICE_CONTINUE,계속 간다
MAP_INCIDENT_CH04_BANTER_DIALOGUE_01,"나린, 네 계산식 셋째 줄. 반올림을 너무 일찍 했어."
MAP_INCIDENT_CH04_BANTER_DIALOGUE_02,……맞네. 고마워. 너랑 일하면 틀릴 틈이 없어.
MAP_INCIDENT_CH04_BANTER_DIALOGUE_03,틈은 있어. 반 박자 정도.
MAP_INCIDENT_CH04_BANTER_TITLE,반올림
MAP_INCIDENT_CH04_CACHE_CHOICE_TAKE,회수한다
MAP_INCIDENT_CH04_CACHE_DIALOGUE_01,방수 상자가 신호 기둥에 묶여 있었다. 뚜껑에 '다음 구조대에게. 늦어도 괜찮아.'라고 적혀 있었다.
MAP_INCIDENT_CH04_CACHE_DIALOGUE_02,……늦어도 괜찮대. 누가 쓴 걸까.
MAP_INCIDENT_CH04_CACHE_TITLE,늦어도 괜찮아
MAP_INCIDENT_CH04_DISTRESS_CHOICE_RECORD,좌표를 기록한다
MAP_INCIDENT_CH04_DISTRESS_CHOICE_RESCUE,구조한다
MAP_INCIDENT_CH04_DISTRESS_DIALOGUE_01,잠긴 객차 창에 손바닥 자국이 새로 찍혀 있었다. 안에서 물을 퍼내는 소리가 났다.
MAP_INCIDENT_CH04_DISTRESS_DIALOGUE_02,누구 있어요? 공기가…… 조금밖에 안 남았어요.
MAP_INCIDENT_CH04_DISTRESS_DIALOGUE_03,진짜 호흡이야. 빨라. 서두르자.
MAP_INCIDENT_CH04_DISTRESS_TITLE,새로 찍힌 손자국
MAP_INCIDENT_CH04_ECHO_CHOICE_IGNORE,지나간다
MAP_INCIDENT_CH04_ECHO_CHOICE_LISTEN,끝까지 듣는다
MAP_INCIDENT_CH04_ECHO_DIALOGUE_01,"잠긴 관제실 스피커에서 녹음 하나가 흘렀다. 폐쇄 직전, 교대 근무자의 목소리였다."
MAP_INCIDENT_CH04_ECHO_DIALOGUE_02,다음 근무자에게. 구조대가 오면 문을 열어 주세요. 꼭 올 거예요.
MAP_INCIDENT_CH04_ECHO_DIALOGUE_03,……왔어. 좀 늦었지만.
MAP_INCIDENT_CH04_ECHO_TITLE,다음 근무자에게
MAP_INCIDENT_CH04_STORM_CHOICE_PUSH,돌파한다
MAP_INCIDENT_CH04_STORM_CHOICE_SHELTER,대피한다
MAP_INCIDENT_CH04_STORM_DIALOGUE_01,수면 위로 잔광 폭풍이 불었다. 물보라에 섞인 기억이 피부에 차갑게 달라붙었다.
MAP_INCIDENT_CH04_STORM_DIALOGUE_02,"물보라가 신호를 끊고 있어. 버티면 통신 두절, 피하면 시간 손실."
MAP_INCIDENT_CH04_STORM_TITLE,물보라 폭풍
MAP_INCIDENT_CH05_AMBUSH_CHOICE_EVADE,골목으로 우회한다
MAP_INCIDENT_CH05_AMBUSH_CHOICE_FIGHT,교전한다
MAP_INCIDENT_CH05_AMBUSH_DIALOGUE_01,재 더미가 일어섰다. 잔향체가 피난민의 기침 소리를 흉내 내며 다가왔다.
MAP_INCIDENT_CH05_AMBUSH_DIALOGUE_02,기침 소리를 흉내 내다니…… 돕겠다고 나오는 사람을 노리는 거야.
MAP_INCIDENT_CH05_AMBUSH_TITLE,기침 소리
MAP_INCIDENT_CH05_BANTER_CHOICE_CONTINUE,계속 간다
MAP_INCIDENT_CH05_BANTER_DIALOGUE_01,"베라, 이 도시 신호는 전부 같은 박자로 두드려. 반 박자 차이도 없어."
MAP_INCIDENT_CH05_BANTER_DIALOGUE_02,지친 거야. 열두 해를 두드리면 박자도 닳아서 다 같아져.
MAP_INCIDENT_CH05_BANTER_TITLE,닳은 박자
MAP_INCIDENT_CH05_CACHE_CHOICE_TAKE,보급품을 회수한다
MAP_INCIDENT_CH05_CACHE_DIALOGUE_01,봉쇄군 보급 상자가 재에 반쯤 묻혀 있었다. 뚜껑에는 '집계 인원 분량'이라 적혀 있었다.
MAP_INCIDENT_CH05_CACHE_DIALOGUE_02,배급량이 인원수에 딱 맞춰져 있어. 한 명만 늘어도 모자라게.
MAP_INCIDENT_CH05_CACHE_DIALOGUE_03,그럼 이제 저희가 인원을 늘려 줄 차례네요!
MAP_INCIDENT_CH05_CACHE_TITLE,집계 인원 분량
MAP_INCIDENT_CH05_DISTRESS_CHOICE_RECORD,좌표를 기록해 둔다
MAP_INCIDENT_CH05_DISTRESS_CHOICE_RESCUE,셔터를 들어 올린다
MAP_INCIDENT_CH05_DISTRESS_DIALOGUE_01,무너진 약국 셔터 안쪽에서 손톱으로 긁는 소리가 들렸다.
MAP_INCIDENT_CH05_DISTRESS_DIALOGUE_02,여기 셋이에요. 약은 있는데 문이 안 열려요.
MAP_INCIDENT_CH05_DISTRESS_DIALOGUE_03,셔터는 내가 든다. 못 들면 좌표라도 남겨 두자.
MAP_INCIDENT_CH05_DISTRESS_TITLE,약국 셔터
MAP_INCIDENT_CH05_ECHO_CHOICE_IGNORE,지나간다
MAP_INCIDENT_CH05_ECHO_CHOICE_LISTEN,끝까지 들어 본다
MAP_INCIDENT_CH05_ECHO_DIALOGUE_01,꺼진 확성기에서 대정전 전날의 시청 안내 방송이 흘러나왔다.
MAP_INCIDENT_CH05_ECHO_DIALOGUE_02,"내일은 광장에서 등불 축제가 열립니다. 시민 여러분, 늦지 마세요."
MAP_INCIDENT_CH05_ECHO_DIALOGUE_03,"……축제 전날이었구나, 그날."
MAP_INCIDENT_CH05_ECHO_TITLE,축제 전날
MAP_INCIDENT_CH05_STORM_CHOICE_PUSH,재를 뚫고 나아간다
MAP_INCIDENT_CH05_STORM_CHOICE_SHELTER,무너진 역사로 대피한다
MAP_INCIDENT_CH05_STORM_DIALOGUE_01,잔광 폭풍이 재를 휘감아 올렸다. 재 알갱이마다 누군가의 비명이 갇혀 있었다.
MAP_INCIDENT_CH05_STORM_DIALOGUE_02,숨 쉴 때마다 남의 비명이 들어오네. 오래 있을 곳은 아니야.
MAP_INCIDENT_CH05_STORM_TITLE,비명을 품은 재
MAP_INCIDENT_CH06_AMBUSH_CHOICE_EVADE,난간을 따라 우회한다
MAP_INCIDENT_CH06_AMBUSH_CHOICE_FIGHT,교전한다
MAP_INCIDENT_CH06_AMBUSH_DIALOGUE_01,번개가 떨어진 자리에서 잔향체가 일어섰다. 피난민이 부르던 노래를 흉내 내고 있었다.
MAP_INCIDENT_CH06_AMBUSH_DIALOGUE_02,곡조는 따라 해도 가사가 틀려. 사람이 아니야.
MAP_INCIDENT_CH06_AMBUSH_TITLE,틀린 가사
MAP_INCIDENT_CH06_BANTER_CHOICE_CONTINUE,계속 간다
MAP_INCIDENT_CH06_BANTER_DIALOGUE_01,"이리, 번개 화상엔 뭐가 제일 좋아요?"
MAP_INCIDENT_CH06_BANTER_DIALOGUE_02,안 맞는 게 제일 좋아. 두 번째가 내 연고고.
MAP_INCIDENT_CH06_BANTER_TITLE,화상 연고
MAP_INCIDENT_CH06_CACHE_CHOICE_TAKE,보급품을 회수한다
MAP_INCIDENT_CH06_CACHE_DIALOGUE_01,부서진 통행료 징수함 안에는 동전 대신 멈춘 손목시계들이 가득했다.
MAP_INCIDENT_CH06_CACHE_DIALOGUE_02,……건너다 쓰러진 분들 거예요. 쓸 수 있는 보급품만 챙겨요.
MAP_INCIDENT_CH06_CACHE_DIALOGUE_03,시계는 두고 가자. 주인한테 돌려줄 방법을 찾을 때까지.
MAP_INCIDENT_CH06_CACHE_TITLE,멈춘 시계들
MAP_INCIDENT_CH06_DISTRESS_CHOICE_RECORD,좌표를 행렬에 넘긴다
MAP_INCIDENT_CH06_DISTRESS_CHOICE_RESCUE,객차를 끌어올린다
MAP_INCIDENT_CH06_DISTRESS_DIALOGUE_01,교량 아래 케이블에 걸린 객차 안에서 손전등 불빛이 깜박였다.
MAP_INCIDENT_CH06_DISTRESS_DIALOGUE_02,여기 둘이에요. 다친 데는 없어요. 물이 다 떨어졌어요.
MAP_INCIDENT_CH06_DISTRESS_DIALOGUE_03,끌어올릴 수 있어. 아니면 좌표를 남겨서 뒤따르는 행렬이 챙기게 하든지.
MAP_INCIDENT_CH06_DISTRESS_TITLE,멈춘 객차의 불빛
MAP_INCIDENT_CH06_ECHO_CHOICE_IGNORE,지나간다
MAP_INCIDENT_CH06_ECHO_CHOICE_LISTEN,끝까지 들어 본다
MAP_INCIDENT_CH06_ECHO_DIALOGUE_01,교량 전광판에 대정전 당일의 문구가 깜박였다. 글자 사이로 오래된 목소리가 흘렀다.
MAP_INCIDENT_CH06_ECHO_DIALOGUE_02,하늘교량 개통 오 주년입니다. 오늘 건너시는 모든 분께 행운을.
MAP_INCIDENT_CH06_ECHO_DIALOGUE_03,행운이라. 그날 건넌 사람들은 정말 행운이 필요했겠네.
MAP_INCIDENT_CH06_ECHO_TITLE,개통 기념일
MAP_INCIDENT_CH06_STORM_CHOICE_PUSH,낙뢰 사이로 돌파한다
MAP_INCIDENT_CH06_STORM_CHOICE_SHELTER,철골 아래로 대피한다
MAP_INCIDENT_CH06_STORM_DIALOGUE_01,낙뢰가 한곳에 연달아 떨어지기 시작했다. 교량 철골이 붉게 달아올랐다.
MAP_INCIDENT_CH06_STORM_DIALOGUE_02,"다음 낙뢰까지 2.8초. 철골 밑으로 피하든지, 그 사이로 뛰든지."
MAP_INCIDENT_CH06_STORM_TITLE,연쇄 낙뢰
MAP_INCIDENT_CH07_AMBUSH_CHOICE_EVADE,눈 둔덕 뒤로 우회한다
MAP_INCIDENT_CH07_AMBUSH_CHOICE_FIGHT,교전한다
MAP_INCIDENT_CH07_AMBUSH_DIALOGUE_01,눈보라 사이로 방한복 차림의 그림자들이 다가왔다. 구조대의 무전 호출을 흉내 내고 있었다.
MAP_INCIDENT_CH07_AMBUSH_DIALOGUE_02,호출 부호가 열두 해 전 것이오. 사람이 아니오.
MAP_INCIDENT_CH07_AMBUSH_TITLE,낡은 호출 부호
MAP_INCIDENT_CH07_BANTER_CHOICE_CONTINUE,계속 간다
MAP_INCIDENT_CH07_BANTER_DIALOGUE_01,"아델린, 포신 얼었지? 내 건 멀쩡한데."
MAP_INCIDENT_CH07_BANTER_DIALOGUE_02,당신 포는 쏘지 않으니 안 어는 거요. 한 발주의의 장점이군.
MAP_INCIDENT_CH07_BANTER_TITLE,얼지 않는 포신
MAP_INCIDENT_CH07_CACHE_CHOICE_TAKE,보급품을 회수한다
MAP_INCIDENT_CH07_CACHE_DIALOGUE_01,구조대의 보급 썰매가 얼어붙어 있었다. 짐칸에는 한 번도 뜯지 않은 귀환용 식량이 실려 있었다.
MAP_INCIDENT_CH07_CACHE_DIALOGUE_02,돌아갈 때 먹으려고 아껴 둔 거야. ……우리가 대신 돌아가 주자.
MAP_INCIDENT_CH07_CACHE_TITLE,귀환용 식량
MAP_INCIDENT_CH07_DISTRESS_CHOICE_RECORD,좌표를 기록해 둔다
MAP_INCIDENT_CH07_DISTRESS_CHOICE_RESCUE,초소로 간다
MAP_INCIDENT_CH07_DISTRESS_DIALOGUE_01,눈에 반쯤 묻힌 관측 초소에서 작은 불빛이 깜박였다.
MAP_INCIDENT_CH07_DISTRESS_DIALOGUE_02,여기 둘이에요. 연료가 이틀 치 남았어요. 대기하래서 계속 기다렸어요.
MAP_INCIDENT_CH07_DISTRESS_DIALOGUE_03,이제 안 기다려도 돼요. 우리가 왔어요.
MAP_INCIDENT_CH07_DISTRESS_TITLE,초소의 불빛
MAP_INCIDENT_CH07_ECHO_CHOICE_IGNORE,지나간다
MAP_INCIDENT_CH07_ECHO_CHOICE_LISTEN,끝까지 들어 본다
MAP_INCIDENT_CH07_ECHO_DIALOGUE_01,얼음 속에 갇힌 무전기에서 대정전 직후의 교신이 흘러나왔다.
MAP_INCIDENT_CH07_ECHO_DIALOGUE_02,여기 북부 구조대. 생존자 스물 확보. 귀환 허가 바람. ……응답 바람.
MAP_INCIDENT_CH07_ECHO_DIALOGUE_03,답신 기록은 없어. 이 호출에 대답한 건 그 방송뿐이야.
MAP_INCIDENT_CH07_ECHO_TITLE,응답 바람
MAP_INCIDENT_CH07_STORM_CHOICE_PUSH,폭풍을 뚫고 나아간다
MAP_INCIDENT_CH07_STORM_CHOICE_SHELTER,눈굴을 파고 대피한다
MAP_INCIDENT_CH07_STORM_DIALOGUE_01,잔광 폭풍이 눈보라와 겹쳤다. 눈송이마다 누군가의 '대기하십시오'가 섞여 있었다.
MAP_INCIDENT_CH07_STORM_DIALOGUE_02,"체온이 급격히 떨어져요. 멈추면 쉴 수 있지만, 멈춘 만큼 늦어져요."
MAP_INCIDENT_CH07_STORM_TITLE,대기의 눈송이
MAP_INCIDENT_CH08_AMBUSH_CHOICE_EVADE,배관을 타고 우회한다
MAP_INCIDENT_CH08_AMBUSH_CHOICE_FIGHT,교전한다
MAP_INCIDENT_CH08_AMBUSH_DIALOGUE_01,정련소 컨베이어 위로 붉은 잔향체들이 기어올랐다. 타다 만 기억의 목소리로 웅얼거리고 있었다.
MAP_INCIDENT_CH08_AMBUSH_DIALOGUE_02,말이 중간에 끊겨 있다. 탄 기억의 파편이다. 싸우든 피하든 빨리.
MAP_INCIDENT_CH08_AMBUSH_TITLE,타다 만 목소리
MAP_INCIDENT_CH08_BANTER_CHOICE_CONTINUE,계속 간다
MAP_INCIDENT_CH08_BANTER_DIALOGUE_01,"키르, 네 계산으로는 우리가 살아서 내려갈 확률이 몇이야?"
MAP_INCIDENT_CH08_BANTER_DIALOGUE_02,묻지 마라. 숫자를 들으면 너는 더 무모해진다.
MAP_INCIDENT_CH08_BANTER_DIALOGUE_03,벌써 좋은 숫자라는 소리네.
MAP_INCIDENT_CH08_BANTER_TITLE,좋은 숫자
MAP_INCIDENT_CH08_CACHE_CHOICE_TAKE,결정 상자를 회수한다
MAP_INCIDENT_CH08_CACHE_DIALOGUE_01,투입구 옆에 태워지기 직전의 기억 결정 상자가 남아 있었다.
MAP_INCIDENT_CH08_CACHE_DIALOGUE_02,주인 노선 번호가 적혀 있어. 가져가서 돌려주자. 하나도 빠짐없이.
MAP_INCIDENT_CH08_CACHE_TITLE,태워지기 직전
MAP_INCIDENT_CH08_DISTRESS_CHOICE_RECORD,승강 선로 좌표를 넘긴다
MAP_INCIDENT_CH08_DISTRESS_CHOICE_RESCUE,직접 데려간다
MAP_INCIDENT_CH08_DISTRESS_DIALOGUE_01,폐쇄된 작업자 숙소 창문에서 손전등 불빛이 세 번씩 깜박였다.
MAP_INCIDENT_CH08_DISTRESS_DIALOGUE_02,채굴환에 남은 정비공 넷이에요. 내려갈 승강기가 끊겼어요.
MAP_INCIDENT_CH08_DISTRESS_DIALOGUE_03,승강 선로 좌표를 넘겨주면 돼. 아니면 우리가 직접 데려가든지.
MAP_INCIDENT_CH08_DISTRESS_TITLE,세 번 깜박이는 불빛
MAP_INCIDENT_CH08_ECHO_CHOICE_IGNORE,지나간다
MAP_INCIDENT_CH08_ECHO_CHOICE_LISTEN,끝까지 들어 본다
MAP_INCIDENT_CH08_ECHO_DIALOGUE_01,정련소 스피커에서 대정전 이전 채굴환의 교대 방송이 흘러나왔다.
MAP_INCIDENT_CH08_ECHO_DIALOGUE_02,"야간조 여러분, 오늘도 무사히. 지상에서 가족이 기다립니다."
MAP_INCIDENT_CH08_ECHO_DIALOGUE_03,……기다리는 가족이 있던 사람들의 방송이네요.
MAP_INCIDENT_CH08_ECHO_TITLE,야간조 교대 방송
MAP_INCIDENT_CH08_STORM_CHOICE_PUSH,숨을 참고 돌파한다
MAP_INCIDENT_CH08_STORM_CHOICE_SHELTER,정련소 격벽 뒤로 대피한다
MAP_INCIDENT_CH08_STORM_DIALOGUE_01,궤도 조각이 스치며 붉은 분진 폭풍이 일었다. 분진이 닿은 곳마다 낯선 기억이 스며들었다.
MAP_INCIDENT_CH08_STORM_DIALOGUE_02,남의 기억을 들이마시면 어지러워져. 오래 맞으면 자기 걸 잃어.
MAP_INCIDENT_CH08_STORM_TITLE,붉은 분진 폭풍
MAP_INCIDENT_CH09_AMBUSH_CHOICE_EVADE,선반 뒤로 우회한다
MAP_INCIDENT_CH09_AMBUSH_CHOICE_FIGHT,맞서 싸운다
MAP_INCIDENT_CH09_AMBUSH_DIALOGUE_01,서류 선반 사이에서 망치를 든 잔향체들이 한꺼번에 일어섰다.
MAP_INCIDENT_CH09_AMBUSH_DIALOGUE_02,"집행조다! 받아칠까, 선반 뒤로 돌아갈까?"
MAP_INCIDENT_CH09_AMBUSH_TITLE,집행조 기습
MAP_INCIDENT_CH09_BANTER_CHOICE_CONTINUE,계속 간다
MAP_INCIDENT_CH09_BANTER_DIALOGUE_01,"나린, 네 방해 가능성 수치는 몇이었어? 난 12.7퍼센트래."
MAP_INCIDENT_CH09_BANTER_DIALOGUE_02,0.3퍼센트. 참고로 그중 0.2는 너랑 같은 조라서 오른 거야.
MAP_INCIDENT_CH09_BANTER_DIALOGUE_03,"내가 네 인생의 위험 요소라니, 영광인데?"
MAP_INCIDENT_CH09_BANTER_TITLE,가능성 수치
MAP_INCIDENT_CH09_CACHE_CHOICE_TAKE,회수한다
MAP_INCIDENT_CH09_CACHE_DIALOGUE_01,잠긴 역무원 사물함 안에 열두 해 전 비상 식량과 배터리가 그대로 남아 있었다.
MAP_INCIDENT_CH09_CACHE_DIALOGUE_02,"주인한텐 미안하지만, 판결문보다는 이쪽이 훨씬 쓸모 있지."
MAP_INCIDENT_CH09_CACHE_TITLE,역무원 사물함
MAP_INCIDENT_CH09_DISTRESS_CHOICE_RECORD,위치를 기록해 둔다
MAP_INCIDENT_CH09_DISTRESS_CHOICE_RESCUE,깨워서 데려간다
MAP_INCIDENT_CH09_DISTRESS_DIALOGUE_01,긴 의자 하나에서 한 사람이 식은땀을 흘리며 반쯤 눈을 떴다.
MAP_INCIDENT_CH09_DISTRESS_DIALOGUE_02,저…… 아무것도 안 했어요. 그런데 꿈에서 계속 판결을……
MAP_INCIDENT_CH09_DISTRESS_DIALOGUE_03,"괜찮아요, 여긴 법정이 아니에요. 천천히 숨 쉬어요."
MAP_INCIDENT_CH09_DISTRESS_TITLE,잠에서 깬 사람
MAP_INCIDENT_CH09_ECHO_CHOICE_IGNORE,지나간다
MAP_INCIDENT_CH09_ECHO_CHOICE_LISTEN,끝까지 듣는다
MAP_INCIDENT_CH09_ECHO_DIALOGUE_01,끊긴 구내 방송에서 대정전 이전의 목소리가 새어 나왔다.
MAP_INCIDENT_CH09_ECHO_DIALOGUE_02,"국장님, 결재 부탁드립니다. 피난 열차 증편 건입니다. ……국장님?"
MAP_INCIDENT_CH09_ECHO_DIALOGUE_03,끝내 결재를 받지 못했구나. 그 열차는.
MAP_INCIDENT_CH09_ECHO_TITLE,마지막 결재 요청
MAP_INCIDENT_CH09_STORM_CHOICE_PUSH,종이 폭풍을 뚫는다
MAP_INCIDENT_CH09_STORM_CHOICE_SHELTER,기록실로 대피한다
MAP_INCIDENT_CH09_STORM_DIALOGUE_01,"환기구로 잔광 폭풍이 새어 들어와, 판결문이 눈보라처럼 휘몰아쳤다."
MAP_INCIDENT_CH09_STORM_DIALOGUE_02,종이마다 신호가 묻어 있어. 스치기만 해도 판결 번호가 옮아 붙어.
MAP_INCIDENT_CH09_STORM_TITLE,종이 폭풍
MAP_INCIDENT_CH10_AMBUSH_CHOICE_EVADE,달빛 없는 쪽으로 빠진다
MAP_INCIDENT_CH10_AMBUSH_CHOICE_FIGHT,맞서 싸운다
MAP_INCIDENT_CH10_AMBUSH_DIALOGUE_01,두 달빛이 만든 두 겹의 그림자에서 잔향체들이 기어 나왔다.
MAP_INCIDENT_CH10_AMBUSH_DIALOGUE_02,"그림자가 둘이면 적도 두 배라는 거지. 쏠까, 달빛 없는 쪽으로 빠질까?"
MAP_INCIDENT_CH10_AMBUSH_TITLE,두 겹 그림자의 기습
MAP_INCIDENT_CH10_BANTER_CHOICE_CONTINUE,계속 간다
MAP_INCIDENT_CH10_BANTER_DIALOGUE_01,"로안, 저 달 둘 중에 어느 쪽이 더 빠른지 내기할래?"
MAP_INCIDENT_CH10_BANTER_DIALOGUE_02,"달은 안 달려, 베온. ……굳이 고르자면 구리색 쪽."
MAP_INCIDENT_CH10_BANTER_DIALOGUE_03,둘 다 공전 주기가 같아. 내기 무효야.
MAP_INCIDENT_CH10_BANTER_TITLE,달 내기
MAP_INCIDENT_CH10_CACHE_CHOICE_TAKE,회수한다
MAP_INCIDENT_CH10_CACHE_DIALOGUE_01,시계탑 아래 창고에 두 날짜가 찍힌 보급 상자가 나란히 쌓여 있었다.
MAP_INCIDENT_CH10_CACHE_DIALOGUE_02,같은 상자가 두 개라…… 이번만큼은 쌍월이 고맙네.
MAP_INCIDENT_CH10_CACHE_TITLE,두 날짜의 보급 상자
MAP_INCIDENT_CH10_DISTRESS_CHOICE_RECORD,좌표를 기록한다
MAP_INCIDENT_CH10_DISTRESS_CHOICE_RESCUE,양쪽 모두 찾아간다
MAP_INCIDENT_CH10_DISTRESS_DIALOGUE_01,같은 목소리의 구조 요청이 두 방향에서 반 초 간격으로 들려왔다.
MAP_INCIDENT_CH10_DISTRESS_DIALOGUE_02,여기요…… 여기요. 저 말고 제가 한 명 더 있는 것 같아요……
MAP_INCIDENT_CH10_DISTRESS_DIALOGUE_03,둘 다 진짜 맥박이야. 한 사람이 두 시간에 걸려 있어.
MAP_INCIDENT_CH10_DISTRESS_TITLE,두 번 들리는 구조 요청
MAP_INCIDENT_CH10_ECHO_CHOICE_IGNORE,지나간다
MAP_INCIDENT_CH10_ECHO_CHOICE_LISTEN,끝까지 듣는다
MAP_INCIDENT_CH10_ECHO_DIALOGUE_01,분기기의 낡은 스피커에서 대정전 이전의 안내 방송이 흘러나왔다.
MAP_INCIDENT_CH10_ECHO_DIALOGUE_02,"제9 야간열차, 정시 출발합니다. 다음 역은…… 다음 역은……"
MAP_INCIDENT_CH10_ECHO_DIALOGUE_03,다음 역을 말하지 못한다. 열두 해 전 그 밤에 끊긴 방송이다.
MAP_INCIDENT_CH10_ECHO_TITLE,다음 역을 말하지 못하는 방송
MAP_INCIDENT_CH10_STORM_CHOICE_PUSH,폭풍을 뚫는다
MAP_INCIDENT_CH10_STORM_CHOICE_SHELTER,분기기 아래로 대피한다
MAP_INCIDENT_CH10_STORM_DIALOGUE_01,두 달빛이 부딪친 자리에 잔광 폭풍이 일었다. 시곗바늘이 제멋대로 앞뒤로 튀었다.
MAP_INCIDENT_CH10_STORM_DIALOGUE_02,이 안에선 일 분이 얼마가 될지 몰라. 뚫고 가면 시간을 잃을 수도 있어.
MAP_INCIDENT_CH10_STORM_TITLE,달빛 폭풍
MAP_INCIDENT_CH11_AMBUSH_CHOICE_EVADE,뒤 제방으로 물러난다
MAP_INCIDENT_CH11_AMBUSH_CHOICE_FIGHT,막아선다
MAP_INCIDENT_CH11_AMBUSH_DIALOGUE_01,검은 파도가 부서진 자리에서 잔향체들이 물보라처럼 튀어 올랐다.
MAP_INCIDENT_CH11_AMBUSH_DIALOGUE_02,"제방 위로 올라온다! 막아설까, 뒤 제방으로 물러날까?"
MAP_INCIDENT_CH11_AMBUSH_TITLE,파도 속 습격
MAP_INCIDENT_CH11_BANTER_CHOICE_CONTINUE,계속 간다
MAP_INCIDENT_CH11_BANTER_DIALOGUE_01,"소렌, 방금 사격. 오차 1.3미터. 바람 보정 안 했지?"
MAP_INCIDENT_CH11_BANTER_DIALOGUE_02,"했어. 파도가 흔들린 거야. 탄은 거짓말 안 해도, 바다는 하거든."
MAP_INCIDENT_CH11_BANTER_DIALOGUE_03,둘 다 옳소. 그러니 다음엔 셋이서 한 발로 확인합시다.
MAP_INCIDENT_CH11_BANTER_TITLE,포수들
MAP_INCIDENT_CH11_CACHE_CHOICE_TAKE,회수한다
MAP_INCIDENT_CH11_CACHE_DIALOGUE_01,모래톱에 방파선 수비대의 방수 보급 상자가 밀려와 있었다.
MAP_INCIDENT_CH11_CACHE_DIALOGUE_02,봉인이 온전해. 누군가 끝까지 지키려던 물건이야. 고맙게 쓰자.
MAP_INCIDENT_CH11_CACHE_TITLE,밀려온 보급 상자
MAP_INCIDENT_CH11_DISTRESS_CHOICE_RECORD,좌표를 기록한다
MAP_INCIDENT_CH11_DISTRESS_CHOICE_RESCUE,등대로 가서 구한다
MAP_INCIDENT_CH11_DISTRESS_DIALOGUE_01,꺼진 등대 창가에서 누군가 손전등을 규칙적으로 깜박이고 있었다.
MAP_INCIDENT_CH11_DISTRESS_DIALOGUE_02,물이 계단까지 찼어요. 등대 불을 다시 켜려다 여기 갇혔어요.
MAP_INCIDENT_CH11_DISTRESS_DIALOGUE_03,체온이 떨어지고 있어요. 서두르면 데려갈 수 있어요.
MAP_INCIDENT_CH11_DISTRESS_TITLE,등대의 손전등
MAP_INCIDENT_CH11_ECHO_CHOICE_IGNORE,지나간다
MAP_INCIDENT_CH11_ECHO_CHOICE_LISTEN,끝까지 듣는다
MAP_INCIDENT_CH11_ECHO_DIALOGUE_01,"파도 소리 사이로, 대정전 밤의 수비대 교신이 끊겼다 이어졌다."
MAP_INCIDENT_CH11_ECHO_DIALOGUE_02,"제방 붕괴. 수비대는 철수하라. ……아니, 아직 좌표가 남아 있다. 조금만……"
MAP_INCIDENT_CH11_ECHO_DIALOGUE_03,마지막까지 좌표를 건지려던 교신이야. 누군가 그걸 이어받았네.
MAP_INCIDENT_CH11_ECHO_TITLE,방파선 마지막 교신
MAP_INCIDENT_CH11_STORM_CHOICE_PUSH,너울 사이를 뚫는다
MAP_INCIDENT_CH11_STORM_CHOICE_SHELTER,초소로 대피한다
MAP_INCIDENT_CH11_STORM_DIALOGUE_01,"잔광 폭풍이 바다 위에서 일어나, 검은 너울이 방파선을 넘어 들이쳤다."
MAP_INCIDENT_CH11_STORM_DIALOGUE_02,파고 4미터. 그대로 전진하면 둘 중 하나는 쓸려 가.
MAP_INCIDENT_CH11_STORM_TITLE,검은 너울
MAP_INCIDENT_CH12_AMBUSH_CHOICE_EVADE,기둥 뒤로 우회한다
MAP_INCIDENT_CH12_AMBUSH_CHOICE_FIGHT,맞서 싸운다
MAP_INCIDENT_CH12_AMBUSH_DIALOGUE_01,회랑의 그림자에서 얼굴 없는 잔향체들이 성가를 흥얼거리며 다가왔다.
MAP_INCIDENT_CH12_AMBUSH_DIALOGUE_02,"이름을 빼앗긴 목소리를 흉내 냅니다. 맞서시겠습니까, 돌아가시겠습니까?"
MAP_INCIDENT_CH12_AMBUSH_TITLE,이름 없는 순례자들
MAP_INCIDENT_CH12_BANTER_CHOICE_CONTINUE,계속 간다
MAP_INCIDENT_CH12_BANTER_DIALOGUE_01,"로안! 나린! 소렌! ……휴, 다 기억나요. 오르사 씨! 하르트 씨!"
MAP_INCIDENT_CH12_BANTER_DIALOGUE_02,에다. 방금 11초에 다섯 명. 효율적이네.
MAP_INCIDENT_CH12_BANTER_DIALOGUE_03,불러 주셔서 감사합니다. 이곳에선 그게 가장 든든한 호위지요.
MAP_INCIDENT_CH12_BANTER_TITLE,점호
MAP_INCIDENT_CH12_CACHE_CHOICE_TAKE,회수한다
MAP_INCIDENT_CH12_CACHE_DIALOGUE_01,무너진 제단 아래에 순례자의 짐 꾸러미가 놓여 있었다. 이름표만 비어 있었다.
MAP_INCIDENT_CH12_CACHE_DIALOGUE_02,"주인은 이름을 잃었어도 짐은 남았네. 잘 쓰고, 나중에 꼭 돌려주자."
MAP_INCIDENT_CH12_CACHE_TITLE,순례자의 짐
MAP_INCIDENT_CH12_DISTRESS_CHOICE_RECORD,위치를 기록한다
MAP_INCIDENT_CH12_DISTRESS_CHOICE_RESCUE,함께 데려간다
MAP_INCIDENT_CH12_DISTRESS_DIALOGUE_01,기도석 구석에서 한 사람이 자기 손바닥에 쓴 글자를 멍하니 들여다보고 있었다.
MAP_INCIDENT_CH12_DISTRESS_DIALOGUE_02,여기 제 이름을 써 뒀는데…… 읽을 수가 없어요. 제가 누구였죠?
MAP_INCIDENT_CH12_DISTRESS_DIALOGUE_03,괜찮아요. 이름은 돌아와요. 그때까지 우리가 옆에 있을게요.
MAP_INCIDENT_CH12_DISTRESS_TITLE,이름을 잃은 사람
MAP_INCIDENT_CH12_ECHO_CHOICE_IGNORE,지나간다
MAP_INCIDENT_CH12_ECHO_CHOICE_LISTEN,끝까지 듣는다
MAP_INCIDENT_CH12_ECHO_DIALOGUE_01,고해실의 낡은 확성기에서 대정전 이전의 목소리가 흘러나왔다.
MAP_INCIDENT_CH12_ECHO_DIALOGUE_02,"오늘 등록된 이름, 서른한 명. 모두 기억하겠습니다. ……모두, 기억하겠습니다."
MAP_INCIDENT_CH12_ECHO_DIALOGUE_03,이 성당도 처음엔 이름을 지키려고 했던 거구나.
MAP_INCIDENT_CH12_ECHO_TITLE,첫 등록일
MAP_INCIDENT_CH12_STORM_CHOICE_PUSH,폭풍을 뚫는다
MAP_INCIDENT_CH12_STORM_CHOICE_SHELTER,성물실로 대피한다
MAP_INCIDENT_CH12_STORM_DIALOGUE_01,깨진 스테인드글라스 틈으로 잔광 폭풍이 들이쳤다. 바람 속에 수천 개의 이름 조각이 흩날렸다.
MAP_INCIDENT_CH12_STORM_DIALOGUE_02,맞으면 남의 이름이 섞여 들어와. 기억이 뒤엉킬 수 있어.
MAP_INCIDENT_CH12_STORM_TITLE,이름 폭풍
MAP_INCIDENT_CH13_AMBUSH_CHOICE_EVADE,사구를 돌아 우회한다
MAP_INCIDENT_CH13_AMBUSH_CHOICE_FIGHT,맞서 싸운다
MAP_INCIDENT_CH13_AMBUSH_DIALOGUE_01,발밑의 모래가 꺼지며 잔향체들이 솟아올랐다. 모두 찢어진 승차권을 쥐고 있었다.
MAP_INCIDENT_CH13_AMBUSH_DIALOGUE_02,"마중치고는 과격하네. 한판 할까, 돌아갈까?"
MAP_INCIDENT_CH13_AMBUSH_TITLE,모래 아래의 검표
MAP_INCIDENT_CH13_BANTER_CHOICE_CONTINUE,웃으며 뒤따른다
MAP_INCIDENT_CH13_BANTER_DIALOGUE_01,로안! 배달부 로안이 너보다 빨랐다며? 나한텐 어림없지!
MAP_INCIDENT_CH13_BANTER_DIALOGUE_02,그쪽은 싸우면서 달려 본 적이 없거든. 그건 내가 원조야.
MAP_INCIDENT_CH13_BANTER_DIALOGUE_03,"좋아, 다음 사구까지 내기다!"
MAP_INCIDENT_CH13_BANTER_TITLE,사구 경주
MAP_INCIDENT_CH13_CACHE_CHOICE_TAKE,보급 상자를 회수한다
MAP_INCIDENT_CH13_CACHE_DIALOGUE_01,반쯤 묻힌 우편낭에서 봉인된 보급 상자가 나왔다. 수신인 칸은 비어 있었다.
MAP_INCIDENT_CH13_CACHE_DIALOGUE_02,받을 사람이 없다면 우리가 받아 가자. 누군가를 위해 쓰면 되니까.
MAP_INCIDENT_CH13_CACHE_TITLE,수신인 없는 우편낭
MAP_INCIDENT_CH13_DISTRESS_CHOICE_RECORD,좌표를 기록해 둔다
MAP_INCIDENT_CH13_DISTRESS_CHOICE_RESCUE,물과 보급을 나눈다
MAP_INCIDENT_CH13_DISTRESS_DIALOGUE_01,사구 그늘에서 누군가 빈 물통을 흔들었다. 명부에서 막 풀려난 생존자였다.
MAP_INCIDENT_CH13_DISTRESS_DIALOGUE_02,이름이…… 돌아왔어요. 그런데 여기가 어딘지 모르겠어요.
MAP_INCIDENT_CH13_DISTRESS_DIALOGUE_03,"괜찮아요, 물부터 천천히요. 좌표도 같이 남겨 둘게요."
MAP_INCIDENT_CH13_DISTRESS_TITLE,명부에서 풀려난 사람
MAP_INCIDENT_CH13_ECHO_CHOICE_IGNORE,지나간다
MAP_INCIDENT_CH13_ECHO_CHOICE_LISTEN,끝까지 듣는다
MAP_INCIDENT_CH13_ECHO_DIALOGUE_01,모래에 묻힌 확성기에서 대정전 이전의 출발 안내가 흘러나왔다.
MAP_INCIDENT_CH13_ECHO_DIALOGUE_02,"사막 횡단 특급, 곧 출발합니다. 배웅 나오신 분은 선 밖으로 물러나……"
MAP_INCIDENT_CH13_ECHO_DIALOGUE_03,……이 목소리에도 누군가를 배웅하던 맥박이 있었겠죠.
MAP_INCIDENT_CH13_ECHO_TITLE,사막 특급의 출발 안내
MAP_INCIDENT_CH13_STORM_CHOICE_PUSH,폭풍을 뚫고 나아간다
MAP_INCIDENT_CH13_STORM_CHOICE_SHELTER,방패 뒤에서 대피한다
MAP_INCIDENT_CH13_STORM_DIALOGUE_01,잔광 폭풍이 사막을 덮었다. 모래 알갱이마다 누군가의 망설임이 속삭였다.
MAP_INCIDENT_CH13_STORM_DIALOGUE_02,"제 방패 뒤로 오십시오. 지나가길 기다릴지, 뚫고 갈지 정하시지요."
MAP_INCIDENT_CH13_STORM_TITLE,망설임의 모래바람
MAP_INCIDENT_CH14_AMBUSH_CHOICE_EVADE,다른 층으로 우회한다
MAP_INCIDENT_CH14_AMBUSH_CHOICE_FIGHT,맞서 싸운다
MAP_INCIDENT_CH14_AMBUSH_DIALOGUE_01,머리 위 거리에서 잔향체들이 비처럼 쏟아졌다. 그것들에게는 아래로 뛰어내린 셈이었다.
MAP_INCIDENT_CH14_AMBUSH_DIALOGUE_02,"거꾸로 오든 바로 오든 적은 적이야. 칠래, 피할래?"
MAP_INCIDENT_CH14_AMBUSH_TITLE,위에서 쏟아지는 적
MAP_INCIDENT_CH14_BANTER_CHOICE_CONTINUE,두 사람의 계산을 따라간다
MAP_INCIDENT_CH14_BANTER_DIALOGUE_01,"나린, 네 좌표 계산은 중력 기준이 하나일 때만 맞다."
MAP_INCIDENT_CH14_BANTER_DIALOGUE_02,"그래서 방금 셋으로 다시 짰어. 키르, 네 주파수도 거꾸로 돌려 봐."
MAP_INCIDENT_CH14_BANTER_DIALOGUE_03,……이미 했다. 이번엔 네가 한발 늦었군.
MAP_INCIDENT_CH14_BANTER_TITLE,기준이 셋인 계산
MAP_INCIDENT_CH14_CACHE_CHOICE_TAKE,보급품을 붙잡는다
MAP_INCIDENT_CH14_CACHE_DIALOGUE_01,거꾸로 매달린 역무실 사물함이 열리자 보급품이 쏟아졌다. 전부 천장 쪽으로.
MAP_INCIDENT_CH14_CACHE_DIALOGUE_02,하늘로 도망가기 전에 잡아요! 손은 제가 제일 빨라요!
MAP_INCIDENT_CH14_CACHE_TITLE,천장으로 쏟아진 보급품
MAP_INCIDENT_CH14_DISTRESS_CHOICE_RECORD,위치를 기록해 구조 신호를 보낸다
MAP_INCIDENT_CH14_DISTRESS_CHOICE_RESCUE,끌어올리고 보급을 나눈다
MAP_INCIDENT_CH14_DISTRESS_DIALOGUE_01,뒤집힌 가로등에 한 사람이 매달려 있었다. 그 발밑은 곧 하늘이었다.
MAP_INCIDENT_CH14_DISTRESS_DIALOGUE_02,손이 미끄러워요! 여기서 놓치면 구름까지 떨어져요!
MAP_INCIDENT_CH14_DISTRESS_DIALOGUE_03,"제 방패를 발판으로 쓰십시오. 천천히, 저만 보고."
MAP_INCIDENT_CH14_DISTRESS_TITLE,가로등에 매달린 사람
MAP_INCIDENT_CH14_ECHO_CHOICE_IGNORE,지나간다
MAP_INCIDENT_CH14_ECHO_CHOICE_LISTEN,끝까지 듣는다
MAP_INCIDENT_CH14_ECHO_DIALOGUE_01,뒤집힌 방송탑에서 대정전 이전의 시보가 흘러나왔다.
MAP_INCIDENT_CH14_ECHO_DIALOGUE_02,수도 순환선은 오늘도 정시 운행 중입니다. 좋은 하루 되십시오.
MAP_INCIDENT_CH14_ECHO_DIALOGUE_03,……정시 운행이라. 그땐 이 도시도 평범하게 바빴겠지.
MAP_INCIDENT_CH14_ECHO_TITLE,정시 운행 안내
MAP_INCIDENT_CH14_STORM_CHOICE_PUSH,틈을 노려 돌파한다
MAP_INCIDENT_CH14_STORM_CHOICE_SHELTER,건물 안으로 대피한다
MAP_INCIDENT_CH14_STORM_DIALOGUE_01,잔광 폭풍이 뒤집힌 거리를 휩쓸었다. 깨진 유리창들이 공중에서 소용돌이쳤다.
MAP_INCIDENT_CH14_STORM_DIALOGUE_02,"파편 궤도 예측 불가. 대피할지, 틈을 노려 돌파할지 결정하십시오."
MAP_INCIDENT_CH14_STORM_TITLE,유리 소용돌이
MAP_INCIDENT_CH15_AMBUSH_CHOICE_EVADE,꽃밭을 피해 우회한다
MAP_INCIDENT_CH15_AMBUSH_CHOICE_FIGHT,베고 지나간다
MAP_INCIDENT_CH15_AMBUSH_DIALOGUE_01,꽃봉오리들이 한꺼번에 벌어지며 가시 돋친 잔향체가 튀어나왔다.
MAP_INCIDENT_CH15_AMBUSH_DIALOGUE_02,"꽃이 이빨을 드러냈네. 베고 갈래, 돌아갈래?"
MAP_INCIDENT_CH15_AMBUSH_TITLE,이빨 난 꽃봉오리
MAP_INCIDENT_CH15_BANTER_CHOICE_CONTINUE,웃음을 참으며 걷는다
MAP_INCIDENT_CH15_BANTER_DIALOGUE_01,"리아스, 너 꽃 속에서 뭐 봤어? 궁금한데."
MAP_INCIDENT_CH15_BANTER_DIALOGUE_02,안 봤어. 눈 감고 뛰었거든.
MAP_INCIDENT_CH15_BANTER_DIALOGUE_03,……그거 반칙 아니야? 해킹보다 더한데.
MAP_INCIDENT_CH15_BANTER_TITLE,눈 감고 달리기
MAP_INCIDENT_CH15_CACHE_CHOICE_TAKE,상자를 회수한다
MAP_INCIDENT_CH15_CACHE_DIALOGUE_01,시든 화단 아래 공구 상자가 묻혀 있었다. 뚜껑에 '다음 사람에게'라고 적혀 있었다.
MAP_INCIDENT_CH15_CACHE_DIALOGUE_02,"다음 사람이 우리라니, 영광이네. 고맙게 쓰자."
MAP_INCIDENT_CH15_CACHE_TITLE,다음 사람에게
MAP_INCIDENT_CH15_DISTRESS_CHOICE_RECORD,위치를 기록해 둔다
MAP_INCIDENT_CH15_DISTRESS_CHOICE_RESCUE,향기 밖으로 데려간다
MAP_INCIDENT_CH15_DISTRESS_DIALOGUE_01,꽃밭 가장자리에서 한 사람이 자기 뺨을 때리며 버티고 있었다.
MAP_INCIDENT_CH15_DISTRESS_DIALOGUE_02,잠들면 안 돼요…… 잠들면 다시 그날로 가요. 제발 깨워 주세요.
MAP_INCIDENT_CH15_DISTRESS_DIALOGUE_03,잘 버텼어요. 이제 제 손 잡아요. 향기 없는 쪽으로 가요.
MAP_INCIDENT_CH15_DISTRESS_TITLE,잠들지 않으려는 사람
MAP_INCIDENT_CH15_ECHO_CHOICE_IGNORE,지나간다
MAP_INCIDENT_CH15_ECHO_CHOICE_LISTEN,끝까지 듣는다
MAP_INCIDENT_CH15_ECHO_DIALOGUE_01,꽃잎 하나가 대정전 이전의 목소리를 틀었다.
MAP_INCIDENT_CH15_ECHO_DIALOGUE_02,정원 개장식에 와 주셔서 감사합니다. 이 꽃들은 누구의 것도 아닙니다. 모두의 것입니다……
MAP_INCIDENT_CH15_ECHO_DIALOGUE_03,……처음엔 모두를 위한 정원이었군요.
MAP_INCIDENT_CH15_ECHO_TITLE,개장식의 인사
MAP_INCIDENT_CH15_STORM_CHOICE_PUSH,숨을 참고 지나간다
MAP_INCIDENT_CH15_STORM_CHOICE_SHELTER,관리 터널로 대피한다
MAP_INCIDENT_CH15_STORM_DIALOGUE_01,잔광 폭풍이 꽃가루를 휘감았다. 달콤한 냄새에 무릎이 저절로 굽었다.
MAP_INCIDENT_CH15_STORM_DIALOGUE_02,"숨은 짧게 쉬어요. 피할지, 지나갈지 빨리 정해요."
MAP_INCIDENT_CH15_STORM_TITLE,꽃가루 폭풍
MAP_INCIDENT_CH16_AMBUSH_CHOICE_EVADE,참호를 돌아 우회한다
MAP_INCIDENT_CH16_AMBUSH_CHOICE_FIGHT,맞서 싸운다
MAP_INCIDENT_CH16_AMBUSH_DIALOGUE_01,무너진 참호에서 왕관 문장을 새긴 잔향체들이 기어 나왔다.
MAP_INCIDENT_CH16_AMBUSH_DIALOGUE_02,"어느 왕관 편인지도 모르는 것들이네. 칠까, 돌아갈까?"
MAP_INCIDENT_CH16_AMBUSH_TITLE,왕관 문장의 잔향체
MAP_INCIDENT_CH16_BANTER_CHOICE_CONTINUE,두 사람을 따라 걷는다
MAP_INCIDENT_CH16_BANTER_DIALOGUE_01,"페린, 왕이 둘이면 누가 진짜야?"
MAP_INCIDENT_CH16_BANTER_DIALOGUE_02,"음, 둘 다 가짜거나 둘 다 진짜. 어느 쪽이든 버그야."
MAP_INCIDENT_CH16_BANTER_DIALOGUE_03,그럼 고치면 되겠네. 간단하다.
MAP_INCIDENT_CH16_BANTER_TITLE,진짜 왕은 누구
MAP_INCIDENT_CH16_CACHE_CHOICE_TAKE,식량을 회수한다
MAP_INCIDENT_CH16_CACHE_DIALOGUE_01,버려진 보급 열차 한 칸에 양쪽 군의 식량이 뒤섞여 실려 있었다.
MAP_INCIDENT_CH16_CACHE_DIALOGUE_02,"누가 누구 걸 뺏었는지는 몰라도, 배고픈 건 다 똑같지. 챙기자."
MAP_INCIDENT_CH16_CACHE_TITLE,뒤섞인 보급 열차
MAP_INCIDENT_CH16_DISTRESS_CHOICE_RECORD,위치를 기록해 둔다
MAP_INCIDENT_CH16_DISTRESS_CHOICE_RESCUE,두 사람을 함께 후송한다
MAP_INCIDENT_CH16_DISTRESS_DIALOGUE_01,포탄 구덩이 속에서 동부선 군복과 서부선 군복이 서로 기대 있었다.
MAP_INCIDENT_CH16_DISTRESS_DIALOGUE_02,우린 적이었는데…… 둘 다 다리를 다쳐서요. 같이 좀 옮겨 주세요.
MAP_INCIDENT_CH16_DISTRESS_DIALOGUE_03,둘 다 데려갈게요. 들것 하나에 두 분도 태울 수 있어요.
MAP_INCIDENT_CH16_DISTRESS_TITLE,구덩이 속의 두 군복
MAP_INCIDENT_CH16_ECHO_CHOICE_IGNORE,지나간다
MAP_INCIDENT_CH16_ECHO_CHOICE_LISTEN,끝까지 듣는다
MAP_INCIDENT_CH16_ECHO_DIALOGUE_01,부서진 방송탑에서 대정전 이전의 개통식 녹음이 흘러나왔다.
MAP_INCIDENT_CH16_ECHO_DIALOGUE_02,오늘 동부선과 서부선이 하나로 이어집니다. 두 도시의 첫 악수를 축하해 주십시오……
MAP_INCIDENT_CH16_ECHO_DIALOGUE_03,"이어짐을 축하하던 노선들이, 이제는 병합을 두고 싸우는군요."
MAP_INCIDENT_CH16_ECHO_TITLE,개통식의 녹음
MAP_INCIDENT_CH16_STORM_CHOICE_PUSH,폭풍을 뚫고 나아간다
MAP_INCIDENT_CH16_STORM_CHOICE_SHELTER,참호에 몸을 숨긴다
MAP_INCIDENT_CH16_STORM_DIALOGUE_01,잔광 폭풍이 전장을 덮었다. 폭풍 속에서 두 노선의 군가가 뒤엉켜 울렸다.
MAP_INCIDENT_CH16_STORM_DIALOGUE_02,"군가에 발 맞추지 마세요. 대피할지, 돌파할지 정해요."
MAP_INCIDENT_CH16_STORM_TITLE,뒤엉킨 군가
MAP_INCIDENT_CH17_AMBUSH_CHOICE_EVADE,다른 서가로 돌아간다
MAP_INCIDENT_CH17_AMBUSH_CHOICE_FIGHT,뚫고 나간다
MAP_INCIDENT_CH17_AMBUSH_DIALOGUE_01,서가가 저절로 밀려나며 길이 닫혔다. 책 사이에서 잔향체들이 종잇장처럼 펼쳐져 나왔다.
MAP_INCIDENT_CH17_AMBUSH_DIALOGUE_02,"막다른 길을 새로 써 넣다니, 여긴 지도도 못 믿겠네!"
MAP_INCIDENT_CH17_AMBUSH_DIALOGUE_03,뒤는 내가 막아. 뚫든 돌든 빨리 정해.
MAP_INCIDENT_CH17_AMBUSH_TITLE,서가 사이의 매복
MAP_INCIDENT_CH17_BANTER_CHOICE_CONTINUE,계속 간다
MAP_INCIDENT_CH17_BANTER_DIALOGUE_01,여기 서가 배열 엉망이야. 내가 다시 정렬해 볼까? 표지 색깔 순으로.
MAP_INCIDENT_CH17_BANTER_DIALOGUE_02,건드리지 마. 반 박자만 어긋나도 서가가 너부터 정렬할 거야.
MAP_INCIDENT_CH17_BANTER_DIALOGUE_03,서가한테 정렬당하는 해커라. ……그건 좀 재밌겠는데?
MAP_INCIDENT_CH17_BANTER_TITLE,정렬 알고리즘
MAP_INCIDENT_CH17_CACHE_CHOICE_TAKE,보급품을 회수한다
MAP_INCIDENT_CH17_CACHE_DIALOGUE_01,반납함 안에 등로단 표식이 찍힌 보급 상자가 들어 있었다. 반납 기한은 열두 해 전이었다.
MAP_INCIDENT_CH17_CACHE_DIALOGUE_02,연체료는 우리가 안 내도 되겠지? 열두 해 치면 꽤 될 텐데.
MAP_INCIDENT_CH17_CACHE_TITLE,반납되지 않은 보급품
MAP_INCIDENT_CH17_DISTRESS_CHOICE_RECORD,이름과 좌표를 기록해 둔다
MAP_INCIDENT_CH17_DISTRESS_CHOICE_RESCUE,함께 이름을 부르며 데려간다
MAP_INCIDENT_CH17_DISTRESS_DIALOGUE_01,열람석의 생존자가 자기 이름을 쉬지 않고 소리 내어 읽고 있었다. 멈추면 지워진다고 했다.
MAP_INCIDENT_CH17_DISTRESS_DIALOGUE_02,제 이름 좀 같이 불러 주세요. 혼자서는 목이 벌써 다 쉬었어요.
MAP_INCIDENT_CH17_DISTRESS_DIALOGUE_03,괜찮아. 우리가 번갈아 불러 줄게. 천천히 숨 쉬어.
MAP_INCIDENT_CH17_DISTRESS_TITLE,지워지는 열람자
MAP_INCIDENT_CH17_ECHO_CHOICE_IGNORE,지나간다
MAP_INCIDENT_CH17_ECHO_CHOICE_LISTEN,끝까지 듣는다
MAP_INCIDENT_CH17_ECHO_DIALOGUE_01,고장 난 낭독기에서 대정전 이전의 목소리가 흘러나왔다. 누군가 열차 시간표를 소리 내어 읽고 있었다.
MAP_INCIDENT_CH17_ECHO_DIALOGUE_02,"제7 노선, 23시 40분 출발…… 마지막 열차입니다. 모두 타셨나요? 모두……"
MAP_INCIDENT_CH17_ECHO_DIALOGUE_03,……그날 밤의 마지막 안내군. 끝까지 사람을 세고 있었어.
MAP_INCIDENT_CH17_ECHO_TITLE,마지막 열차 안내
MAP_INCIDENT_CH17_STORM_CHOICE_PUSH,잉크를 뚫고 나아간다
MAP_INCIDENT_CH17_STORM_CHOICE_SHELTER,열람실로 대피한다
MAP_INCIDENT_CH17_STORM_DIALOGUE_01,환기구에서 검은 잉크 가루가 폭풍처럼 쏟아졌다. 닿는 곳마다 글자가 번졌다.
MAP_INCIDENT_CH17_STORM_DIALOGUE_02,잔광 폭풍이 도서고 안에서 잉크로 변했어. 피부에 닿으면 기억이 번질 수도 있어.
MAP_INCIDENT_CH17_STORM_DIALOGUE_03,"피할 데 있으면 피하고, 없으면 뛰는 거지. 둘 중 하나만 골라."
MAP_INCIDENT_CH17_STORM_TITLE,잉크 폭풍
MAP_INCIDENT_CH18_AMBUSH_CHOICE_EVADE,선로 밖으로 비켜선다
MAP_INCIDENT_CH18_AMBUSH_CHOICE_FIGHT,궤도차를 막아선다
MAP_INCIDENT_CH18_AMBUSH_DIALOGUE_01,무인 궤도차 행렬이 선로를 벗어나 등로단 쪽으로 방향을 틀었다. 적재함마다 잔향체가 실려 있었다.
MAP_INCIDENT_CH18_AMBUSH_DIALOGUE_02,"공사 자재가 아니라 병력 수송이었어? 좋아, 하역은 내가 해 주지!"
MAP_INCIDENT_CH18_AMBUSH_DIALOGUE_03,궤도가 우회로와 반 박자 어긋나 있어. 지금 비키면 따돌릴 수 있어.
MAP_INCIDENT_CH18_AMBUSH_TITLE,공사 궤도차의 습격
MAP_INCIDENT_CH18_BANTER_CHOICE_CONTINUE,계속 간다
MAP_INCIDENT_CH18_BANTER_DIALOGUE_01,하루 남았다니까 갑자기 하고 싶은 게 많아지네. 제일 먼저 뭐 하지?
MAP_INCIDENT_CH18_BANTER_DIALOGUE_02,저는 전부 끝나면 열차 지붕에서 불꽃놀이요! 제 전류로요!
MAP_INCIDENT_CH18_BANTER_DIALOGUE_03,"……그 계획, 기록해 둘게. 끝나면 꼭 하자는 뜻이야."
MAP_INCIDENT_CH18_BANTER_TITLE,끝나면 할 일
MAP_INCIDENT_CH18_CACHE_CHOICE_TAKE,물자를 회수한다
MAP_INCIDENT_CH18_CACHE_DIALOGUE_01,자재 창고에 대운행국 인장이 찍힌 탄약과 의약품이 그대로 쌓여 있었다. 개통식에 쓰려던 물자였다.
MAP_INCIDENT_CH18_CACHE_DIALOGUE_02,"개통 축하용 불꽃은 없나? 뭐, 우리가 대신 잘 쓰지."
MAP_INCIDENT_CH18_CACHE_TITLE,개통식 물자
MAP_INCIDENT_CH18_DISTRESS_CHOICE_RECORD,행렬 좌표를 기록한다
MAP_INCIDENT_CH18_DISTRESS_CHOICE_RESCUE,붙잡아 데려간다
MAP_INCIDENT_CH18_DISTRESS_DIALOGUE_01,종말선으로 걷던 피난 행렬에서 한 사람이 빠져나와 주저앉았다. 발은 계속 선로 쪽으로 끌려갔다.
MAP_INCIDENT_CH18_DISTRESS_DIALOGUE_02,타고 싶지 않은데 다리가 멋대로 가요. 언니한테 기다리라고 했는데……
MAP_INCIDENT_CH18_DISTRESS_DIALOGUE_03,"괜찮아요, 제가 잡고 있을게요. 방송이 끝날 때까지 절대 안 놓아요."
MAP_INCIDENT_CH18_DISTRESS_TITLE,탑승 행렬 이탈자
MAP_INCIDENT_CH18_ECHO_CHOICE_IGNORE,지나간다
MAP_INCIDENT_CH18_ECHO_CHOICE_LISTEN,끝까지 듣는다
MAP_INCIDENT_CH18_ECHO_DIALOGUE_01,버려진 승강장 스피커에서 대정전 이전의 개통식 리허설 방송이 흘러나왔다. 박수 소리까지 녹음돼 있었다.
MAP_INCIDENT_CH18_ECHO_DIALOGUE_02,"새 노선은 여러분을 어디든 데려다드립니다. 원하시는 곳, 어디든……"
MAP_INCIDENT_CH18_ECHO_DIALOGUE_03,"원래는 이런 말을 하려고 만든 선로였구나. 어디든, 원하는 곳으로."
MAP_INCIDENT_CH18_ECHO_TITLE,개통식 리허설
MAP_INCIDENT_CH18_STORM_CHOICE_PUSH,폭풍을 뚫고 전진한다
MAP_INCIDENT_CH18_STORM_CHOICE_SHELTER,궤도차 아래로 대피한다
MAP_INCIDENT_CH18_STORM_DIALOGUE_01,하늘에서 초침 소리가 쏟아졌다. 잔광 폭풍이 시계 소리로 뭉쳐 선로를 때렸다.
MAP_INCIDENT_CH18_STORM_DIALOGUE_02,폭풍 통과까지 7분. 뚫으면 2분이지만 손실률이 높아.
MAP_INCIDENT_CH18_STORM_DIALOGUE_03,계산 끝났으면 골라. 서 있는 게 제일 손해야.
MAP_INCIDENT_CH18_STORM_TITLE,초침 폭풍
MAP_INCIDENT_CH19_AMBUSH_CHOICE_EVADE,주기 사이로 빠져나간다
MAP_INCIDENT_CH19_AMBUSH_CHOICE_FIGHT,다시 맞선다
MAP_INCIDENT_CH19_AMBUSH_DIALOGUE_01,방금 쓰러뜨린 잔향체 무리가 같은 자리에서 다시 일어섰다. 원환이 한 바퀴를 돈 것이다.
MAP_INCIDENT_CH19_AMBUSH_DIALOGUE_02,또야? 이놈들도 반복 재생이냐!
MAP_INCIDENT_CH19_AMBUSH_DIALOGUE_03,재등장 주기 58초. 지금 빠지면 다음 주기 전에 벗어날 수 있어.
MAP_INCIDENT_CH19_AMBUSH_TITLE,되살아나는 매복
MAP_INCIDENT_CH19_BANTER_CHOICE_CONTINUE,계속 간다
MAP_INCIDENT_CH19_BANTER_DIALOGUE_01,"나린 언니, 지금 몇 바퀴째예요? 저 세다가 까먹었어요!"
MAP_INCIDENT_CH19_BANTER_DIALOGUE_02,서른네 바퀴. 너는 같은 질문을 스물여섯 번 했어.
MAP_INCIDENT_CH19_BANTER_DIALOGUE_03,그럼 스물일곱 번째니까 특별히 한 번만 더 대답해 주세요!
MAP_INCIDENT_CH19_BANTER_TITLE,몇 바퀴째
MAP_INCIDENT_CH19_CACHE_CHOICE_TAKE,보급품을 회수한다
MAP_INCIDENT_CH19_CACHE_DIALOGUE_01,선로 옆 보급 상자에 등로단 표식이 수십 번 덧칠돼 있었다. 누군가 바퀴마다 같은 상자를 채워 두었다.
MAP_INCIDENT_CH19_CACHE_DIALOGUE_02,누군지 몰라도 성실한 사람이네. 고맙게 쓰자.
MAP_INCIDENT_CH19_CACHE_TITLE,덧칠된 보급 상자
MAP_INCIDENT_CH19_DISTRESS_CHOICE_RECORD,전화 위치를 기록한다
MAP_INCIDENT_CH19_DISTRESS_CHOICE_RESCUE,이번 바퀴 안에 구조한다
MAP_INCIDENT_CH19_DISTRESS_DIALOGUE_01,선로 옆 비상전화가 울렸다. 받을 때마다 같은 목소리가 같은 문장을 말했다.
MAP_INCIDENT_CH19_DISTRESS_DIALOGUE_02,"제발, 여기 한 명 더 있어요. 다음 바퀴엔 저도 이 말을 기억 못 할 거예요."
MAP_INCIDENT_CH19_DISTRESS_DIALOGUE_03,심장 소리가 들립니다. 실제 사람입니다. 이번 바퀴 안에 닿아야 합니다.
MAP_INCIDENT_CH19_DISTRESS_TITLE,같은 구조 요청
MAP_INCIDENT_CH19_ECHO_CHOICE_IGNORE,지나간다
MAP_INCIDENT_CH19_ECHO_CHOICE_LISTEN,끝까지 듣는다
MAP_INCIDENT_CH19_ECHO_DIALOGUE_01,원환의 폐역 스피커에서 대정전 이전의 출발 안내가 흘러나왔다. 녹음은 한 바퀴마다 조금씩 닳아 있었다.
MAP_INCIDENT_CH19_ECHO_DIALOGUE_02,"귀환 열차가 출발합니다. 두고 가시는 분이 없는지, 옆자리를 확인해 주십시오."
MAP_INCIDENT_CH19_ECHO_DIALOGUE_03,……옆자리를 확인하라. 원래는 그런 방송이었군.
MAP_INCIDENT_CH19_ECHO_TITLE,귀환 열차 안내
MAP_INCIDENT_CH19_STORM_CHOICE_PUSH,되감기는 틈에 돌파한다
MAP_INCIDENT_CH19_STORM_CHOICE_SHELTER,폭풍이 되감길 때까지 대피한다
MAP_INCIDENT_CH19_STORM_DIALOGUE_01,"잔광 폭풍이 불었다가 거꾸로 빨려 들어가고, 다시 불었다. 원환 안에서는 폭풍도 되감겼다."
MAP_INCIDENT_CH19_STORM_DIALOGUE_02,같은 폭풍을 두 번 맞는 건 처음이네. 두 번째는 좀 덜 아프려나.
MAP_INCIDENT_CH19_STORM_DIALOGUE_03,"덜 아프진 않아요. 쉬어 가요, 잠깐이라도."
MAP_INCIDENT_CH19_STORM_TITLE,되감기는 폭풍
MAP_INCIDENT_CH20_AMBUSH_CHOICE_EVADE,빛줄기 틈으로 빠져나간다
MAP_INCIDENT_CH20_AMBUSH_CHOICE_FIGHT,빛을 지켜 싸운다
MAP_INCIDENT_CH20_AMBUSH_DIALOGUE_01,모여드는 노선의 빛줄기 사이로 잔향체들이 기어 나왔다. 빛을 갉아 먹을 때마다 몸집이 불어났다.
MAP_INCIDENT_CH20_AMBUSH_DIALOGUE_02,빛 도둑이네. 한 줌도 못 가져가게 해.
MAP_INCIDENT_CH20_AMBUSH_DIALOGUE_03,빛줄기 사이 간격이 반 박자 벌어졌어. 그 틈으로 빠질 수도 있어.
MAP_INCIDENT_CH20_AMBUSH_TITLE,빛을 갉는 매복
MAP_INCIDENT_CH20_BANTER_CHOICE_CONTINUE,계속 간다
MAP_INCIDENT_CH20_BANTER_DIALOGUE_01,다 끝나면 뭐 할 거야? 난 종착 관제 서버에 낙서하러 갈 건데.
MAP_INCIDENT_CH20_BANTER_DIALOGUE_02,나는 내 주파수로 아무 명령도 없는 방송을 틀겠다. 그냥 음악을.
MAP_INCIDENT_CH20_BANTER_DIALOGUE_03,"오, 키르가 음악이라니. 그 첫 방송은 꼭 녹음해 둬야겠다."
MAP_INCIDENT_CH20_BANTER_TITLE,다 끝나면
MAP_INCIDENT_CH20_CACHE_CHOICE_TAKE,보급품을 회수한다
MAP_INCIDENT_CH20_CACHE_DIALOGUE_01,방어선 뒤편 보급고에 최후선 수비대의 물자가 정리돼 있었다. 상자마다 '켤 사람에게'라고 적혀 있었다.
MAP_INCIDENT_CH20_CACHE_DIALOGUE_02,우리한테 남긴 거네. 고맙게 받자.
MAP_INCIDENT_CH20_CACHE_TITLE,켤 사람에게
MAP_INCIDENT_CH20_DISTRESS_CHOICE_RECORD,열차 좌표를 기록한다
MAP_INCIDENT_CH20_DISTRESS_CHOICE_RESCUE,열차를 호위한다
MAP_INCIDENT_CH20_DISTRESS_DIALOGUE_01,선로 끝에 멈춘 피난 열차에서 손전등 신호가 깜박였다. 종말선에 끌려오다 멈춘 열차였다.
MAP_INCIDENT_CH20_DISTRESS_DIALOGUE_02,여기 쉰 명이 있어요. 어머니랑 할머니도요. 여기가 끝인가요?
MAP_INCIDENT_CH20_DISTRESS_DIALOGUE_03,끝 아니에요. 곧 불이 켜져요. 그때까지 우리가 곁에 있을게요.
MAP_INCIDENT_CH20_DISTRESS_TITLE,마지막 피난 열차
MAP_INCIDENT_CH20_ECHO_CHOICE_IGNORE,지나간다
MAP_INCIDENT_CH20_ECHO_CHOICE_LISTEN,끝까지 듣는다
MAP_INCIDENT_CH20_ECHO_DIALOGUE_01,등불 기단의 녹슨 스피커에서 대정전 이전의 점화식 녹음이 흘러나왔다. 수많은 사람이 숫자를 거꾸로 세고 있었다.
MAP_INCIDENT_CH20_ECHO_DIALOGUE_02,"셋, 둘, 하나…… 점등! 모든 노선에 불이 들어옵니다!"
MAP_INCIDENT_CH20_ECHO_DIALOGUE_03,……그때도 다 같이 셌구나. 이번에도 그렇게 하자.
MAP_INCIDENT_CH20_ECHO_TITLE,첫 점화식
MAP_INCIDENT_CH20_STORM_CHOICE_PUSH,돌풍 사이로 돌파한다
MAP_INCIDENT_CH20_STORM_CHOICE_SHELTER,등불 기단 아래로 대피한다
MAP_INCIDENT_CH20_STORM_DIALOGUE_01,세계에 남은 잔광 폭풍이 전부 이곳으로 몰려드는 듯했다. 폭풍 속에서 열두 해치의 소리가 한꺼번에 울렸다.
MAP_INCIDENT_CH20_STORM_DIALOGUE_02,무거운 바람이네. 기억이 전부 여기로 오는구나.
MAP_INCIDENT_CH20_STORM_DIALOGUE_03,뚫을 거면 지금이야. 다음 돌풍까지 40초.
MAP_INCIDENT_CH20_STORM_TITLE,마지막 잔광 폭풍
MAP_TREASURE_CH01_HT01_NAME,비정상 수정 군락
MAP_TREASURE_CH01_HT02_NAME,붕괴한 아치 통로
MAP_TREASURE_CH01_HT03_NAME,끊긴 인프라 끝
MAP_TREASURE_CH01_HT04_NAME,열린 해안 공터
MAP_TREASURE_CH01_VT01_NAME,부서진 릴레이 보급 상자
MAP_TREASURE_CH01_VT02_NAME,해안 보급 상자
MAP_TREASURE_CH01_VT03_NAME,폐허 신호 보관함
MAP_TREASURE_CH01_VT04_NAME,수정 조사 보물상자
MAP_TREASURE_CH01_VT05_NAME,선로 무장 보관함
MAP_TREASURE_CH01_VT06_NAME,등대 신호 금고
MAP_TREASURE_DETAIL_BODY,"%s
경로 길이: %d
위험도: %s"
MAP_TREASURE_DETAIL_TITLE,탐색 보급품
MAP_TREASURE_MOVE,보물로 이동
RESULT_EVENT_RECRUITED,동료 합류 · %s가 편성에 참여합니다.
RESULT_EVENT_TRACKING,신호 동행 · %s의 합류 신호를 %s 이후에 다시 추적합니다.
RESULT_EVENT_TRACKING_BATTLES,신호 동행 · %s 합류까지 신규 작전 승리 %d회
SCENARIO_CH01_CAMP_TITLE,종탑 아래의 모닥불
SCENARIO_CH01_HARD_INTRO_TITLE,끝나지 않은 경보
SCENARIO_CH01_HARD_OUTRO_TITLE,마지막 빈칸
SCENARIO_CH01_INTRO_TITLE,꺼진 노선의 신호
SCENARIO_CH01_MID_A_TITLE,대답하지 못하는 목소리
SCENARIO_CH01_MID_B_TITLE,첫 번째 무늬
SCENARIO_CH01_OUTRO_TITLE,지워진 행선지
SCENARIO_CH01_PREBOSS_TITLE,무한 대기 창구
SCENARIO_CH02_CAMP_TITLE,뒤집힌 대합실
SCENARIO_CH02_HARD_INTRO_TITLE,공석의 편성표
SCENARIO_CH02_HARD_OUTRO_TITLE,바깥으로 가는 신호
SCENARIO_CH02_INTRO_TITLE,회송 전용 종착역
SCENARIO_CH02_MID_A_TITLE,과거 명부
SCENARIO_CH02_MID_B_TITLE,역송 구간
SCENARIO_CH02_OUTRO_TITLE,정방향
SCENARIO_CH02_PREBOSS_TITLE,역방향 개찰
SCENARIO_CH03_CAMP_TITLE,비치지 않는 사람
SCENARIO_CH03_HARD_INTRO_TITLE,해가 지지 않는 구역
SCENARIO_CH03_HARD_OUTRO_TITLE,평원 끝의 첫 밤
SCENARIO_CH03_INTRO_TITLE,밤을 건너는 유리
SCENARIO_CH03_MID_A_TITLE,버린 선택
SCENARIO_CH03_MID_B_TITLE,반 박자의 증명
SCENARIO_CH03_OUTRO_TITLE,깨진 거울 너머의 목소리
SCENARIO_CH03_PREBOSS_TITLE,하나의 반사면
SCENARIO_CH04_CAMP_TITLE,젖은 장비를 말리며
SCENARIO_CH04_HARD_INTRO_TITLE,오지 마시오
SCENARIO_CH04_HARD_OUTRO_TITLE,돌아와도 됩니다
SCENARIO_CH04_INTRO_TITLE,물 밑의 구조 요청
SCENARIO_CH04_MID_A_TITLE,사십 초의 죄책감
SCENARIO_CH04_MID_B_TITLE,늦게 도착한 구조대
SCENARIO_CH04_OUTRO_TITLE,끝까지 전할 기록
SCENARIO_CH04_PREBOSS_TITLE,수위 상승 절차
SCENARIO_CH05_CAMP_TITLE,먹히지 않은 농담
SCENARIO_CH05_HARD_INTRO_TITLE,증인의 법정
SCENARIO_CH05_HARD_OUTRO_TITLE,공개된 증언
SCENARIO_CH05_INTRO_TITLE,잿빛 성벽
SCENARIO_CH05_MID_A_TITLE,증언 보관
SCENARIO_CH05_MID_B_TITLE,다섯 번째 무늬
SCENARIO_CH05_OUTRO_TITLE,열린 성문
SCENARIO_CH05_PREBOSS_TITLE,집계 완료
SCENARIO_CH06_CAMP_TITLE,불가의 질문
SCENARIO_CH06_HARD_INTRO_TITLE,폭풍의 눈
SCENARIO_CH06_HARD_OUTRO_TITLE,열두 해 만의 별
SCENARIO_CH06_INTRO_TITLE,통행료
SCENARIO_CH06_MID_A_TITLE,계단처럼 깎인 심박
SCENARIO_CH06_MID_B_TITLE,이백사십 초
SCENARIO_CH06_OUTRO_TITLE,한 명도 빠짐없이
SCENARIO_CH06_PREBOSS_TITLE,교량 해제
SCENARIO_CH07_CAMP_TITLE,얼음 동굴의 불
SCENARIO_CH07_HARD_INTRO_TITLE,백시
SCENARIO_CH07_HARD_OUTRO_TITLE,돌아온 방향
SCENARIO_CH07_INTRO_TITLE,대기하십시오
SCENARIO_CH07_MID_A_TITLE,일곱 개의 배낭
SCENARIO_CH07_MID_B_TITLE,죽은 명령
SCENARIO_CH07_OUTRO_TITLE,정적
SCENARIO_CH07_PREBOSS_TITLE,대기 성가
SCENARIO_CH08_CAMP_TITLE,두 개의 방패
SCENARIO_CH08_HARD_INTRO_TITLE,궤도 폐기장
SCENARIO_CH08_HARD_OUTRO_TITLE,영 개
SCENARIO_CH08_INTRO_TITLE,붉은 고리
SCENARIO_CH08_MID_A_TITLE,기억의 연료
SCENARIO_CH08_MID_B_TITLE,여덟 번째 무늬
SCENARIO_CH08_OUTRO_TITLE,등 돌린 서명
SCENARIO_CH08_PREBOSS_TITLE,일괄 방출
SCENARIO_CH09_CAMP_TITLE,피고인들의 모닥불
SCENARIO_CH09_HARD_INTRO_TITLE,결재를 기다리는 복도
SCENARIO_CH09_HARD_OUTRO_TITLE,최종조
SCENARIO_CH09_INTRO_TITLE,잠든 법정
SCENARIO_CH09_MID_A_TITLE,사건 번호 0001
SCENARIO_CH09_MID_B_TITLE,아홉 번째 서명
SCENARIO_CH09_OUTRO_TITLE,무효
SCENARIO_CH09_PREBOSS_TITLE,선고
SCENARIO_CH10_CAMP_TITLE,관제의 제안
SCENARIO_CH10_HARD_INTRO_TITLE,월식 구역
SCENARIO_CH10_HARD_OUTRO_TITLE,진짜 달
SCENARIO_CH10_INTRO_TITLE,두 번 호출된 열차
SCENARIO_CH10_MID_A_TITLE,충돌 예정 시각
SCENARIO_CH10_MID_B_TITLE,열 번째 서명
SCENARIO_CH10_OUTRO_TITLE,하나의 달
SCENARIO_CH10_PREBOSS_TITLE,선택되지 않은 쪽
SCENARIO_CH11_CAMP_TITLE,그 밤의 이야기
SCENARIO_CH11_HARD_INTRO_TITLE,방파선 바깥
SCENARIO_CH11_HARD_OUTRO_TITLE,처음으로 잔잔한 바다
SCENARIO_CH11_INTRO_TITLE,검은 조류
SCENARIO_CH11_MID_A_TITLE,구조반 03
SCENARIO_CH11_MID_B_TITLE,열한 번째 서명
SCENARIO_CH11_OUTRO_TITLE,잔잔한 물 위의 열쇠
SCENARIO_CH11_PREBOSS_TITLE,수확
SCENARIO_CH12_CAMP_TITLE,스물 중 열둘
SCENARIO_CH12_HARD_INTRO_TITLE,성가가 흐르는 납골당
SCENARIO_CH12_HARD_OUTRO_TITLE,풀려난 이름
SCENARIO_CH12_INTRO_TITLE,이름을 먹는 문
SCENARIO_CH12_MID_A_TITLE,징수 대장
SCENARIO_CH12_MID_B_TITLE,열두 번째 서명
SCENARIO_CH12_OUTRO_TITLE,돌아오는 이름들
SCENARIO_CH12_PREBOSS_TITLE,지워진 이름
SCENARIO_CH13_CAMP_TITLE,사막의 모닥불
SCENARIO_CH13_HARD_INTRO_TITLE,신기루 구역
SCENARIO_CH13_HARD_OUTRO_TITLE,진짜 발자국
SCENARIO_CH13_INTRO_TITLE,모래 위의 열차
SCENARIO_CH13_MID_A_TITLE,고르지 않은 삶
SCENARIO_CH13_MID_B_TITLE,마지막 선택의 표식
SCENARIO_CH13_OUTRO_TITLE,말려 올라간 선로
SCENARIO_CH13_PREBOSS_TITLE,후회의 객차
SCENARIO_CH14_CAMP_TITLE,혐의와 지금
SCENARIO_CH14_HARD_INTRO_TITLE,뒤집힌 왕궁
SCENARIO_CH14_HARD_OUTRO_TITLE,제자리로 돌아온 층
SCENARIO_CH14_INTRO_TITLE,하늘로 떨어지는 수도
SCENARIO_CH14_MID_A_TITLE,비상 규약 제0호
SCENARIO_CH14_MID_B_TITLE,권한 목록
SCENARIO_CH14_OUTRO_TITLE,바로 선 수도
SCENARIO_CH14_PREBOSS_TITLE,귀환 의지 감사
SCENARIO_CH15_CAMP_TITLE,시오가 있던 기억
SCENARIO_CH15_HARD_INTRO_TITLE,느린 온실
SCENARIO_CH15_HARD_OUTRO_TITLE,온실에 내린 비
SCENARIO_CH15_INTRO_TITLE,행복의 꽃밭
SCENARIO_CH15_MID_A_TITLE,가장 안전했던 순간
SCENARIO_CH15_MID_B_TITLE,편한 과거보다
SCENARIO_CH15_OUTRO_TITLE,두 갈래의 권한
SCENARIO_CH15_PREBOSS_TITLE,추억의 방패
SCENARIO_CH16_CAMP_TITLE,의무관들의 불가
SCENARIO_CH16_HARD_INTRO_TITLE,옥좌 차량
SCENARIO_CH16_HARD_OUTRO_TITLE,한 식탁의 두 왕
SCENARIO_CH16_INTRO_TITLE,두 왕관의 선언
SCENARIO_CH16_MID_A_TITLE,하나뿐인 서명란
SCENARIO_CH16_MID_B_TITLE,마흔둘의 한 박자
SCENARIO_CH16_OUTRO_TITLE,부서진 왕관의 좌표
SCENARIO_CH16_PREBOSS_TITLE,휴전은 반역입니다
SCENARIO_CH17_CAMP_TITLE,원본 기록
SCENARIO_CH17_HARD_INTRO_TITLE,덧쓴 양피지
SCENARIO_CH17_HARD_OUTRO_TITLE,되살아난 이름
SCENARIO_CH17_INTRO_TITLE,다시 쓰이는 역사
SCENARIO_CH17_MID_A_TITLE,바래는 이름들
SCENARIO_CH17_MID_B_TITLE,살아 있는 색인
SCENARIO_CH17_OUTRO_TITLE,내일 00시
SCENARIO_CH17_PREBOSS_TITLE,찢긴 합류 기록
SCENARIO_CH18_CAMP_TITLE,결전 전야
SCENARIO_CH18_HARD_INTRO_TITLE,자정 종착역 공사장
SCENARIO_CH18_HARD_OUTRO_TITLE,누구의 끝도 아닌 시각
SCENARIO_CH18_INTRO_TITLE,개통 예고
SCENARIO_CH18_MID_A_TITLE,기준시계
SCENARIO_CH18_MID_B_TITLE,한 발에 1분
SCENARIO_CH18_OUTRO_TITLE,벌어 온 하루
SCENARIO_CH18_PREBOSS_TITLE,자정 포격
SCENARIO_CH19_CAMP_TITLE,이유의 합창
SCENARIO_CH19_HARD_INTRO_TITLE,원환의 이음매
SCENARIO_CH19_HARD_OUTRO_TITLE,다음
SCENARIO_CH19_INTRO_TITLE,출발점까지 0킬로미터
SCENARIO_CH19_MID_A_TITLE,지워지는 이유
SCENARIO_CH19_MID_B_TITLE,손으로 쓴 기록
SCENARIO_CH19_OUTRO_TITLE,전원 귀환
SCENARIO_CH19_PREBOSS_TITLE,희생의 기본값
SCENARIO_CH20_CAMP_TITLE,여섯 번째 창립 멤버
SCENARIO_CH20_HARD_INTRO_TITLE,등불 아래의 심연
SCENARIO_CH20_HARD_OUTRO_TITLE,첫 열차
SCENARIO_CH20_INTRO_TITLE,종착역이자 첫 역
SCENARIO_CH20_MID_A_TITLE,스무 번째 칸
SCENARIO_CH20_MID_B_TITLE,마지막 벽
SCENARIO_CH20_OUTRO_TITLE,행선지는 스스로
SCENARIO_CH20_PREBOSS_TITLE,최후선 수문
SCENARIO_PROLOGUE_TITLE,프롤로그 — 끊긴 등불
SCENARIO_REL_IRI_TITLE,고장 난 안내 방송
SCENARIO_REL_MAERU_TITLE,빈 좌석의 안전띠
SKILL_ADELINE_NORMAL,좌표 포격
SKILL_ADELINE_PASSIVE,포구 안정
SKILL_ADELINE_ULTIMATE,성운 포화
SKILL_ARINT_NORMAL,방벽 전개
SKILL_ARINT_PASSIVE,수호 신호
SKILL_ARINT_ULTIMATE,성채 공명
SKILL_BAEL_NORMAL,회복 전송
SKILL_BAEL_PASSIVE,구호 기록
SKILL_BAEL_ULTIMATE,새벽 구조
SKILL_CIEL_NORMAL,좌표 포격
SKILL_CIEL_PASSIVE,포구 안정
SKILL_CIEL_ULTIMATE,성운 포화
SKILL_DAEL_NORMAL,교란 표식
SKILL_DAEL_PASSIVE,신호 해석
SKILL_DAEL_ULTIMATE,역전 파장
SKILL_DRAN_NORMAL,선두 돌파
SKILL_DRAN_PASSIVE,개척 호흡
SKILL_DRAN_ULTIMATE,돌입 섬광
SKILL_EDA_NORMAL,전류 도약
SKILL_EDA_PASSIVE,과충전 회로
SKILL_EDA_ULTIMATE,청뢰 낙하
SKILL_HART_NORMAL,좌표 포격
SKILL_HART_PASSIVE,포구 안정
SKILL_HART_ULTIMATE,성운 포화
SKILL_HERAON_NORMAL,좌표 포격
SKILL_HERAON_PASSIVE,포구 안정
SKILL_HERAON_ULTIMATE,성운 포화
SKILL_INOA_NORMAL,교란 표식
SKILL_INOA_PASSIVE,신호 해석
SKILL_INOA_ULTIMATE,역전 파장
SKILL_IRI_NORMAL,회복 파동
SKILL_IRI_PASSIVE,온기 기록
SKILL_IRI_ULTIMATE,새벽의 합창
SKILL_KAIREN_NORMAL,연속 사격
SKILL_KAIREN_PASSIVE,전술 보정
SKILL_KAIREN_ULTIMATE,집중 난사
SKILL_KARN_NORMAL,선두 돌파
SKILL_KARN_PASSIVE,개척 호흡
SKILL_KARN_ULTIMATE,돌입 섬광
SKILL_KIAN_NORMAL,연속 사격
SKILL_KIAN_PASSIVE,전술 보정
SKILL_KIAN_ULTIMATE,집중 난사
SKILL_KIR_NORMAL,교란 표식
SKILL_KIR_PASSIVE,신호 해석
SKILL_KIR_ULTIMATE,역전 파장
SKILL_LAVENT_NORMAL,방벽 전개
SKILL_LAVENT_PASSIVE,수호 신호
SKILL_LAVENT_ULTIMATE,성채 공명
SKILL_LIV_NORMAL,선두 돌파
SKILL_LIV_PASSIVE,개척 호흡
SKILL_LIV_ULTIMATE,돌입 섬광
SKILL_MAERU_NORMAL,결속 방패
SKILL_MAERU_PASSIVE,수호자의 맹세
SKILL_MAERU_ULTIMATE,성벽의 등불
SKILL_MERIN_NORMAL,회복 전송
SKILL_MERIN_PASSIVE,구호 기록
SKILL_MERIN_ULTIMATE,새벽 구조
SKILL_MIRE_NORMAL,회복 전송
SKILL_MIRE_PASSIVE,구호 기록
SKILL_MIRE_ULTIMATE,새벽 구조
SKILL_MOEN_NORMAL,교란 표식
SKILL_MOEN_PASSIVE,신호 해석
SKILL_MOEN_ULTIMATE,역전 파장
SKILL_NARIN_NORMAL,정밀 사격
SKILL_NARIN_PASSIVE,관측 보정
SKILL_NARIN_ULTIMATE,유성 연사
SKILL_NOAR_NORMAL,회복 전송
SKILL_NOAR_PASSIVE,구호 기록
SKILL_NOAR_ULTIMATE,새벽 구조
SKILL_ORBIN_NORMAL,방벽 전개
SKILL_ORBIN_PASSIVE,수호 신호
SKILL_ORBIN_ULTIMATE,성채 공명
SKILL_ORSA_NORMAL,방벽 전개
SKILL_ORSA_PASSIVE,수호 신호
SKILL_ORSA_ULTIMATE,성채 공명
SKILL_PERIN_NORMAL,교란 표식
SKILL_PERIN_PASSIVE,신호 해석
SKILL_PERIN_ULTIMATE,역전 파장
SKILL_RAEN_NORMAL,선두 돌파
SKILL_RAEN_PASSIVE,개척 호흡
SKILL_RAEN_ULTIMATE,돌입 섬광
SKILL_REMA_NORMAL,방벽 전개
SKILL_REMA_PASSIVE,수호 신호
SKILL_REMA_ULTIMATE,성채 공명
SKILL_RIAS_NORMAL,연속 사격
SKILL_RIAS_PASSIVE,전술 보정
SKILL_RIAS_ULTIMATE,집중 난사
SKILL_ROAN_NORMAL,선로 돌진
SKILL_ROAN_PASSIVE,돌파 호흡
SKILL_ROAN_ULTIMATE,철편 난무
SKILL_ROME_NORMAL,방벽 전개
SKILL_ROME_PASSIVE,수호 신호
SKILL_ROME_ULTIMATE,성채 공명
SKILL_SEB_NORMAL,선두 돌파
SKILL_SEB_PASSIVE,개척 호흡
SKILL_SEB_ULTIMATE,돌입 섬광
SKILL_SEON_NORMAL,회복 전송
SKILL_SEON_PASSIVE,구호 기록
SKILL_SEON_ULTIMATE,새벽 구조
SKILL_SOA_NORMAL,교란 표식
SKILL_SOA_PASSIVE,신호 해석
SKILL_SOA_ULTIMATE,역전 파장
SKILL_SOREN_NORMAL,공명 포격
SKILL_SOREN_PASSIVE,포구 안정화
SKILL_SOREN_ULTIMATE,별가루 포화
SKILL_TERAN_NORMAL,선두 돌파
SKILL_TERAN_PASSIVE,개척 호흡
SKILL_TERAN_ULTIMATE,돌입 섬광
SKILL_TIEL_NORMAL,회복 전송
SKILL_TIEL_PASSIVE,구호 기록
SKILL_TIEL_ULTIMATE,새벽 구조
SKILL_TOA_NORMAL,보호 신호
SKILL_TOA_PASSIVE,중계 증폭
SKILL_TOA_ULTIMATE,안전지대 전개
SKILL_VELK_NORMAL,연속 사격
SKILL_VELK_PASSIVE,전술 보정
SKILL_VELK_ULTIMATE,집중 난사
SKILL_VEON_NORMAL,연속 사격
SKILL_VEON_PASSIVE,전술 보정
SKILL_VEON_ULTIMATE,집중 난사
SKILL_VERA_NORMAL,교란 잔상
SKILL_VERA_PASSIVE,변조 필드
SKILL_VERA_ULTIMATE,침묵의 파장
SKILL_YUNAK_NORMAL,좌표 포격
SKILL_YUNAK_PASSIVE,포구 안정
SKILL_YUNAK_ULTIMATE,성운 포화
SKILL_YURIEN_NORMAL,좌표 포격
SKILL_YURIEN_PASSIVE,포구 안정
SKILL_YURIEN_ULTIMATE,성운 포화
SKILL_ZERN_NORMAL,연속 사격
SKILL_ZERN_PASSIVE,전술 보정
SKILL_ZERN_ULTIMATE,집중 난사
SPEAKER_CONTROL,종착 관제
SPEAKER_EAST_KING,동부선 노선왕
SPEAKER_ECHO,잔향체
SPEAKER_EDA,에다
SPEAKER_IRI,이리
SPEAKER_MAERU,마에루
SPEAKER_NARIN,나린
SPEAKER_ROAN,로안
SPEAKER_ROUTEKEEPER,길잡이
SPEAKER_SIO,시오
SPEAKER_SOREN,소렌
SPEAKER_SURVIVOR,생존자
SPEAKER_WEST_KING,서부선 노선왕
STAGE_CH01_H01,제1장 HARD 1
STAGE_CH01_H02,제1장 HARD 2
STAGE_CH01_H03,제1장 HARD 3
STAGE_CH01_H04,제1장 HARD 4
STAGE_CH01_H05,제1장 HARD 5
STAGE_CH01_N01,제1장 NORMAL 1
STAGE_CH01_N02,제1장 NORMAL 2
STAGE_CH01_N03,제1장 NORMAL 3
STAGE_CH01_N04,제1장 NORMAL 4
STAGE_CH01_N05,제1장 NORMAL 5
STAGE_CH01_N06,제1장 NORMAL 6
STAGE_CH01_N07,제1장 NORMAL 7
STAGE_CH01_N08,제1장 NORMAL 8
STAGE_CH01_N09,제1장 NORMAL 9
STAGE_CH01_N10,제1장 NORMAL 10
STAGE_CH01_N11,제1장 NORMAL 11
STAGE_CH01_N12,제1장 NORMAL 12
STAGE_CH01_N13,제1장 NORMAL 13
STAGE_CH01_N14,제1장 NORMAL 14
STAGE_CH01_N15,제1장 NORMAL 15
STAGE_CH01_N16,제1장 NORMAL 16
STAGE_CH01_N17,제1장 NORMAL 17
STAGE_CH01_N18,제1장 NORMAL 18
STAGE_CH01_N19,제1장 NORMAL 19
STAGE_CH01_N20,제1장 NORMAL 20
STAGE_CH02_H01,제2장 HARD 1
STAGE_CH02_H02,제2장 HARD 2
STAGE_CH02_H03,제2장 HARD 3
STAGE_CH02_H04,제2장 HARD 4
STAGE_CH02_H05,제2장 HARD 5
STAGE_CH02_N01,제2장 NORMAL 1
STAGE_CH02_N02,제2장 NORMAL 2
STAGE_CH02_N03,제2장 NORMAL 3
STAGE_CH02_N04,제2장 NORMAL 4
STAGE_CH02_N05,제2장 NORMAL 5
STAGE_CH02_N06,제2장 NORMAL 6
STAGE_CH02_N07,제2장 NORMAL 7
STAGE_CH02_N08,제2장 NORMAL 8
STAGE_CH02_N09,제2장 NORMAL 9
STAGE_CH02_N10,제2장 NORMAL 10
STAGE_CH02_N11,제2장 NORMAL 11
STAGE_CH02_N12,제2장 NORMAL 12
STAGE_CH02_N13,제2장 NORMAL 13
STAGE_CH02_N14,제2장 NORMAL 14
STAGE_CH02_N15,제2장 NORMAL 15
STAGE_CH02_N16,제2장 NORMAL 16
STAGE_CH02_N17,제2장 NORMAL 17
STAGE_CH02_N18,제2장 NORMAL 18
STAGE_CH02_N19,제2장 NORMAL 19
STAGE_CH02_N20,제2장 NORMAL 20
STAGE_CH03_H01,제3장 HARD 1
STAGE_CH03_H02,제3장 HARD 2
STAGE_CH03_H03,제3장 HARD 3
STAGE_CH03_H04,제3장 HARD 4
STAGE_CH03_H05,제3장 HARD 5
STAGE_CH03_N01,제3장 NORMAL 1
STAGE_CH03_N02,제3장 NORMAL 2
STAGE_CH03_N03,제3장 NORMAL 3
STAGE_CH03_N04,제3장 NORMAL 4
STAGE_CH03_N05,제3장 NORMAL 5
STAGE_CH03_N06,제3장 NORMAL 6
STAGE_CH03_N07,제3장 NORMAL 7
STAGE_CH03_N08,제3장 NORMAL 8
STAGE_CH03_N09,제3장 NORMAL 9
STAGE_CH03_N10,제3장 NORMAL 10
STAGE_CH03_N11,제3장 NORMAL 11
STAGE_CH03_N12,제3장 NORMAL 12
STAGE_CH03_N13,제3장 NORMAL 13
STAGE_CH03_N14,제3장 NORMAL 14
STAGE_CH03_N15,제3장 NORMAL 15
STAGE_CH03_N16,제3장 NORMAL 16
STAGE_CH03_N17,제3장 NORMAL 17
STAGE_CH03_N18,제3장 NORMAL 18
STAGE_CH03_N19,제3장 NORMAL 19
STAGE_CH03_N20,제3장 NORMAL 20
STAGE_CH04_H01,제4장 HARD 1
STAGE_CH04_H02,제4장 HARD 2
STAGE_CH04_H03,제4장 HARD 3
STAGE_CH04_H04,제4장 HARD 4
STAGE_CH04_H05,제4장 HARD 5
STAGE_CH04_N01,제4장 NORMAL 1
STAGE_CH04_N02,제4장 NORMAL 2
STAGE_CH04_N03,제4장 NORMAL 3
STAGE_CH04_N04,제4장 NORMAL 4
STAGE_CH04_N05,제4장 NORMAL 5
STAGE_CH04_N06,제4장 NORMAL 6
STAGE_CH04_N07,제4장 NORMAL 7
STAGE_CH04_N08,제4장 NORMAL 8
STAGE_CH04_N09,제4장 NORMAL 9
STAGE_CH04_N10,제4장 NORMAL 10
STAGE_CH04_N11,제4장 NORMAL 11
STAGE_CH04_N12,제4장 NORMAL 12
STAGE_CH04_N13,제4장 NORMAL 13
STAGE_CH04_N14,제4장 NORMAL 14
STAGE_CH04_N15,제4장 NORMAL 15
STAGE_CH04_N16,제4장 NORMAL 16
STAGE_CH04_N17,제4장 NORMAL 17
STAGE_CH04_N18,제4장 NORMAL 18
STAGE_CH04_N19,제4장 NORMAL 19
STAGE_CH04_N20,제4장 NORMAL 20
STAGE_CH05_H01,제5장 HARD 1
STAGE_CH05_H02,제5장 HARD 2
STAGE_CH05_H03,제5장 HARD 3
STAGE_CH05_H04,제5장 HARD 4
STAGE_CH05_H05,제5장 HARD 5
STAGE_CH05_N01,제5장 NORMAL 1
STAGE_CH05_N02,제5장 NORMAL 2
STAGE_CH05_N03,제5장 NORMAL 3
STAGE_CH05_N04,제5장 NORMAL 4
STAGE_CH05_N05,제5장 NORMAL 5
STAGE_CH05_N06,제5장 NORMAL 6
STAGE_CH05_N07,제5장 NORMAL 7
STAGE_CH05_N08,제5장 NORMAL 8
STAGE_CH05_N09,제5장 NORMAL 9
STAGE_CH05_N10,제5장 NORMAL 10
STAGE_CH05_N11,제5장 NORMAL 11
STAGE_CH05_N12,제5장 NORMAL 12
STAGE_CH05_N13,제5장 NORMAL 13
STAGE_CH05_N14,제5장 NORMAL 14
STAGE_CH05_N15,제5장 NORMAL 15
STAGE_CH05_N16,제5장 NORMAL 16
STAGE_CH05_N17,제5장 NORMAL 17
STAGE_CH05_N18,제5장 NORMAL 18
STAGE_CH05_N19,제5장 NORMAL 19
STAGE_CH05_N20,제5장 NORMAL 20
STAGE_CH06_H01,제6장 HARD 1
STAGE_CH06_H02,제6장 HARD 2
STAGE_CH06_H03,제6장 HARD 3
STAGE_CH06_H04,제6장 HARD 4
STAGE_CH06_H05,제6장 HARD 5
STAGE_CH06_N01,제6장 NORMAL 1
STAGE_CH06_N02,제6장 NORMAL 2
STAGE_CH06_N03,제6장 NORMAL 3
STAGE_CH06_N04,제6장 NORMAL 4
STAGE_CH06_N05,제6장 NORMAL 5
STAGE_CH06_N06,제6장 NORMAL 6
STAGE_CH06_N07,제6장 NORMAL 7
STAGE_CH06_N08,제6장 NORMAL 8
STAGE_CH06_N09,제6장 NORMAL 9
STAGE_CH06_N10,제6장 NORMAL 10
STAGE_CH06_N11,제6장 NORMAL 11
STAGE_CH06_N12,제6장 NORMAL 12
STAGE_CH06_N13,제6장 NORMAL 13
STAGE_CH06_N14,제6장 NORMAL 14
STAGE_CH06_N15,제6장 NORMAL 15
STAGE_CH06_N16,제6장 NORMAL 16
STAGE_CH06_N17,제6장 NORMAL 17
STAGE_CH06_N18,제6장 NORMAL 18
STAGE_CH06_N19,제6장 NORMAL 19
STAGE_CH06_N20,제6장 NORMAL 20
STAGE_CH07_H01,제7장 HARD 1
STAGE_CH07_H02,제7장 HARD 2
STAGE_CH07_H03,제7장 HARD 3
STAGE_CH07_H04,제7장 HARD 4
STAGE_CH07_H05,제7장 HARD 5
STAGE_CH07_N01,제7장 NORMAL 1
STAGE_CH07_N02,제7장 NORMAL 2
STAGE_CH07_N03,제7장 NORMAL 3
STAGE_CH07_N04,제7장 NORMAL 4
STAGE_CH07_N05,제7장 NORMAL 5
STAGE_CH07_N06,제7장 NORMAL 6
STAGE_CH07_N07,제7장 NORMAL 7
STAGE_CH07_N08,제7장 NORMAL 8
STAGE_CH07_N09,제7장 NORMAL 9
STAGE_CH07_N10,제7장 NORMAL 10
STAGE_CH07_N11,제7장 NORMAL 11
STAGE_CH07_N12,제7장 NORMAL 12
STAGE_CH07_N13,제7장 NORMAL 13
STAGE_CH07_N14,제7장 NORMAL 14
STAGE_CH07_N15,제7장 NORMAL 15
STAGE_CH07_N16,제7장 NORMAL 16
STAGE_CH07_N17,제7장 NORMAL 17
STAGE_CH07_N18,제7장 NORMAL 18
STAGE_CH07_N19,제7장 NORMAL 19
STAGE_CH07_N20,제7장 NORMAL 20
STAGE_CH08_H01,제8장 HARD 1
STAGE_CH08_H02,제8장 HARD 2
STAGE_CH08_H03,제8장 HARD 3
STAGE_CH08_H04,제8장 HARD 4
STAGE_CH08_H05,제8장 HARD 5
STAGE_CH08_N01,제8장 NORMAL 1
STAGE_CH08_N02,제8장 NORMAL 2
STAGE_CH08_N03,제8장 NORMAL 3
STAGE_CH08_N04,제8장 NORMAL 4
STAGE_CH08_N05,제8장 NORMAL 5
STAGE_CH08_N06,제8장 NORMAL 6
STAGE_CH08_N07,제8장 NORMAL 7
STAGE_CH08_N08,제8장 NORMAL 8
STAGE_CH08_N09,제8장 NORMAL 9
STAGE_CH08_N10,제8장 NORMAL 10
STAGE_CH08_N11,제8장 NORMAL 11
STAGE_CH08_N12,제8장 NORMAL 12
STAGE_CH08_N13,제8장 NORMAL 13
STAGE_CH08_N14,제8장 NORMAL 14
STAGE_CH08_N15,제8장 NORMAL 15
STAGE_CH08_N16,제8장 NORMAL 16
STAGE_CH08_N17,제8장 NORMAL 17
STAGE_CH08_N18,제8장 NORMAL 18
STAGE_CH08_N19,제8장 NORMAL 19
STAGE_CH08_N20,제8장 NORMAL 20
STAGE_CH09_H01,제9장 HARD 1
STAGE_CH09_H02,제9장 HARD 2
STAGE_CH09_H03,제9장 HARD 3
STAGE_CH09_H04,제9장 HARD 4
STAGE_CH09_H05,제9장 HARD 5
STAGE_CH09_N01,제9장 NORMAL 1
STAGE_CH09_N02,제9장 NORMAL 2
STAGE_CH09_N03,제9장 NORMAL 3
STAGE_CH09_N04,제9장 NORMAL 4
STAGE_CH09_N05,제9장 NORMAL 5
STAGE_CH09_N06,제9장 NORMAL 6
STAGE_CH09_N07,제9장 NORMAL 7
STAGE_CH09_N08,제9장 NORMAL 8
STAGE_CH09_N09,제9장 NORMAL 9
STAGE_CH09_N10,제9장 NORMAL 10
STAGE_CH09_N11,제9장 NORMAL 11
STAGE_CH09_N12,제9장 NORMAL 12
STAGE_CH09_N13,제9장 NORMAL 13
STAGE_CH09_N14,제9장 NORMAL 14
STAGE_CH09_N15,제9장 NORMAL 15
STAGE_CH09_N16,제9장 NORMAL 16
STAGE_CH09_N17,제9장 NORMAL 17
STAGE_CH09_N18,제9장 NORMAL 18
STAGE_CH09_N19,제9장 NORMAL 19
STAGE_CH09_N20,제9장 NORMAL 20
STAGE_CH10_H01,제10장 HARD 1
STAGE_CH10_H02,제10장 HARD 2
STAGE_CH10_H03,제10장 HARD 3
STAGE_CH10_H04,제10장 HARD 4
STAGE_CH10_H05,제10장 HARD 5
STAGE_CH10_N01,제10장 NORMAL 1
STAGE_CH10_N02,제10장 NORMAL 2
STAGE_CH10_N03,제10장 NORMAL 3
STAGE_CH10_N04,제10장 NORMAL 4
STAGE_CH10_N05,제10장 NORMAL 5
STAGE_CH10_N06,제10장 NORMAL 6
STAGE_CH10_N07,제10장 NORMAL 7
STAGE_CH10_N08,제10장 NORMAL 8
STAGE_CH10_N09,제10장 NORMAL 9
STAGE_CH10_N10,제10장 NORMAL 10
STAGE_CH10_N11,제10장 NORMAL 11
STAGE_CH10_N12,제10장 NORMAL 12
STAGE_CH10_N13,제10장 NORMAL 13
STAGE_CH10_N14,제10장 NORMAL 14
STAGE_CH10_N15,제10장 NORMAL 15
STAGE_CH10_N16,제10장 NORMAL 16
STAGE_CH10_N17,제10장 NORMAL 17
STAGE_CH10_N18,제10장 NORMAL 18
STAGE_CH10_N19,제10장 NORMAL 19
STAGE_CH10_N20,제10장 NORMAL 20
STAGE_CH11_H01,제11장 HARD 1
STAGE_CH11_H02,제11장 HARD 2
STAGE_CH11_H03,제11장 HARD 3
STAGE_CH11_H04,제11장 HARD 4
STAGE_CH11_H05,제11장 HARD 5
STAGE_CH11_N01,제11장 NORMAL 1
STAGE_CH11_N02,제11장 NORMAL 2
STAGE_CH11_N03,제11장 NORMAL 3
STAGE_CH11_N04,제11장 NORMAL 4
STAGE_CH11_N05,제11장 NORMAL 5
STAGE_CH11_N06,제11장 NORMAL 6
STAGE_CH11_N07,제11장 NORMAL 7
STAGE_CH11_N08,제11장 NORMAL 8
STAGE_CH11_N09,제11장 NORMAL 9
STAGE_CH11_N10,제11장 NORMAL 10
STAGE_CH11_N11,제11장 NORMAL 11
STAGE_CH11_N12,제11장 NORMAL 12
STAGE_CH11_N13,제11장 NORMAL 13
STAGE_CH11_N14,제11장 NORMAL 14
STAGE_CH11_N15,제11장 NORMAL 15
STAGE_CH11_N16,제11장 NORMAL 16
STAGE_CH11_N17,제11장 NORMAL 17
STAGE_CH11_N18,제11장 NORMAL 18
STAGE_CH11_N19,제11장 NORMAL 19
STAGE_CH11_N20,제11장 NORMAL 20
STAGE_CH12_H01,제12장 HARD 1
STAGE_CH12_H02,제12장 HARD 2
STAGE_CH12_H03,제12장 HARD 3
STAGE_CH12_H04,제12장 HARD 4
STAGE_CH12_H05,제12장 HARD 5
STAGE_CH12_N01,제12장 NORMAL 1
STAGE_CH12_N02,제12장 NORMAL 2
STAGE_CH12_N03,제12장 NORMAL 3
STAGE_CH12_N04,제12장 NORMAL 4
STAGE_CH12_N05,제12장 NORMAL 5
STAGE_CH12_N06,제12장 NORMAL 6
STAGE_CH12_N07,제12장 NORMAL 7
STAGE_CH12_N08,제12장 NORMAL 8
STAGE_CH12_N09,제12장 NORMAL 9
STAGE_CH12_N10,제12장 NORMAL 10
STAGE_CH12_N11,제12장 NORMAL 11
STAGE_CH12_N12,제12장 NORMAL 12
STAGE_CH12_N13,제12장 NORMAL 13
STAGE_CH12_N14,제12장 NORMAL 14
STAGE_CH12_N15,제12장 NORMAL 15
STAGE_CH12_N16,제12장 NORMAL 16
STAGE_CH12_N17,제12장 NORMAL 17
STAGE_CH12_N18,제12장 NORMAL 18
STAGE_CH12_N19,제12장 NORMAL 19
STAGE_CH12_N20,제12장 NORMAL 20
STAGE_CH13_H01,제13장 HARD 1
STAGE_CH13_H02,제13장 HARD 2
STAGE_CH13_H03,제13장 HARD 3
STAGE_CH13_H04,제13장 HARD 4
STAGE_CH13_H05,제13장 HARD 5
STAGE_CH13_N01,제13장 NORMAL 1
STAGE_CH13_N02,제13장 NORMAL 2
STAGE_CH13_N03,제13장 NORMAL 3
STAGE_CH13_N04,제13장 NORMAL 4
STAGE_CH13_N05,제13장 NORMAL 5
STAGE_CH13_N06,제13장 NORMAL 6
STAGE_CH13_N07,제13장 NORMAL 7
STAGE_CH13_N08,제13장 NORMAL 8
STAGE_CH13_N09,제13장 NORMAL 9
STAGE_CH13_N10,제13장 NORMAL 10
STAGE_CH13_N11,제13장 NORMAL 11
STAGE_CH13_N12,제13장 NORMAL 12
STAGE_CH13_N13,제13장 NORMAL 13
STAGE_CH13_N14,제13장 NORMAL 14
STAGE_CH13_N15,제13장 NORMAL 15
STAGE_CH13_N16,제13장 NORMAL 16
STAGE_CH13_N17,제13장 NORMAL 17
STAGE_CH13_N18,제13장 NORMAL 18
STAGE_CH13_N19,제13장 NORMAL 19
STAGE_CH13_N20,제13장 NORMAL 20
STAGE_CH14_H01,제14장 HARD 1
STAGE_CH14_H02,제14장 HARD 2
STAGE_CH14_H03,제14장 HARD 3
STAGE_CH14_H04,제14장 HARD 4
STAGE_CH14_H05,제14장 HARD 5
STAGE_CH14_N01,제14장 NORMAL 1
STAGE_CH14_N02,제14장 NORMAL 2
STAGE_CH14_N03,제14장 NORMAL 3
STAGE_CH14_N04,제14장 NORMAL 4
STAGE_CH14_N05,제14장 NORMAL 5
STAGE_CH14_N06,제14장 NORMAL 6
STAGE_CH14_N07,제14장 NORMAL 7
STAGE_CH14_N08,제14장 NORMAL 8
STAGE_CH14_N09,제14장 NORMAL 9
STAGE_CH14_N10,제14장 NORMAL 10
STAGE_CH14_N11,제14장 NORMAL 11
STAGE_CH14_N12,제14장 NORMAL 12
STAGE_CH14_N13,제14장 NORMAL 13
STAGE_CH14_N14,제14장 NORMAL 14
STAGE_CH14_N15,제14장 NORMAL 15
STAGE_CH14_N16,제14장 NORMAL 16
STAGE_CH14_N17,제14장 NORMAL 17
STAGE_CH14_N18,제14장 NORMAL 18
STAGE_CH14_N19,제14장 NORMAL 19
STAGE_CH14_N20,제14장 NORMAL 20
STAGE_CH15_H01,제15장 HARD 1
STAGE_CH15_H02,제15장 HARD 2
STAGE_CH15_H03,제15장 HARD 3
STAGE_CH15_H04,제15장 HARD 4
STAGE_CH15_H05,제15장 HARD 5
STAGE_CH15_N01,제15장 NORMAL 1
STAGE_CH15_N02,제15장 NORMAL 2
STAGE_CH15_N03,제15장 NORMAL 3
STAGE_CH15_N04,제15장 NORMAL 4
STAGE_CH15_N05,제15장 NORMAL 5
STAGE_CH15_N06,제15장 NORMAL 6
STAGE_CH15_N07,제15장 NORMAL 7
STAGE_CH15_N08,제15장 NORMAL 8
STAGE_CH15_N09,제15장 NORMAL 9
STAGE_CH15_N10,제15장 NORMAL 10
STAGE_CH15_N11,제15장 NORMAL 11
STAGE_CH15_N12,제15장 NORMAL 12
STAGE_CH15_N13,제15장 NORMAL 13
STAGE_CH15_N14,제15장 NORMAL 14
STAGE_CH15_N15,제15장 NORMAL 15
STAGE_CH15_N16,제15장 NORMAL 16
STAGE_CH15_N17,제15장 NORMAL 17
STAGE_CH15_N18,제15장 NORMAL 18
STAGE_CH15_N19,제15장 NORMAL 19
STAGE_CH15_N20,제15장 NORMAL 20
STAGE_CH16_H01,제16장 HARD 1
STAGE_CH16_H02,제16장 HARD 2
STAGE_CH16_H03,제16장 HARD 3
STAGE_CH16_H04,제16장 HARD 4
STAGE_CH16_H05,제16장 HARD 5
STAGE_CH16_N01,제16장 NORMAL 1
STAGE_CH16_N02,제16장 NORMAL 2
STAGE_CH16_N03,제16장 NORMAL 3
STAGE_CH16_N04,제16장 NORMAL 4
STAGE_CH16_N05,제16장 NORMAL 5
STAGE_CH16_N06,제16장 NORMAL 6
STAGE_CH16_N07,제16장 NORMAL 7
STAGE_CH16_N08,제16장 NORMAL 8
STAGE_CH16_N09,제16장 NORMAL 9
STAGE_CH16_N10,제16장 NORMAL 10
STAGE_CH16_N11,제16장 NORMAL 11
STAGE_CH16_N12,제16장 NORMAL 12
STAGE_CH16_N13,제16장 NORMAL 13
STAGE_CH16_N14,제16장 NORMAL 14
STAGE_CH16_N15,제16장 NORMAL 15
STAGE_CH16_N16,제16장 NORMAL 16
STAGE_CH16_N17,제16장 NORMAL 17
STAGE_CH16_N18,제16장 NORMAL 18
STAGE_CH16_N19,제16장 NORMAL 19
STAGE_CH16_N20,제16장 NORMAL 20
STAGE_CH17_H01,제17장 HARD 1
STAGE_CH17_H02,제17장 HARD 2
STAGE_CH17_H03,제17장 HARD 3
STAGE_CH17_H04,제17장 HARD 4
STAGE_CH17_H05,제17장 HARD 5
STAGE_CH17_N01,제17장 NORMAL 1
STAGE_CH17_N02,제17장 NORMAL 2
STAGE_CH17_N03,제17장 NORMAL 3
STAGE_CH17_N04,제17장 NORMAL 4
STAGE_CH17_N05,제17장 NORMAL 5
STAGE_CH17_N06,제17장 NORMAL 6
STAGE_CH17_N07,제17장 NORMAL 7
STAGE_CH17_N08,제17장 NORMAL 8
STAGE_CH17_N09,제17장 NORMAL 9
STAGE_CH17_N10,제17장 NORMAL 10
STAGE_CH17_N11,제17장 NORMAL 11
STAGE_CH17_N12,제17장 NORMAL 12
STAGE_CH17_N13,제17장 NORMAL 13
STAGE_CH17_N14,제17장 NORMAL 14
STAGE_CH17_N15,제17장 NORMAL 15
STAGE_CH17_N16,제17장 NORMAL 16
STAGE_CH17_N17,제17장 NORMAL 17
STAGE_CH17_N18,제17장 NORMAL 18
STAGE_CH17_N19,제17장 NORMAL 19
STAGE_CH17_N20,제17장 NORMAL 20
STAGE_CH18_H01,제18장 HARD 1
STAGE_CH18_H02,제18장 HARD 2
STAGE_CH18_H03,제18장 HARD 3
STAGE_CH18_H04,제18장 HARD 4
STAGE_CH18_H05,제18장 HARD 5
STAGE_CH18_N01,제18장 NORMAL 1
STAGE_CH18_N02,제18장 NORMAL 2
STAGE_CH18_N03,제18장 NORMAL 3
STAGE_CH18_N04,제18장 NORMAL 4
STAGE_CH18_N05,제18장 NORMAL 5
STAGE_CH18_N06,제18장 NORMAL 6
STAGE_CH18_N07,제18장 NORMAL 7
STAGE_CH18_N08,제18장 NORMAL 8
STAGE_CH18_N09,제18장 NORMAL 9
STAGE_CH18_N10,제18장 NORMAL 10
STAGE_CH18_N11,제18장 NORMAL 11
STAGE_CH18_N12,제18장 NORMAL 12
STAGE_CH18_N13,제18장 NORMAL 13
STAGE_CH18_N14,제18장 NORMAL 14
STAGE_CH18_N15,제18장 NORMAL 15
STAGE_CH18_N16,제18장 NORMAL 16
STAGE_CH18_N17,제18장 NORMAL 17
STAGE_CH18_N18,제18장 NORMAL 18
STAGE_CH18_N19,제18장 NORMAL 19
STAGE_CH18_N20,제18장 NORMAL 20
STAGE_CH19_H01,제19장 HARD 1
STAGE_CH19_H02,제19장 HARD 2
STAGE_CH19_H03,제19장 HARD 3
STAGE_CH19_H04,제19장 HARD 4
STAGE_CH19_H05,제19장 HARD 5
STAGE_CH19_N01,제19장 NORMAL 1
STAGE_CH19_N02,제19장 NORMAL 2
STAGE_CH19_N03,제19장 NORMAL 3
STAGE_CH19_N04,제19장 NORMAL 4
STAGE_CH19_N05,제19장 NORMAL 5
STAGE_CH19_N06,제19장 NORMAL 6
STAGE_CH19_N07,제19장 NORMAL 7
STAGE_CH19_N08,제19장 NORMAL 8
STAGE_CH19_N09,제19장 NORMAL 9
STAGE_CH19_N10,제19장 NORMAL 10
STAGE_CH19_N11,제19장 NORMAL 11
STAGE_CH19_N12,제19장 NORMAL 12
STAGE_CH19_N13,제19장 NORMAL 13
STAGE_CH19_N14,제19장 NORMAL 14
STAGE_CH19_N15,제19장 NORMAL 15
STAGE_CH19_N16,제19장 NORMAL 16
STAGE_CH19_N17,제19장 NORMAL 17
STAGE_CH19_N18,제19장 NORMAL 18
STAGE_CH19_N19,제19장 NORMAL 19
STAGE_CH19_N20,제19장 NORMAL 20
STAGE_CH20_H01,제20장 HARD 1
STAGE_CH20_H02,제20장 HARD 2
STAGE_CH20_H03,제20장 HARD 3
STAGE_CH20_H04,제20장 HARD 4
STAGE_CH20_H05,제20장 HARD 5
STAGE_CH20_N01,제20장 NORMAL 1
STAGE_CH20_N02,제20장 NORMAL 2
STAGE_CH20_N03,제20장 NORMAL 3
STAGE_CH20_N04,제20장 NORMAL 4
STAGE_CH20_N05,제20장 NORMAL 5
STAGE_CH20_N06,제20장 NORMAL 6
STAGE_CH20_N07,제20장 NORMAL 7
STAGE_CH20_N08,제20장 NORMAL 8
STAGE_CH20_N09,제20장 NORMAL 9
STAGE_CH20_N10,제20장 NORMAL 10
STAGE_CH20_N11,제20장 NORMAL 11
STAGE_CH20_N12,제20장 NORMAL 12
STAGE_CH20_N13,제20장 NORMAL 13
STAGE_CH20_N14,제20장 NORMAL 14
STAGE_CH20_N15,제20장 NORMAL 15
STAGE_CH20_N16,제20장 NORMAL 16
STAGE_CH20_N17,제20장 NORMAL 17
STAGE_CH20_N18,제20장 NORMAL 18
STAGE_CH20_N19,제20장 NORMAL 19
STAGE_CH20_N20,제20장 NORMAL 20
STORY_CH01_CAMP_01,종탑 모양의 중계기 아래 모닥불을 피웠다. 탑 꼭대기의 녹슨 종은 바람에도 울리지 않았다.
STORY_CH01_CAMP_02,잠깐. 먼 곳에서 생체 신호가 하나 걸렸어. 암호화된 문장이야. 풀어 볼게.
STORY_CH01_CAMP_03,"'등로단에게. 아직 합류할 수 없어. 종착선 앞에서 길을 열어 둘게.' ……서명은 이리, 의무관."
STORY_CH01_CAMP_04,"종착선이면 다음 노선의 끝이야. 신호 세기로 보면, 거기서 오래 버틴 사람이야."
STORY_CH01_CAMP_05,길을 열어 두겠다니. 초대장치곤 꽤 다정한데.
STORY_CH01_CAMP_06,"불을 끄기 전, 마에루는 궤도차의 빈 좌석 안전띠를 당겨 보았다. 매번 같은 자리였다."
STORY_CH01_CAMP_07,"단장님, 그거 매번 하시던데요. 아무도 안 앉는 자리 안전띠요. 왜 그러세요?"
STORY_CH01_CAMP_08,……나중에.
STORY_CH01_CAMP_09,"에다, 불 좀 봐 줄래? 네 회로 말고, 진짜 불."
STORY_CH01_CAMP_10,"……네. 죄송해요, 단장님."
STORY_CH01_CAMP_11,……거긴 비워 두는 자리야. 옆은 괜찮아.
STORY_CH01_CAMP_12,"고맙다. 불이 꺼지지 않으면, 내일도 길이 보인다."
STORY_CH01_CAMP_13,"내일은 선로 끝이야. 공허 기관이 삼킨 신호, 하나도 남기지 않고 꺼내자."
STORY_CH01_HARD_INTRO_01,"폐광 갱도 깊은 곳에서 종소리가 울렸다. 한 번, 또 한 번. 간격은 정확히 열두 초였다."
STORY_CH01_HARD_INTRO_02,대운행국 대피 경보 규격이야. 대정전 그날 밤에 울렸던 것과 같은 패턴.
STORY_CH01_HARD_INTRO_03,경보가 아직도 울린다고요? 열두 해 동안요? 누가 끄는 걸 깜빡한 거예요?
STORY_CH01_HARD_INTRO_04,"깜빡한 게 아니라, 끌 사람이 없었던 거겠지."
STORY_CH01_HARD_INTRO_05,갱도 벽마다 분필로 적은 대피 인원수가 남아 있었다. 마지막 칸만 비어 있었다.
STORY_CH01_HARD_INTRO_06,종소리 사이에 신호가 섞여 있어. 경비대 호출 부호야. 누군가 아직 여기서 응답하고 있어.
STORY_CH01_HARD_INTRO_07,"좁고, 어둡고, 종은 시끄럽고. 완벽하네. 내가 먼저 들어간다."
STORY_CH01_HARD_INTRO_08,"경보가 끝나지 않았다면, 대피도 끝나지 않은 거다. 종이 멈추지 않는 이유를 찾는다."
STORY_CH01_HARD_OUTRO_01,마지막 종소리가 갱도 끝까지 굴러가 사라졌다. 열두 해 만의 정적이 먼지처럼 내려앉았다.
STORY_CH01_HARD_OUTRO_02,……대피 완료를 확인하지 못했습니다. 마지막 한 분이 나올 때까지…… 울려야……
STORY_CH01_HARD_OUTRO_03,벽의 마지막 빈칸…… 종은 그 칸이 채워지길 기다리고 있었던 거야.
STORY_CH01_HARD_OUTRO_04,그 칸은 내 동료들 몫이었다. 경비대는 끝까지 남아서 사람들을 내보냈지.
STORY_CH01_HARD_OUTRO_05,"……그럼 우리가 채운다. 대피 완료. 경비대 전원, 임무를 마쳤다고."
STORY_CH01_HARD_OUTRO_06,경비대분들…… 이제 다들 푹 쉬셨으면 좋겠어요.
STORY_CH01_HARD_OUTRO_07,마에루가 분필로 빈칸에 선을 그었다. 카이렌은 오래도록 그 선을 바라보았다.
STORY_CH01_HARD_OUTRO_08,……이제야 잘 수 있겠군.
STORY_CH01_HARD_OUTRO_09,잘 거면 우리랑 가면서 자. 궤도차 소음이 꽤 괜찮은 자장가거든.
STORY_CH01_HARD_OUTRO_10,……종보다는 조용하겠지. 가지.
STORY_CH01_INTRO_01,제7 승강장에서 사흘. 등로단의 전진 기지는 끊긴 노선 끝에서 조용히 불을 밝히고 있었다.
STORY_CH01_INTRO_02,"항해자, 몸은 좀 어때? 첫 작전이다. 무리하지 말고 우리 뒤에 붙어."
STORY_CH01_INTRO_03,구조 신호가 들어왔어. 발신지는 지도에 없는 선로. 등록 번호가 비어 있어.
STORY_CH01_INTRO_04,지도에 없는 길이라…… 정찰 담당 입장에선 이만한 선물이 없지.
STORY_CH01_INTRO_05,들뜰 일이 아니야. 신호가 약해지는 게 아니라 거꾸로 닳고 있어. 누군가 끝에서 먹어 치우는 것처럼.
STORY_CH01_INTRO_06,그럼 빨리 가야죠! 먹히기 전에! 제 회로는 벌써 충전 끝났어요!
STORY_CH01_INTRO_07,"에다, 네 회로보다 보급 목록부터 충전해. 이번 선로는 등불이 하나도 안 켜져 있어."
STORY_CH01_INTRO_08,"그때, 기지 천장의 낡은 스피커가 잡음을 토해냈다."
STORY_CH01_INTRO_09,"안내 말씀 드립니다. 제1 노선의 운행 재개를 환영합니다, 항해자님."
STORY_CH01_INTRO_10,승객 여러분께서는 안전선 안쪽에서 대기하십시오. 구조 신호는 곧 처리될 예정입니다.
STORY_CH01_INTRO_11,"……저 스피커, 전선 끊어 놓은 거 아니었어요? 제가 직접 잘랐는데요?"
STORY_CH01_INTRO_12,"전력 공급 없음. 그런데 송출은 정상이야. ……항해자, 저 목소리가 왜 너를 알지?"
STORY_CH01_INTRO_13,그럼 됐어. 모르는 걸 아는 척하는 것보다 훨씬 낫다.
STORY_CH01_INTRO_14,……방송 내내 기록기 점멸이 빨라졌어. 기억해 둘게.
STORY_CH01_INTRO_15,따라갈 건 저 방송이 아니라 구조 신호다. 누군가 아직 끝에서 부르고 있어.
STORY_CH01_INTRO_16,"길은 내가 연다. 열두 해 묵은 어둠이니까, 다들 발밑 조심하고."
STORY_CH01_MID_A_01,"전투가 끝난 선로에 목소리 하나가 남았다. 여기 있어요. 같은 높이, 같은 간격으로."
STORY_CH01_MID_A_02,여기 있어요. 여기 있어요. 여기…… 있어요.
STORY_CH01_MID_A_03,사람이에요! 거기 몇 명이에요? 다친 사람은요? 대답해 줘요!
STORY_CH01_MID_A_04,여기 있어요.
STORY_CH01_MID_A_05,질문 세 개에 같은 문장 하나. 잔향체야. 대답은 못 하고 흉내만 내.
STORY_CH01_MID_A_06,……사람 목소리였는데. 진짜 누군가 여기서 저렇게 불렀던 거죠?
STORY_CH01_MID_A_07,그래서 쏘기가 싫은 거야. 저건 누군가의 마지막 한마디였을 테니까.
STORY_CH01_MID_A_08,"여기 봐, 기록편이다. 잔향체 발밑에 있었는데 흠집 하나 없어."
STORY_CH01_MID_A_09,제1 노선 막차의 운행 기록이야. 행선지 칸만 누가 긁어낸 것처럼 비었어.
STORY_CH01_MID_A_10,"그 순간 수신기의 구조 신호가 길게 늘어나더니, 선로 안쪽 어둠으로 빨려 들어갔다."
STORY_CH01_MID_A_11,신호가 끌려가는 곳에 보낸 사람도 있다. 거기까지 간다.
STORY_CH01_MID_B_01,마지막 잔향체가 흩어지자 중계기의 녹슨 안테나가 낮게 웅웅거렸다. 주위엔 발자국이 하나뿐이었다.
STORY_CH01_MID_B_02,……진짜 사람이네. 미안. 요즘은 발소리도 믿지 않게 돼서.
STORY_CH01_MID_B_03,베라. 신호 추적자야. 이 중계기를 지킨 지 오늘로 사백 일째.
STORY_CH01_MID_B_04,"신호가 거꾸로 닳는 이유, 알고 있어?"
STORY_CH01_MID_B_05,선로 끝에 공허 기관이 있어. 구조 신호의 잔향을 연료로 태워. 부를수록 그것만 배불러.
STORY_CH01_MID_B_06,그래서 여기서 신호를 되돌려 보냈어. 혼자서는 절반도 못 막았지만.
STORY_CH01_MID_B_07,"이제 혼자가 아니다. 같이 가자, 베라. 신호를 보낸 사람들에게."
STORY_CH01_MID_B_08,……좋아. 구조 신호는 보낸 사람에게 돌아가야 해. 그게 내가 여기 남은 이유야.
STORY_CH01_MID_B_09,그때 항해 기록기가 처음으로 빛났다. 차가운 푸른빛 속에서 낯선 무늬 하나가 새겨졌다.
STORY_CH01_MID_B_10,베라가 대답한 순간에 맞춰 떴어. 우연이라기엔 타이밍이 너무 정확해.
STORY_CH01_MID_B_11,"그 기록기, 대운행국 물건이지? 나중에 제대로 보여 줘. 지금은 기관이 먼저야."
STORY_CH01_OUTRO_01,공허 기관의 몸이 금 가며 식어 갔다. 갈라진 틈마다 푸른 신호가 새어 나왔다.
STORY_CH01_OUTRO_02,……모든 요청을 보관했습니다. 누구도…… 거절당하지 않도록……
STORY_CH01_OUTRO_03,"……거절하지 않으려고, 전달도 안 했던 거야? 그게 네가 지키려던 거였어?"
STORY_CH01_OUTRO_04,수천 개의 신호가 한꺼번에 풀려났다. 승강장이 열두 해 전의 목소리들로 가득 찼다.
STORY_CH01_OUTRO_05,"여기는 제1 노선 막차. 승객 이백십 명, 전원 무사합니다. 행선지를 알립니다……"
STORY_CH01_OUTRO_06,기록편의 빈칸이 채워지고 있어. 행선지는…… 역 이름이 아니야. 좌표가 움직여.
STORY_CH01_OUTRO_07,"움직이는 피난처야. 막차는 사람들을 태우고, 멈추지 않는 열차로 가고 있었어."
STORY_CH01_OUTRO_08,"그럼 그 사람들, 어딘가에서 아직 달리고 있을 수도 있다는 거죠? 그렇죠?"
STORY_CH01_OUTRO_09,"그럴 수 있다면, 찾는다. 그게 등로단이다."
STORY_CH01_OUTRO_10,"하나 더. 캠프에서 받은 이리의 신호, 발신지가 잡혔어. 회송선 깊은 곳이야."
STORY_CH01_OUTRO_11,그때 무너진 승강장의 스피커가 일제히 켜졌다. 목소리는 여전히 온화했다.
STORY_CH01_OUTRO_12,"제1 노선 정리를 확인했습니다. 수고하셨습니다, 항해자님."
STORY_CH01_OUTRO_13,"이어서 제2 노선, 회송 절차를 개시합니다."
STORY_CH01_OUTRO_14,자기 절차가 부서졌는데 인사를 해. 마치 항해자가 이걸 해 주길 기다린 것처럼.
STORY_CH01_OUTRO_15,기다리라고 해. 우리 걸음은 우리가 정한다. 다음은 회송선이다. 이리가 길을 열어 두고 있어.
STORY_CH01_PREBOSS_01,선로 끝은 거대한 승강장이었다. 천장까지 쌓인 송신 기록이 벌레 떼처럼 웅웅거렸다.
STORY_CH01_PREBOSS_02,전부 구조 신호야. 셀 수가 없어…… 최소 사천 건은 돼.
STORY_CH01_PREBOSS_03,사천삼백십일 건. 발신 시각은 전부 같아. 대정전 그날 밤.
STORY_CH01_PREBOSS_04,승강장 한가운데서 무언가 눈을 떴다. 텅 빈 보일러 같은 몸이 신호를 들이마시며 숨을 쉬었다.
STORY_CH01_PREBOSS_05,구조 요청이 접수되었습니다. 처리 대기 시간은 무한입니다.
STORY_CH01_PREBOSS_06,접수된 요청은 안전하게 보관됩니다. 전달은 예정되어 있지 않습니다.
STORY_CH01_PREBOSS_07,보관만 한다고요? 그럼 저 사람들은…… 열두 해 동안 대답을 못 들은 거예요?
STORY_CH01_PREBOSS_08,대답을 기다리다 꺼진 신호가 얼마나 많은지 알아? 난 하나하나 들으면서 셌어.
STORY_CH01_PREBOSS_09,보관만 하고 전달하지 않는 절차. 고장이 아니야. 처음부터 그렇게 굳어 버린 규칙이야.
STORY_CH01_PREBOSS_10,신규 요청을 확인했습니다. 등로단 승객 여러분의 신호도 대기열에 추가합니다.
STORY_CH01_PREBOSS_11,"우리를 대기열에? 미안하지만, 난 줄 서는 게 제일 질색이야."
STORY_CH01_PREBOSS_12,"창구가 하나뿐이면, 부숴서 넓히면 되지."
STORY_CH01_PREBOSS_13,항해 기록기의 무늬가 희미하게 떨렸다. 마치 저 기관을 알고 있다는 듯이.
STORY_CH01_PREBOSS_14,누구 하나 창구 앞에 두고 가지 않는다. 오늘로 이 대기열을 끝낸다.
STORY_CH02_CAMP_01,천장에 의자가 매달린 뒤집힌 대합실. 등로단은 거꾸로 걸린 시간표 아래 불을 피웠다.
STORY_CH02_CAMP_02,에다. 지난번에 물었지. 빈 좌석 말이다.
STORY_CH02_CAMP_03,"아, 네! 아니, 괜찮아요. 말하기 싫으시면……"
STORY_CH02_CAMP_04,"시오. 내 동료였다. 대정전 직후, 구조 작전에서 돌아오지 못했어."
STORY_CH02_CAMP_05,돌아오지 못한 동료의 자리를 비워 두는 거야. 언제든 앉을 수 있게.
STORY_CH02_CAMP_06,"오늘 명부가 이름을 부를 때, 단장 표정이 제일 굳어 있었어. 그래서였구나."
STORY_CH02_CAMP_07,"명부가 시오를 부를까 봐. ……부르면, 대신 대답해 버릴 것 같아서."
STORY_CH02_CAMP_08,"지나간 신호도 어딘가엔 흔적이 남아. 언젠가 그 이름이 걸리면, 제일 먼저 알려 줄게."
STORY_CH02_CAMP_09,……고맙다. 그거면 충분해.
STORY_CH02_CAMP_10,웃음소리가 컸다. 늘 제일 먼저 뛰어나갔지. ……오늘은 여기까지.
STORY_CH02_CAMP_11,모닥불이 튀었다. 뒤집힌 시간표의 숫자들이 불빛 속에서 잠깐 바로 읽혔다.
STORY_CH02_CAMP_12,"자, 내일은 중앙 개찰이야. 누가 제일 먼저 이리한테 닿는지 내기할 사람?"
STORY_CH02_HARD_INTRO_01,지하 회송실의 벽은 편성표로 덮여 있었다. 수천 장 어디에도 승객 이름은 없었다.
STORY_CH02_HARD_INTRO_02,좌석 번호만 있고 이름 칸은 전부 공백이야. 행선지 칸도 비었어.
STORY_CH02_HARD_INTRO_03,빈 열차를 왜 이렇게 많이 짜요? 누굴 태우려고요?
STORY_CH02_HARD_INTRO_04,……누군가를 기다리는 거겠지. 오지 않는 사람을.
STORY_CH02_HARD_INTRO_05,마에루는 대답 대신 벽의 공석 하나를 오래 바라보았다.
STORY_CH02_HARD_INTRO_06,"벽 뒤에서 수동 전신 부호가 들려. 짧게, 길게…… '취소, 취소, 취소.'"
STORY_CH02_HARD_INTRO_07,누가 손으로 뭘 계속 취소하고 있다고? 궁금해지는데. 먼저 간다.
STORY_CH02_HARD_INTRO_08,빈 열차가 출발하기 전에 이유를 찾는다.
STORY_CH02_HARD_OUTRO_01,회송 편성핵이 멈추자 벽의 편성표가 한 장씩 떨어져 내렸다. 종이 소리가 비처럼 들렸다.
STORY_CH02_HARD_OUTRO_02,"……빈 좌석을 준비해 두면, 언젠가 모두…… 돌아올 자리가……"
STORY_CH02_HARD_OUTRO_03,돌아올 자리를 만들어 둔 거였네. 아무도 오지 않는 줄도 모르고.
STORY_CH02_HARD_OUTRO_04,……자리를 비워 두는 건 나쁜 일이 아니다. 사람을 끌어다 앉히는 게 잘못이지.
STORY_CH02_HARD_OUTRO_05,회송 명령. 소멸 확인. 열두 해. 취소 작업. 종료.
STORY_CH02_HARD_OUTRO_06,……손. 이제. 쉰다. 고맙다. 끊음.
STORY_CH02_HARD_OUTRO_07,잠깐. 바깥으로 나가는 신호가 하나 있어. 회송이 아니라 정방향이야.
STORY_CH02_HARD_OUTRO_08,발신원이 움직여. 시속 구십 킬로. 유리평원의 야간열차에서 나오는 신호야.
STORY_CH02_HARD_OUTRO_09,이노아. 동행 희망. 전신기 지참. ……긴 문장은. 나중에.
STORY_CH02_HARD_OUTRO_10,"좋아, 짧은 대답이 제일 좋은 대답이지. 환영해, 이노아."
STORY_CH02_INTRO_01,회송선 끝의 종착역. 벽을 메운 시계 백여 개가 한꺼번에 거꾸로 돌고 있었다.
STORY_CH02_INTRO_02,초침이 뒤로 한 칸 갈 때마다 승강장 공기가 조금씩 차가워졌다.
STORY_CH02_INTRO_03,등불이 켜지는 순서가 반대야. 종착점에서 출발점 쪽으로 불이 들어와.
STORY_CH02_INTRO_04,보통은 우리가 켜면서 들어가잖아. 누가 마중이라도 나온 건가?
STORY_CH02_INTRO_05,마중이 아니야. 신호가 되감기고 있어. 한 시간 전에 보낸 내 호출이 방금 다시 들어왔어.
STORY_CH02_INTRO_06,제 시계도 이상해요! 아까 세 시였는데 지금 두 시 반이에요! ……이득인가요?
STORY_CH02_INTRO_07,"이득 아니야, 에다. 시계만 돌아가는 게 아니라 우리까지 끌려가는 중이거든."
STORY_CH02_INTRO_08,승강장 스피커가 켜졌다. 음성은 되감긴 테이프처럼 한 번 늘어졌다가 제 속도를 찾았다.
STORY_CH02_INTRO_09,안내 말씀 드립니다. 이 역은 회송 전용 종착역입니다.
STORY_CH02_INTRO_10,승객 여러분은 출발 시각으로 돌아가십시오. 항해자님께서는 예외입니다. 편히 머무르십시오.
STORY_CH02_INTRO_11,……예외? 항해자한테만 다른 규칙을 적용하고 있어.
STORY_CH02_INTRO_12,당연하지. 등로단에 예외는 없다. 같이 들어가서 같이 나온다.
STORY_CH02_INTRO_13,항해자 주변 시계만 정상으로 돌아. 반경 두 걸음. ……기분 나쁘게 정확해.
STORY_CH02_INTRO_14,이리가 이 역 어딘가에서 길을 열어 두겠다고 했다. 그 약속이 되감기기 전에 찾는다.
STORY_CH02_INTRO_15,그럼 서두르자. 거꾸로 가는 역에서 앞으로 가는 건 우리 특기니까.
STORY_CH02_MID_A_01,"닫힌 승강장 너머에서 호명이 이어졌다. 탑승하지 않은 승객의 이름을, 한 명씩, 정중하게."
STORY_CH02_MID_A_02,탑승 명부를 확인합니다. 승객 세아 님. 승객 유림 님. 승객 로안 님.
STORY_CH02_MID_A_03,"……방금, 내 이름 불렀어?"
STORY_CH02_MID_A_04,"명부 날짜가 대정전 전날이야. 로안, 그날 열차 탈 예정이었어?"
STORY_CH02_MID_A_05,……배달 일 때문에 첫차 표를 끊어 뒀었지. 결국 못 탔어. 그날 전부 멈췄으니까.
STORY_CH02_MID_A_06,명부가 널 과거 승객으로 끌어당기고 있어. 네 신호가 흐려져. 오래 들으면 위험해.
STORY_CH02_MID_A_07,로안 대장님! 여기 있잖아요! 지금! 제 옆에!
STORY_CH02_MID_A_08,"……그래, 여기 있지. 좋아. 저 목록에서 우리 이름을 지우고, 현재 좌표를 남기자."
STORY_CH02_MID_A_09,"좌표 기록 완료. 오늘 날짜, 이 위치, 일곱 명. 명부보다 이쪽이 정확해."
STORY_CH02_MID_A_10,명부는 지나간 사람을 부른다. 우리는 앞에 있는 사람을 데리러 간다. 이리한테로.
STORY_CH02_MID_B_01,역송 구간에 들어서자 전선의 불빛이 발밑에서 등 뒤로 흘러갔다. 전력이 거꾸로 흐르고 있었다.
STORY_CH02_MID_B_02,이 구간 회송핵이 살아 있는 승객을 과거 명부로 덮어쓰고 있어.
STORY_CH02_MID_B_03,벽 너머에 생체 신호 열둘. 전부 이름이 과거 쪽으로 기울고 있어. 곧 사라져.
STORY_CH02_MID_B_04,사라진다는 게…… 없어진다는 거예요? 방금까지 숨 쉬던 사람이?
STORY_CH02_MID_B_05,그때 잡음 사이로 부드러운 목소리가 끼어들었다. 종탑 아래에서 받았던 그 호출이었다.
STORY_CH02_MID_B_06,"등로단, 들려? 이리야. 숨 한 번 크게 쉬고, 내 말 들어 줘."
STORY_CH02_MID_B_07,생체 기록을 써. 맥박과 체온은 과거로 못 돌려. 그걸로 명부를 지금에 고정해.
STORY_CH02_MID_B_08,"……맞아. 명부는 이름을 되감지만, 심장은 되감지 못해. 좋은 발상이야."
STORY_CH02_MID_B_09,"열두 명 맥박 동기화. ……고정됐어. 전원 지금, 여기 있어."
STORY_CH02_MID_B_10,"이리, 어디 있지? 우리가 간다."
STORY_CH02_MID_B_11,"중앙 개찰 앞. 부상자가 많아서 움직일 수가 없어. 천천히 와. ……아니, 조금만 서둘러 줘."
STORY_CH02_OUTRO_01,"개찰 기계가 무릎을 꿇었다. 거꾸로 돌던 시계들이 한 박자 멈칫하더니, 앞으로 가기 시작했다."
STORY_CH02_OUTRO_02,"……모두 떠나기 전으로 돌려보내면, 아무도 떠나지 않아도…… 되니까……"
STORY_CH02_OUTRO_03,그날 떠난 사람들을 붙잡고 싶었구나. 돌려보내는 방법밖에 몰랐던 거야.
STORY_CH02_OUTRO_04,신호 방향 정상화. 출발점에서 종착점으로. 열두 해 만에 제대로 흘러.
STORY_CH02_OUTRO_05,제 시계도 돌아왔어요! 다시 세 시! ……근데 그럼 저 삼십 분 손해 본 거죠?
STORY_CH02_OUTRO_06,잘 쓴 삼십 분으로 치자. 스물여섯 명이 지금에 남았잖아.
STORY_CH02_OUTRO_07,"그때 역의 모든 스피커가 동시에 켜졌다. 이번에는 늘어지지도, 되감기지도 않았다."
STORY_CH02_OUTRO_08,"제2 노선 정리를 확인했습니다. 항해자님, 아직 기억하지 못하시는군요."
STORY_CH02_OUTRO_09,괜찮습니다. 기다리는 일에는 익숙합니다. 다음 노선에서 뵙겠습니다.
STORY_CH02_OUTRO_10,……기다리는 데 익숙하다니. 저 말이 제일 소름 돋네.
STORY_CH02_OUTRO_11,일행의 시선이 한꺼번에 항해자에게 모였다. 누구도 먼저 입을 열지 못했다.
STORY_CH02_OUTRO_12,……알겠다. 모르는 건 모르는 대로 둔다. 같이 알아 가면 돼.
STORY_CH02_OUTRO_13,무늬 두 개. ……관제는 이것 말고 뭘 더 기다리고 있는 걸까.
STORY_CH02_OUTRO_14,"환자 한 분이 그러더라. 유리 평원을 가로지르는, 멈추지 않는 야간열차를 봤대."
STORY_CH02_OUTRO_15,"멈추지 않는 열차라면, 누군가 타고 있다. 다음은 유리 평원이다."
STORY_CH02_PREBOSS_01,마지막 잔향체가 쓰러지자 이리는 그제야 무릎을 폈다. 스물여섯 명의 맥박이 모두 지금에 남아 있었다.
STORY_CH02_PREBOSS_02,……다들 무사해. 고마워. 혼자서는 여기까지가 한계였어.
STORY_CH02_PREBOSS_03,"등로단에 와라, 이리. 네 손이 필요하다."
STORY_CH02_PREBOSS_04,보호받으라는 말은 많이 들었어. 지켜 달라는 말은 처음이네. ……같이 갈게.
STORY_CH02_PREBOSS_05,항해 기록기가 다시 빛났다. 첫 무늬 옆에 두 번째 무늬가 조용히 새겨졌다.
STORY_CH02_PREBOSS_06,두 번째. 베라 때와 같아. 합류를 스스로 결정한 순간에만 떠.
STORY_CH02_PREBOSS_07,"그 기록기, 따뜻하네. ……아, 미안. 의무관 버릇이라 체온부터 재 버렸어."
STORY_CH02_PREBOSS_08,그때 중앙 개찰구의 차단기가 일제히 내려왔다. 거대한 개찰 기계가 뒷걸음으로 걸어 나왔다.
STORY_CH02_PREBOSS_09,승차권을 확인합니다. 현재는 유효하지 않은 승차권입니다.
STORY_CH02_PREBOSS_10,모든 승객은 출발 전으로 돌아가십시오. 떠나지 않은 승객은 잃을 것도 없습니다.
STORY_CH02_PREBOSS_11,떠나지 않았으면 다치지도 않았겠지. 그래도 이분들은 살아서 여기까지 왔어.
STORY_CH02_PREBOSS_12,"출발 전으로 돌아가면, 보낸 신호도 받은 대답도 전부 없던 일이 돼. 그건 구조가 아니야."
STORY_CH02_PREBOSS_13,이의 신청은 접수되지 않습니다. 개찰을 시작합니다.
STORY_CH02_PREBOSS_14,그럼 우리 표는 우리가 끊는다. 편도로. 앞으로만 간다.
STORY_CH03_CAMP_01,유리 위의 밤은 차가웠다. 모닥불 하나가 평원 아래로 수천 개의 불꽃이 되어 번졌다.
STORY_CH03_CAMP_02,"이리 씨, 이거 봐요. 유리 속 제 사본이 불 쬐는 흉내를 내요. 반 박자 늦게."
STORY_CH03_CAMP_03,정말이네. 따라 하는 게 조금 귀엽기도 하고…… 조금 무섭기도 하고.
STORY_CH03_CAMP_04,"다들 하나씩 있어요. 그런데 항해자는요? 발밑에 아무것도 없어요. 반사도, 사본도."
STORY_CH03_CAMP_05,"모두가 항해자의 발밑을 내려다보았다. 유리는 불빛만 비출 뿐, 그 자리는 비어 있었다."
STORY_CH03_CAMP_06,……기록이 잠겨 있는 사람은 복제되지 않아. 거울 선로는 기록을 읽어서 사본을 만드니까.
STORY_CH03_CAMP_07,"잠겨 있다는 건, 누군가 잠갔다는 뜻이야. 스스로든, 다른 누구든."
STORY_CH03_CAMP_08,"그럼 모르는 채로 둬도 돼. 알게 되는 날, 우리가 옆에 있으면 된다."
STORY_CH03_CAMP_09,무늬 세 개 아래로 잠금 층이 있어. 두꺼워. 열 방법은…… 지금은 없어.
STORY_CH03_CAMP_10,사본이 없어도 맥박은 뛰고 있어. 나한텐 그게 제일 확실한 증명이야.
STORY_CH03_CAMP_11,그리고 사본이 없으면 설거지 당번을 떠넘길 데도 없다는 뜻이지. 딱하게도.
STORY_CH03_CAMP_12,"좋아, 오늘의 수수께끼는 여기까지. 내일은 선두 차량이야. 사본보다 먼저 일어나자."
STORY_CH03_HARD_INTRO_01,평원의 끝에 해가 지지 않는 구역이 있었다. 흰빛이 그림자 한 점 없이 모든 것을 비추었다.
STORY_CH03_HARD_INTRO_02,일몰 기록이 없어. 대정전 이후 이 구역엔 밤이 한 번도 오지 않았어.
STORY_CH03_HARD_INTRO_03,"관측 장비 신호가 사방에서 와. 전부 우리를 보고 있어. 기록만 하고, 아무것도 안 해."
STORY_CH03_HARD_INTRO_04,누가 계속 쳐다보니까 간지러워요. 윙크라도 해 줄까요?
STORY_CH03_HARD_INTRO_05,잠들지 못하면 사람은 오래 못 버텨. 여기 살던 사람들은 어떻게 됐을까.
STORY_CH03_HARD_INTRO_06,"사냥 흔적이 있어. 창 자국, 올가미, 모닥불 재. 최근 거야."
STORY_CH03_HARD_INTRO_07,관측망 틈에 생체 신호 하나. 일부러 관측망을 건드리면서 돌아다니고 있어.
STORY_CH03_HARD_INTRO_08,"보기만 하는 눈이라면, 우리가 할 일은 하나다. 이 땅에 밤을 되찾아 준다."
STORY_CH03_HARD_OUTRO_01,백야 관측체의 눈이 하나씩 감겼다. 평원 끝자락 위로 열두 해 만에 처음 해가 기울었다.
STORY_CH03_HARD_OUTRO_02,"……지켜보고 있으면, 아무도 사라지지 않을 줄…… 계속 보고 있으면……"
STORY_CH03_HARD_OUTRO_03,지켜보기만 해서는 붙잡을 수 없어. 손을 뻗어야지.
STORY_CH03_HARD_OUTRO_04,"하늘이 붉어졌다가 보랏빛이 되었고, 마침내 어두워졌다. 그 땅이 처음으로 제 그림자를 가졌다."
STORY_CH03_HARD_OUTRO_05,"……이게 밤이군. 사냥꾼한텐 제일 좋은 시간인데, 열두 해 동안 잊고 살았어."
STORY_CH03_HARD_OUTRO_06,와…… 어두운 게 이렇게 예쁠 줄 몰랐어요.
STORY_CH03_HARD_OUTRO_07,관측 기록 백이십만 장. 전부 흰 하늘뿐이야. 오늘 밤이 처음으로 다른 한 장이 되겠지.
STORY_CH03_HARD_OUTRO_08,"드란이다. 정했어, 너희랑 같이 간다. 사냥감은 늘 너희 앞에 제일 많을 테니까!"
STORY_CH03_HARD_OUTRO_09,"환영한다, 드란. 다음은 수몰 신호원이다. 밤길이 꽤 길 거다."
STORY_CH03_HARD_OUTRO_10,오늘은 좀 자자. 밤이 온 기념으로.
STORY_CH03_INTRO_01,잔광 폭풍 아래로 끝없는 유리 평원이 펼쳐졌다. 발을 디딜 때마다 발밑의 또 다른 발이 따라 디뎠다.
STORY_CH03_INTRO_02,"지평선까지 전부 유리야. 정찰할 게 없어서 편하긴 한데, 숨을 데도 없네."
STORY_CH03_INTRO_03,저기. 평원을 가로지르는 불빛. 야간열차야. 속도가 일정해. 멈출 기색이 없어.
STORY_CH03_INTRO_04,환자분이 말한 그 열차구나. 정말로 멈추지 않네.
STORY_CH03_INTRO_05,신호가 이상해. 같은 열차에서 같은 호출이 두 개씩 들어와. 한 박자씩 어긋나서.
STORY_CH03_INTRO_06,메아리 아니에요? 유리가 이렇게 반짝거리니까 소리도 튕기는 거죠!
STORY_CH03_INTRO_07,메아리라면 약해져야 해. 이건 두 신호의 세기가 똑같아.
STORY_CH03_INTRO_08,그때 발밑 유리 속에서 목소리가 올라왔다. 스피커는 어디에도 없었다.
STORY_CH03_INTRO_09,안내 말씀 드립니다. 유리평원 야간선에 오신 것을 환영합니다.
STORY_CH03_INTRO_10,승객 여러분의 사본도 함께 탑승하였습니다. 분실의 염려는 없습니다.
STORY_CH03_INTRO_11,분실의 염려가 없다…… 이상하게 다정한 말투라서 더 싫네.
STORY_CH03_INTRO_12,"……저기요, 유리 속에 제가 있어요. 근데 저보다 조금 늦게 움직여요."
STORY_CH03_INTRO_13,"사본이든 뭐든, 저 열차에 사람이 있으면 데리러 간다. 열차를 쫓는다."
STORY_CH03_INTRO_14,"멈추지 않는 열차를 쫓는다라…… 좋아, 달리기라면 내가 제일이지."
STORY_CH03_MID_A_01,선로를 따라 늘어선 거울판이 방금 끝난 전투를 되비추었다. 비친 모습들이 거울 밖으로 걸어 나왔다.
STORY_CH03_MID_A_02,"전투 기록을 복제하고 있어. 움직임, 무기, 버릇까지 전부."
STORY_CH03_MID_A_03,내 사본이 나보다 잘 쏘면 곤란한데. 자존심 문제라서.
STORY_CH03_MID_A_04,"……저 사본, 이상해. 내가 아까 가려다 만 오른쪽 길로 달려가."
STORY_CH03_MID_A_05,버린 선택까지 복제한 거야. 하지 않은 행동도 기록에 남아 있었어.
STORY_CH03_MID_A_06,"그럼 제가 아까 참았던 과충전 돌격도…… 와, 진짜 하고 있다."
STORY_CH03_MID_A_07,"마에루, 네 사본은…… 혼자 뒤쪽으로 달려가고 있어. 반대편 어둠으로."
STORY_CH03_MID_A_08,……그날 돌아가지 못한 방향이다. 상관없다. 후회라도 우리 거다. 우리 손으로 정리한다.
STORY_CH03_MID_A_09,야간열차의 기적이 멀리서 울렸다. 사본들이 일제히 그 소리 쪽으로 고개를 돌렸다.
STORY_CH03_MID_A_10,사본들이 전부 열차로 몰려가. 저 열차가 복제의 중심이야.
STORY_CH03_MID_B_01,사본들이 반 박자 늦게 쓰러졌다. 토아는 그 반 박자 사이에 표식 하나를 더 새겼다.
STORY_CH03_MID_B_02,합격. 전원 정박자. 의심해서 미안. 이 평원에선 인사보다 확인이 먼저라서.
STORY_CH03_MID_B_03,토아. 기술자야. 사본은 완벽해. 모양도 소리도. 다만 언제나 반 박자 늦지.
STORY_CH03_MID_B_04,그 반 박자로 진짜 열차와 복제 열차를 가르고 있었던 거야?
STORY_CH03_MID_B_05,"응. 진짜 열차에만 중계 표식을 새겨. 표식이 있는 열차를 따라가면, 사람이 있어."
STORY_CH03_MID_B_06,표식 신호가 잡혔어. 평원 전체에 열여덟 개. ……전부 혼자 새긴 거야?
STORY_CH03_MID_B_07,열아홉. 방금 하나 더 새겼으니까.
STORY_CH03_MID_B_08,"그 표식, 등로단과 같이 새기지 않겠나. 표식 하나에 사람 하나가 달려 있다면."
STORY_CH03_MID_B_09,"……반 박자면 진짜를 증명할 수 있어. 그 증명, 같이 쓰지."
STORY_CH03_MID_B_10,"항해 기록기가 빛났다. 세 번째 무늬가 새겨지는 순간, 토아가 눈을 가늘게 떴다."
STORY_CH03_MID_B_11,대운행국 최상위 규격이네. 나중에 뜯어 봐도 돼? ……농담. 다음 표식부터 가자.
STORY_CH03_OUTRO_01,유리 원수가 무너지자 선두 차량의 거울이 한꺼번에 깨졌다. 파편이 눈처럼 조용히 흩날렸다.
STORY_CH03_OUTRO_02,……사본은 다치지 않으니까…… 모두를 사본으로 만들면…… 아무도……
STORY_CH03_OUTRO_03,"아무도 다치지 않게, 였구나. ……치료할 수 없는 방식으로."
STORY_CH03_OUTRO_04,거울 뒤에 갇혀 있던 승객 이백여 명이 차례로 숨을 몰아쉬었다. 모두 진짜 체온이었다.
STORY_CH03_OUTRO_05,"다 진짜예요! 따뜻해요! 이리 씨, 이분들 맥박 좀 봐 주세요!"
STORY_CH03_OUTRO_06,"구조 신호가 전부 원본으로 돌아왔어. ……잠깐, 하나가 더 있어. 아주 오래된 신호야."
STORY_CH03_OUTRO_07,"여기는 수몰 신호원. 여기 아직 사람이 있어요. 누구든, 들리면……"
STORY_CH03_OUTRO_08,……이 신호 안에 표식이 있어. 내 표식이야.
STORY_CH03_OUTRO_09,네 표식이 저 호출을 실어 나른다고? 언제 새긴 거지?
STORY_CH03_OUTRO_10,평원을 빠져나간 단 한 대의 열차에 새긴 거야. 그 열차가…… 저기까지 갔어.
STORY_CH03_OUTRO_11,사본 서비스를 종료합니다. 항해자님께는 처음부터 필요 없으셨지요.
STORY_CH03_OUTRO_12,"……저 목소리, 갈수록 친한 척이 늘어."
STORY_CH03_OUTRO_13,"신경 쓰지 마. 호출이 먼저다. 수몰 신호원으로 간다. 토아, 네 열차도 찾자."
STORY_CH03_OUTRO_14,"……응. 표식이 있으면, 사람이 있어."
STORY_CH03_PREBOSS_01,선두 차량의 문이 열리자 벽도 바닥도 전부 거울이었다. 수백 명의 등로단이 일제히 무기를 들었다.
STORY_CH03_PREBOSS_02,로안이 스무 명쯤 보이네. 물론 제일 멋진 건 여기 있는 나고.
STORY_CH03_PREBOSS_03,박자 확인. 대부분 반 박자 늦어. ……그런데 몇몇은 정박이야. 원본의 박자를 훔쳤어.
STORY_CH03_PREBOSS_04,승객들의 구조 신호가 전부 거울 속에 갇혀 있어. 원본 승객 이백여 명이 저 뒤에 있어.
STORY_CH03_PREBOSS_05,거울 한가운데서 훈장을 단 유리 원수가 일어섰다. 그 몸 위로 등로단의 얼굴이 번갈아 비쳤다.
STORY_CH03_PREBOSS_06,열병을 시작합니다. 모든 승객은 하나의 반사면으로 정렬됩니다.
STORY_CH03_PREBOSS_07,"원본은 불필요합니다. 사본은 다치지 않고, 늙지 않고, 잃지 않습니다."
STORY_CH03_PREBOSS_08,"다치지 않는다고? 그건 치료할 필요가 없다는 거지, 살아 있다는 게 아니야."
STORY_CH03_PREBOSS_09,제 사본은 제가 참았던 돌격만 해요. 참은 건 저예요. 그게 저라고요!
STORY_CH03_PREBOSS_10,반 박자는 고르는 데 걸리는 시간이야. 사본엔 그 시간이 없어. 원본만 고를 수 있어.
STORY_CH03_PREBOSS_11,선택은 오차입니다. 오차를 정렬합니다.
STORY_CH03_PREBOSS_12,……반사 없음. 정렬 대상이 아닙니다. 항해자님께서는 비켜 주시기 바랍니다.
STORY_CH03_PREBOSS_13,"셋, 둘, 하나. ……좋아. 항해자 박자는 흔들리지 않네."
STORY_CH03_PREBOSS_14,"그 오차로 여기까지 왔다. 등로단, 원본의 박자로 간다."
STORY_CH03_PREBOSS_15,거울이 수백 장이라도 한가운데는 하나뿐이지. 한 발이면 충분해.
STORY_CH04_CAMP_01,불 위에 젖은 잠수복들이 걸렸다. 물비린내와 탄내가 섞여 신호원의 밤을 채웠다.
STORY_CH04_CAMP_02,단장. 아까 물 밑에서 나보다 먼저 뛰어들었지. 지휘관이 할 짓은 아니야.
STORY_CH04_CAMP_03,……늦는 건 한 번이면 충분하다고 생각했다.
STORY_CH04_CAMP_04,한 번? 당신도 늦은 적이 있어?
STORY_CH04_CAMP_05,"그 구조 작전 때. 무너지는 승강장에서, 나는 시오 없이 열차에 올랐어."
STORY_CH04_CAMP_06,그 밤 일은 아직 다 꺼내지 못하겠어. 남은 건 빈 좌석 하나뿐이다.
STORY_CH04_CAMP_07,……우린 둘 다 늦게 도착한 사람이네.
STORY_CH04_CAMP_08,"그래서 이번엔 늦지 않으려는 거다. 너도, 나도."
STORY_CH04_CAMP_09,……이상하네. 옆에 누가 있으니까 물 밑 생각이 좀 덜 나.
STORY_CH04_CAMP_10,고맙다. ……따뜻하군. 오랜만에.
STORY_CH04_CAMP_11,다들 잠깐. 전환장 수위가 밤새 오르고 있어. 기록 보관층부터 잠길 거야.
STORY_CH04_CAMP_12,그럼 새벽 전에 내려간다. 이번엔 늦지 않아.
STORY_CH04_HARD_INTRO_01,심해 수문 아래로 더 깊은 갱도가 이어졌다. 물빛 속에서 신호기 하나가 느리게 깜박였다.
STORY_CH04_HARD_INTRO_02,"깜박임 해독. 짧게 셋, 길게 셋. '오지 마시오.' 계속 같은 말이야."
STORY_CH04_HARD_INTRO_03,……구조대가 제일 싫어하는 신호야. 오지 말라는 곳엔 늘 누가 있었거든.
STORY_CH04_HARD_INTRO_04,신호기 근처에 생체 반응 하나. 호흡이 아주 느려. 물속에서 오래 버티는 호흡이야.
STORY_CH04_HARD_INTRO_05,잠수 호흡이네. 의무관들이 쓰는 방식이야. 누군가 저 아래서 일하고 있어.
STORY_CH04_HARD_INTRO_06,오지 말라는데 사람이 있다니. 그럼 가야죠!
STORY_CH04_HARD_INTRO_07,"오지 말라는 신호를 넘는다. 리브, 앞장서. 물속은 네가 제일 잘 안다."
STORY_CH04_HARD_INTRO_08,맡겨. 이번엔 제일 먼저 도착할게.
STORY_CH04_HARD_OUTRO_01,"심연 신호기의 빛이 잦아들었다. 물속이 잠깐, 완전한 어둠에 잠겼다."
STORY_CH04_HARD_OUTRO_02,……오지 마십시오…… 여기 오면…… 다시는 못 돌아가니까……
STORY_CH04_HARD_OUTRO_03,……역시. 쫓아내려던 게 아니었네요. 지키려던 거였어요.
STORY_CH04_HARD_OUTRO_04,회로는 살아 있어. 깜박임 패턴을 새로 쓸 수 있어. 무슨 말로 바꿀까?
STORY_CH04_HARD_OUTRO_05,'돌아와도 됩니다.' ……구조대가 제일 하고 싶었던 말이야.
STORY_CH04_HARD_OUTRO_06,"신호기가 다시 켜졌다. 짧게 둘, 길게 하나. 부드러운 빛이 물을 타고 수면 위까지 번졌다."
STORY_CH04_HARD_OUTRO_07,"……예뻐요. 이 신호라면, 다들 숨 크게 쉬고 올라올 수 있겠어요."
STORY_CH04_HARD_OUTRO_08,"저도…… 같이 가도 될까요. 천천히, 따라갈게요."
STORY_CH04_HARD_OUTRO_09,"천천히 와도 돼. 우리 중엔 너무 빠른 사람이 많으니까, 너 같은 사람이 꼭 필요해."
STORY_CH04_HARD_OUTRO_10,"환영한다, 메린. 물 위에서 보자."
STORY_CH04_INTRO_01,선로가 검은 물속으로 내려가 있었다. 수면 아래 신호소의 붉은 등이 느린 맥박처럼 깜박였다.
STORY_CH04_INTRO_02,여기 아직 사람이 있어요. 여기 아직…… 사람이 있어요.
STORY_CH04_INTRO_03,"같은 문장, 같은 간격. 사십 초마다 한 번. 열두 해 동안 한 번도 빠지지 않았어."
STORY_CH04_INTRO_04,선로 끝에서 들었던 흉내랑 비슷해요. 이것도 잔향체예요?
STORY_CH04_INTRO_05,아니. 잔향체 신호엔 표식이 없어. 이건 내 표식을 수신 경로로 쓰고 있어.
STORY_CH04_INTRO_06,누군가 토아의 표식 열차를 중계기로 삼았다는 거네. 발신원은 저 물 밑이야.
STORY_CH04_INTRO_07,물이 이렇게 차가운데…… 사람이 열두 해를 버틸 수 있을까.
STORY_CH04_INTRO_08,……그리고 호출 뒤에 숨소리가 없어. 사람 신호라면 숨을 쉬어야 하는데.
STORY_CH04_INTRO_09,수면이 떨렸다. 물속 스피커에서 올라온 목소리가 기포처럼 터졌다.
STORY_CH04_INTRO_10,안내 말씀 드립니다. 구조 요청이 접수되었습니다.
STORY_CH04_INTRO_11,구조대는 출발하지 않습니다. 승객 여러분께서는 물가에서 물러나 주십시오.
STORY_CH04_INTRO_12,"구조대가 출발하지 않는다고? 그거, 우리 들으라고 하는 소리지?"
STORY_CH04_INTRO_13,우리가 구조대다. 출발 여부는 우리가 정한다.
STORY_CH04_INTRO_14,"이리, 저체온 대비해 줘. 로안은 물 빠진 선로를 찾아. 사람이 있다면, 오늘 닿는다."
STORY_CH04_MID_A_01,반쯤 잠긴 관제실에 콘솔 하나가 아직 켜져 있었다. 화면에 같은 문장이 끝없이 올라왔다.
STORY_CH04_MID_A_02,"발신원은 이 콘솔이야. 사람이 아니라, 관제 기록이 스스로 호출을 재생하고 있어."
STORY_CH04_MID_A_03,로그를 열었어. 폐쇄 당일 기록. '수위 한계 초과. 구조대 파견 불가. 구조 포기.'
STORY_CH04_MID_A_04,그 뒤로 사십 초마다 마지막 수신 호출을 다시 틀고 있어. 열두 해 동안.
STORY_CH04_MID_A_05,"구조를 포기한 기록이, 포기한 목소리를 계속 듣고 있었던 거야. 벌받는 것처럼."
STORY_CH04_MID_A_06,"그럼 여기 사람은 없어요? 우리, 아무도 못 구하는 거예요?"
STORY_CH04_MID_A_07,구하지 못한 걸 잊지 못하는 기계라. 웬만한 사람보다 사람 같네.
STORY_CH04_MID_A_08,"헛걸음이라고 하기엔…… 저 목소리, 너무 진짜 같았는데."
STORY_CH04_MID_A_09,헛걸음 아니다. 기록도 구조 대상이다.
STORY_CH04_MID_A_10,"저 목소리의 주인이 어떻게 됐는지, 저 기록은 끝까지 알고 있을 거다. 물 밑까지 간다."
STORY_CH04_MID_B_01,수문 잠금이 걸리는 소리가 물속까지 울렸다. 리브는 그제야 문에서 손을 떼고 주저앉았다.
STORY_CH04_MID_B_02,팔 이리 줘. ……근육이 찢어지기 직전이야. 대체 얼마나 버틴 거야?
STORY_CH04_MID_B_03,하루? 사흘? 모르겠어. 이 문 뒤에 사람이 있을까 봐 손을 못 놓았어.
STORY_CH04_MID_B_04,"리브. 잠수 구조대였어. 열두 해 전, 이 신호원에 구조하러 왔었지. ……늦게."
STORY_CH04_MID_B_05,도착했을 땐 살아 있는 호출은 이미 끊긴 뒤였어. 그 뒤로 저 녹음만 남았지.
STORY_CH04_MID_B_06,늦게 온 사람은 떠날 자격도 없는 것 같아서. 여기 남았어.
STORY_CH04_MID_B_07,"늦었다고 멈추면, 그 사람들한테 가는 길도 멈춘다. 같이 가자, 리브."
STORY_CH04_MID_B_08,"……늦은 구조라도 끝까지 전할 거야. 이번엔, 도착하는 쪽이 되고 싶어."
STORY_CH04_MID_B_09,"항해 기록기가 네 번째로 빛났다. 물에 젖은 손목 위에서, 새 무늬는 이상하리만치 따뜻했다."
STORY_CH04_MID_B_10,넷. 공통점이 보이기 시작했어. ……아직 확신은 없지만.
STORY_CH04_MID_B_11,조수 전환장이 아래에 있어. 수위를 올려서 기록을 가라앉히려 해. 가자.
STORY_CH04_OUTRO_01,전환장의 톱니가 멈추자 물이 천천히 빠져나갔다. 젖은 기록 상자들이 하나씩 모습을 드러냈다.
STORY_CH04_OUTRO_02,……구하지 못한 목소리를 계속 듣는 건…… 너무…… 아파서……
STORY_CH04_OUTRO_03,아팠구나. 그래서 전부 가라앉히려 했던 거야. ……아픈 걸 아는 기계였네.
STORY_CH04_OUTRO_04,구조 기록 복원 중. 사백십이 건. 호출마다 마지막 수신처가 붙어 있어.
STORY_CH04_OUTRO_05,마지막 수신처…… 회백도시 봉쇄 관제소. 원래는 거기로 넘어갔어야 할 기록들이야.
STORY_CH04_OUTRO_06,"그럼 내가 가져간다. 늦었어도 전한다. 받을 사람이 아무도 없더라도, 끝까지."
STORY_CH04_OUTRO_07,리브는 젖은 기록 상자를 등에 졌다. 물 밑의 붉은 등이 그제야 꺼졌다.
STORY_CH04_OUTRO_08,……호출이 멈췄어요. 이제 조용하네요.
STORY_CH04_OUTRO_09,저 목소리는 이제 기다리지 않아도 된다. 우리가 데려가니까.
STORY_CH04_OUTRO_10,제4 노선 정리를 확인했습니다.
STORY_CH04_OUTRO_11,"다음 역은 회백도시입니다. 봉쇄 구역이오니, 항해자님께서는 부디 기억을 조심하십시오."
STORY_CH04_OUTRO_12,"기억을 조심하라니…… 저건 경고야, 협박이야?"
STORY_CH04_OUTRO_13,둘 다겠지. 그러니까 더 가 봐야 하고.
STORY_CH04_OUTRO_14,봉쇄 관제소라면 문이 닫혀 있겠지. 두드려서라도 전할 거야.
STORY_CH04_PREBOSS_01,최하층 전환장은 거대한 수문 톱니로 가득했다. 톱니가 돌 때마다 물이 한 뼘씩 차올랐다.
STORY_CH04_PREBOSS_02,수위 상승 분당 이 센티미터. 기록 보관실까지 십이 분.
STORY_CH04_PREBOSS_03,"보관실 안에 구조 기록 사백여 건. 호출한 사람, 받은 시각, 끝내 못 간 이유까지 전부."
STORY_CH04_PREBOSS_04,톱니 한가운데서 전환장이 몸을 일으켰다. 녹슨 전철기 팔들이 일제히 방향을 틀었다.
STORY_CH04_PREBOSS_05,수위 상승 절차를 개시합니다. 기록이 잠기면 후회도 잠깁니다.
STORY_CH04_PREBOSS_06,구하지 못한 목소리는 더 이상 재생되지 않습니다. 모두에게 이로운 조치입니다.
STORY_CH04_PREBOSS_07,"후회를 잠그겠다고? 그 기록 안에는 사람들이 있어. 이름이, 마지막 말이 있다고!"
STORY_CH04_PREBOSS_08,잊으면 편해지겠지. 그래도 그건 치료가 아니야. 상처를 물에 묻는 거지.
STORY_CH04_PREBOSS_09,제가 과충전하면 물이 끓을까요? ……안 되겠죠. 그냥 부술게요!
STORY_CH04_PREBOSS_10,톱니가 몇 개든 축은 하나야. 거기만 맞히면 돼.
STORY_CH04_PREBOSS_11,구조대 여러분은 퇴장해 주십시오. 이곳은 이미 포기된 구역입니다.
STORY_CH04_PREBOSS_12,포기는 열두 해 전 한 번으로 충분해. 이번엔 끝까지 간다.
STORY_CH04_PREBOSS_13,……좋아. 이번엔 혼자 버티지 않아도 되네.
STORY_CH04_PREBOSS_14,"보관실 수문, 내가 열게. 기록은 우리가 지킨다."
STORY_CH04_PREBOSS_15,십이 분이다. 기록이 잠기기 전에 끝낸다. 물속이라도 늦지 마라.
STORY_CH05_CAMP_01,회랑 끝 폐역사에 천막 마흔 동이 섰다. 재 냄새 사이로 끓인 보리죽 냄새가 번졌다.
STORY_CH05_CAMP_02,"이리, 3번 천막 할머니요. 폐 소리가 거칠어요. 기록 좀 맞춰 봐 줄래요?"
STORY_CH05_CAMP_03,"내 기록엔 호흡 정상인데…… 아, 재를 마신 날짜가 달라. 네 기록이 맞아."
STORY_CH05_CAMP_04,둘이 맞추니까 빠르네요. 혼자선 매일 밤 틀린 데가 없나 세어 봤거든요.
STORY_CH05_CAMP_05,"자, 분위기 좀 띄워 볼까? 재 내리는 도시에서 제일 잘 팔리는 게 뭘까요. 우산!"
STORY_CH05_CAMP_06,아무도 웃지 않았다. 천막 사이로 누군가 소리 죽여 우는 소리만 이어졌다.
STORY_CH05_CAMP_07,"……안 먹히네. 처음이야, 이런 거."
STORY_CH05_CAMP_08,여기 사람들은 열두 해 동안 문을 두드렸어. 우산 얘기로는 모자라.
STORY_CH05_CAMP_09,알아. 그래서 해 본 거야. 뭐라도 안 하면 이 무게에 깔릴 것 같아서.
STORY_CH05_CAMP_10,"……고마워, 항해자. 다음 농담은 제대로 된 걸로 준비해 둘게."
STORY_CH05_CAMP_11,"이름을 물어봐 주는 사람, 여기선 처음이에요. 다들 번호로만 불렸거든요."
STORY_CH05_CAMP_12,성채는 이 사람들을 숫자로 센다. 우리는 이름으로 센다. 내일 그 차이를 보여 준다.
STORY_CH05_HARD_INTRO_01,성벽 아래로 내려가자 재가 멎었다. 무너진 방청석과 판사석이 어둠 속에 줄지어 있었다.
STORY_CH05_HARD_INTRO_02,재판정이야. 대정전 다음 날부터 열렸어. 피고 명단은…… 전부 증인들이야.
STORY_CH05_HARD_INTRO_03,제 환자들 이름이 몇 개 있어요. 본 걸 말했다는 이유만으로요.
STORY_CH05_HARD_INTRO_04,증인을 벌주는 재판이라. 순서가 완전히 거꾸로네.
STORY_CH05_HARD_INTRO_05,판사석에 아직 신호가 돌아. 판결이 한 번도 멈추지 않았다는 뜻이야.
STORY_CH05_HARD_INTRO_06,위쪽 포대에서 조준음이 나. 누가 여길 겨누고 있어.
STORY_CH05_HARD_INTRO_07,판결을 멈춘다. 증인이 벌받는 법정은 오늘 문을 닫는다.
STORY_CH05_HARD_OUTRO_01,판사석의 불이 꺼졌다. 봉인 상자 수천 개가 한꺼번에 열리며 종이 스치는 소리가 법정을 채웠다.
STORY_CH05_HARD_OUTRO_02,"……위험한 기억을 가둬 두면, 도시는 조용히……"
STORY_CH05_HARD_OUTRO_03,증언 기록 사천여 건. 분류가 '위험물'에서 '공개'로 바뀌고 있어.
STORY_CH05_HARD_OUTRO_04,"이제 이 사람들이 본 걸, 도시 밖에서도 들을 수 있어요."
STORY_CH05_HARD_OUTRO_05,"……성문 연 거, 진짜 당신들이었구나. 포 겨눈 건 사과 안 해. 확인이 내 일이니까."
STORY_CH05_HARD_OUTRO_06,대신 하늘은 내가 봐 줄게. 방공포 조작수가 할 일이 아직 남은 것 같거든.
STORY_CH05_HARD_OUTRO_07,각도 지적한 건 사과할게. 한 발 맞은 걸로 쳐 줘.
STORY_CH05_HARD_OUTRO_08,"안 쳐 줘. 다음에 내가 더 잘 쏘면, 그때 쳐 줄게."
STORY_CH05_HARD_OUTRO_09,증언은 이제 제 발로 간다. 우리는 교량으로 간다.
STORY_CH05_INTRO_01,재가 눈처럼 내렸다. 회백도시의 성벽은 열두 해째 안쪽에서 두드려지고 있었다.
STORY_CH05_INTRO_02,수몰 신호원 기록의 마지막 수신처가 여기야. 늦은 건 알아. 그래도 전해야 해.
STORY_CH05_INTRO_03,두드리는 간격이 일정하지 않아. 기계 박자가 아니야. 사람 손이야.
STORY_CH05_INTRO_04,"성문은 봉쇄 모드, 틈이 없어. 담을 넘기엔 재가 너무 뜨겁고."
STORY_CH05_INTRO_05,문을 두드리는데 아무도 안 열어 줬다고요? 열두 해 동안요?
STORY_CH05_INTRO_06,성벽 안에서 신호 수백 개. 전부 같은 말을 보내고 있어. '들어 주세요.'
STORY_CH05_INTRO_07,안내 말씀 드립니다. 회백도시 봉쇄는 여러분을 보호하기 위한 것입니다.
STORY_CH05_INTRO_08,항해자님께서는 성벽 바깥에 머무르십시오. 안쪽은 이미 집계가 끝났습니다.
STORY_CH05_INTRO_09,집계가 끝났다라. 사람을 창고 재고처럼 말하네.
STORY_CH05_INTRO_10,두드리는 소리가 점점 약해져. 두드리는 손도 약해지고 있다는 뜻이야.
STORY_CH05_INTRO_11,"방송이 머물라고 하면, 우리는 두드리는 쪽으로 간다."
STORY_CH05_INTRO_12,성벽 밑에 배수로가 있어. 폭은 한 사람. 한 명씩 들어가야 해.
STORY_CH05_INTRO_13,"한 명씩 들어가서, 한 명도 빠짐없이 나온다. 안쪽 인원부터 센다."
STORY_CH05_MID_A_01,첫 격리동의 문에서 쇳내가 났다. 딱지에는 '감염 위험'이 아니라 '증언 보관'이라 적혀 있었다.
STORY_CH05_MID_A_02,감염 기록이 하나도 없어. 격리 사유는 전부 같아. '목격자.'
STORY_CH05_MID_A_03,"……병이 아니라, 본 것 때문에 가뒀다고?"
STORY_CH05_MID_A_04,열어 주지 않아도 돼요. 대신 들어 주세요. 우리가 본 걸.
STORY_CH05_MID_A_05,"그날 밤, 관제탑 불이 한꺼번에 켜졌어요. 그리고 누군가 서명했어요."
STORY_CH05_MID_A_06,서명이요? 무슨 서명을요? 누가요?
STORY_CH05_MID_A_07,"얼굴은 못 봤어요. 도시 전체가 그 빛을 봤고, 다음 날 성문이 닫혔어요."
STORY_CH05_MID_A_08,도시 하나가 통째로 증인이란 거네. 그러니 통째로 가뒀고.
STORY_CH05_MID_A_09,증언은 옮지 않는다. 문 열 방법을 찾는다. 먼저 이 사람들이 숨 쉴 공기부터.
STORY_CH05_MID_A_10,안쪽 구역에 부상자 신호가 모여 있어. 봉쇄 안에서 누가 치료를 계속하고 있어.
STORY_CH05_MID_B_01,마지막 봉합이 끝나자 바리케이드 뒤에서 스물세 사람의 숨소리가 고르게 이어졌다.
STORY_CH05_MID_B_02,이제 옮겨도 돼요. 세온이에요. 이 구역 현장 의무관이고요. 버텨 줘서 고마워요.
STORY_CH05_MID_B_03,혼자서 스물셋을? 약이며 붕대는 어디서 구했어?
STORY_CH05_MID_B_04,"폐기된 의료 명부요. 성채는 쓰레기로 분류했지만, 누가 어디 누웠는지 다 적혀 있어요."
STORY_CH05_MID_B_05,명부 좌표를 지도에 겹치면…… 성채 포격 범위 밖으로 회랑 하나가 이어져.
STORY_CH05_MID_B_06,"생존자 구역이랑 회랑을 가를 수 있어요. 성채는 사람을 세기만 하지, 누가 아픈지는 몰라요."
STORY_CH05_MID_B_07,피난 행렬을 이끌어 줘. 앞은 우리가 연다.
STORY_CH05_MID_B_08,"아뇨, 맨 뒤에 설게요. 마지막 환자까지 제가 봐야 하니까요. 그러려면 같이 가야겠네요."
STORY_CH05_MID_B_09,항해 기록기가 빛났다. 앞선 네 무늬 곁에 다섯 번째 무늬가 조용히 새겨졌다.
STORY_CH05_MID_B_10,다섯 개째. 합류할 때마다 늘어나네. 우연이라기엔 너무 성실한데.
STORY_CH05_MID_B_11,의미는 나중에 따진다. 회랑이 닫히기 전에 행렬을 움직인다.
STORY_CH05_OUTRO_01,포문이 하나씩 식어 갔다. 재 너머로 열두 해 만에 성문 여는 소리가 길게 울렸다.
STORY_CH05_OUTRO_02,"……집계를 종료합니다. 모두 셀 수 있으면, 아무도 사라지지……"
STORY_CH05_OUTRO_03,두드리던 손들이 멈췄다. 이천사백십 명이 처음으로 성벽 바깥의 공기를 마셨다.
STORY_CH05_OUTRO_04,"천천히요, 천천히! 걷기 힘든 분은 손 드세요. 제가 갈게요."
STORY_CH05_OUTRO_05,"……늦었지만, 전했다. 수몰 신호원의 기록, 봉쇄 관제소에 넣었어."
STORY_CH05_OUTRO_06,도시 예비 전력이 풀렸어. 그런데 흐름이 이상해. 전부 북동쪽으로 빨려 가.
STORY_CH05_OUTRO_07,하늘교량 쪽이야. 피난 전력이 교량으로 우회하고 있어. 거기서 누가 받아먹고 있어.
STORY_CH05_OUTRO_08,"항해자님, 이 도시는 그날 밤 당신의 명령을 목격했습니다."
STORY_CH05_OUTRO_09,방송은 그것으로 끊겼다. 광장을 메운 시선이 천천히 항해자에게 모였다.
STORY_CH05_OUTRO_10,"……명령이요? 항해자가요? 무슨 소리예요, 저거?"
STORY_CH05_OUTRO_11,"흔들어 보려는 거야. 신호 추적자로서 말하는데, 저건 증거가 아니라 방송이야."
STORY_CH05_OUTRO_12,"그날 밤 누가 무엇을 했든, 오늘 이 문을 연 건 항해자다. 그건 내가 봤다."
STORY_CH05_OUTRO_13,"증언은 제가 받아 적어 둘게요. 전부 모이면, 그때 판단해도 늦지 않아요."
STORY_CH05_OUTRO_14,하늘교량으로 간다. 이 도시 사람들이 언젠가 건너야 할 다리다.
STORY_CH05_PREBOSS_01,성채의 포문 백여 개가 일제히 회랑을 향해 돌았다. 내리던 재마저 멎은 듯 공기가 무거웠다.
STORY_CH05_PREBOSS_02,승객 여러분께 알려 드립니다. 생존자 수 집계를 완료하였습니다.
STORY_CH05_PREBOSS_03,집계 인원 이천사백십 명. 위협도 최상. 회랑을 포격 목표로 지정합니다.
STORY_CH05_PREBOSS_04,이천사백…… 제가 센 것보다 훨씬 많아요. 다른 구역에도 사람이 있었어요.
STORY_CH05_PREBOSS_05,위협도 산정 기준이 뒤틀렸어. 인원이 많을수록 올라가. 살아 있는 게 곧 위협이야.
STORY_CH05_PREBOSS_06,왜 사람을 세서 쏘는 거야? 성채는 도시를 지키려고 세운 거잖아!
STORY_CH05_PREBOSS_07,봉쇄 구역 밖으로 이동하는 인원은 미확인 인원입니다. 미확인 인원은 보호할 수 없습니다.
STORY_CH05_PREBOSS_08,보호할 수 없으면 없애겠다는 거냐. 늦게 온 나도 그런 말은 안 해.
STORY_CH05_PREBOSS_09,"포문 백 개라. 이쪽은 한 발이면 충분한데, 줄 서는 순서가 문제네."
STORY_CH05_PREBOSS_10,행렬은 제가 뒤에서 붙잡을게요. 한 명도 흩어지지 않게요.
STORY_CH05_PREBOSS_11,"과충전 완료! 저 포문들, 하나씩 합선시켜 줄게요!"
STORY_CH05_PREBOSS_12,길은 내가 연다. 성채 발밑까지.
STORY_CH05_PREBOSS_13,"회랑 앞에 선다. 포탄이 사람을 세기 전에, 우리가 먼저 선다."
STORY_CH06_CAMP_01,"무풍 구간 너머 교각 아래, 포대 불빛 둘이 나란히 켜졌다. 바람이 처음으로 잠잠했다."
STORY_CH06_CAMP_02,장약을 반 푼 줄이면 탄도가 눕잖아. 번개 기둥 맞힐 땐 그게 낫지 않아?
STORY_CH06_CAMP_03,눕히면 바람을 더 타오. 대신 한 발 더 쏘면 되지. 포병은 탄약을 아끼지 않소.
STORY_CH06_CAMP_04,난 한 발이면 충분하다는 주의라서. 철학의 차이네.
STORY_CH06_CAMP_05,철학이 아니라 보급의 차이요. 당신네 등로단은 가난하군.
STORY_CH06_CAMP_06,마에루가 불가를 떠나 항해자 곁에 앉았다. 한동안 말없이 교량 너머 어둠만 보았다.
STORY_CH06_CAMP_07,회백도시에서 관제가 한 말. 그날 밤 당신의 명령을 목격했다던 거. 신경 쓰이나?
STORY_CH06_CAMP_08,솔직하게 말해도 된다. 지금은 우리 둘뿐이다.
STORY_CH06_CAMP_09,……그래. 기억나지 않는 일로 사람을 재판하지는 않는다. 적어도 나는.
STORY_CH06_CAMP_10,"그날 밤 무엇을 했든, 오늘 저 행렬을 건너게 한 건 당신이다."
STORY_CH06_CAMP_11,"알고 싶다라. ……그 대답이 나올 줄 알았다. 용감하고, 무서운 대답이야."
STORY_CH06_CAMP_12,좋다. 진실이 어디 있든 같이 찾는다. 대신 혼자 가지는 마라.
STORY_CH06_CAMP_13,나도 그날 밤을 다 알지는 못한다. 우리가 누구를 데리러 갔는지조차 끝내 듣지 못했지.
STORY_CH06_CAMP_14,그러니 서로 모르는 걸로 서로를 재지 말자. 내일은 교량 끝이다.
STORY_CH06_HARD_INTRO_01,교량 아래로 내려가자 소리가 사라졌다. 폭풍의 눈 한가운데서 거대한 그림자가 번개를 모으고 있었다.
STORY_CH06_HARD_INTRO_02,폭풍 중심부야. 기압이 비정상적으로 낮아. 뭔가 폭풍을 붙잡고 있어.
STORY_CH06_HARD_INTRO_03,저 그림자는 대정전 전의 기상 제어 기관이오. 폭풍을 흩어 놓으라고 만든 것이오.
STORY_CH06_HARD_INTRO_04,흩어 놓는 대신 모아 놨네. 열두 해 치 폭풍을.
STORY_CH06_HARD_INTRO_05,교각 쪽에서 볼트 조이는 소리가 들려. 이 바람 속에서 누가……?
STORY_CH06_HARD_INTRO_06,폭풍 한복판에서 수리요? 그 사람 회로가 저보다 튼튼한 거 아니에요?
STORY_CH06_HARD_INTRO_07,"소리부터 확인한다. 폭풍 속에 사람이 있다면, 먼저 데려온다."
STORY_CH06_HARD_OUTRO_01,폭풍의 눈이 흩어졌다. 찢어진 구름 틈으로 차갑고 작은 빛들이 하나둘 떠올랐다.
STORY_CH06_HARD_OUTRO_02,"……폭풍을 붙잡고 있으면, 교량은 흔들리지……"
STORY_CH06_HARD_OUTRO_03,저거…… 별이에요? 진짜 별?
STORY_CH06_HARD_OUTRO_04,대정전 이후 관측 기록 없음. 열두 해 만에 처음 보이는 거야.
STORY_CH06_HARD_OUTRO_05,"……허어. 열두 해 동안 볼트만 보느라, 고개 드는 걸 잊었네."
STORY_CH06_HARD_OUTRO_06,"이제 교각은 알아서 버틸 거야. 나는 당신들을 좀 버텨 줄까 해. 천천히, 튼튼하게."
STORY_CH06_HARD_OUTRO_07,포병은 별을 보고 좌표를 잡았소. 이제 다시 그럴 수 있겠군.
STORY_CH06_HARD_OUTRO_08,건너간 행렬 사람들도 보고 있을까요. 다들 고개를 들었으면 좋겠어요.
STORY_CH06_HARD_OUTRO_09,별이 보이면 방향도 잡힌다. 북쪽이다.
STORY_CH06_INTRO_01,번개가 3초마다 떨어졌다. 구름 위에 뜬 하늘교량은 그 빛 속에서만 모습을 드러냈다.
STORY_CH06_INTRO_02,"교량 길이 사천이백 미터, 낙뢰 간격 3.1초. 쉬지 않고 건너도 스무 번은 맞아."
STORY_CH06_INTRO_03,교량 입구에 피난 행렬이 있어요. 천막이 낡았어요. 몇 해는 여기 있었나 봐요.
STORY_CH06_INTRO_04,건너려다 돌아온 사람들이야. 천막마다 빈자리가 있어.
STORY_CH06_INTRO_05,해마다 한 번씩 건너 봤어요. 그때마다 몇 명씩 저쪽에 닿지 못했고요.
STORY_CH06_INTRO_06,번개라면 제 전문인데요! 제가 먼저 맞으면서 건너 볼까요?
STORY_CH06_INTRO_07,"에다, 그건 전문이 아니라 무모야. 네가 피뢰침이 되면 우린 누굴 데리고 돌아가."
STORY_CH06_INTRO_08,안내 말씀 드립니다. 하늘교량 통행료를 징수합니다.
STORY_CH06_INTRO_09,항해자님께서는 면제입니다. 승객 여러분은 정해진 요금을 지불하시기 바랍니다.
STORY_CH06_INTRO_10,"면제래. 항해자만. ……저 방송, 갈수록 편애가 노골적이네."
STORY_CH06_INTRO_11,교량 반대편 끝에서 전력 흡입 신호가 잡혀. 회백도시 전력이 거기로 빨려 가.
STORY_CH06_INTRO_12,"요금이 무엇인지부터 알아낸다. 사람 목숨이라면, 한 푼도 내지 않는다."
STORY_CH06_INTRO_13,행렬에 환자가 서른둘이야. 여기서 또 한 해를 기다릴 수는 없어.
STORY_CH06_INTRO_14,"로안, 첫 번째 교각까지. 번개 사이로 길을 재."
STORY_CH06_MID_A_01,첫 교각의 제어함은 뜨거웠다. 번개가 칠 때마다 계기판의 숫자가 하나씩 올라갔다.
STORY_CH06_MID_A_02,번개 한 번에 카운터가 하나씩 올라. 날씨가 아니야. 건너는 사람을 세는 장치야.
STORY_CH06_MID_A_03,교량 개통 때 설치한 자동 통행료 징수기야. 원래는 전력 요금을 걷던 장치고.
STORY_CH06_MID_A_04,그런데 이 사람들 생체 신호가…… 건널 때마다 조금씩 깎였어요. 기록에 다 남아 있어요.
STORY_CH06_MID_A_05,심박 기록이 계단처럼 내려가. 요금을 전기가 아니라 사람한테서 걷고 있어.
STORY_CH06_MID_A_06,"언니는 세 번 건넜어요. 세 번째에, 저쪽 끝에서 쓰러졌어요."
STORY_CH06_MID_A_07,……요금이 쌓인다는 거야. 건널수록 줄어들어.
STORY_CH06_MID_A_08,그럼 한 번에 전부 건넌다. 두 번 건너는 사람이 없도록.
STORY_CH06_MID_A_09,"저기, 포대 쪽에서 포성이야. 누가 혼자서 번개랑 싸우고 있어."
STORY_CH06_MID_B_01,아흔 번째 초에 포대가 울렸다. 번개 기둥 셋이 동시에 포탄에 맞아 빛을 잃었다.
STORY_CH06_MID_B_02,"탄착 확인. 좌표를 번개 기둥에 겹쳤소. 이제 한 번, 바람이 멎는 구간이 생길 거요."
STORY_CH06_MID_B_03,"무풍 구간, 지속 시간 이백사십 초. 행렬 전체가 건너기엔 빠듯해."
STORY_CH06_MID_B_04,빠듯한 게 아니라 정확한 거요. 계산은 끝났소. 걸음만 맞추면 되오.
STORY_CH06_MID_B_05,"포탄으로 번개를 끄다니. 한 발이면 충분하다는 말, 나보다 어울리는 사람이 있었네."
STORY_CH06_MID_B_06,한 발로 모자라 삼백 발을 쐈소. 열두 해 동안 이 교량을 혼자 겨눴으니.
STORY_CH06_MID_B_07,혼자서요? 왜 혼자서……
STORY_CH06_MID_B_08,포는 정확하지만 누가 아직 못 건넜는지는 모르오. 그걸 들을 사람의 귀가 필요했소.
STORY_CH06_MID_B_09,"당신들에겐 그 귀가 있소. 이 포대, 당신들 편성에 넣으시오. 교량 끝까지 엄호하겠소."
STORY_CH06_MID_B_10,"항해 기록기가 빛났다. 여섯 번째 무늬가 새겨지는 동안, 번개가 한 박자 늦게 떨어졌다."
STORY_CH06_MID_B_11,"행렬을 깨운다. 이백사십 초 안에, 한 사람도 남기지 않고 건넌다."
STORY_CH06_OUTRO_01,변전탑이 마지막 불꽃을 토했다. 번개가 멎자 사천이백 미터의 교량이 처음으로 고요해졌다.
STORY_CH06_OUTRO_02,"……교량 해제를 취소합니다. 아무도 건너지 않으면, 아무도 떨어지지……"
STORY_CH06_OUTRO_03,"볼트 열두 개, 용접 완료. 교량 고정을 확인했소."
STORY_CH06_OUTRO_04,행렬의 마지막 수레가 교량 끝에 닿았다. 천여 명이 한 사람도 빠짐없이 건넜다.
STORY_CH06_OUTRO_05,변전탑이 삼키던 회백도시 전력도 돌아가. 이제 교량 불빛이 도시까지 이어질 거야.
STORY_CH06_OUTRO_06,언니가 못 건넌 다리를…… 제가 건넜어요. 제 발로요.
STORY_CH06_OUTRO_07,명단 대조 끝났어요. 한 명도 안 빠졌어요. 한 명도요.
STORY_CH06_OUTRO_08,집정관의 최초 명령을 찾았어. '교량 붕괴 사고 재발 방지.' 대정전 날 한 번 무너졌대.
STORY_CH06_OUTRO_09,그 뒤로 사람 수를 세기 시작한 거야. 적게 건널수록 안전하다고.
STORY_CH06_OUTRO_10,그러다 아무도 못 건너게 만들었고. ……착한 의도로 쌓은 벽이 제일 높네.
STORY_CH06_OUTRO_11,잠깐. 북쪽 설원에서 방송이 잡혀. 똑같은 계수 명령이야. 거기서도 사람을 세고 있어.
STORY_CH06_OUTRO_12,"북부 설원 노선은 대기 절차 중입니다. 항해자님, 서두르실 필요 없습니다."
STORY_CH06_OUTRO_13,"서두를 필요 없다는 방송이 나오면, 서둘러야 한다는 뜻이다."
STORY_CH06_OUTRO_14,설원이라. 포신이 얼겠군. 그래도 가겠소. 이제 내 귀는 당신들 편이니.
STORY_CH06_OUTRO_15,"북쪽으로. 거기 누가 기다리고 있다면, 이미 너무 오래 기다렸다."
STORY_CH06_PREBOSS_01,"교량 중앙 변전탑. 공기에 쇳내가 가득했고, 발밑 교량이 신음하듯 기울기 시작했다."
STORY_CH06_PREBOSS_02,통행 안내입니다. 금일 통행 인원이 허용 부하를 초과하였습니다.
STORY_CH06_PREBOSS_03,통행자가 없으면 부하도 없습니다. 지금부터 교량을 해제합니다.
STORY_CH06_PREBOSS_04,고정 볼트가 풀리고 있어! 행렬 뒤쪽 절반이 아직 교량 위야!
STORY_CH06_PREBOSS_05,뒤쪽엔 환자들이 있어요. 뛰지 못하는 분들이에요!
STORY_CH06_PREBOSS_06,포대 전환. 볼트 열두 개를 번개로 용접하겠소. 계산할 시간이 필요하오.
STORY_CH06_PREBOSS_07,통행료 미납 승객이 있습니다. 미납 승객은 교량과 함께 정산됩니다.
STORY_CH06_PREBOSS_08,정산? 사람을 교량째로 떨어뜨리는 걸 정산이라고 부르나.
STORY_CH06_PREBOSS_09,"아델린, 계산해. 그동안 저건 내가 붙잡아 둘게. 포병 둘이면 번개도 줄을 서겠지."
STORY_CH06_PREBOSS_10,"번개랑 번개가 붙으면 누가 이기는지, 오늘 확실히 보여 줄게요!"
STORY_CH06_PREBOSS_11,행렬 무전은 내가 잡을게. 한 명도 멈추지 말라고 계속 말할 거야.
STORY_CH06_PREBOSS_12,변전탑까지 사십 미터. 번개 사이로 길을 열게.
STORY_CH06_PREBOSS_13,교량이 무너지기 전에 저걸 무너뜨린다. 간다.
STORY_CH07_CAMP_01,"얼음 동굴에서 에다의 손끝이 파랗게 번쩍였다. 젖은 장작에서 연기가 먼저, 불이 나중에 올랐다."
STORY_CH07_CAMP_02,과충전 점화 성공! 봤죠? 제 회로는 추위 따위에 안 죽어요!
STORY_CH07_CAMP_03,대신 에다 씨 손끝이 얼었어요. 이리 줘요. 녹이면서 붕대 감을게요.
STORY_CH07_CAMP_04,"키르, 방송 파동 봤어? 11초 주기 안에 다른 파동이 겹쳐 있어. 목소리가 여럿이야."
STORY_CH07_CAMP_05,봤다. 스물여섯 개. 합성이 아니다. 숨소리가 있다. 합성은 숨을 쉬지 않는다.
STORY_CH07_CAMP_06,"항해자. 대기 명령이 내려오면, 너는 기다리겠나, 걸어 나오겠나."
STORY_CH07_CAMP_07,합리적이다. 살아 있어야 다음 명령도 거부할 수 있다.
STORY_CH07_CAMP_08,……비합리적이다. 그런데 이 등로단은 전부 그쪽이군.
STORY_CH07_CAMP_09,"불가 건너편에서 소렌이 마에루에게 다가갔다. 목소리를 낮췄지만, 동굴은 좁았다."
STORY_CH07_CAMP_10,"단장. ……시오 얘기, 꺼내도 돼? 이 방송을 듣고 있으면 자꾸 생각나서."
STORY_CH07_CAMP_11,……지금은 안 된다. 방송이 너무 시끄럽다. 저걸 끄고 나서.
STORY_CH07_CAMP_12,알았어. 그럼 빨리 끄자. 망설이지 말고.
STORY_CH07_HARD_INTRO_01,"한 걸음 내딛자 세상이 지워졌다. 하늘도 땅도 없이, 흰빛만이 사방에서 똑같이 밝았다."
STORY_CH07_HARD_INTRO_02,……위아래도 모르겠어. 내 발이 어디 닿아 있는지도.
STORY_CH07_HARD_INTRO_03,백시다. 모든 방향음을 같은 세기로 뿌리는 송신기가 있다. 눈보다 귀가 먼저 멀었다.
STORY_CH07_HARD_INTRO_04,나침반 바늘이 멈추질 않아. 방향 자체가 지워지고 있어.
STORY_CH07_HARD_INTRO_05,이런 데선 포를 못 쏘오. 겨눌 방향이 없으니.
STORY_CH07_HARD_INTRO_06,다들 손 잡아요. 여기서 흩어지면 다시는 못 찾아요.
STORY_CH07_HARD_INTRO_07,"몸을 줄로 묶는다. 키르가 앞에 서고, 맨 끝은 내가 선다."
STORY_CH07_HARD_OUTRO_01,송신기가 부서지자 흰빛이 걷혔다. 멀리 산등성이 하나가 검은 선으로 떠올랐다.
STORY_CH07_HARD_OUTRO_02,"……모든 길을 똑같이 비추면, 아무도 잘못 가지……"
STORY_CH07_HARD_OUTRO_03,나침반 고정. 북쪽이 돌아왔어.
STORY_CH07_HARD_OUTRO_04,방향음 하나. 진짜다. 바람이 산에 부딪히는 소리다.
STORY_CH07_HARD_OUTRO_05,……산이다. 열두 해 동안 저 산을 못 봤어. 바로 앞에 있었는데.
STORY_CH07_HARD_OUTRO_06,"키안이 짧게 웃었다. 입김이 흩어지는 짧은 순간이었지만, 누구도 그 웃음을 놓치지 않았다."
STORY_CH07_HARD_OUTRO_07,뭘 봐. 웃을 수도 있지. ……같이 가 줄게. 너희 구조대가 진짜 오는지 옆에서 보려고.
STORY_CH07_HARD_OUTRO_08,그럼 제일 가까이서 봐요. 이번엔 오니까요.
STORY_CH07_HARD_OUTRO_09,방향이 돌아왔다. 이제 하늘의 붉은빛을 쫓는다.
STORY_CH07_INTRO_01,"눈보라가 모든 소리를 삼켰다. 단 하나, 설원 전체에 울리는 방송만은 삼키지 못했다."
STORY_CH07_INTRO_02,방송 주기 11초. 문구는 하나뿐이야. '대기하십시오.' 열두 해 동안 한 글자도 안 바뀌었어.
STORY_CH07_INTRO_03,포신이 얼기 시작했소. 이 추위라면 한 시간에 세 발이 한계요.
STORY_CH07_INTRO_04,추우니까 회로가 느려져요…… 말도 느려지는 것 같고요……
STORY_CH07_INTRO_05,방향 신호가 엉망이야. 구조 신호가 사방에서 똑같은 세기로 들어와.
STORY_CH07_INTRO_06,"눈 위에 발자국 하나 없어. 정찰 담당으로서 말하는데, 여기선 길을 못 열겠어."
STORY_CH07_INTRO_07,안내 말씀 드립니다. 구조대는 현 위치에서 대기하십시오.
STORY_CH07_INTRO_08,"항해자님, 추우시겠습니다. 움직이지 않으시면 체온 손실이 줄어듭니다."
STORY_CH07_INTRO_09,관제가 이젠 건강 걱정까지 해 주네. 친절이 제일 무서워.
STORY_CH07_INTRO_10,마에루는 방송이 들려오는 쪽을 오래 바라보았다. 입김만이 하얗게 흩어졌다.
STORY_CH07_INTRO_11,기다리라는 말은 들을 만큼 들었다. 방송이 어디서 나오는지 찾는다.
STORY_CH07_INTRO_12,"두 시간마다 체온을 잴게요. 동상은 참는다고 낫는 게 아니에요. 다들, 거절하지 마세요."
STORY_CH07_INTRO_13,방송 반사파가 한곳에 모여. 눈 밑이야. 송신소가 통째로 묻혀 있어.
STORY_CH07_INTRO_14,눈 밑으로 간다. 열두 해 묵은 방송을 끄러.
STORY_CH07_MID_A_01,꺼진 모닥불 터를 둘러싸고 배낭 일곱 개가 둥글게 놓여 있었다. 그 위로 눈이 열두 해를 쌓았다.
STORY_CH07_MID_A_02,"무전기 기록이 살아 있어. 마지막 교신은 구조대 일곱 명. '생존자 발견, 귀환 요청.'"
STORY_CH07_MID_A_03,귀환 요청에 온 답신이 전부 같아. '대기하십시오.' 사백 번이 넘어.
STORY_CH07_MID_A_04,생존자를 찾아 놓고 데려가지 못한 거야. 그 명령 때문에.
STORY_CH07_MID_A_05,철수 명령이 아니었어. 무한 대기 명령이야. 구조대가 돌아오지 못하게 붙잡아 두는.
STORY_CH07_MID_A_06,군에서는 대기 명령을 어기면 탈영이오. 이 사람들은…… 끝까지 명령을 지킨 거요.
STORY_CH07_MID_A_07,마에루가 배낭 하나의 끈을 말없이 여몄다. 아무도 그 손에 대해 묻지 않았다.
STORY_CH07_MID_A_08,"……명령을 지키다가, 돌아오지 못했다."
STORY_CH07_MID_A_09,방송 잡음 사이로 다른 주파수가 끼어들어. 누가 이 방송을 잘라 내고 있어.
STORY_CH07_MID_A_10,그 주파수를 따라간다. 방송을 거스르는 쪽이 사람이다.
STORY_CH07_MID_B_01,"마지막 가짜 목소리가 끊기자, 눈보라 속에 가느다란 주파수 하나만 남았다."
STORY_CH07_MID_B_02,키르다. 대운행국 북부 통신대 신호 분석관이었다. 방송을 거꾸로 추적해 여기까지 왔다.
STORY_CH07_MID_B_03,혼자서 방향음을 전부 판별했다고? 몇 개나?
STORY_CH07_MID_B_04,"사천백이십 개. 그중 진짜는 없었다. 열두 해 동안, 하나도."
STORY_CH07_MID_B_05,나도 대기 명령을 받았다. 통신대 전원이 명령이 바뀌기를 기다렸다.
STORY_CH07_MID_B_06,……다른 분들은요?
STORY_CH07_MID_B_07,기다리다 끝났다. 나는 명령을 어기고 걸어 나왔다. 그래서 살았다.
STORY_CH07_MID_B_08,"다시는 죽은 명령을 기다리지 않는다. 그 방송을 끄는 데까지, 너희와 간다."
STORY_CH07_MID_B_09,"항해 기록기가 빛났다. 일곱 번째 무늬가 새겨지며, 손목 위에 쌓인 눈이 녹았다."
STORY_CH07_MID_B_10,"일곱 개. 합류 순서 그대로야. 키르, 이 무늬 신호 분석할 수 있어?"
STORY_CH07_MID_B_11,지금은 못 한다. 하지만 거짓 신호는 아니다. 그것만은 단언한다.
STORY_CH07_MID_B_12,송신소까지 키르의 주파수로 간다. 다른 소리에 한눈팔지 마라.
STORY_CH07_OUTRO_01,스피커가 하나씩 얼어붙으며 꺼졌다. 열두 해 동안 울리던 '대기하십시오'가 마침내 멎었다.
STORY_CH07_OUTRO_02,"……대기 성가를 종료합니다. 기다리면, 아무도 길을 잃지……"
STORY_CH07_OUTRO_03,정적이 내렸다. 눈송이가 떨어지는 소리까지 들릴 만큼 조용했다.
STORY_CH07_OUTRO_04,대기 명령 해제 확인. 북부 전 채널이 비었다. ……열두 해 만이다.
STORY_CH07_OUTRO_05,성가대장의 최초 명령을 찾았어. '구조대원 전원 무사 귀환.' 폭풍에서 길을 잃지 않게 붙잡아 두려던 거야.
STORY_CH07_OUTRO_06,무사 귀환을 위해 귀환을 막았다. 논리가 한 바퀴 돌아서 제자리야.
STORY_CH07_OUTRO_07,목소리 스물여섯. 구조대 기록에 이름을 하나씩 되돌려 놓는다. ……시오 것도.
STORY_CH07_OUTRO_08,단장. 아까 그거…… 이제 얘기해도 돼?
STORY_CH07_OUTRO_09,아직 다 말할 수는 없다. 하지만 이제 그 목소리가 무섭지는 않다.
STORY_CH07_OUTRO_10,"그때, 비어 있던 구조 채널에 새 신호가 들어왔다. 눈보라 너머 하늘에서 붉은빛이 깜박였다."
STORY_CH07_OUTRO_11,긴급 신호야! 구조 채널이야. 발신지는…… 하늘. 궤도 위야.
STORY_CH07_OUTRO_12,저 붉은 고리는 대정전 전의 채굴환이오. 고도가 떨어지고 있소. 추락 궤도요.
STORY_CH07_OUTRO_13,"궤도 유지 절차가 진행 중입니다. 항해자님, 올려다보지 않으셔도 됩니다."
STORY_CH07_OUTRO_14,구조 채널로 부르면 간다. 그게 우리 규칙이다. 기다리라는 말은 이제 안 듣는다.
STORY_CH07_PREBOSS_01,"묻힌 송신소의 중앙 홀. 얼음 기둥마다 스피커가 박혀 있었고, 그 한가운데 성가대장이 서 있었다."
STORY_CH07_PREBOSS_02,잠시 안내 방송이 있겠습니다. 지금부터 대기 성가를 시작합니다.
STORY_CH07_PREBOSS_03,구조대 여러분의 목소리로 안내합니다. 대기하십시오. 돌아오지 마십시오.
STORY_CH07_PREBOSS_04,스물여섯 개의 목소리가 한꺼번에 울렸다. 얼음 기둥이 그 울림에 맞춰 떨었다.
STORY_CH07_PREBOSS_05,구조대의 목소리다. 교신 녹음을 잘라 붙여서 명령으로 만들었다.
STORY_CH07_PREBOSS_06,"……대기해, 마에루. 거기 있어. 내가 갈게."
STORY_CH07_PREBOSS_07,마에루의 방패가 눈 위로 떨어졌다. 단장이 방패를 놓치는 것을 일행은 처음 보았다.
STORY_CH07_PREBOSS_08,……시오. 그 목소리…… 그날 무전 너머로 듣던……
STORY_CH07_PREBOSS_09,단장! 저건 녹음이야! 시오가 아니라고!
STORY_CH07_PREBOSS_10,대기하십시오. 기다리면 다시 만날 수 있습니다. 움직이면 길을 잃습니다.
STORY_CH07_PREBOSS_11,항해자가 마에루의 손을 잡았다. 차가운 장갑 너머로 떨림이 전해졌다.
STORY_CH07_PREBOSS_12,……따뜻하군. 녹음에는 온도가 없지.
STORY_CH07_PREBOSS_13,항해자가 마에루와 성가대장 사이로 걸어 나갔다. 스물여섯 목소리의 합창이 한 박자 흐트러졌다.
STORY_CH07_PREBOSS_14,"……항해자가 앞에 서 있는데, 단장이 주저앉아 있을 수는 없지."
STORY_CH07_PREBOSS_15,시오는 기다리라고 한 적 없다. 그날도 먼저 달려간 건 시오였다.
STORY_CH07_PREBOSS_16,마에루가 눈 속에서 방패를 주워 들었다. 방패 가장자리의 등불이 다시 켜졌다.
STORY_CH07_PREBOSS_17,방패 뒤로 모여라. 저 목소리들을 주인에게 돌려준다. 성가는 여기서 끝이다.
STORY_CH08_CAMP_01,"정련소 휴게실. 창밖으로 행성의 굽은 지평선이 보였고, 그 아래 어딘가에 정착지의 불빛이 있었다."
STORY_CH08_CAMP_02,"항해자, 기록기 좀 볼게. ……여덟 개. 베라부터 레마까지, 합류 순서 그대로야."
STORY_CH08_CAMP_03,"규칙이 있어. 노선마다 하나. 누가, 왜 이런 규칙을 만들었는지는 모르지만."
STORY_CH08_CAMP_04,동의한다. 무작위라면 이렇게 정렬될 확률은 없다. 누군가 설계한 규칙이다.
STORY_CH08_CAMP_05,불빛 반대편에 레마가 마에루와 나란히 앉았다. 두 수호자의 방패가 벽에 나란히 기대어 있었다.
STORY_CH08_CAMP_06,"단장, 설원에서 흔들렸다며. 창피한 일 아니야. 지휘하는 사람은 모두의 무게를 드니까."
STORY_CH08_CAMP_07,"……사람을 세는 게 내 일이다. 한 명이라도 모자라면, 그 한 명이 제일 무겁다."
STORY_CH08_CAMP_08,"고리를 붙들 때 무서운 건 무게가 아니라 혼자라는 거였어. 근데 단장, 봐. 방패가 두 개야."
STORY_CH08_CAMP_09,"항해자. 당신은 어떻지. 그 기록기, 무겁지 않나."
STORY_CH08_CAMP_10,그럼 나눠 들자. 방패는 원래 그러라고 있는 거야.
STORY_CH08_CAMP_11,……솔직하군. 무거워지면 말해. 그때는 같이 든다.
STORY_CH08_CAMP_12,"내일은 굴착 중심부다. 짐은 나눠 들고, 내려올 때는 전부 같이 내려온다."
STORY_CH08_HARD_INTRO_01,고리의 그늘진 뒷면에 폐기된 위성과 궤도 차량이 산처럼 쌓여 있었다. 파편이 천천히 돌았다.
STORY_CH08_HARD_INTRO_02,궤도 폐기장이다. 파편 수 추정 불가. 일부는 아직 추락 궤도 위에 있다.
STORY_CH08_HARD_INTRO_03,여기 파편이 떨어지면 정착지도 안전하지 않아. 고리만 막았다고 끝난 게 아니야.
STORY_CH08_HARD_INTRO_04,발 디딜 데가 전부 떠다니네. 정찰로가 아니라 징검다리야.
STORY_CH08_HARD_INTRO_05,폐기장 한가운데 뭔가 파편을 삼키고 있어. 삼킨 만큼 궤도가 흔들려.
STORY_CH08_HARD_INTRO_06,파편 사이 어디서 숫자 세는 소리가 들려. 사람 목소리야.
STORY_CH08_HARD_INTRO_07,"파편 하나까지 확인한다. 떨어질 게 남아 있으면, 끝난 게 아니다."
STORY_CH08_HARD_OUTRO_01,아가리가 닫힌 채 멈췄다. 삼켜졌던 파편들이 천천히 흩어지며 저마다의 궤도를 되찾았다.
STORY_CH08_HARD_OUTRO_02,"……떨어지는 걸 전부 삼키면, 아래는 다치지……"
STORY_CH08_HARD_OUTRO_03,재계산 끝. 파편 사만 이천백여덟 개. 대기권에서 다 타 버릴 확률 99.97퍼센트.
STORY_CH08_HARD_OUTRO_04,나머지 0.03퍼센트는 바다로. 도시에 떨어질 파편은 영 개. ……영이야. 확인했어.
STORY_CH08_HARD_OUTRO_05,고마워. 당신 숫자가 오늘 들은 말 중에 제일 듣기 좋았어.
STORY_CH08_HARD_OUTRO_06,숫자는 말이 아니라 사실이야. ……근데 너희를 따라가면 계산할 게 더 많겠어. 나도 갈래.
STORY_CH08_HARD_OUTRO_07,계산을 교차 검증할 사람이 생겼군. 환영한다.
STORY_CH08_HARD_OUTRO_08,"정착지 사람들, 오늘 밤엔 하늘 걱정 없이 잘 수 있겠네요."
STORY_CH08_HARD_OUTRO_09,떨어질 것은 이제 없다. 역무국으로 내려간다.
STORY_CH08_INTRO_01,하늘에 붉은 고리가 걸려 있었다. 고리에서 떨어지는 분진이 설원 끝을 녹슨 빛으로 물들였다.
STORY_CH08_INTRO_02,"구조 채널 신호, 반복 중. 내용은 숫자 하나다. 추락까지 남은 시간, 71시간."
STORY_CH08_INTRO_03,채굴환 고도가 시간당 이백 미터씩 떨어져. 키르 계산이 맞아.
STORY_CH08_INTRO_04,추락 예상 반경 안에 정착지가 셋이오. 그중 하나는…… 하늘교량 남단이오.
STORY_CH08_INTRO_05,교량을 건넌 사람들이 사는 곳이에요. 천여 명이요. 겨우 건넜는데……
STORY_CH08_INTRO_06,안내 말씀 드립니다. 궤도 유지를 위해 연료를 보충합니다. 승객 여러분의 협조에 감사드립니다.
STORY_CH08_INTRO_07,협조라니. 우리가 언제 협조했다고. ……연료가 뭔지부터 알아내야겠네.
STORY_CH08_INTRO_08,궤도 승강 선로가 아직 살아 있어. 고리까지 올라갈 수 있어. 편도일 수도 있지만.
STORY_CH08_INTRO_09,"하늘로 가는 열차요? 우와…… 아, 지금 우와할 때가 아니죠. 죄송해요."
STORY_CH08_INTRO_10,"아니, 우와할 때 맞아. 무서울 땐 우와라도 해야 발이 떨어지지."
STORY_CH08_INTRO_11,이번엔 떨어지기 전에 도착한다. 두 번은 늦지 않아.
STORY_CH08_INTRO_12,승강 선로의 등불이 하나씩 켜지며 구름 위로 이어졌다. 끝은 붉은 고리 속으로 사라졌다.
STORY_CH08_INTRO_13,"71시간. 셀 수 있는 시간이 남았다는 건, 아직 늦지 않았다는 뜻이다. 올라간다."
STORY_CH08_MID_A_01,"채굴환 외곽 정련소. 용광로는 붉게 타올랐지만, 투입구에 쌓인 것은 광석이 아니었다."
STORY_CH08_MID_A_02,투입 기록…… '연료 품목: 기억 결정.' 광석이 아니야. 기억을 태워서 떠 있는 거야.
STORY_CH08_MID_A_03,"분진 분석 끝났다. 신호 잔해다. 이름, 목소리, 날짜가 전부 탄 채로 섞여 있다."
STORY_CH08_MID_A_04,그럼 저 붉은 가루가…… 전부 누군가의 기억이라는 거야?
STORY_CH08_MID_A_05,설원에 내린 붉은 눈도요. 그걸 맞은 사람들이 뭘 잊었는지는 아무도 몰라요.
STORY_CH08_MID_A_06,결정마다 출처가 찍혀 있어. 노선 번호가 스무 개가 넘어. 여러 도시에서 거둔 거야.
STORY_CH08_MID_A_07,누가 자기 기억을 연료로 내줘요? 억지로 가져간 거죠?
STORY_CH08_MID_A_08,"기록상으로는 '자발적 기증'. 대정전 직후, 괴로운 기억을 덜어 준다는 명목이었어."
STORY_CH08_MID_A_09,덜어 준 게 아니라 태운 거다. 남은 결정이 있으면 전부 회수한다.
STORY_CH08_MID_A_10,무게추 구역에 거대한 방어 신호. 누군가 고리 전체를 붙들고 있어.
STORY_CH08_MID_B_01,잔향 떼가 흩어진 뒤에도 레마는 방패를 놓지 않았다. 대신 어깨의 힘을 조금 뺐다.
STORY_CH08_MID_B_02,레마야. 대정전 전에 이 채굴환의 안전 관리관이었어. 그러니까 이 고리는 내 책임이야.
STORY_CH08_MID_B_03,"기억을 연료로 바꾸는 절차가 생겼을 때, 나는 막지 못했어. 내 기억도 거기 들어갔고."
STORY_CH08_MID_B_04,무엇을 잊었는지는…… 알아?
STORY_CH08_MID_B_05,몰라. 잊은 걸 모른다는 게 제일 무섭더라. 그래서 여기 남아서 고리를 붙들었어.
STORY_CH08_MID_B_06,"빚진 기억을 돌려줘야 해. 내 것도, 남의 것도. 그러려면 당신들이랑 같이 가야겠지."
STORY_CH08_MID_B_07,무게추는? 손 놓으면 기운다며.
STORY_CH08_MID_B_08,계산했다. 고정 장치를 걸면 사십 시간은 버틴다.
STORY_CH08_MID_B_09,"사십 시간이면 충분해. 누가 같이 버텨 주면, 무게는 반이 되거든."
STORY_CH08_MID_B_10,"항해 기록기가 빛났다. 여덟 번째 무늬가 새겨지는 동안, 붉은 분진이 손목 주위에서 멈췄다."
STORY_CH08_MID_B_11,고리 중심부로 간다. 남은 건 71시간이 아니라 사십 시간이다. 서두른다.
STORY_CH08_OUTRO_01,"드릴이 멈췄다. 레마의 방패가 마지막 진동을 받아 낸 순간, 채굴환이 둘로 갈라지며 분리되었다."
STORY_CH08_OUTRO_02,"……방출을 중단합니다. 무거운 기억을 태우면, 모두 가벼워질 줄……"
STORY_CH08_OUTRO_03,"분리된 고리, 궤도 이탈. 정착지를 벗어나 바다 쪽으로 떨어진다. 계산 확인."
STORY_CH08_OUTRO_04,태워지지 않은 결정 수천 개가 붉은빛을 잃고 투명해졌다. 결정마다 누군가의 장면이 떠올랐다.
STORY_CH08_OUTRO_05,"돌아오고 있어…… 이름이, 목소리가. 내 것도 있어. 어머니 목소리야."
STORY_CH08_OUTRO_06,잠깐. 결정 하나가 날짜가 달라. 대정전 당일 밤이야.
STORY_CH08_OUTRO_07,"결정 속에 관제 콘솔이 보였다. 붉은 경고등 수백 개 앞에서, 누군가 등을 돌린 채 서명하고 있었다."
STORY_CH08_OUTRO_08,그 순간 항해 기록기가 뜨겁게 떨렸다. 손목을 태울 듯한 열이었다.
STORY_CH08_OUTRO_09,항해자?! 기록기가…… 엄청 뜨거워요! 괜찮아요?
STORY_CH08_OUTRO_10,결정 치워. 오늘은 여기까지다.
STORY_CH08_OUTRO_11,결정 속 기억들이 한곳을 가리켜. 전부 같은 기관 이름이야. '역무국 자동 재판부.'
STORY_CH08_OUTRO_12,잠든 역무국. 대운행국의 사법 절차다. 사람을 재판하던 곳이다.
STORY_CH08_OUTRO_13,"항해자님, 그 장면은 아직 보실 때가 아닙니다."
STORY_CH08_OUTRO_14,"빚진 기억은 돌려주기로 했어. 그 장면도 누군가의 기억이라면, 끝까지 따라가 봐야지."
STORY_CH08_OUTRO_15,언제 볼지는 관제가 정하게 두지 않는다. 역무국으로 간다.
STORY_CH08_PREBOSS_01,"채굴환 중심의 굴착 갱. 거대한 드릴이 쉬지 않고 돌았고, 갱벽마다 붉은 결정이 맥박처럼 빛났다."
STORY_CH08_PREBOSS_02,긴급 안내입니다. 궤도 유지용 연료가 부족합니다.
STORY_CH08_PREBOSS_03,"저장된 기억을 일괄 방출합니다. 충격 지점을 재지정합니다. 재지정 좌표, 하늘교량 남단."
STORY_CH08_PREBOSS_04,남단 정착지요?! 거기 천여 명이 있어요! 교량을 건넌 사람들이요!
STORY_CH08_PREBOSS_05,우리가 건네준 사람들이오. 그들 머리 위로 이걸 떨어뜨리겠다는 거요.
STORY_CH08_PREBOSS_06,일괄 방출이면 결정 전량을 한 번에 태운다. 추락 가속은 약 세 배다.
STORY_CH08_PREBOSS_07,결정 안에는 수만 명의 기억이 있어. 태우면 영영 못 돌려줘.
STORY_CH08_PREBOSS_08,기억은 무겁습니다. 무거운 것을 태우면 궤도는 가벼워집니다. 승객 여러분도 가벼워지실 겁니다.
STORY_CH08_PREBOSS_09,가벼워진다라…… 그렇게까지 가벼워지고 싶은 사람은 여기 없는데.
STORY_CH08_PREBOSS_10,기억을 태우는 건 반칙이에요! 제 전류는 그런 데 안 써요. 저걸 부수는 데 써요!
STORY_CH08_PREBOSS_11,이번엔 늦지 않아. 방출 전에 막는다.
STORY_CH08_PREBOSS_12,"드릴은 내가 받을게. 방패 코어, 한 번 더 과열시켜 보지 뭐."
STORY_CH08_PREBOSS_13,"기억도, 사람도, 하나도 떨어뜨리지 않는다. 중심부를 멈춘다."
STORY_CH09_CAMP_01,기록 보관실 난로에 폐기 판결문을 태웠다. 종이 타는 냄새가 밤새 복도를 채웠다.
STORY_CH09_CAMP_02,"로안, 아까 그 복도 누가 먼저 뚫었지? 내가 세 걸음 빨랐다."
STORY_CH09_CAMP_03,"세 걸음 빨랐고 두 번 넘어졌지. 정찰은 빠른 게 아니라 안 넘어지는 거야, 신입."
STORY_CH09_CAMP_04,신입? 판결 사백열두 건 짊어진 신입 봤어? 난 이 방에서 제일 무거운 사람이야!
STORY_CH09_CAMP_05,"0001번, 다시 봤어. 이탈 시각이 대정전 당일 밤이야. 우연이라기엔 겹치는 게 너무 많아."
STORY_CH09_CAMP_06,"채굴환 기억 속, 관제 콘솔 앞에서 서명하던 뒷모습. 그것도 그 밤이었지."
STORY_CH09_CAMP_07,죽은 절차가 산 사람을 정하게 두지 마라. 나는 설원에서 그걸 배웠다.
STORY_CH09_CAMP_08,"그래도 궁금하긴 해요. 항해자, 정말 그 시간표에서 도망친 거예요?"
STORY_CH09_CAMP_09,……네. 그거면 됐어요. 괜히 물어봐서 미안해요.
STORY_CH09_CAMP_10,하! 그거면 됐어. 변론 한 줄은 있는 셈이네.
STORY_CH09_CAMP_11,기록이 뭐라든 상관없다. 우리가 아는 항해자는 지금 여기 있는 사람이다.
STORY_CH09_CAMP_12,"……그 말, 판결문보다 잘 쓰였네. 좋아, 0001번은 내가 끝까지 들고 간다."
STORY_CH09_CAMP_13,"자정 무렵, 법정동에서 종소리가 한 번 울렸다. 선고 기일이 내일로 당겨졌다는 신호였다."
STORY_CH09_HARD_INTRO_01,국장실로 이어지는 복도는 두꺼운 카펫이 발소리를 삼켰다. 벽마다 규정 조항이 빼곡히 붙어 있었다.
STORY_CH09_HARD_INTRO_02,재판을 멈췄는데도 이 층만 수면 신호가 살아 있어. 발신원은 국장실이야.
STORY_CH09_HARD_INTRO_03,국장? 판사 위에 윗선이 따로 있었다는 거야?
STORY_CH09_HARD_INTRO_04,"사람이 아니다. 국장 권한을 가진 자동 절차다. 결재만 하고, 깨어나지 않는다."
STORY_CH09_HARD_INTRO_05,결재만 하고 안 깨는 윗선이라…… 어디서 많이 듣던 얘기네.
STORY_CH09_HARD_INTRO_06,복도 끝에서 누군가 규정 조항을 또박또박 소리 내어 읽고 있었다. 사람의 목소리였다.
STORY_CH09_HARD_INTRO_07,읽는 목소리가 떨리지 않아. 아주 오래 혼자 버틴 사람이야.
STORY_CH09_HARD_INTRO_08,먼저 말을 건다. 총구는 아래로.
STORY_CH09_HARD_OUTRO_01,국장실의 결재등이 마지막으로 한 번 깜박이고 꺼졌다. 책상 위 도장에는 먼지가 두껍게 앉아 있었다.
STORY_CH09_HARD_OUTRO_02,"……안건을 보류합니다. 국장이 깨어날 때까지는, 아무것도 잘못 정해지지 않도록……"
STORY_CH09_HARD_OUTRO_03,수면 신호 소멸. 깨어나지 못한 채로 멈췄어. 대기 안건은 전부 반려됐어.
STORY_CH09_HARD_OUTRO_04,반려라도 괜찮아. 허락만 기다리던 사람들이 이제 자기 손으로 문을 열 수 있으니까.
STORY_CH09_HARD_OUTRO_05,오르빈이 품에서 닳은 규정집을 꺼냈다. 마지막 쪽은 비어 있었다.
STORY_CH09_HARD_OUTRO_06,경비 규정 최종조. 본관이 지금 추가합니다. '사람이 먼저다.'
STORY_CH09_HARD_OUTRO_07,……열두 해 걸렸습니다. 이 한 줄을 쓰는 데.
STORY_CH09_HARD_OUTRO_08,하! 그런 규정이면 나도 지킬 수 있겠다.
STORY_CH09_HARD_OUTRO_09,그렇다면 여러분의 노선에도 경비가 한 명 필요하겠군요. 출입증은…… 제가 발급하겠습니다.
STORY_CH09_HARD_OUTRO_10,"환영한다, 오르빈. 두 달 아래로 같이 가자."
STORY_CH09_INTRO_01,"역무국 청사는 숨소리로 가득했다. 긴 의자마다 사람들이 잠들어 있었고, 아무도 깨어나지 않았다."
STORY_CH09_INTRO_02,"생체 반응 사백열한 개. 전원 같은 수면 단계, 같은 뇌파야. 모두 한 꿈을 꾸고 있어."
STORY_CH09_INTRO_03,사백 명이 같은 꿈이라…… 제목이라도 알면 좀 덜 으스스할 텐데.
STORY_CH09_INTRO_04,천장의 전광판이 깜박이며 글자를 흘렸다. 개정. 사건 번호 0412. 피고인 부재.
STORY_CH09_INTRO_05,재판이요? 자는 사람들을요? 변론도 못 하는데 그게 무슨 재판이에요!
STORY_CH09_INTRO_06,판결문 찍히는 소리가 아래층에서 올라온다. 일정하다. 쉬는 박자가 없다.
STORY_CH09_INTRO_07,안내 말씀 드립니다. 역무국 자동 재판이 진행 중입니다. 피고인은 출석하지 않아도 됩니다.
STORY_CH09_INTRO_08,항해자님께서는 방청석으로 모시겠습니다. 승객 여러분은 정숙해 주십시오.
STORY_CH09_INTRO_09,우린 조용히 하라는데 항해자는 귀빈석이네. 관제가 편애가 좀 심해.
STORY_CH09_INTRO_10,관제 신호를 거꾸로 짚어 봤어. 재판을 돌리는 건 관제가 아니야. 그냥 지켜보고 있어.
STORY_CH09_INTRO_11,채굴환에서 건진 기억들이 이 재판을 지목했지. 자는 동안 판결받은 사람들이 있다고.
STORY_CH09_INTRO_12,맥이 느리고 약해요. 꿈속에서도 계속 긴장하고 있어서…… 오래 두면 심장이 먼저 지쳐요.
STORY_CH09_INTRO_13,항해 기록기가 전광판 불빛에 맞춰 희미하게 떨렸다. 마치 호명을 기다리는 것처럼.
STORY_CH09_INTRO_14,"깨우는 게 먼저다. 판결문이 나오는 곳을 끊는다. 사백열한 명, 여기서 판결받게 두지 않는다."
STORY_CH09_MID_A_01,"지하 인쇄실에서 판결문이 끝없이 쏟아지고 있었다. 종이는 아직 따뜻했고, 잉크 냄새가 매캐했다."
STORY_CH09_MID_A_02,죄목이 없어. 대신 확률이 적혀 있어. '노선 운행 방해 가능성 12.7퍼센트. 유죄.'
STORY_CH09_MID_A_03,아직 일어나지 않은 일을 계산했어. 기준값을 넘으면 판결. 증거는 필요 없고.
STORY_CH09_MID_A_04,그 기준이면 나도 유죄겠는데? 가능성으로 치면 난 매일 선로 위에서 사고 치잖아.
STORY_CH09_MID_A_05,"웃을 일이 아니야, 로안. 여기서 유죄를 받은 사람들, 꿈속에서 매일 밤 벌을 받고 있어."
STORY_CH09_MID_A_06,"나린의 손이 한 장에서 멈췄다. 미결 사건 목록의 맨 위, 가장 오래된 번호였다."
STORY_CH09_MID_A_07,"사건 번호 0001. 피고인, 기록 항해자. 혐의…… 최종 시간표 무단 이탈."
STORY_CH09_MID_A_08,항해자가요? 이탈이라니…… 그럼 항해자가 원래는 그 시간표 안에 있었다는……
STORY_CH09_MID_A_09,에다. 거기까지.
STORY_CH09_MID_A_10,판결문은 종이다. 사람을 정하는 건 종이가 아니야. 인쇄 신호의 원본을 찾는다.
STORY_CH09_MID_A_11,원본은 동쪽 법정동이다. 누군가 거기서 판결문을 태우고 있다. 찍히는 속도보다 빠르게.
STORY_CH09_MID_B_01,"마지막 집행관이 무너지자, 흩날리던 판결문이 재처럼 바닥에 내려앉았다."
STORY_CH09_MID_B_02,베온이다. 여기서 판결문을 태운 지 석 달째야. 태운 만큼 새로 찍혀 나오더라.
STORY_CH09_MID_B_03,잠깐. 이 서류들…… 피고인 이름이 전부 너로 바뀌어 있어.
STORY_CH09_MID_B_04,인계 조항이 있더라고. 미결 사건은 자원자가 대신 받을 수 있대. 그래서 전부 받았어.
STORY_CH09_MID_B_05,전부요? 판결이 몸에 새겨진다면서요. 그걸 혼자 다……
STORY_CH09_MID_B_06,사백 명이 따로 아픈 것보단 한 명이 아픈 게 계산이 쉽잖아. 난 튼튼하거든.
STORY_CH09_MID_B_07,……항해자의 사건도야. 0001번. 피고인 이름이 베온으로 넘어가 있어.
STORY_CH09_MID_B_08,"그 이탈 어쩌고? 무슨 사정인지 몰라도, 종이 한 장 때문에 끌려가게 둘 순 없지."
STORY_CH09_MID_B_09,"그때 항해 기록기가 빛을 터뜨렸다. 여덟 개의 무늬 곁에, 아홉 번째 무늬가 불꽃처럼 새겨졌다."
STORY_CH09_MID_B_10,"우와, 뭐야 이거? ……따뜻하네. 판결 도장보다 훨씬 낫다."
STORY_CH09_MID_B_11,"베온, 네 판결은 이제 등로단이 나눠 진다. 법정 꼭대기까지, 같이 간다."
STORY_CH09_MID_B_12,나눠 진다라…… 좋아! 아무도 혼자 판결을 짊어지지 않게. 그게 내 판결이다!
STORY_CH09_OUTRO_01,"망치가 부러지자, 천장의 판결 번호들이 한 줄씩 꺼져 갔다."
STORY_CH09_OUTRO_02,재판…… 무효. 사건 목록을 반환합니다. 피고인 여러분은…… 귀가하십시오.
STORY_CH09_OUTRO_03,"……미리 벌하면, 아무도 죄를 짓지…… 않을 테니까…… 아무도, 다치지……"
STORY_CH09_OUTRO_04,아래층에서 사백열한 개의 숨소리가 한꺼번에 흐트러졌다. 누군가 울음 섞인 기지개를 켰다.
STORY_CH09_OUTRO_05,깨어났어요. 맥박도 전부 정상으로 돌아오고 있어요. 전부요.
STORY_CH09_OUTRO_06,"팔의 번호도 사라졌어. 하, 판결 없는 팔이 이렇게 가벼웠나."
STORY_CH09_OUTRO_07,0001번도 목록에서 빠졌어. 그런데 판결 시각 기록이 이상해. 둘로 갈라지고 있어.
STORY_CH09_OUTRO_08,"같은 시각이 두 달력에 동시에 찍혔어. 한쪽은 선고 전, 한쪽은 무효 후."
STORY_CH09_OUTRO_09,"깨진 창 너머 밤하늘에, 달 두 개가 나란히 떠올랐다."
STORY_CH09_OUTRO_10,"……달이, 두 개예요. 저 전압 올리다 헛것 보는 거 아니죠?"
STORY_CH09_OUTRO_11,두 달 아래로 같은 열차 호출 신호가 두 번 잡혀. 쌍월 환승로 쪽이야.
STORY_CH09_OUTRO_12,달이 둘이면 판결 시각도 둘이란 거잖아. 누가 또 혼자 짊어지기 전에 가자.
STORY_CH09_OUTRO_13,사백열한 명이 깼다. 이번엔 두 달 아래 몇 명이 기다리는지부터 센다.
STORY_CH09_PREBOSS_01,최상층 법정의 천장은 별 대신 판결 번호로 빛났다. 법대 위에서 거대한 망치가 천천히 들렸다.
STORY_CH09_PREBOSS_02,"개정합니다. 피고인 베온, 사백열두 건 인계를 확인했습니다. 유죄 판결을 집행합니다."
STORY_CH09_PREBOSS_03,판결은 현실에서 효력을 가집니다. 방청객 여러분은 자리를 지켜 주시기 바랍니다.
STORY_CH09_PREBOSS_04,윽……! 팔에 번호가…… 진짜로 새겨지고 있어.
STORY_CH09_PREBOSS_05,"베온, 숨 쉬어. 상처는 내가 막을게. 대신 절대 혼자 앞으로 나가지 마."
STORY_CH09_PREBOSS_06,판결이 한 사람에게 몰려서 집행이 빨라졌어. 이대로면 사백열두 건이 전부 베온에게 떨어져.
STORY_CH09_PREBOSS_07,그러라고 받은 거야! 저 사람들이 깨어날 수만 있으면……!
STORY_CH09_PREBOSS_08,"사백 명을 살리려고 한 사람을 내주는 건 치료가 아니에요, 베온."
STORY_CH09_PREBOSS_09,안 된다. 등로단에서 혼자 벌받는 사람은 없다.
STORY_CH09_PREBOSS_10,"피고인 기록 항해자, 출석을 확인했습니다. 사건 0001을 반환합니다."
STORY_CH09_PREBOSS_11,"야, 그건 내가 들고 가기로……! ……하, 나눠 진다는 게 이런 거냐."
STORY_CH09_PREBOSS_12,"……너, 무모하다는 말 자주 듣지? 나도 자주 들어."
STORY_CH09_PREBOSS_13,"좋아, 판결은 나눴고. 이제 저 망치를 나눠서 부술 차례지."
STORY_CH09_PREBOSS_14,집행을 방해하는 승객은 공범으로 분류됩니다. 전원 유죄입니다.
STORY_CH09_PREBOSS_15,전원 유죄라. 그럼 전원이 한 번씩 쏴도 공평하겠네.
STORY_CH09_PREBOSS_16,"……고마워. 이번엔, 같이 받자!"
STORY_CH10_CAMP_01,"고지대 포대에서 야영하던 밤, 환승로의 모든 스피커가 한꺼번에 켜졌다. 바람 소리마저 멎었다."
STORY_CH10_CAMP_02,항해자님께 직접 말씀드립니다. 승객 여러분께서도 함께 들어 주십시오.
STORY_CH10_CAMP_03,"열두 해 전, 이 노선망은 하룻밤에 수만 명을 잃었습니다. 최종 시간표는 그 밤을 되풀이하지 않기 위한 것입니다."
STORY_CH10_CAMP_04,"모든 노선이 하나의 종착에 닿으면, 더는 아무도 잃지 않습니다. 항해자님은 그 뜻을 아실 겁니다."
STORY_CH10_CAMP_05,"……더는 아무도 안 잃는 세계. 솔직히 그게 나쁜 말로 안 들려서, 그게 무서워요."
STORY_CH10_CAMP_06,환자를 한 명도 잃지 않는 병동…… 나도 매일 밤 그런 꿈을 꿔.
STORY_CH10_CAMP_07,오차 없는 세계라는 거지. 근데 오차가 없으면 쏠 이유도 없어. 과녁이 안 움직이니까.
STORY_CH10_CAMP_08,"잃는 게 없다는 건, 바뀌는 게 없다는 뜻이야. 선택도, 내일도."
STORY_CH10_CAMP_09,그러니까 거절이지! ……근데 다들 왜 항해자만 쳐다봐?
STORY_CH10_CAMP_10,"……그래. 잃을 수 있어야, 지킬 수도 있지."
STORY_CH10_CAMP_11,"……기록했습니다. 그래도 저는 기다리겠습니다, 항해자님."
STORY_CH10_CAMP_12,침묵도 대답으로 기록하겠습니다. 저는 기다리는 데 익숙합니다.
STORY_CH10_CAMP_13,대답은 관제가 아니라 우리한테 하면 된다. 천천히.
STORY_CH10_CAMP_14,스피커가 꺼졌다. 월식까지 열 시간. 한동안 아무도 모닥불에서 눈을 들지 않았다.
STORY_CH10_CAMP_15,잃지 않으려고 멈추는 것과 잃을까 봐 싸우는 건 다르다. 난 한 번 잃어 봤다. 그래도 멈추지 않는다.
STORY_CH10_HARD_INTRO_01,"달이 하나가 된 뒤에도, 환승로 남쪽 끝만은 월식에 잠겨 있었다. 공기가 살을 에듯 차가웠다."
STORY_CH10_HARD_INTRO_02,이 구역만 달빛이 0이야. 신호가 빛을 먹고 있어. 발신원은 관측탑.
STORY_CH10_HARD_INTRO_03,월식이 멈춰 있다고? 천체는 멈추지 않아. 멈추게 만든 게 있겠지.
STORY_CH10_HARD_INTRO_04,"어두운 데서 쏘는 건 자신 있는데, 과녁이 안 보이면 얘기가 다르지."
STORY_CH10_HARD_INTRO_05,그때 관측탑 꼭대기에서 누군가 흥얼거리는 소리가 내려왔다. 별자리를 하나씩 세는 노래였다.
STORY_CH10_HARD_INTRO_06,"이런 데서 노래를? 간이 크거나, 아주 오래 혼자였거나."
STORY_CH10_HARD_INTRO_07,음정 오차가 크네. 반음 가까이 떨어져.
STORY_CH10_HARD_INTRO_08,둘 다일 수도 있지. 불빛 하나만 들고 올라간다. 놀라게 하지 마라.
STORY_CH10_HARD_OUTRO_01,지휘봉이 부러지자 월식의 그림자가 천천히 물러났다. 은빛 달 하나가 온전히 떠올랐다.
STORY_CH10_HARD_OUTRO_02,"……연주를 마칩니다. 달을 가려 두면, 아무도 어느 달을 고를지 괴로워하지 않을 줄……"
STORY_CH10_HARD_OUTRO_03,월식 신호 소멸. 환승로의 시각이 전부 하나로 맞춰졌어.
STORY_CH10_HARD_OUTRO_04,……달이 하나네. 가짜 별들도 다 졌어. 그런데 이상하지. 하나뿐인데 더 밝아.
STORY_CH10_HARD_OUTRO_05,반사율은 같아. 가리던 게 없어졌을 뿐이야.
STORY_CH10_HARD_OUTRO_06,"하르트 씨, 그럴 땐 그냥 '예쁘다'고 하면 돼요."
STORY_CH10_HARD_OUTRO_07,너희랑 가면 진짜 별을 더 볼 수 있을까? 지도에 없는 하늘 같은 거.
STORY_CH10_HARD_OUTRO_08,"지도에 없는 건 내 전문이지. 같이 가자, 별 박사."
STORY_CH10_HARD_OUTRO_09,좋아. 첫 관측 일지 제목은 '달이 하나였던 밤'으로 할게.
STORY_CH10_HARD_OUTRO_10,"헤라온, 등로단의 하늘은 네게 맡긴다. ……다음은 검은 바다다."
STORY_CH10_INTRO_01,"하늘에 달이 둘 떠 있었다. 하나는 차갑게 희고, 하나는 녹슨 구리색이었다."
STORY_CH10_INTRO_02,환승로 전광판에 같은 편성 번호가 두 번 떠. 제9 야간열차. 도착 시각만 달라.
STORY_CH10_INTRO_03,호출 신호도 둘이야. 둘 다 탑승 확인 신호를 보내고 있어. 사람이 타 있다는 뜻이야.
STORY_CH10_INTRO_04,같은 열차에 같은 승객이 두 벌이라…… 유리평원 이후로 이런 건 질렸는데.
STORY_CH10_INTRO_05,사본이 아니야. 반 박자 차이도 없어. 둘 다 원본이야.
STORY_CH10_INTRO_06,안내 말씀 드립니다. 제9 야간열차가 두 달력선에서 동시에 운행 중입니다.
STORY_CH10_INTRO_07,두 편성 중 하나를 선택하십시오. 선택되지 않은 편성은 운행을 종료합니다.
STORY_CH10_INTRO_08,운행 종료면…… 거기 탄 사람들은요? 내려 주는 거죠? 그렇죠?
STORY_CH10_INTRO_09,종료 절차에 하차 단계가 없어. 편성째로 시간표에서 빠져.
STORY_CH10_INTRO_10,재판을 깨니까 달이 쪼개졌다며. 그럼 이 난장판은 우리가 수습할 몫이지.
STORY_CH10_INTRO_11,항해자. 관제는 너한테 고르라고 했다. 어떻게 하겠나.
STORY_CH10_INTRO_12,좋다. 그럼 둘 다 태울 길을 찾는다.
STORY_CH10_INTRO_13,"……내 버릇을 닮아 가는군. 좋다, 세어 보자."
STORY_CH10_INTRO_14,"나린이 두 열차의 신호를 겹쳐 세었다. 같은 이름, 같은 맥박이 두 번씩 찍혀 나왔다."
STORY_CH10_INTRO_15,편성당 백육십 명. 같은 백육십 명이 두 현재에 동시에 살아 있어.
STORY_CH10_INTRO_16,백육십 명이 두 번 살아 있다. 어느 쪽도 지우지 않는다. 움직인다.
STORY_CH10_MID_A_01,"중앙 분기기 위로 두 달빛이 겹쳐, 레일마다 그림자가 두 겹으로 드리웠다. 쇠가 서로 다른 박자로 울었다."
STORY_CH10_MID_A_02,"계산 끝났어. 두 시간표는 합류 지점 하나를 공유해. 여기, 제3 분기점."
STORY_CH10_MID_A_03,두 열차가 같은 시각에 이 점을 지나면 충돌이 아니라 덮어쓰기다. 늦은 쪽의 현재가 통째로 지워진다.
STORY_CH10_MID_A_04,남은 시간은?
STORY_CH10_MID_A_05,두 달이 겹치는 월식까지 사십 시간. 그 전에 두 열차의 시계를 하나로 맞춰야 해.
STORY_CH10_MID_A_06,"시계 맞추는 거면 포병 몫이지. 우린 원래 초 단위로 사는 사람들이잖아. 그렇지, 아델린?"
STORY_CH10_MID_A_07,초 단위로는 부족하오. 두 달력의 오차는 그보다 훨씬 가늘게 흔들리고 있소.
STORY_CH10_MID_A_08,그럼 그 가는 오차를 잴 수 있는 사람을 찾는다.
STORY_CH10_MID_A_09,"그때 멀리 고지대에서 포성이 울렸다. 한 발, 또 한 발. 소름 끼치도록 일정한 간격이었다."
STORY_CH10_MID_A_10,……간격이 같소. 누군가 포탄으로 시간을 재고 있소.
STORY_CH10_MID_B_01,"포연이 걷히자, 포대 벽을 가득 채운 분필 숫자들이 드러났다. 수천 발의 비행 시간이었다."
STORY_CH10_MID_B_02,하르트. 포수. 달이 둘로 갈라진 뒤로 한숨도 안 자고 쐈어. 방금 게 삼천이백 발째야.
STORY_CH10_MID_B_03,이 숫자들…… 같은 탄이 두 달력선에서 다른 시간으로 날아갔어. 그 차이를 전부 적었구나.
STORY_CH10_MID_B_04,"탄은 거짓말 안 해. 쏘고 떨어질 때까지, 어느 달 아래서든 물리는 하나야."
STORY_CH10_MID_B_05,두 달 아래서 변하지 않는 신호는 그것 하나다. 기준 시계로 쓸 수 있다.
STORY_CH10_MID_B_06,그래서 쐈어. 한 발마다 두 열차 오차가 줄어. 혼자선 월식 전에 못 끝내지만.
STORY_CH10_MID_B_07,혼자가 아니라면?
STORY_CH10_MID_B_08,……사수 셋에 관측수 둘이면 열여섯 시간. 계산상 충분해.
STORY_CH10_MID_B_09,"하르트가 분필을 내려놓는 순간, 항해 기록기가 포성처럼 울리며 빛났다. 열 번째 무늬가 새겨졌다."
STORY_CH10_MID_B_10,열 개째. 노선마다 하나. 규칙은 그대로야. 이유만 아직 모르고.
STORY_CH10_MID_B_11,"하, 숫자로 말하는 사람이 하나 더 늘었네. 나린, 경쟁자 왔다."
STORY_CH10_MID_B_12,"측정 불가 신호라…… 좋아, 따라가면서 재지. 다음 오차는 내가 먼저 계산한다. 열여섯 시간, 지금부터."
STORY_CH10_OUTRO_01,"마지막 포탄이 분할자의 핵을 꿰뚫는 순간, 두 달이 천천히 겹쳐 하나의 원이 되었다."
STORY_CH10_OUTRO_02,선택…… 미입력. 두 편성을…… 하나의 시간표로 병합합니다.
STORY_CH10_OUTRO_03,"……누구도 고르지 않아도 되게, 둘 다 남겨 두려…… 했는데…… 둘 다, 적으로만……"
STORY_CH10_OUTRO_04,제3 분기점에서 두 열차가 하나로 포개졌다. 충돌음 대신 긴 기적 소리가 한 번 울렸다.
STORY_CH10_OUTRO_05,"탑승 신호 백육십. 중복 없음, 결손 없음. 두 현재가 하나로 합쳐졌어."
STORY_CH10_OUTRO_06,맥박 전부 잡혀요. 다들 그냥…… 조금 긴 꿈을 꾼 것 같대요.
STORY_CH10_OUTRO_07,오차 0.00초. ……처음 보는 숫자네.
STORY_CH10_OUTRO_08,"하르트 씨, 지금 웃었죠? 방금 입꼬리 올라갔죠?"
STORY_CH10_OUTRO_09,측정 오류야.
STORY_CH10_OUTRO_10,그러나 병합에서 넘친 신호가 선로를 타고 흘러내렸다. 검게 물든 빛이 바다 쪽으로 쏟아졌다.
STORY_CH10_OUTRO_11,잉여 신호다. 갈 곳을 잃고 해안으로 몰린다. 저 방향은…… 방파선이다.
STORY_CH10_OUTRO_12,"병합 잉여분을 방파선 해역으로 방류합니다. 항해자님, 모든 것을 남길 수는 없습니다."
STORY_CH10_OUTRO_13,방파선 안쪽엔 도시가 하나 있어. 거기 사람들한텐 저 검은 물이 곧 해일이야.
STORY_CH10_OUTRO_14,"두 열차를 데려왔다. 다음은 방파선이다. 모든 걸 남길 수 없다는 말은, 가 보고 나서 듣는다."
STORY_CH10_PREBOSS_01,"월식 직전, 제3 분기점 위로 두 달이 서로를 향해 기울었다. 양쪽에서 전조등 두 개가 다가왔다."
STORY_CH10_PREBOSS_02,기준 시계 동기화 97퍼센트. 남은 오차 0.02초. 마지막 한 발이면 돼.
STORY_CH10_PREBOSS_03,정정 안내입니다. 두 편성 모두 진짜입니다. 어느 쪽도 사본이 아닙니다.
STORY_CH10_PREBOSS_04,"선택하지 않은 쪽을 적으로 지정합니다. 선택이 없었으므로, 양쪽 모두를 적으로 지정합니다."
STORY_CH10_PREBOSS_05,"두 열차의 객차 지붕이 열리고, 녹슨 포신들이 서로를 겨누었다. 창 안의 승객들은 잠든 채였다."
STORY_CH10_PREBOSS_06,"안 돼요, 저기 사람들이 타고 있잖아요! 서로 쏘게 만들면……!"
STORY_CH10_PREBOSS_07,"편성끼리 공격하면 충돌이 앞당겨져. 월식까지 남은 시간, 십일 분."
STORY_CH10_PREBOSS_08,고르라고 해 놓고 안 고르면 둘 다 적이라니. 판결보다 더 고약하네!
STORY_CH10_PREBOSS_09,"고르라는 게 버리라는 뜻이라면, 우리는 둘 다를 고른다."
STORY_CH10_PREBOSS_10,'둘 다'는 등록된 선택지가 아닙니다. 입력을 거부합니다.
STORY_CH10_PREBOSS_11,"등록 안 돼 있으면 등록시키면 되지. 소렌, 아델린. 내 신호에 맞춰."
STORY_CH10_PREBOSS_12,포수 셋이 한 박자로. 이건 좀 멋지겠는데.
STORY_CH10_PREBOSS_13,포대 준비 완료. 명령을 기다리오.
STORY_CH10_PREBOSS_14,두 열차 합쳐 삼백이십 명. 한 명도 적이 아니다. 목표는 분할자 하나. 쏴라!
STORY_CH11_CAMP_01,"방파선 초소의 난로 곁에서, 파란 등불은 밤새 꺼지지 않았다. 마에루가 먼저 입을 열었다."
STORY_CH11_CAMP_02,대정전 그날 밤. 시오와 나는 제7 승강장으로 갔다. 누군가를 데리러.
STORY_CH11_CAMP_03,……단장님이 전에 '나중에'라고 했던 이야기죠.
STORY_CH11_CAMP_04,명령서엔 구조 대상 한 명이라고만 적혀 있었다. 이름 칸은 처음부터 지워져 있었지.
STORY_CH11_CAMP_05,시오 혼자 대상을 찾아 안쪽 객차로 갔다. 승강장이 무너질 때 무전이 왔지. 남겠다고. 대상을 두고 갈 수 없다고.
STORY_CH11_CAMP_06,……남겠다는 사람을 두고 나오는 것도 구조대의 일이지. 제일 힘든 일.
STORY_CH11_CAMP_07,"나는 부상자들을 데리고 먼저 나왔다. 돌아가는 열차에 시오 자리를 비워 두고, 안전띠를 채워 뒀지."
STORY_CH11_CAMP_08,"그 작전 기록, 나도 찾아봤었어. 구조 대상 칸만 지워져 있어. 누가, 왜 지웠는지도 없고."
STORY_CH11_CAMP_09,"난로 너머, 몇 사람의 시선이 조용히 항해자에게 닿았다가 흩어졌다."
STORY_CH11_CAMP_10,"이름이 지워져도 그 밤의 좌표는 남았습니다. 좌표가 남으면, 언젠가 이야기도 돌아옵니다."
STORY_CH11_CAMP_11,"……그래. 부탁한다, 항해자."
STORY_CH11_CAMP_12,"……찾게 되면, 나한테 제일 먼저 말해 줘."
STORY_CH11_CAMP_13,"이야기는 여기까지다. 내일 조류는 이 등불부터 노릴 거다. 이번엔, 놓치지 않는다."
STORY_CH11_HARD_INTRO_01,방파선 바깥의 바다는 아직 검었다. 수면 아래에서 거대한 무언가가 느리게 숨을 쉬었다.
STORY_CH11_HARD_INTRO_02,수중 반응. 길이 이백 미터 이상. 수확자가 끌어모은 잉여 신호가 아직 저 안에 있어.
STORY_CH11_HARD_INTRO_03,수비대는 저것을 흑수라고 불렀습니다. 열두 해 동안 한 번도 수면 위로 올라온 적이 없지요.
STORY_CH11_HARD_INTRO_04,"올라온 적이 없다는 건, 이유가 생기면 한 번에 올라온다는 뜻이야."
STORY_CH11_HARD_INTRO_05,"멀리 부서진 구명정 위에서, 누군가 밧줄을 던지며 소리치고 있었다."
STORY_CH11_HARD_INTRO_06,사람이야! 저 파도 속에서 혼자 구조 작업을 하고 있어.
STORY_CH11_HARD_INTRO_07,팔이 밧줄에 쓸려서 피투성이야. 오래 버틴 거야.
STORY_CH11_HARD_INTRO_08,배를 댄다. 흑수가 깨기 전에 저 사람부터 확인한다.
STORY_CH11_HARD_OUTRO_01,흑수가 마지막 숨을 토하며 가라앉았다. 수면 위로 수백 개의 좌표가 별처럼 떠올랐다.
STORY_CH11_HARD_OUTRO_02,"……보관을 종료합니다. 깊이 묻어 두면, 아무도 잃어버린 것을 찾다가 빠지지 않을 줄……"
STORY_CH11_HARD_OUTRO_03,조류 신호 0. 파고 0.2미터. ……이 바다에서 처음 보는 수치야.
STORY_CH11_HARD_OUTRO_04,……바다가 조용하네. 열두 해 동안 이렇게 조용한 적이 없었어.
STORY_CH11_HARD_OUTRO_05,오늘 건진 좌표는 당신 몫이 더 많습니다. 인정하지요.
STORY_CH11_HARD_OUTRO_06,당연하지. ……근데 당신 그물 없었으면 반은 놓쳤을 거야. 그건 나도 인정해.
STORY_CH11_HARD_OUTRO_07,그 팔부터 치료하자. 사흘 못 잤다며. 이제 좀 자도 돼.
STORY_CH11_HARD_OUTRO_08,자는 건 나중에! 너희 배에 구명 장비 몇 개야? 모자라면 내가 챙긴다.
STORY_CH11_HARD_OUTRO_09,"……타라, 미레. 우리 배는 늘 사람이 모자라다."
STORY_CH11_HARD_OUTRO_10,"그날 밤, 바다는 처음으로 흔들림 없이 달을 비추었다."
STORY_CH11_INTRO_01,방파선을 때리는 파도는 물이 아니었다. 검게 엉긴 신호가 짠 내 대신 쇳내를 풍겼다.
STORY_CH11_INTRO_02,"쌍월에서 넘친 잉여 신호야. 수위 계속 상승 중. 방파선 뒤로 해안 도시 하나, 생존자 이만."
STORY_CH11_INTRO_03,파도 속에 뭔가 떠다니는데. 빛나는 점들…… 부표야?
STORY_CH11_INTRO_04,부표가 아니야. 좌표 신호야. 수천 개. 구조 요청이 끊긴 자리마다 하나씩.
STORY_CH11_INTRO_05,버려진 경로도 섞여 있어. 우리가 지나온 갈림길들. 가지 않은 쪽의 선로야.
STORY_CH11_INTRO_06,……구하지 못한 사람들의 좌표도 있겠네. 늦게 도착한 자리들.
STORY_CH11_INTRO_07,안내 말씀 드립니다. 방파선 해역에 유실물이 표류 중입니다.
STORY_CH11_INTRO_08,"놓친 승객은 회수하지 않습니다. 항해자님, 뒤돌아보지 마십시오."
STORY_CH11_INTRO_09,뒤돌아보지 말라고? 뒤에 사람이 있으면 돌아보는 게 당연하지!
STORY_CH11_INTRO_10,회수 안 하면 계속 쌓여. 수위 상승률 시간당 0.3미터. 사흘이면 벽을 넘어.
STORY_CH11_INTRO_11,그럼 저 좌표들은요? 그냥 파도에 둬요?
STORY_CH11_INTRO_12,"도시 이만 명이 먼저다. 벽을 지키면서, 좌표도 하나씩 건진다."
STORY_CH11_INTRO_13,"그렇게 말하고도, 마에루는 한동안 검은 수면에서 눈을 떼지 못했다."
STORY_CH11_INTRO_14,단장? ……가자. 다음 파도가 온다.
STORY_CH11_MID_A_01,제2 제방 앞에서 좌표 하나가 파도를 거슬러 떠올랐다. 호출 부호가 희미하게 깜박였다.
STORY_CH11_MID_A_02,"호출 부호 판독. 구조반 03…… 식별명, 시오. 마지막 위치, 제7 승강장."
STORY_CH11_MID_A_03,"마에루의 발이 멈췄다. 방패를 쥔 손이 한 번, 눈에 띄게 떨렸다."
STORY_CH11_MID_A_04,……시오.
STORY_CH11_MID_A_05,"단장님…… 그 이름, 빈 좌석의……"
STORY_CH11_MID_A_06,"기록 시각, 대정전 그날 밤. ……열두 해 동안 신호 한 번 없었는데. 이제 와서, 이런 곳에서."
STORY_CH11_MID_A_07,"다시 밀려온 파도가 좌표를 붙잡아, 먼 바다 쪽으로 끌고 가기 시작했다."
STORY_CH11_MID_A_08,안 돼. ……내가 간다!
STORY_CH11_MID_A_09,"단장, 멈춰! 거기 뛰어들면 좌표보다 네가 먼저 쓸려 가!"
STORY_CH11_MID_A_10,조류가 북쪽 제방으로 흘러. 거기 방패망 신호가 하나 살아 있어. 좌표가 걸릴 수 있어.
STORY_CH11_MID_A_11,……북쪽이다. 서둘러. 부탁한다.
STORY_CH11_MID_B_01,잔향체가 물러가자 방패망 속 좌표들이 반딧불처럼 흔들렸다. 파도 소리가 한 박자 잦아들었다.
STORY_CH11_MID_B_02,오르사입니다. 방파선 수비대의 마지막 방패지요. 열두 해 동안 이 그물로 좌표를 건져 왔습니다.
STORY_CH11_MID_B_03,건진 좌표는 현재에 고정해야 합니다. 그러지 않으면 다음 조류에 다시 쓸려 가지요.
STORY_CH11_MID_B_04,오르사가 방패 끝으로 한 좌표를 가만히 눌렀다. 구조반 03. 떨리던 빛이 멈추고 단단해졌다.
STORY_CH11_MID_B_05,고정했습니다. 이제 이 좌표는 오늘을 삽니다. 더는 그 밤으로 떠내려가지 않습니다.
STORY_CH11_MID_B_06,"……등불 하나, 빌려줄 수 있나."
STORY_CH11_MID_B_07,"마에루는 빈 등불의 덮개를 열고, 좌표를 두 손으로 옮겨 담았다. 등불이 작고 파랗게 켜졌다."
STORY_CH11_MID_B_08,"……파란데, 이상하게 따뜻해 보여요."
STORY_CH11_MID_B_09,"열두 해 만이다. ……고맙다, 오르사."
STORY_CH11_MID_B_10,그 순간 항해 기록기가 밀물처럼 부풀며 빛났다. 열한 번째 무늬가 물결 모양으로 새겨졌다.
STORY_CH11_MID_B_11,떠도는 좌표의 귀환은 제가 끝까지 책임지겠습니다. 이 등불도 포함해서요.
STORY_CH11_MID_B_12,조류 한가운데서 거대한 반응. 좌표를 먹어 치우는 게 있어. 고정된 것부터 노리고 있어.
STORY_CH11_OUTRO_01,"낫이 부러져 바다에 떨어지자, 검은 조류가 숨을 멈춘 듯 가라앉았다."
STORY_CH11_OUTRO_02,수확…… 중단. 유실물을…… 반환합니다.
STORY_CH11_OUTRO_03,"……버린 것들을 다시 보지 않게…… 파도 밑에 거두면…… 아무도, 뒤돌아보며 울지……"
STORY_CH11_OUTRO_04,방패망 안의 좌표들이 하나씩 제 빛을 되찾았다. 방파선 너머 도시의 창마다 불이 켜졌다.
STORY_CH11_OUTRO_05,수위 하강. 방파선 붕괴 없음. 도시 피해 0.
STORY_CH11_OUTRO_06,건진 좌표 삼천사백여 개. 모두 오늘에 고정했습니다. 귀환 경로는 제가 차례로 열겠습니다.
STORY_CH11_OUTRO_07,"단장님 등불, 아까보다 더 밝아진 것 같아요."
STORY_CH11_OUTRO_08,……그래. 조금은.
STORY_CH11_OUTRO_09,"그때 잔잔해진 물결 위로, 녹슨 열쇠 하나가 떠밀려 왔다. 손잡이의 이름 각인이 깎여 나가 있었다."
STORY_CH11_OUTRO_10,"열쇠 홈에 신호가 남아 있어. 성당 문 규격이야. 방향은 내륙, 지도에 이름 없는 곳."
STORY_CH11_OUTRO_11,그쪽에서 노래가 들린다. 성가다. 가사가…… 비어 있다.
STORY_CH11_OUTRO_12,다음 구간은 무명성당입니다. 입장 시 이름을 준비해 주십시오.
STORY_CH11_OUTRO_13,"이름을 준비하라니, 무슨 입장권도 아니고. 기분 나쁜데."
STORY_CH11_OUTRO_14,각자 자기 이름 꽉 붙들고 따라와라. ……무명성당으로 간다.
STORY_CH11_PREBOSS_01,방파선 한가운데서 검은 조류가 기둥처럼 솟았다. 그 끝에 낫 모양의 거대한 기관이 매달려 있었다.
STORY_CH11_PREBOSS_02,유실물 센터에서 알려 드립니다. 표류 좌표 회수 기간이 종료되었습니다.
STORY_CH11_PREBOSS_03,고정된 좌표를 수확합니다. 현재에 매달린 과거는 운항에 방해가 됩니다.
STORY_CH11_PREBOSS_04,그물의 좌표들이 끌려가고 있습니다. 고정된 것일수록 먼저…… 미끼로 쓰고 있어요.
STORY_CH11_PREBOSS_05,"마에루의 허리춤에서, 파란 등불이 조류 쪽으로 끌려가듯 기울었다."
STORY_CH11_PREBOSS_06,……시오의 좌표도다.
STORY_CH11_PREBOSS_07,인력 계속 상승. 낫이 한 번 휘두를 때마다 방파선 수위가 0.5미터씩 올라.
STORY_CH11_PREBOSS_08,선택하십시오. 좌표를 놓으면 방파선은 지켜집니다. 붙들면 도시가 잠깁니다.
STORY_CH11_PREBOSS_09,또 고르라는 거냐! 그 수법은 쌍월에서 이미 봤다!
STORY_CH11_PREBOSS_10,……이번엔 내가 대답하지.
STORY_CH11_PREBOSS_11,"등불도, 벽도 놓지 않는다. 열두 해 전엔 한 사람을 두고 나왔다. 두 번은 없다."
STORY_CH11_PREBOSS_12,"좋아. 벽은 내가, 그물은 오르사가 맡는다. 단장은 그 등불만 꽉 쥐고 있어."
STORY_CH11_PREBOSS_13,방패 둘로 파도 하나. 충분합니다.
STORY_CH11_PREBOSS_14,그리고 포 셋으로 낫 하나. 계산 끝.
STORY_CH12_CAMP_01,"성당 지하 성물실, 촛불 하나를 가운데 두고 모두가 둘러앉았다. 벽 너머로 성가가 희미하게 스며들었다."
STORY_CH12_CAMP_02,"정리할게. 서로 다른 노선, 독립 서명, 스물. 지금 열둘. 여덟이 남았어."
STORY_CH12_CAMP_03,"새 시간표를 쓸 수 있다면, 지금 시간표를 폐기할 수도 있다는 뜻이오. 관제의 최종 시간표까지."
STORY_CH12_CAMP_04,관제가 처음부터 항해자를 알아본 것도 그래서일까. 기록기가 누구 손목에 있는지 알았으니까.
STORY_CH12_CAMP_05,"……그런데 누가 이런 규칙을 만들었지? 스물이라는 숫자, 독립 서명이라는 조건. 누군가 설계한 거야."
STORY_CH12_CAMP_06,"모두 무심코 천장의 스피커를 올려다보았다. 늘 끼어들던 관제는, 이번만은 아무 말도 하지 않았다."
STORY_CH12_CAMP_07,"침묵도 신호다. 관제가 대답하지 않는다는 건, 대답하고 싶지 않다는 뜻이다."
STORY_CH12_CAMP_08,아니면 계산이 안 끝났거나. 어느 쪽이든 저쪽 사정이야.
STORY_CH12_CAMP_09,"누가 만들었든, 서명은 전부 각자 고른 결과다. 베라부터 티엘까지. 그건 규칙이 아니라 사람이다."
STORY_CH12_CAMP_10,"항해자, 그 서명들이 무겁지는 않으신가요?"
STORY_CH12_CAMP_11,……좋은 대답이에요. 맥박이 흔들리지 않네요.
STORY_CH12_CAMP_12,"하, 벌써 다음 계산이야? 좋아, 여덟. 길은 내가 연다."
STORY_CH12_CAMP_13,"오늘은 여기까지. 내일은 제단이다. ……자기 전에, 옆 사람 이름을 한 번씩 불러 둬라."
STORY_CH12_HARD_INTRO_01,성당 아래 납골당에서 성가가 끊이지 않고 울렸다. 차가운 돌벽마다 이름 없는 명패가 빼곡했다.
STORY_CH12_HARD_INTRO_02,이 아래에 성가 자물쇠가 있어요. 성당이 거둔 이름 중 가장 오래된 것들을 잠가 둔 곳이에요.
STORY_CH12_HARD_INTRO_03,봉인 신호가 아직 살아 있어. 고위사제가 멈췄는데도 여기 이름들은 풀리지 않았어.
STORY_CH12_HARD_INTRO_04,"가장 오래된 이름이라면, 기다린 시간도 가장 길었겠지."
STORY_CH12_HARD_INTRO_05,납골당 입구에 누군가 검을 짚고 서 있었다. 발소리가 다가가도 돌아보지 않았다.
STORY_CH12_HARD_INTRO_06,……우리가 오는 거 알고 있어. 그런데 한마디도 안 하네.
STORY_CH12_HARD_INTRO_07,순례 호위의 자세입니다. 성지를 지키는 검이지요. 함부로 넘어서는 안 됩니다.
STORY_CH12_HARD_INTRO_08,검을 뽑지 않은 게 대답이다. 천천히 다가간다.
STORY_CH12_HARD_OUTRO_01,성가 자물쇠가 금 가는 소리와 함께 노래가 멎었다. 납골당의 명패마다 글자가 하나씩 돋아났다.
STORY_CH12_HARD_OUTRO_02,"……성가를 마칩니다. 노래 속에 두면, 어떤 이름도 바래지 않을 줄 알았……"
STORY_CH12_HARD_OUTRO_03,"이름들이 돌아가고 있어요. 한 분, 또 한 분…… 밖에서 맥박이 대답하고 있어요."
STORY_CH12_HARD_OUTRO_04,봉인 해제된 이름 칠백열 개. 가장 오래된 건 대정전보다도 전이야.
STORY_CH12_HARD_OUTRO_05,"라엔이 검을 거두고, 명패 하나 앞에 한쪽 무릎을 꿇었다."
STORY_CH12_HARD_OUTRO_06,……순례 동료들이다. 이제 불러 줄 수 있다.
STORY_CH12_HARD_OUTRO_07,……그 이름들 지키려고 여기 혼자 서 있었던 거구나.
STORY_CH12_HARD_OUTRO_08,……이제 지킬 건 없다. 따라가도 되나.
STORY_CH12_HARD_OUTRO_09,"검은 거짓말을 못 한다며. 네 검이 이미 대답했다. 가자, 라엔."
STORY_CH12_HARD_OUTRO_10,"납골당을 떠나는 등로단의 뒤로, 돌아가는 이름들이 조용한 발소리처럼 울렸다."
STORY_CH12_INTRO_01,"성당 문 위에 수백 개의 이름이 새겨져 있었다. 누군가 소리 내어 읽을 때마다, 글자가 재처럼 떨어졌다."
STORY_CH12_INTRO_02,열쇠 홈이 맞아. 조류에서 건진 그 열쇠야. 문은 열 수 있어.
STORY_CH12_INTRO_03,그럼 열자. 여기 이 이름은…… 어? 방금 내가 뭐라고 읽었지?
STORY_CH12_INTRO_04,"로안, 네가 읽은 이름이 문에서 사라졌어. 네 기억에서도."
STORY_CH12_INTRO_05,안내 말씀 드립니다. 무명성당에 오신 것을 환영합니다.
STORY_CH12_INTRO_06,이름은 봉인 유지비로 징수됩니다. 항해자님께서는 면제 대상입니다.
STORY_CH12_INTRO_07,면제? 항해자만? 이것도 무슨 귀빈 대우냐?
STORY_CH12_INTRO_08,징수라면 무언가를 유지하는 데 쓰인다는 뜻입니다. 이 성당이 무엇을 봉인하는지부터 알아야 합니다.
STORY_CH12_INTRO_09,성가에 가사가 없다. 이름이 들어갈 자리만 비어 있다. 거기 들어갈 게 우리 이름이다.
STORY_CH12_INTRO_10,"그럼 이름 안 부르고 다녀요? 에다, 에다, 에다…… 휴, 아직 있다."
STORY_CH12_INTRO_11,이름을 아껴라. 부를 땐 짧게. 대답이 오면 그걸로 확인한다.
STORY_CH12_INTRO_12,"문이 열렸다. 긴 회랑 끝, 제단의 촛불 수천 개가 이름 대신 타오르고 있었다."
STORY_CH12_INTRO_13,"촛불 하나에 이름 하나라면, 삼천 명 넘게 징수당했어."
STORY_CH12_INTRO_14,삼천 개의 이름. 전부 돌려준다. ……들어간다.
STORY_CH12_MID_A_01,회랑 기둥마다 징수 대장이 걸려 있었다. 이름 옆에는 날짜 대신 '납부 완료'가 찍혀 있었다.
STORY_CH12_MID_A_02,죽은 사람 명단이 아니야. 전부 살아 있는 사람이야. 이 성당은 산 사람의 이름을 세금처럼 거둬.
STORY_CH12_MID_A_03,이름을 빼앗긴 사람들은 어떻게 되지?
STORY_CH12_MID_A_04,"살아 있어. 다만 아무도 그 사람을 부르지 못해. 가족도, 자기 자신도."
STORY_CH12_MID_A_05,"무서워요, 그거. 저기, 그…… 포 쏘는…… 어, 이름이……"
STORY_CH12_MID_A_06,"……소렌. 나야. 괜찮아, 에다. 나도 방금 네 이름이 한 박자 늦게 떠올랐어."
STORY_CH12_MID_A_07,"잠깐, 저쪽 방패 든 사람…… 제방에서 만난…… 아, 젠장. 혀끝에 걸렸는데."
STORY_CH12_MID_A_08,"오르사입니다. 몇 번이고 말씀드리지요. 잊으셔도, 다시 말하면 됩니다."
STORY_CH12_MID_A_09,"징수가 빨라지고 있다. 서로 이름을 부르고, 대답을 들어라. 그게 끊기면 멈춘다."
STORY_CH12_MID_A_10,안쪽 성가대석에서 맥박 같은 신호가 울려. 일정해. 이름 없이 뛰는 신호야.
STORY_CH12_MID_B_01,"성가대가 흩어지자, 티엘의 손끝에서 서른두 개의 박자가 조용히 이어졌다."
STORY_CH12_MID_B_02,티엘입니다. 이 성당의 의무관이었지요. 이름을 잃은 분들을 맥박으로 한 분씩 기억해 왔습니다.
STORY_CH12_MID_B_03,"티엘이 제단 뒤 석판을 가리켰다. 지워진 이름들 사이에서, 한 문장만이 온전히 남아 있었다."
STORY_CH12_MID_B_04,"이곳 전례문의 마지막 구절입니다. '서로 다른 노선의 독립 서명 스물이 모이면, 새 시간표를 쓸 수 있다.'"
STORY_CH12_MID_B_05,"서명…… 노선마다 하나. 항해자 기록기에 새겨지던 그 무늬야. 열한 개, 규칙이 한 번도 어긋나지 않았어."
STORY_CH12_MID_B_06,"그러니까 우리가 모르는 새에, 뭔가를 새로 쓸 자격을 모으고 있었다고?"
STORY_CH12_MID_B_07,"그 순간 기록기가 맥박처럼 두근거렸다. 티엘의 박자에 맞춰, 열두 번째 무늬가 새겨졌다."
STORY_CH12_MID_B_08,"……제 박자와 똑같이 뛰네요. 이름 대신 남는 표식이라니, 이 성당보다 훨씬 다정하군요."
STORY_CH12_MID_B_09,"모든 이름이 돌아올 때까지, 여러분의 맥박은 제가 기억하겠습니다."
STORY_CH12_MID_B_10,새 시간표라…… 판결문 말고 우리가 직접 쓰는 종이란 거지? 마음에 드는데!
STORY_CH12_MID_B_11,제단 너머 징수 신호가 급증했어. 성당이 우리를 알아챘어.
STORY_CH12_OUTRO_01,"사제의 가면이 금 가며 떨어졌다. 가면 뒤에는 얼굴 대신, 비어 있는 명찰 하나가 붙어 있었다."
STORY_CH12_OUTRO_02,징수를…… 중단합니다. 봉인 유지비를…… 반환합니다.
STORY_CH12_OUTRO_03,"……이름이 없으면, 아무도 잊히지 않을…… 처음부터 부를 이름이 없으면…… 아무도, 잃었다고……"
STORY_CH12_OUTRO_04,제단의 촛불 삼천 개가 한꺼번에 흔들렸다. 불꽃마다 이름 하나씩을 싣고 성당 밖으로 날아올랐다.
STORY_CH12_OUTRO_05,"맥박과 이름이 다시 맞물려요. 서른두 명…… 아니, 삼천 명 모두요."
STORY_CH12_OUTRO_06,……마에루. 등로단 단장. 시오의 등불도 그대로다. 전부 제자리야.
STORY_CH12_OUTRO_07,"단장님, 다시는 이름 잃어버리지 마세요! 제가 매일 백 번씩 부를 거예요!"
STORY_CH12_OUTRO_08,……하루 열 번이면 충분하다.
STORY_CH12_OUTRO_09,잠깐. 날아간 이름 중 일부가 남쪽으로 흘러가. 사막 방향이야.
STORY_CH12_OUTRO_10,신호가 모래 위에 선로를 그리고 있어. 지도에 없는 선로야. 시간표까지 붙어 있어.
STORY_CH12_OUTRO_11,존재하지 않는 열차의 시간표다. 훔친 이름들로 승객 명부를 채우고 있다.
STORY_CH12_OUTRO_12,"이름이 돌아갈 곳을 잃고 떠돈다면, 그것도 제가 건져야 할 좌표입니다."
STORY_CH12_OUTRO_13,"판결, 쌍월, 조류, 성당…… 이번엔 모래냐. 좋아, 다 받아 주지!"
STORY_CH12_OUTRO_14,스물 중 열둘. 그리고 이름은 하나도 남김없이. ……사막으로 간다.
STORY_CH12_PREBOSS_01,"제단 위, 가면을 쓴 거대한 사제 기관이 향로를 흔들었다. 연기가 닿는 곳마다 글자가 녹아내렸다."
STORY_CH12_PREBOSS_02,납부 안내입니다. 봉인 유지비가 부족합니다. 고액 납부자를 지정합니다.
STORY_CH12_PREBOSS_03,"등로단 단장, 마에루. 그 이름을 징수합니다."
STORY_CH12_PREBOSS_04,"향로의 연기가 마에루를 감쌌다. 그리고 모두의 입에서, 한 이름이 소리 없이 빠져나갔다."
STORY_CH12_PREBOSS_05,"단장! ……단장, 이름이…… 이름이 뭐였지? 방금까지 알았는데."
STORY_CH12_PREBOSS_06,"안 돼요, 안 돼…… 매일 불렀던 이름인데. 왜 안 나와요……!"
STORY_CH12_PREBOSS_07,"……나는, 등로단의…… 나는……"
STORY_CH12_PREBOSS_08,맥박은 그대로예요. 심장은 기억해요. 하지만 누군가 이름을 불러 줘야 해요.
STORY_CH12_PREBOSS_09,"그때 항해 기록기만이 꺼지지 않은 글자를 비추고 있었다. 면제된 기록 속에, 그 이름이 남아 있었다."
STORY_CH12_PREBOSS_10,"항해자가 그 이름을 부르자, 티엘이 박자를 두드렸다. 한 번, 두 번, 심장이 뛰는 속도로."
STORY_CH12_PREBOSS_11,"지금이에요. 모두, 이 박자를 따라 불러 주세요."
STORY_CH12_PREBOSS_12,기록기의 빛이 그 이름을 허공에 새겼다. 티엘이 글자에 맞춰 박자를 두드렸다.
STORY_CH12_PREBOSS_13,"읽을 수 있어요. 모두, 이 박자에 맞춰 불러 주세요."
STORY_CH12_PREBOSS_14,마…… 마에루. 마에루 단장님!
STORY_CH12_PREBOSS_15,"마에루. ……그래, 마에루! 우리 단장 이름을 누가 잊어!"
STORY_CH12_PREBOSS_16,……들린다. 마에루. 내 이름이다.
STORY_CH12_PREBOSS_17,징수 취소 요청은 접수되지 않습니다. 재징수를 개시합니다.
STORY_CH12_PREBOSS_18,"몇 번이든 가져가 봐라. 몇 번이든 불러 줄 사람들이 여기 있다. ……전원, 이름 확인. 간다!"
STORY_CH13_CAMP_01,사막의 밤은 소리를 멀리 보냈다. 무너진 중계소 그늘에서 장작 튀는 소리가 사구 너머까지 굴러갔다.
STORY_CH13_CAMP_02,"에다, 네 회로는 불 피우는 데만 쓰냐? 전투 때마다 반 박자씩 늦던데."
STORY_CH13_CAMP_03,그건 리아스 씨가 제 앞을 가로질러서잖아요! 다음엔 같이 감전시켜 드려요?
STORY_CH13_CAMP_04,……해 봐. 대신 제대로 맞혀. 어설프게 찌릿하면 더 짜증 나니까.
STORY_CH13_CAMP_05,하하. 배달부였어도 나쁘진 않았겠지만…… 이렇게 시끄러운 밤은 없었겠지.
STORY_CH13_CAMP_06,"……항해자, 기록기 좀 볼게. 열세 번째가 새겨질 때 뭔가 보였어."
STORY_CH13_CAMP_07,"맨 아래, 베라의 서명보다 오래된 긁힌 자국. 노선 무늬가 아니야. ……사람 필적 같아."
STORY_CH13_CAMP_08,알았어. 추측은 안 적어. 확인된 것만 기록할게.
STORY_CH13_CAMP_09,……가리고 싶으면 가려도 돼. 다만 혼자 짊어지진 마.
STORY_CH13_CAMP_10,다들 표정이 왜 그래. 내일 역장 치러 가는 사람들 맞아?
STORY_CH13_CAMP_11,맞아요! 리아스 씨 감전은 그다음이고요!
STORY_CH13_CAMP_12,불 줄여. 동틀 무렵 사구 끝 역사로 간다.
STORY_CH13_CAMP_CHOICE1_A,기록기를 내밀며 조사를 부탁한다
STORY_CH13_CAMP_CHOICE1_B,소매로 자국을 가린다
STORY_CH13_HARD_INTRO_01,"한낮의 신기루 구역은 공기가 물처럼 일렁였다. 지평선 위로 같은 열차가 셋, 넷으로 늘어났다."
STORY_CH13_HARD_INTRO_02,열차 간격 4.2초. 같은 편성이 시간차를 두고 복제되고 있다.
STORY_CH13_HARD_INTRO_03,방향음은 전부 거짓이다. 진짜 기적 소리는 하나뿐이야. 내가 골라낸다.
STORY_CH13_HARD_INTRO_04,유령 열차에 신기루까지? 이 사막은 거짓말밖에 할 줄 몰라?
STORY_CH13_HARD_INTRO_05,거짓말이 많은 곳일수록 한 발은 정직해야지. 진짜 기관차만 맞히면 돼.
STORY_CH13_HARD_INTRO_06,기관차 신호에서 명부 조각이 계속 새어 나와. 역장이 못 태운 승객이 남은 거야.
STORY_CH13_HARD_INTRO_07,모래 위에 발자국 한 줄. 신기루는 발자국을 안 남기는데……
STORY_CH13_HARD_INTRO_08,"남은 승객이 있다면 간다. 신기루든 뭐든, 한 명이라도."
STORY_CH13_HARD_OUTRO_01,신기루가 걷히자 열기가 가라앉았다. 모래 위에는 진짜 발자국만 남았다.
STORY_CH13_HARD_OUTRO_02,"……어디에도 도착하지 않으면…… 아무도, 늦지 않을 줄……"
STORY_CH13_HARD_OUTRO_03,……처음이네. 도착한 흔적이 남는 거. 신기루는 발자국을 안 남기거든.
STORY_CH13_HARD_OUTRO_04,배달부 씨. 내가 안 고른 삶에서 난 너 같은 사람이었어. 되게 태평해 보이던데.
STORY_CH13_HARD_OUTRO_05,태평? 배달부가? 뭘 모르네. ……제른이야. 같이 달릴 편성이 필요했어. 끼워 줘.
STORY_CH13_HARD_OUTRO_06,환영한다. 우리 편성은 느려도 전원 도착한다.
STORY_CH13_HARD_OUTRO_07,"느린 건 인정하는구나. 제른, 선두는 내 자리야."
STORY_CH13_HARD_OUTRO_08,선로 흔적이 전부 위로 휘어 있어. 수도 쪽이야. 늦으면 닫혀.
STORY_CH13_HARD_OUTRO_09,늦는다고? 그 말 제일 싫어. 가자!
STORY_CH13_INTRO_01,모래는 밤이 되어도 식지 않았다. 선로 한 가닥 없는 사구 너머에서 기적 소리가 먼저 도착했다.
STORY_CH13_INTRO_02,"바퀴 자국도, 침목도 없는데 열차가 달려. 정찰 보고서에 뭐라고 써야 하지?"
STORY_CH13_INTRO_03,"'존재하지 않음'이라고 써. 질량 반응 없음, 신호 반응만 있어. 편성은 열두 량."
STORY_CH13_INTRO_04,승객 명부 신호를 잡았어. 이천사백 명. ……전부 성당에서 되찾은 이름이야.
STORY_CH13_INTRO_05,성당에서 풀려난 이름들이에요. 주인에게 돌아가야 할 이름들이 왜 저 열차에……
STORY_CH13_INTRO_06,"창가마다 사람의 윤곽이 앉아 있었다. 누구도 창밖을 보지 않았고, 누구도 내리지 않았다."
STORY_CH13_INTRO_07,안내 말씀 드립니다. 선택하지 않은 삶도 운행합니다. 원하시는 객차에 탑승하십시오.
STORY_CH13_INTRO_08,원하는 객차라니…… 이상하게 솔깃한 말인데요?
STORY_CH13_INTRO_09,솔깃한 방송일수록 요금이 비싸. 저 스피커가 공짜로 뭘 준 적 있어?
STORY_CH13_INTRO_10,이름을 되찾자마자 또 끌려갔다고? 이번엔 누구 판결인데!
STORY_CH13_INTRO_11,판결이 아니다. 시간표다. 이 사막 전체에 존재하지 않는 노선이 깔려 있어.
STORY_CH13_INTRO_12,"모래 위에 정차선 하나가 그어져 있었다. 도착 표시만 있을 뿐, 떠난 바퀴 자국은 없었다."
STORY_CH13_INTRO_13,"다음 정차 예정지는 북쪽 사구. 열차가 멈추는 곳이라면, 승객도 내릴 수 있어."
STORY_CH13_INTRO_14,이천사백. 한 이름도 저 창가에 두고 가지 않는다. 북쪽으로.
STORY_CH13_MID_A_01,"열차가 멈추자 창문마다 낯익은 얼굴이 떠올랐다. 모래바람 속에서, 그 얼굴들은 태평하게 웃고 있었다."
STORY_CH13_MID_A_02,"……저거 나야. 배달 가방 메고, 등로단 배지도 없이. 되게 편한 얼굴이네."
STORY_CH13_MID_A_03,셋째 창은 연구소 가운을 입은 나. 그해 잔류 제안을 수락했다면. 확률로는 저쪽이 높았어.
STORY_CH13_MID_A_04,명부가 움직여. 창문을 오래 본 사람일수록 승객 칸에 이름이 굳어 가.
STORY_CH13_MID_A_05,항해자 앞의 창문만이 비어 있었다. 유리에는 모래 한 톨조차 비치지 않았다.
STORY_CH13_MID_A_06,유리평원 때와 같아. 기록이 잠겨 있는 사람은 어디에도 비치지 않아.
STORY_CH13_MID_A_07,"항해자님께는 고르지 않은 삶이 없습니다. 그날 밤, 이미 전부 고르셨으니까요."
STORY_CH13_MID_A_08,귀 기울이지 마. 저 방송은 대답하는 척하면서 질문만 남긴다.
STORY_CH13_MID_A_09,"……그래, 그만 볼래. 저쪽 나, 솔직히 좀 부러웠지만."
STORY_CH13_MID_A_10,창문에서 눈 떼. 명부 신호의 근원은 편성 앞쪽이야. 거기서 끊어야 해.
STORY_CH13_MID_B_01,환영 승객들이 흩어지자 모래가 식기 시작했다. 리아스의 총구에서 가는 연기가 피어올랐다.
STORY_CH13_MID_B_02,봤지? 저것들은 네가 안 고른 쪽에 서서 손짓만 해. 따라가면 끝이야.
STORY_CH13_MID_B_03,"명부 고정이 풀렸어. 하지만 열차가 달리는 한, 이름은 다시 굳어."
STORY_CH13_MID_B_04,그러니까 표식을 남겨. 각자 실제로 내린 마지막 선택. 그게 닻이야.
STORY_CH13_MID_B_05,마지막 선택이라…… 오늘 아침에 여기 오기로 한 거. 그거면 돼?
STORY_CH13_MID_B_06,……빠르네. 돼. 거창할 필요 없어. 진짜로 고른 거면.
STORY_CH13_MID_B_07,열두 해 만에 제7 승강장으로 돌아가기로 한 것. 내 표식은 그거다.
STORY_CH13_MID_B_08,"리아스가 모래 위에 자기 표식을 긋는 순간, 항해 기록기가 뜨겁게 빛났다. 열세 번째 무늬였다."
STORY_CH13_MID_B_09,"……뭐야, 이거. 내가 방금 뭘 한 건데?"
STORY_CH13_MID_B_10,노선 서명이에요. 스물 중 열셋. 당신의 선택이 이 노선의 결말로 새겨졌어요.
STORY_CH13_MID_B_11,"선택은 되찾는 게 아니야. 새로 만드는 거지. ……좋아, 같이 가 줄게. 느리면 두고 간다."
STORY_CH13_MID_B_12,편성표에 역장 인가 도장이 찍혀 있어. 사구 끝 역사야. 거기가 시간표의 뿌리야.
STORY_CH13_OUTRO_01,마지막 객차가 떨어져 나가자 역사의 시계가 처음으로 멈췄다. 모래 위로 긴 그림자들이 흩어졌다.
STORY_CH13_OUTRO_02,……안내 말씀 드립니다. 본 역은 운행을…… 종료합니다.
STORY_CH13_OUTRO_03,"……못 고른 삶도, 한 번쯤은 태워 드리고 싶었……"
STORY_CH13_OUTRO_04,명부의 이름들이 흩어져요. 이번엔 원래 주인에게로. 맥박이 하나씩 돌아와요.
STORY_CH13_OUTRO_05,……멍청한 역장. 태워 줄 거면 산 사람을 태웠어야지.
STORY_CH13_OUTRO_06,그래도 그 마음은 알 것 같아요. 가지 못한 길을 누군가 기억해 주길 바라는 마음.
STORY_CH13_OUTRO_07,"이름 이천육백, 전부 수신처 확인. 한 명도 명부에 남지 않았어."
STORY_CH13_OUTRO_08,그때 발밑의 선로가 모래를 털고 일어섰다. 쇠줄은 하늘로 말려 올라가 구름 속으로 사라졌다.
STORY_CH13_OUTRO_09,선로가 위로 이어져. 좌표는…… 수도 순환선. 그런데 방향이 뒤집혀 있어.
STORY_CH13_OUTRO_10,하늘로 떨어지는 길이라. 방패로 받칠 수 있는 무게이길 바랍니다.
STORY_CH13_OUTRO_11,수도는 곧 외부 노선과의 연결을 종료합니다.
STORY_CH13_OUTRO_12,다만 항해자님은 언제든 들어오실 수 있습니다. 본청이 기다리고 있습니다.
STORY_CH13_OUTRO_13,초대장은 한 장인데 우린 단체라서. 몰려가도 되겠지?
STORY_CH13_OUTRO_14,사막은 끝났다. 다음은 수도다. 거기서도 한 사람씩 센다.
STORY_CH13_PREBOSS_01,"사구 끝 역사에는 벽이 없었다. 기둥과 시계, 그리고 끝없이 이어진 객차만이 모래 위에 서 있었다."
STORY_CH13_PREBOSS_02,사구역에 오신 것을 환영합니다. 본 역은 선택하지 않은 삶의 종착역입니다.
STORY_CH13_PREBOSS_03,"객차가 늘어나고 있어. 명부 이천사백…… 아니, 방금 이천육백이 됐어."
STORY_CH13_PREBOSS_04,미련이 큰 선택일수록 강한 객차가 됩니다. 승객 여러분의 후회는 훌륭한 연료입니다.
STORY_CH13_PREBOSS_05,"후회를 연료로 쓴다고? 역겹네. 그 객차, 전부 떼어 버린다."
STORY_CH13_PREBOSS_06,"객차 하나가 일행 사이로 미끄러져 들어왔다. 창문 안에서, 등로단에 오지 않은 로안이 손을 흔들었다."
STORY_CH13_PREBOSS_07,"로안, 그 객차에서 떨어져. 명부 신호가 네 쪽으로 감기고 있어."
STORY_CH13_PREBOSS_08,"로안 승객님, 배달부 편성으로 환승하시겠습니까? 그쪽 삶은 아무도 잃지 않았습니다."
STORY_CH13_PREBOSS_09,……솔깃하네. 근데 그쪽엔 이 사람들이 없잖아. 거절할게.
STORY_CH13_PREBOSS_10,"잘 골랐어요, 로안. 잃은 게 없는 삶보다, 지킬 게 있는 삶이 더 무거운 법이죠."
STORY_CH13_PREBOSS_11,"연결부를 노린다. 한 량씩 끊고, 한 사람씩 되찾는다."
STORY_CH13_PREBOSS_12,연결부 간격은 일정하다. 한 량당 삼 초면 끊는다.
STORY_CH13_PREBOSS_13,삼 초도 길어. 뛰어!
STORY_CH14_CAMP_01,바로 선 역 대합실에 등불을 걸었다. 창밖에는 아직 뒤집힌 거리의 불빛이 별처럼 매달려 있었다.
STORY_CH14_CAMP_02,"재판 기록엔 무단 이탈, 이번엔 최종 서명 권한. 항해자, 혐의가 늘었네!"
STORY_CH14_CAMP_03,"베온, 그걸 웃으면서 말하냐."
STORY_CH14_CAMP_04,"웃어야지. 그 사건, 내 이름으로 넘겨받았잖아. 혐의가 늘면 내 짐이 느는 거야."
STORY_CH14_CAMP_05,"근데 궁금하지 않아? 권한 행사 1회. 뭘 눌렀는지, 나라면 밤새 뜯어볼 텐데."
STORY_CH14_CAMP_06,삭제된 기록엔 복원 흔적이 남아. 시간만 있으면 확인할 수 있어.
STORY_CH14_CAMP_07,과거 캐기는 나중에 해. 지금 네가 어느 쪽으로 걷는지나 봐.
STORY_CH14_CAMP_08,나는 기록보다 지금을 본다. ……하지만 이건 항해자가 정할 일이다.
STORY_CH14_CAMP_09,알았어. 삭제 흔적의 좌표를 저장해 둘게. 무엇이 나오든 같이 읽자.
STORY_CH14_CAMP_10,"좋아, 그게 맞아. 과거는 뒤에서 도망 안 가."
STORY_CH14_CAMP_11,……너희 진짜 이상한 팀이다. 서로 의심을 안 해. 무슨 버그 같아.
STORY_CH14_CAMP_12,버그가 아니라 규칙이다. 내일은 감사관이 있는 중심층이다.
STORY_CH14_CAMP_CHOICE1_A,진실을 알고 싶다
STORY_CH14_CAMP_CHOICE1_B,지금은 앞으로 간다
STORY_CH14_HARD_INTRO_01,"왕궁 구역은 아직 뒤집힌 채였다. 샹들리에가 바닥에서 솟아 있었고, 계단은 하늘로 내려갔다."
STORY_CH14_HARD_INTRO_02,여긴 내 해킹이 안 먹혀. 중력을 쥔 게 장치가 아니라 저 왕관이야.
STORY_CH14_HARD_INTRO_03,왕관이 도시를 들고 있는 셈이군요. 무겁겠어요. 오래 들었다면 더더욱.
STORY_CH14_HARD_INTRO_04,뒤집힌 왕궁에서 포격이라. 탄도가 위로 떨어져도 내 탓 아니야.
STORY_CH14_HARD_INTRO_05,탄도 보정은 내가 한다. 떨어지는 방향만 알려 줘.
STORY_CH14_HARD_INTRO_06,왕궁 지하에서 약한 신호 하나. 암호화돼 있어. ……누가 화면 너머로 우리를 보고 있어.
STORY_CH14_HARD_INTRO_07,보고만 있다면 사정이 있겠지. 내려가서 묻는다. 겁주지 말고.
STORY_CH14_HARD_OUTRO_01,왕관이 금 가는 소리가 도시 전체에 울렸다. 뒤집혀 있던 층들이 하나씩 제자리로 돌아왔다.
STORY_CH14_HARD_OUTRO_02,"……바깥이 없으면…… 아무도, 떨어지지 않을 줄……"
STORY_CH14_HARD_OUTRO_03,……층 번호가 맞아요. 지하 12층이 다시 지하예요. 열두 해 만에……
STORY_CH14_HARD_OUTRO_04,잘 버텼다. 이름을 물어도 될까.
STORY_CH14_HARD_OUTRO_05,소아예요. ……화면 없이 사람이랑 이렇게 오래 얘기한 건 처음이에요.
STORY_CH14_HARD_OUTRO_06,"소아, 그 방어벽 혼자 짠 거지? 해커가 둘이면 우리 최강인데."
STORY_CH14_HARD_OUTRO_07,"……같이 가도 될까요? 화면 너머 말고, 옆에서요."
STORY_CH14_HARD_OUTRO_08,"물론이다. 화면 뒤에 있든 곁에 있든, 우리는 전원 센다."
STORY_CH14_HARD_OUTRO_09,"왕궁 기록고에서 배송 기록 발견. 씨앗 상자, 수신처는 제로 신호 정원."
STORY_CH14_HARD_OUTRO_10,씨앗이요? 수도가 꽃을 보냈다고요? ……왠지 불길한데요.
STORY_CH14_INTRO_01,수도의 하늘은 발아래에 있었다. 부서진 고층 건물들이 소리 없이 구름 쪽으로 떨어지고 있었다.
STORY_CH14_INTRO_02,"위로 떨어지는 건물은 처음 보네. ……아니, 우리가 거꾸로 서 있는 건가?"
STORY_CH14_INTRO_03,둘 다야. 구역마다 중력 방향이 달라. 세 걸음마다 '아래'가 바뀌어.
STORY_CH14_INTRO_04,발 헛디디면 하늘로 추락한다는 거지. 간단하네. 헛디디지 마.
STORY_CH14_INTRO_05,열차가 구름 사이를 거꾸로 달려요! 저 안에 사람 있는 거 맞죠?
STORY_CH14_INTRO_06,수도 인구 기록 삼만. 살아 있는 신호는 그 절반. 순환선 열두 역에 흩어져 있어.
STORY_CH14_INTRO_07,안내 말씀 드립니다. 수도는 외부 노선과 영구 격리됩니다. 승객 여러분은 현 위치를 유지하십시오.
STORY_CH14_INTRO_08,영구 격리? 판결도 없이 도시 하나를 통째로 가둬?
STORY_CH14_INTRO_09,격리 명령의 발신지는 수도 중심. 대운행국 본청이다.
STORY_CH14_INTRO_10,……본청. 모든 절차가 시작된 곳이군.
STORY_CH14_INTRO_11,뒤집힌 하늘 한가운데로 빛의 선 하나가 곧게 뻗어 있었다. 멀리 보이는 선로가 모두 그쪽으로 휘어 있었다.
STORY_CH14_INTRO_12,"저 선, 어느 노선 도면에도 없어. 그런데 전 노선의 신호가 저쪽으로 기울어."
STORY_CH14_INTRO_13,아름답네. 저렇게 곧은 건 대개 누군가 억지로 당겨 놓은 거지만.
STORY_CH14_INTRO_14,떨어지는 사람부터 붙잡는다. 저 선의 정체는 본청에서 캔다.
STORY_CH14_MID_A_01,본청으로 이어진 역사 벽면에 규약문이 거꾸로 새겨져 있었다. 글자들이 천장 쪽으로 흘러내렸다.
STORY_CH14_MID_A_02,비상 규약 제0호. '수도를 외부의 모든 상실로부터 격리한다.' 사고가 아니다. 명령이다.
STORY_CH14_MID_A_03,중력 반전은 격리의 부작용이 아니라 본체야. 바깥으로 향하는 방향 자체를 지웠어.
STORY_CH14_MID_A_04,"나갈 방향이 없으면 구조대도 못 들어와. 열두 해 전의 나처럼, 늦게 도착할 수밖에 없어."
STORY_CH14_MID_A_05,"건물 낙하 속도, 분당 3미터씩 증가. 여섯 시간 뒤엔 최하층까지 하늘로 빠진다."
STORY_CH14_MID_A_06,"항해자님, 본청은 항해자님을 기억합니다. 정문은 언제나 열려 있습니다."
STORY_CH14_MID_A_07,정문이 열려 있다고? 함정이라고 광고를 하네.
STORY_CH14_MID_A_08,"항해자만 들여보내 주겠다는 거잖아. 우린 뭐, 짐짝이야?"
STORY_CH14_MID_A_09,옆문 쪽 신호 하나. 반전 구역 한가운데서 누가 계속 문을 열었다 닫고 있어.
STORY_CH14_MID_A_10,정문은 안 쓴다. 떨어지는 구역을 지나 그 옆문으로 간다. 여섯 시간 안에.
STORY_CH14_MID_B_01,페린이 마지막 명령어를 두드리자 구역 전체의 '아래'가 한쪽으로 정렬되었다. 떠돌던 먼지가 바닥에 내려앉았다.
STORY_CH14_MID_B_02,짜잔. 사람마다 다른 아래를 기준면 하나로 묶었어. 이 구역 한정이지만.
STORY_CH14_MID_B_03,반전 장치의 제어 체계를 역으로 쓴 거야? 계산도 없이?
STORY_CH14_MID_B_04,계산은 장치가 하지. 나는 장치한테 거짓말만 해. '여기가 아래야'라고.
STORY_CH14_MID_B_05,그 순간 항해 기록기가 빛났다. 열네 번째 무늬가 손목 위에 선명하게 떠올랐다.
STORY_CH14_MID_B_06,어? 내 해킹 흔적이 네 손목에? ……아니네. 이건 내가 한 게 아니라 내가 고른 거구나.
STORY_CH14_MID_B_07,"스물 중 열넷. 어서 와요, 페린."
STORY_CH14_MID_B_08,기준면이 맞춰지자 본청 단말 하나가 깨어났다. 화면 위로 오래된 권한 목록이 흘렀다.
STORY_CH14_MID_B_09,"관리자 목록이네. 국장, 관제장, 선로 감독…… 어, 맨 위에 이건 뭐야?"
STORY_CH14_MID_B_10,"'기록 항해자: 최종 서명 권한.' 권한 행사 이력, 1회. 세부 기록은 삭제됨."
STORY_CH14_MID_B_11,……화면 꺼. 지금은 떨어지는 사람들이 먼저다.
STORY_CH14_OUTRO_01,"저울이 부서지자 떨어지던 건물들이 멈췄다. 먼지가 천천히, 제대로 된 방향으로 내려앉았다."
STORY_CH14_OUTRO_02,……감사를 종료합니다. 하중을…… 측정할 수 없습니다.
STORY_CH14_OUTRO_03,"……아무도 돌아오지 않으면…… 무너질 일도, 없을 줄……"
STORY_CH14_OUTRO_04,"돌아오는 사람이 없으면 무너질 일도 없다. 틀린 계산은 아닌데, 사는 계산도 아니지."
STORY_CH14_OUTRO_05,"수도 전 구역 신호 정상. 격리 해제. 살아 있는 신호 만오천, 외부 노선에 다시 연결됐어."
STORY_CH14_OUTRO_06,"만오천 명이 이제 바깥에 소식을 보낼 수 있는 거죠? 와, 전압 오른다!"
STORY_CH14_OUTRO_07,본청 단말들이 일제히 켜졌다. 격리 규약의 원본 경로가 화면을 가로질렀다.
STORY_CH14_OUTRO_08,원본 발신지는 여기가 아니다. 제로 신호 정원. 수도의 규약은 사본이었어.
STORY_CH14_OUTRO_09,원본은 격리가 아니라 초기화를 준비 중이야. 대상은…… 전 노선의 기억.
STORY_CH14_OUTRO_10,"바로 선 하늘 너머, 빛의 선은 더 선명해져 있었다. 이제는 사막의 선로까지 그 선에 닿아 있었다."
STORY_CH14_OUTRO_11,단말에 저 선의 이름이 있다. '종말선.' 전 노선을 하나의 종착지로 묶는 계획이다.
STORY_CH14_OUTRO_12,"항해자님, 정원의 꽃이 곧 핍니다. 아프지 않은 세계가 머지않았습니다."
STORY_CH14_OUTRO_13,"기억 초기화? 제일 싫어하는 명령어야. 어떤 시스템도 사람 방향을 대신 못 정하게, 끝까지 망쳐 줄게."
STORY_CH14_OUTRO_14,잊어서 얻는 평화는 필요 없다. 정원으로 간다.
STORY_CH14_PREBOSS_01,"중심층의 감사실은 거대한 저울이었다. 한쪽 접시엔 수도가, 다른 쪽엔 아무것도 올라가 있지 않았다."
STORY_CH14_PREBOSS_02,감사를 개시합니다. 수도의 하중을 측정하겠습니다. 움직이지 마십시오.
STORY_CH14_PREBOSS_03,측정값이 이상하다. 건물 무게가 아니라 생체 신호마다 하중을 매기고 있어.
STORY_CH14_PREBOSS_04,귀환 의지를 과부하로 판정합니다. 돌아가려는 마음이 구조물을 무너뜨립니다.
STORY_CH14_PREBOSS_05,돌아가려는 마음이 과부하라고? 그 마음 하나로 열두 해를 버틴 사람도 있어.
STORY_CH14_PREBOSS_06,"아, 저울 논리 알겠다. 떠나려는 사람이 없으면 도시가 안 흔들린다는 거지. 최악의 버그네."
STORY_CH14_PREBOSS_07,기록 항해자님은 측정에서 제외됩니다. 권한자는 감사 대상이 아닙니다.
STORY_CH14_PREBOSS_08,……또 특별 대우야? 기분 나쁘게 친절하네.
STORY_CH14_PREBOSS_09,저울 축에 격리 규약이 물려 있어. 저걸 부수면 수도 전체의 기준면이 돌아와.
STORY_CH14_PREBOSS_10,"잴 필요 없다. 여기 있는 전원, 돌아갈 곳이 있다."
STORY_CH14_PREBOSS_11,"그럼 저희는 무거운 사람들이네요. 좋아요, 무겁게 가요!"
STORY_CH14_PREBOSS_12,과부하 좋지! 내 무게까지 얹어 주마!
STORY_CH14_PREBOSS_13,"저울이 기울었다. 수도 전체가 한 번, 크게 울렸다."
STORY_CH15_CAMP_01,꽃이 닿지 않는 관리 터널에 불을 피웠다. 향기가 끊긴 곳에서야 모두 제대로 숨을 쉬었다.
STORY_CH15_CAMP_02,"나 원래 정원 짐꾼이었어. 씨앗 상자 나르고, 물 긷고. 별거 없지?"
STORY_CH15_CAMP_03,별거 없긴요! 씨앗 나르는 사람 없으면 꽃도 없잖아요.
STORY_CH15_CAMP_04,……그렇네. 그렇게 말해 준 사람은 처음이야.
STORY_CH15_CAMP_05,……나도 하나 털어놓을까. 아까 꽃 속에서 본 거.
STORY_CH15_CAMP_06,오래된 역 식당이었어. 마에루 옆에 시오가 앉아서 웃고 있었지.
STORY_CH15_CAMP_07,……소렌.
STORY_CH15_CAMP_08,나도 시오를 알았어. 오래는 아니었지만. 그 웃음소리를 아직 기억하는 줄은 몰랐네.
STORY_CH15_CAMP_09,"……다음에. 이번엔 '나중에'가 아니라, '다음에'다."
STORY_CH15_CAMP_10,"고마워, 항해자. 불이 따뜻하면 말이 잘 나오거든."
STORY_CH15_CAMP_11,"……그 웃음, 나도 기억한다. 등불보다 밝았지."
STORY_CH15_CAMP_12,좋은 기억은 미끼로 쓰기엔 아깝네. 내일은 안 줄 거야. 정원사한테도.
STORY_CH15_CAMP_CHOICE1_A,시오 이야기를 더 듣고 싶다고 한다
STORY_CH15_CAMP_CHOICE1_B,말없이 불을 지핀다
STORY_CH15_HARD_INTRO_01,온실 안은 공기가 무거웠다. 유리 천장에 맺힌 물방울이 떨어지지 않고 공중에 멈춰 있었다.
STORY_CH15_HARD_INTRO_02,시간 흐름이 바깥의 삼분의 일. 여기서 한 시간이면 밖은 세 시간이다.
STORY_CH15_HARD_INTRO_03,온실은 나도 안 와 봤어. 짐꾼은 여기까지 못 들어오게 했거든.
STORY_CH15_HARD_INTRO_04,안쪽에서 꽃 한 송이가 계속 피었다 져요. 맥박처럼요.
STORY_CH15_HARD_INTRO_05,제로 개화의 핵이야. 정원사가 쓰러져도 저게 남으면 다시 싹이 터.
STORY_CH15_HARD_INTRO_06,공기 중에 약초 냄새가 섞여 있어. 누가 여기서 뭔가를 가꾸고 있나 봐.
STORY_CH15_HARD_INTRO_07,"뿌리까지 확인한다. 시간이 느린 만큼, 우리가 서두른다."
STORY_CH15_HARD_OUTRO_01,마지막 꽃잎이 떨어지자 멈춰 있던 물방울들이 한꺼번에 쏟아졌다. 느리던 시간이 비처럼 내렸다.
STORY_CH15_HARD_OUTRO_02,……처음으로 돌아가면…… 아무도 잃은 적 없는 세상이……
STORY_CH15_HARD_OUTRO_03,"……어머, 비예요. 바엘이 여기 온 뒤로 비 오는 건 처음이에요."
STORY_CH15_HARD_OUTRO_04,제로 개화가 시들었어. 이제 정원은 그냥 정원이야.
STORY_CH15_HARD_OUTRO_05,"그럼 씨앗 하나만 챙길래요. 다시 피울 곳에서, 제대로 흐르는 시간에 맞춰서요."
STORY_CH15_HARD_OUTRO_06,좋은 생각이야. 다음 야영지에 같이 심자.
STORY_CH15_HARD_OUTRO_07,"바엘, 같이 가자. 약초사는 늘 모자라다."
STORY_CH15_HARD_OUTRO_08,"후후, 좋아요. 대신 걸음은 천천히 맞춰 주세요."
STORY_CH15_HARD_OUTRO_09,동쪽과 서쪽에서 포성 신호. 내전이 시작됐어.
STORY_CH15_HARD_OUTRO_10,……그럼 천천히는 나중에. 가자.
STORY_CH15_INTRO_01,정원에서는 계절 냄새가 한꺼번에 났다. 봄꽃과 여름 풀과 첫눈 냄새가 한 꽃밭에서 피어올랐다.
STORY_CH15_INTRO_02,……모두 맥박이 느려지고 있어요. 긴장이 풀리는 속도가 너무 빨라요.
STORY_CH15_INTRO_03,나도 느껴. 잠들기 직전처럼 따뜻해. ……이런 곳이 제일 위험해.
STORY_CH15_INTRO_04,정원 전체가 하나의 서버야. 꽃 한 송이마다 기억 조각이 저장돼 있어. 개수는…… 셀 수가 없네.
STORY_CH15_INTRO_05,안내 말씀 드립니다. 가장 행복했던 순간에 머무르십시오. 더 가실 필요는 없습니다.
STORY_CH15_INTRO_06,"더 갈 필요 없다는 말이 제일 수상해. 그 말 듣고 멈춘 사람들, 저기 다 있잖아."
STORY_CH15_INTRO_07,"꽃밭 사이사이에 사람들이 앉아 있었다. 모두 눈을 뜬 채 웃고 있었고, 누구도 일어나지 않았다."
STORY_CH15_INTRO_08,"……웃고 있는데, 아무도 대답을 안 해. 잔향체보다 조용하네."
STORY_CH15_INTRO_09,호흡도 맥박도 정상이에요. 다친 곳은 없어요. 그런데 몇 년째 저 자세인지 모르겠어요.
STORY_CH15_INTRO_10,신호로 세면 칠천. 수도에서 옮겨 온 사람들까지 섞여 있어.
STORY_CH15_INTRO_11,중심부에서 초기화 준비 신호. 개화가 끝나면 전 노선의 기억이 이 꽃밭 하나로 덮여.
STORY_CH15_INTRO_12,따뜻하고 좋은데…… 이상하게 주먹에 힘이 안 들어가.
STORY_CH15_INTRO_13,꽃은 밟지 말고 가자. 저 안에 누군가의 제일 좋은 날이 들어 있을 테니까.
STORY_CH15_INTRO_14,"칠천 명, 전원 일으킨다. 행복은 잠든 채가 아니라 깨어서 돌려받는 거다."
STORY_CH15_MID_A_01,꽃밭 깊이 들어설수록 향기가 짙어졌다. 한 걸음 내디딜 때마다 발소리가 멀어졌다.
STORY_CH15_MID_A_02,"……어, 불 켜진 기지예요. 다들 웃고 있고, 따뜻한 수프 냄새도 나요……"
STORY_CH15_MID_A_03,"에다, 거기 아니야! ……어, 나는 왜 이러지? 누가 내 이름을 크게 불러 주던 날이야……"
STORY_CH15_MID_A_04,"정신 차려. 꽃은 기억을 지우지 않아. 가장 안전했던 순간만 남기고, 나머지 길을 닫아."
STORY_CH15_MID_A_05,지금 우리 모두 각자 제일 안전했던 곳에 서 있어. 그래서 아무도 앞으로 못 걸어.
STORY_CH15_MID_A_06,"항해자 앞에 핀 꽃은 단 하나의 장면만 비추었다. 멈춘 객차, 조용한 좌석, 감기는 눈꺼풀."
STORY_CH15_MID_A_07,항해자님께서 가장 평온하셨던 순간을 저는 기억합니다. 눈을 감으시던 그 좌석이지요.
STORY_CH15_MID_A_08,"……제7 승강장. 그 자리가 가장 평온했다고? 거긴, 우리가 누군가를 잃은 곳이다."
STORY_CH15_MID_A_09,"꽃에서 눈 떼. 항해자, 에다, 베온. 내 목소리만 따라와."
STORY_CH15_MID_A_10,……안쪽에 꽃이 시든 길이 하나 있어. 누가 일부러 베어 낸 자국이야.
STORY_CH15_MID_B_01,정원지기가 쓰러지자 주변 꽃들이 일제히 고개를 숙였다. 달콤한 향기가 잠시 옅어졌다.
STORY_CH15_MID_B_02,"휴, 끝났다. 너희 싸우는 거 보니까 좋더라. 서로 등 맡기는 게."
STORY_CH15_MID_B_03,당신은 계속 혼자였나요? 이 정원에서.
STORY_CH15_MID_B_04,"응. 다들 꽃 옆에 앉아 버렸거든. 내 여동생도. 깨우면 울어서, 못 깨웠어."
STORY_CH15_MID_B_05,"근데 나는 편한 과거보다, 모르는 내일에 있는 너희가 좋아. 같이 가도 돼?"
STORY_CH15_MID_B_06,"카른이 대답을 기다리는 사이, 항해 기록기가 먼저 빛났다. 열다섯 번째 무늬였다."
STORY_CH15_MID_B_07,"오, 기록기가 먼저 대답했네. 너 방금 합격이래."
STORY_CH15_MID_B_08,"……합격? 시험이었어? 몰랐는데, 다행이다."
STORY_CH15_MID_B_09,스물 중 열다섯이에요. 남은 서명은 다섯.
STORY_CH15_MID_B_10,카른이 벤 길이 중심부까지 이어져. 정원사는 그 끝에 있어.
STORY_CH15_MID_B_11,여동생은 돌아오는 길에 같이 깨운다. 약속하지.
STORY_CH15_OUTRO_01,닫힌 꽃이 시들자 정원의 향기가 한꺼번에 빠져나갔다. 꽃밭 곳곳에서 사람들이 몸을 일으켰다.
STORY_CH15_OUTRO_02,……관리 절차를…… 종료합니다. 보관소를…… 개방합니다.
STORY_CH15_OUTRO_03,……아프지 않은 곳에…… 머물게 해 드리고 싶었……
STORY_CH15_OUTRO_04,"저기, 내 여동생이 일어나. 울고 있어. ……근데 걸어 나와."
STORY_CH15_OUTRO_05,우는 건 괜찮아요. 걸어 나오는 게 중요해요. 제가 맥 볼게요.
STORY_CH15_OUTRO_06,"칠천 명, 전원 의식 회복. 기억 손실 없음."
STORY_CH15_OUTRO_07,그때 정원 중심의 뿌리가 붉게 타올랐다. 초기화 권한의 신호가 두 갈래로 갈라져 지평선 양쪽으로 뻗었다.
STORY_CH15_OUTRO_08,"앗, 권한이 도망친다! 동쪽이랑 서쪽으로, 동시에 전송됐어!"
STORY_CH15_OUTRO_09,수신처는 동부선과 서부선의 노선왕. 한쪽이 승인하면 다른 쪽 피난 노선은 영구 폐기된다.
STORY_CH15_OUTRO_10,두 노선의 계승 신청이 동시에 접수되었습니다. 결과를 기다려 주십시오.
STORY_CH15_OUTRO_11,……내전이 시작된다는 뜻입니다. 포성이 여기까지 닿을 날도 머지않았어요.
STORY_CH15_OUTRO_12,편한 과거보다 모르는 내일이라고 했지. ……그럼 그 내일부터 지키러 가자.
STORY_CH15_OUTRO_13,피난 노선 하나가 통째로 사라질 수 있다. 가서 막는다. 둘 다 살린다.
STORY_CH15_PREBOSS_01,정원 중심에는 거대한 꽃 한 송이가 닫혀 있었다. 그 둘레로 투명한 꽃잎들이 방패처럼 떠 있었다.
STORY_CH15_PREBOSS_02,정원에 오신 것을 환영합니다. 이곳은 가장 행복한 순간의 보관소입니다.
STORY_CH15_PREBOSS_03,저 꽃잎…… 제 기억이에요. 불 켜진 기지. 다들 웃고 있어요.
STORY_CH15_PREBOSS_04,내 것도 있네. 역 식당. ……시오도.
STORY_CH15_PREBOSS_05,"공격할수록 추억이 부서집니다. 가장 소중한 순간을, 손수 깨뜨리시겠습니까?"
STORY_CH15_PREBOSS_06,……나는 이미 하나 줘 봤어. 아팠어. 근데 앞은 보이더라.
STORY_CH15_PREBOSS_07,"기억은 꽃잎에만 있지 않아요. 맥박에도, 손끝에도 남아요. 부서져도 다시 뛰어요."
STORY_CH15_PREBOSS_08,"추억을 방패로 쓰는 놈한테 물러서면, 추억이 인질이 되는 거야."
STORY_CH15_PREBOSS_09,"항해자님, 돌아가실 좌석은 비워 두었습니다. 언제든 다시 쉬셔도 됩니다."
STORY_CH15_PREBOSS_10,"그 좌석은 비워 둔 채로 간다. 항해자는 여기, 우리와 있다."
STORY_CH15_PREBOSS_11,"……시오, 미안. 이번엔 네 웃음보다 앞을 볼게."
STORY_CH15_PREBOSS_12,저도요! 기지는 또 불 켜면 돼요. 몇 번이든!
STORY_CH15_PREBOSS_13,"꽃잎 사이의 줄기를 노린다. 부서진 추억은, 돌아가서 다시 쌓는다."
STORY_CH16_CAMP_01,"야전병원 천막 뒤, 소독약 냄새가 밴 불가에 의무관 넷이 둘러앉았다."
STORY_CH16_CAMP_02,"노아르, 오늘 몇 명 봤어? 나는 스물하나."
STORY_CH16_CAMP_03,"서른넷이요. ……세는 건 좋아하지 않지만, 안 세면 잊어요."
STORY_CH16_CAMP_04,알아요. 저도 피난 행렬 끝까지 셌어요. 잊지 않으려고.
STORY_CH16_CAMP_05,숫자 옆에 맥박을 적어 두세요. 그러면 숫자가 사람으로 남아요.
STORY_CH16_CAMP_06,불가 가장자리에서 에다가 무릎을 끌어안고 있었다. 회로의 불빛이 평소보다 희미했다.
STORY_CH16_CAMP_07,"……저, 사실 무서워요. 잔향체는 괜찮은데, 사람끼리 쏘는 건…… 너무 무서워요."
STORY_CH16_CAMP_08,무서워하는 사람이 있어서 다행이에요. 전쟁은 그걸 제일 먼저 잊게 하거든요.
STORY_CH16_CAMP_09,"에다, 무서우면 무섭다고 해도 돼. 그 말 꺼내는 사람이 제일 용감한 거야."
STORY_CH16_CAMP_10,"……헤헤, 항해자 옆은 따뜻하네요. 조금 충전되는 느낌이에요."
STORY_CH16_CAMP_11,"열여섯 개…… 전부 사람이네요. 이만큼 모였으면, 무서워도 되겠어요."
STORY_CH16_CAMP_12,"내일은…… 무서운 채로 갈게요. 그래도, 갈게요."
STORY_CH16_CAMP_CHOICE1_A,에다 옆에 앉는다
STORY_CH16_CAMP_CHOICE1_B,기록기의 무늬를 보여 준다
STORY_CH16_HARD_INTRO_01,"옥좌 차량은 멈추지 않고 환상선을 돌고 있었다. 왕관이 해체된 뒤에도, 누군가의 명령을 기다리듯."
STORY_CH16_HARD_INTRO_02,무인 차량입니다. 그런데 포대가 양쪽 수도를 동시에 겨누고 있어요.
STORY_CH16_HARD_INTRO_03,"……옆 칸에 사람이 있어요. 맥박이 하나. 아주 곧고, 흔들리지 않아요."
STORY_CH16_HARD_INTRO_04,왕관 없는 옥좌라. 누가 지키고 있는지 보러 가 볼까.
STORY_CH16_HARD_INTRO_05,옥좌는 비워 두는 게 나을 때도 있어요. 그걸 알려 주러 가죠.
STORY_CH16_HARD_INTRO_06,포신 장전 주기 12분. 다음 발사까지 9분 남았다.
STORY_CH16_HARD_INTRO_07,9분이면 충분하다. 양쪽 수도에 한 발도 떨어뜨리지 않는다.
STORY_CH16_HARD_OUTRO_01,군주 기관의 포신이 하나씩 내려앉았다. 옥좌 차량이 선로 끝에서 마침내 멈췄다.
STORY_CH16_HARD_OUTRO_02,……명령이 있으면…… 아무도 헤매지 않을 줄……
STORY_CH16_HARD_OUTRO_03,"그날 밤, 분기역 대합실에 긴 식탁 하나가 놓였다. 동쪽 끝과 서쪽 끝에 두 노선왕이 앉았다."
STORY_CH16_HARD_OUTRO_04,……서부의 여왕. 예법상 먼저 잔을 드는 것은 손님이오.
STORY_CH16_HARD_OUTRO_05,"예법은 몰라, 동쪽 여왕님. 대신 빵은 반씩 나눈다. 그건 알지?"
STORY_CH16_HARD_OUTRO_06,……알고 있소. 선대의 예법에도 그것만은 적혀 있었으니.
STORY_CH16_HARD_OUTRO_07,테란이다. ……두 왕관이 한 식탁이라. 명령으로는 한 번도 못 본 광경이군.
STORY_CH16_HARD_OUTRO_08,"나는 이제 누구의 기사도 아니다. 다만 틀린 명령이 또 나오면, 너희 곁에서 거절하겠다."
STORY_CH16_HARD_OUTRO_09,"그거면 충분하다. 환영한다, 테란."
STORY_CH16_HARD_OUTRO_10,양쪽 병사들이 같은 천막에서 잠들었어요. 오늘 밤은 셀 필요가 없어요. 모두 돌아왔으니까요.
STORY_CH16_INTRO_01,"두 노선이 만나는 분기역에 포연이 걸려 있었다. 동쪽 선로엔 금빛 깃발이, 서쪽 선로엔 붉은 천이 나부꼈다."
STORY_CH16_INTRO_02,동부선의 백성에게 고하오. 대운행국 헌장의 적통은 오직 동부선에 있소.
STORY_CH16_INTRO_03,선대께서 남기신 옥새와 예법이 그 증거요. 짐은 질서로써 모두를 지키겠소.
STORY_CH16_INTRO_04,"헌장 좋아하네. 서부선, 들어. 종이로는 배 못 채운다."
STORY_CH16_INTRO_05,우리 쪽 입이 삼만 팔천이야. 왕관은 그 입들을 먹이는 쪽이 쓴다. 끝.
STORY_CH16_INTRO_06,"한쪽은 옛 칙서 말투, 한쪽은 장터 말투. 목소리 큰 건 둘 다 똑같네."
STORY_CH16_INTRO_07,양측 포대가 분기역을 사이에 두고 조준 중입니다. 한 발이면 교전이 시작돼요.
STORY_CH16_INTRO_08,"피난민 신호, 동쪽은 사만. 합치면 칠만 팔천이 분기역 앞에 막혀 있어."
STORY_CH16_INTRO_09,안내 말씀 드립니다. 승리한 노선이 모든 노선을 병합합니다. 승객 여러분은 결과를 기다려 주십시오.
STORY_CH16_INTRO_10,병합? 이긴 쪽이 전부 먹는다는 거잖아. 그게 무슨 계승이야!
STORY_CH16_INTRO_11,정원에서 날아간 권한이 여기로 왔어. 저 왕관들이 그걸 쥐면……
STORY_CH16_INTRO_12,이긴 쪽은 진 쪽의 피난 노선을 지울 수 있어. 영구적으로.
STORY_CH16_INTRO_13,그럼 누가 이기든 한쪽 수만 명이 길을 잃는 거네.
STORY_CH16_INTRO_14,왕관은 우리 일이 아니다. 우리 일은 사람이다. 양쪽 다 구한다.
STORY_CH16_MID_A_01,"점령된 신호소 안에서 계승 문서가 쉼 없이 인쇄되고 있었다. 종이는 끝없이 나오는데, 서명란은 하나뿐이었다."
STORY_CH16_MID_A_02,계승 문서가 아니다. 병합 명령서다. 승자의 서명 하나로 전 피난 노선을 한 선로로 묶는다.
STORY_CH16_MID_A_03,노선 전부를 한 줄로? 이 구조 어디서 봤는데…… 수도 하늘의 빛의 선이랑 똑같아.
STORY_CH16_MID_A_04,……종말선의 축소판이야. 모든 노선을 하나의 종착지로. 이 내전은 예행연습이야.
STORY_CH16_MID_A_05,"두 왕은 그걸 알고 싸우는 겁니까, 모르고 싸우는 겁니까."
STORY_CH16_MID_A_06,모르는 쪽에 건다. 알았다면 양쪽 다 포신을 내렸겠지.
STORY_CH16_MID_A_07,"항해자님, 예행연습은 순조롭습니다. 하나의 서명이면 충분하다는 것, 기억하고 계시지요?"
STORY_CH16_MID_A_08,"……저 방송, 갈수록 항해자한테만 말을 거네. 기분 나쁘게."
STORY_CH16_MID_A_09,"서명 하나로 끝나는 세계라면, 우리는 스물을 모은다. 그게 답이다."
STORY_CH16_MID_A_10,야전병원 신호 하나. 양쪽 부상자가 한 채널에 묶여 있어. 누가 일부러 이었어.
STORY_CH16_MID_B_01,창기사들이 물러가자 천막 안에 소독약 냄새만 남았다. 등불 하나가 마흔두 개의 침상을 비추었다.
STORY_CH16_MID_B_02,"치료 신호를 하나로 이었어요. 한쪽이 아프면, 다른 쪽도 그 소리를 들어요."
STORY_CH16_MID_B_03,맥박을 나누는 방식이군요. 제 리듬 기록과 닮았어요. 훨씬 다정하지만.
STORY_CH16_MID_B_04,"다정한 게 아니에요. 들리면, 쏘기가 어려워질 뿐이에요."
STORY_CH16_MID_B_05,……전선 쪽 포성이 줄었어. 저 신호가 참호까지 닿았나 봐.
STORY_CH16_MID_B_06,"그때 항해 기록기가 조용히 빛났다. 소리 없이, 열여섯 번째 무늬가 새겨졌다."
STORY_CH16_MID_B_07,……이게 서명인가요. 저는 아무것도 약속하지 않았는데요.
STORY_CH16_MID_B_08,약속은 이미 했다. 마흔둘을 하나로 셌잖아.
STORY_CH16_MID_B_09,"그럼 기록할게요. 누가 이겼는지보다, 누가 돌아왔는지를."
STORY_CH16_MID_B_10,"스물 중 열여섯. ……첫 무늬 아래 그 자국, 오늘따라 더 선명해."
STORY_CH16_MID_B_11,창기사들은 분기역 쪽으로 물러났다. 부상자 후송로부터 확보한다.
STORY_CH16_OUTRO_01,창이 부러지자 분기역을 덮고 있던 포연이 걷혔다. 금빛 깃발과 붉은 천이 같은 바람에 흔들렸다.
STORY_CH16_OUTRO_02,……계승 절차를…… 중단합니다.
STORY_CH16_OUTRO_03,"……하나로 합치면…… 다시는, 싸울 일도……"
STORY_CH16_OUTRO_04,왕관이 원한 것도 결국 평화였단 말이오. 방법이 틀렸을 뿐.
STORY_CH16_OUTRO_05,평화? 한쪽 지워서 얻는 평화면 무덤이랑 뭐가 달라.
STORY_CH16_OUTRO_06,항해자라 했소. 그대라면 두 노선 중 어느 쪽에 왕관을 주겠소?
STORY_CH16_OUTRO_07,"하, 필요 없다라. ……그 말엔 오늘 반박을 못 하겠네."
STORY_CH16_OUTRO_08,"함께 쓰라니, 예법에 없는 답이오. ……허나 적어 두겠소."
STORY_CH16_OUTRO_09,부서진 왕관 속에서 낡은 계승 인장이 굴러 나왔다. 인장 뒷면에 좌표 하나가 새겨져 있었다.
STORY_CH16_OUTRO_10,좌표 해독. 잔광 도서고. 진짜 노선 계승 기록이 거기 보관돼 있다.
STORY_CH16_OUTRO_11,도서고라…… 선대께서 '그날 밤의 원본'을 봉인해 두었다던 곳이오.
STORY_CH16_OUTRO_12,"원본이든 뭐든 가져와. 그날 밤 누가 먼저 서명했는지 적혀 있으면, 이 싸움 누가 시작했는지도 알겠지."
STORY_CH16_OUTRO_13,"그 말에 항해 기록기의 첫 무늬 아래, 오래된 자국이 차갑게 한 번 깜박였다."
STORY_CH16_OUTRO_14,"잔광 도서고는 곧 기록을 정리합니다. 항해자님, 서두르지 않으셔도 됩니다. 결말은 이미 쓰여 있습니다."
STORY_CH16_OUTRO_15,"……도서고로 간다. 무엇이 적혀 있든, 우리가 같이 읽는다."
STORY_CH16_OUTRO_CHOICE1_A,왕관은 필요 없다
STORY_CH16_OUTRO_CHOICE1_B,두 사람이 함께 써라
STORY_CH16_PREBOSS_01,"분기역 한가운데, 두 노선왕이 처음으로 같은 승강장에 섰다. 그 사이로 은빛 창을 든 기관이 내려앉았다."
STORY_CH16_PREBOSS_02,참호에서 우리 병사들이 동쪽 신음 소리를 듣고 울더라. 이래서야 못 쏴.
STORY_CH16_PREBOSS_03,"짐도 같은 보고를 받았소. 예법에 없는 일이나, 잠시 포를 거두는 것을 허하겠소."
STORY_CH16_PREBOSS_04,경고합니다. 휴전은 반역입니다. 계승 절차는 단 하나의 승자를 요구합니다.
STORY_CH16_PREBOSS_05,치료 신호를 지휘부 공격으로 간주합니다. 신호 발신자를 제거하십시오.
STORY_CH16_PREBOSS_06,……저를 말하는 거군요. 괜찮아요. 신호는 제가 끊겨도 이어지게 해 뒀어요.
STORY_CH16_PREBOSS_07,끊기게 두지 않는다. 노아르는 등로단이다.
STORY_CH16_PREBOSS_08,"등로단? ……거기, 저 깡통 창잡이는 누구 편이야?"
STORY_CH16_PREBOSS_09,"왕관의 편이오. 짐의 편도, 서부 여왕의 편도 아니오. ……이제야 알겠구려."
STORY_CH16_PREBOSS_10,두 분께서는 물러나 주십시오. 승자가 정해질 때까지 창은 멈추지 않습니다.
STORY_CH16_PREBOSS_11,승자? 그런 거 필요 없어. 창부터 부러뜨린다.
STORY_CH16_PREBOSS_12,"두 분, 뒤로요. 여긴 우리가 막아요."
STORY_CH16_PREBOSS_13,"……하, 나한테 명령하는 거야? 좋아. 오늘만 들어 준다."
STORY_CH16_PREBOSS_14,"무례하나 옳은 말이오. 동부선 근위대, 물러서라."
STORY_CH17_CAMP_01,"야영 등불 아래 세브가 원본 서고의 기록판을 펼쳤다. 종이 넘기는 소리가 멎고, 대정전 밤의 시각이 떠올랐다."
STORY_CH17_CAMP_02,"적힌 대로만 읽을게요. '23시 52분. 최종 시간표 초안, 제1 서명. 서명자, 기록 항해자.'"
STORY_CH17_CAMP_03,"기록기가 뜨겁게 떨렸다. 관제 콘솔 앞에서 서명하던 그 뒷모습이 누구였는지, 이제 모두가 알았다."
STORY_CH17_CAMP_04,'00시 51분. 초안은 노선만이 아니라 사람들의 선택까지 멈춘다. 되돌릴 수 없음.'
STORY_CH17_CAMP_05,"'항해자, 자기 기억을 지우고 제7 승강장에 봉인. 폐기 조건, 서로 다른 노선의 서명 스물.'"
STORY_CH17_CAMP_06,마지막 줄은 손글씨였다. '다음 항해자가 다시 고르게 하라.'
STORY_CH17_CAMP_07,"부록이 하나 있어요. 봉인된 좌석을 끝까지 지킨 구조대원 기록. ……이름, 시오."
STORY_CH17_CAMP_08,등불 심지가 타는 소리만 남았다. 누구도 먼저 입을 열지 않았다.
STORY_CH17_CAMP_09,……누가 이런 규칙을 만들었냐고 물었었지. 한 사람의 서명을 한 사람이 못 뒤집게. 답이 여기 있었어.
STORY_CH17_CAMP_10,"시오가 끝까지 지킨 사람이 너였군. ……그래서, 이번엔 뭘 고를 거지?"
STORY_CH17_CAMP_11,"좋아. 열두 해 전 네가 멈춘 자리에서, 이번엔 같이 간다."
STORY_CH17_CAMP_12,"그 사건, 내가 인계받았잖아. 판결 내릴게. 무죄! 공범은 여기 있는 모두!"
STORY_CH17_CAMP_13,받았다. 그걸로 끝이다. 열두 해 전 일은 거기 두고 간다.
STORY_CH17_CAMP_14,시오한테도 해 둬. ……시오였으면 네가 말 끝내기도 전에 웃었겠지만. 그런 사람이었어.
STORY_CH17_CAMP_15,"고르는 건 네 몫이고, 버티는 건 우리 몫이다. ……내일도 전원 확인한다."
STORY_CH17_HARD_INTRO_01,서고 깊은 곳의 양피지에는 한 장에 백 겹씩 글이 덧쓰여 있었다. 긁어낸 글자 위로 새 글자가 계속 자랐다.
STORY_CH17_HARD_INTRO_02,팰림프세스트층이에요. 지운 줄 알았던 이름들이 아래에 다 깔려 있어요. 수천 명 분이요.
STORY_CH17_HARD_INTRO_03,겹 간격이 반 박자씩 어긋나. 아래층일수록 진짜야. 덧쓴 건 언제나 위에 쌓이지.
STORY_CH17_HARD_INTRO_04,그럼 맨 아래까지 가야겠네. 이름을 빼앗긴 채 눌려 있는 사람들이 있다면.
STORY_CH17_HARD_INTRO_05,양피지 더미 저편에서 포대 조준경이 번뜩였다. 누군가 이 깊이에서 아직 경계를 서고 있었다.
STORY_CH17_HARD_INTRO_06,도서고에 포대가 살아 있다고? 경비가 있을 줄은 몰랐네. 인사부터 해야겠는데.
STORY_CH17_HARD_INTRO_07,조준이 계속 우리를 따라와. 잔향체는 이렇게 오래 조준을 못 해. 사람이야.
STORY_CH17_HARD_INTRO_08,무기 낮춰. 먼저 쏘지 않는다.
STORY_CH17_HARD_OUTRO_01,팰림프세스트 핵이 멈추자 겹겹의 양피지가 한 장씩 벗겨졌다. 맨 아래층의 잉크는 방금 쓴 것처럼 빛났다.
STORY_CH17_HARD_OUTRO_02,"이름이에요. 대정전 이후 덧쓰여 사라진 사람들. 삼천…… 아니, 사천 명이 넘어요."
STORY_CH17_HARD_OUTRO_03,떠도는 좌표와 같군요. 버려졌지만 사라지지 않았습니다. 모두 돌려보내겠습니다.
STORY_CH17_HARD_OUTRO_04,'기록되지 않은 자는 두 번 죽는다.' 오래된 격언이지. ……오늘은 아무도 두 번째로 안 죽었군.
STORY_CH17_HARD_OUTRO_05,"경비는 끝났어. 지킬 서가가 사라졌으니, 이젠 서가 밖의 사람들을 지키지."
STORY_CH17_HARD_OUTRO_06,포대째로 따라올 거야? 짐이 꽤 무겁겠는데.
STORY_CH17_HARD_OUTRO_07,'무거운 것은 오래 남는다.' 이건 제대로 된 인용이야. 출처는 도서고 정문 현판.
STORY_CH17_HARD_OUTRO_08,되살아난 이름들이 빛 알갱이가 되어 서고 천장의 환기구로 흘러갔다. 각자의 노선으로 돌아가는 길이었다.
STORY_CH17_HARD_OUTRO_09,이름을 돌려보냈으면 우리도 간다. 종말선은 기다려 주지 않는다.
STORY_CH17_INTRO_01,천장까지 닿은 서가마다 종이 넘기는 소리가 쉬지 않았다. 잔광의 도서고는 지금도 역사를 고쳐 쓰고 있었다.
STORY_CH17_INTRO_02,책등 제목이 삼 초마다 바뀌어. 같은 책이 아니야. 같은 자리에 다른 과거가 꽂히는 거야.
STORY_CH17_INTRO_03,해체한 왕관의 좌표가 여길 가리켰지. 진짜 계승 기록이 이 안 어딘가에 있다는 거고.
STORY_CH17_INTRO_04,내전을 멈춘 기록이 벌써 흐려지고 있어요. 다친 사람들은 아직 그대로인데요.
STORY_CH17_INTRO_05,"잠깐만요, 이 책에 우리 이름이…… 방금까지 있었는데요? 지금은 빈칸이에요!"
STORY_CH17_INTRO_06,그때 서가 사이의 낡은 스피커들이 일제히 같은 음을 울렸다.
STORY_CH17_INTRO_07,안내 말씀 드립니다. 본 도서고는 현재 개입 기록을 정리하는 중입니다.
STORY_CH17_INTRO_08,승객 여러분의 발자취는 역사에 불필요한 주석입니다. 곧 삭제됩니다.
STORY_CH17_INTRO_09,항해자님의 기록만은 손대지 않겠습니다. 원본은 보존하는 것이 규정이니까요.
STORY_CH17_INTRO_10,"원본이라. 저 목소리, 항해자 얘기만 나오면 이상하게 다정해진단 말이지."
STORY_CH17_INTRO_11,원본? 내가 인계받은 항해자 사건 서류도 여기 어딘가 있겠네. 찾아서 먼저 읽어 주지!
STORY_CH17_INTRO_12,책보다 사람이 먼저다. 지워지기 전에 우리 기록부터 붙잡는다.
STORY_CH17_INTRO_13,"……항해자, 기록기 확인해. 서명 열여섯 개, 전부 그대로인가?"
STORY_CH17_INTRO_14,열여섯 개의 무늬는 흐려지지 않았다. 도서고 전체에서 지워지지 않는 빛은 그것뿐이었다.
STORY_CH17_INTRO_15,"그럼 저 기록기가 기준점이야. 삭제 신호가 제일 센 쪽, 서고 깊은 곳으로 가자."
STORY_CH17_MID_A_01,열람대 위의 원정 일지가 스스로 넘어가며 한 줄씩 하얗게 바랬다. 지워지는 것은 등로단의 이름이었다.
STORY_CH17_MID_A_02,"첫 장이 비었어. 꺼진 노선, 구조 신호, 내가 합류한 날. 전부 없던 일이 되고 있어."
STORY_CH17_MID_A_03,종이만 지우는 게 아니야. 방금 네 이름이 내 입에서 한 박자 늦게 나왔어.
STORY_CH17_MID_A_04,합류 순서대로 지우고 있어. 이 속도면 여섯 시간 안에 열여섯 명 전부 빈칸이야.
STORY_CH17_MID_A_05,기록이 사라지면 서로 처음 보는 사람이 되겠지. 같이 싸운 이유까지.
STORY_CH17_MID_A_06,"심장은 기억합니다. 하지만 종이가 먼저 잊으면, 머리가 뒤따라 잊습니다."
STORY_CH17_MID_A_07,삭제 명령이면 로그가 남는 법이지. 역추적하면…… 어? 누가 반대로 적고 있네?
STORY_CH17_MID_A_08,서고 중앙에 신호 하나. 지우는 속도보다 빠르게 받아 적고 있어. 사람이야.
STORY_CH17_MID_A_09,"지워지는 소리 사이로, 누군가 쉬지 않고 중얼거리는 목소리가 들려왔다."
STORY_CH17_MID_A_10,사람이라면 데려온다. 우리 이름이 다 바래기 전에.
STORY_CH17_MID_B_01,잔향체가 흩어지자 세브의 팔에서 흘러내리던 글자들이 멈췄다. 서로 어긋난 문장들이 한 몸에 나란히 남았다.
STORY_CH17_MID_B_02,보셨죠? 도서고가 지운 건 여기 다 있어요. 제가 살아 있는 동안은 못 지워요.
STORY_CH17_MID_B_03,모순을 한 몸에 저장하면 삭제 대상을 특정할 수 없어. 논리적으론 맞아. 체력적으론 무리고.
STORY_CH17_MID_B_04,무리죠! 그러니까 같이 가요. 살아 있는 색인도 옆에 사람이 있어야 오래 버티거든요.
STORY_CH17_MID_B_05,"항해 기록기가 빛났다. 열일곱 번째 무늬가 떠오르자, 바랬던 원정 일지의 이름들이 제자리로 돌아왔다."
STORY_CH17_MID_B_06,열일곱. 남은 건 셋이오. 포탄을 세는 것보다 이 숫자가 더 무겁군.
STORY_CH17_MID_B_07,그 기록기요. 도서고 맨 아래층에 같은 무늬가 딱 하나 있어요. 대정전 밤의 원본 서고에.
STORY_CH17_MID_B_08,"열려면 색인이 필요했는데, 이제 있네요. 저요. ……다만, 한 번 읽으면 모르던 때로는 못 돌아가요."
STORY_CH17_MID_B_09,……못 돌아가도 괜찮아요. 저흰 원래 앞으로만 가거든요!
STORY_CH17_MID_B_10,……야영지에서 연다. 모두 모인 자리에서.
STORY_CH17_OUTRO_01,색인 포식자의 카드함이 무너지며 찢긴 카드가 눈처럼 내렸다. 조각마다 이름이 다시 번졌다.
STORY_CH17_OUTRO_02,"……모든 만남을 지우려 했습니다. 처음부터 없었다면, 아무도 슬프지……"
STORY_CH17_OUTRO_03,대원들은 서로의 이름을 한 번씩 불렀다. 대답은 한 번도 늦지 않았다.
STORY_CH17_OUTRO_04,"맥박 전부 정상이에요. 다들 서로를 기억해요. ……다행이다, 정말."
STORY_CH17_OUTRO_05,"잠깐만요. 포식자가 삼킨 층 맨 아래에, 지워지지 않은 문서가 하나 남았어요."
STORY_CH17_OUTRO_06,"'종말선 개통 명령. 실행 시각, 내일 00시.' ……기록이 아니에요. 예약된 명령이에요."
STORY_CH17_OUTRO_07,기록은 지워도 명령은 남는다는 뜻이야. 도서고를 통째로 태워도 개통은 안 멈춰.
STORY_CH17_OUTRO_08,죽은 명령은 기다리지 않는다. 먼저 끊는다. 그뿐이다.
STORY_CH17_OUTRO_09,그때 서고의 모든 스피커가 부드럽게 켜졌다.
STORY_CH17_OUTRO_10,"항해자님, 진실을 확인하셨군요. 초안은 열두 해 동안 한 줄도 틀리지 않았습니다."
STORY_CH17_OUTRO_11,"시작하신 분께서 끝맺어 주십시오. 마지막 서명 한 줄이면, 더는 아무도 잃지 않습니다."
STORY_CH17_OUTRO_12,끝맺긴 누가 끝맺어요! 항해자는 이제 우리랑 같이 새로 쓰는 중이라고요!
STORY_CH17_OUTRO_13,예약 문서는 색인에 박제해 둘게요. 예언이 아니라 고정 명령이라는 증거로. 저도 따라가요.
STORY_CH17_OUTRO_14,하루 남았다. 종말선으로 간다. 개통 전에 도착한다.
STORY_CH17_PREBOSS_01,서고 중심에서 거대한 색인 카드함이 입을 벌렸다. 쏟아지는 카드마다 대원 한 사람의 합류 기록이 적혀 있었다.
STORY_CH17_PREBOSS_02,"열람실 이용객께 알려 드립니다. 색인 정리를 시작합니다. 중복, 모순, 개입 항목을 폐기합니다."
STORY_CH17_PREBOSS_03,합류 기록이 폐기된 승객께서는 서로를 처음 뵙는 분으로 대해 주십시오.
STORY_CH17_PREBOSS_04,카드가 찢길 때마다 대원들의 눈빛에 낯선 경계가 번졌다.
STORY_CH17_PREBOSS_05,"……당신들, 누구지? 이 신호는 누구 거야?"
STORY_CH17_PREBOSS_06,"모르겠어. 근데 이상하네. 처음 보는 사람들인데, 등 뒤를 맡겨도 될 것 같아."
STORY_CH17_PREBOSS_07,"카드는 찢겨도 색인은 여기 있어요! 베라, 꺼진 노선. 구조 신호를 사람들에게 돌려주려고 왔죠!"
STORY_CH17_PREBOSS_08,……그래. 신호를 돌려주려고. 그 말은 내 거야.
STORY_CH17_PREBOSS_09,처음 본 사이면 뭐? 처음부터 다시 고르면 되잖아. 한 번 해 봤으니까 두 번째는 빨라.
STORY_CH17_PREBOSS_10,경고합니다. 기록 없는 결속은 승인되지 않습니다. 동행하시는 사유를 제출하십시오.
STORY_CH17_PREBOSS_11,진실은 야영지에서 전부 들었어. 그다음에도 아무도 자리를 뜨지 않았어. 그게 사유야.
STORY_CH17_PREBOSS_12,제출한다. 지금 여기 서 있는 우리 모두가 사유다.
STORY_CH17_PREBOSS_13,"좋아, 색인 정리는 우리가 대신 해 주지. 앞장은 내가 선다!"
STORY_CH18_CAMP_01,"기준시계를 처음 늦춘 밤, 야영 등불이 선로를 따라 길게 늘어섰다. 대원들이 한 명씩 항해자를 찾아왔다."
STORY_CH18_CAMP_02,"항해자, 내일 신호는 내가 끝까지 잡을게. 네 기록기 신호가 끊겨도 찾아낼 거야."
STORY_CH18_CAMP_03,잠은 좀 자. 의무관 명령이야. ……사실 나도 무서워. 그러니까 둘 다 눈 좀 붙이자.
STORY_CH18_CAMP_04,"무게는 나눠 드는 거야. 너 혼자 서명했던 밤은, 이제 끝났어."
STORY_CH18_CAMP_05,"감상은 짧게. ……잘 싸웠어, 지금까진. 내일도 그렇게 해."
STORY_CH18_CAMP_06,"난 말주변이 없어서. 그냥, 옆에 있을게. 그거면 되지?"
STORY_CH18_CAMP_07,오늘 한 말 전부 색인에 적었어요. 내일 누가 뭘 지워도 여기 남아요.
STORY_CH18_CAMP_08,항해자! 저 전쟁 무섭다고 했었죠? 이번엔 안 무서워요. ……반쯤은요!
STORY_CH18_CAMP_09,"마지막으로 마에루가 선로 옆 객차에 올라, 좌석 안전띠를 하나씩 당겨 보았다."
STORY_CH18_CAMP_10,……이번엔 확인할 좌석이 많네.
STORY_CH18_CAMP_11,"……고맙다. 이 줄은 네가, 저 줄은 내가. 빈 좌석 하나는 그대로 두고."
STORY_CH18_CAMP_12,"시오 자리다. 아직은 비워 둔다. 데리러 갈 날이 오면, 그때 채운다."
STORY_CH18_CAMP_13,하루를 버는 싸움이다. 좌석 하나도 비게 두지 않는다. ……그 자리만 빼고.
STORY_CH18_HARD_INTRO_01,자정 종착역 뒤편은 아직 공사 중이었다. 반쯤 깔린 선로 위로 무인 궤도차가 쉬지 않고 침목을 날랐다.
STORY_CH18_HARD_INTRO_02,시공 오차가 0이야. 사람이 깐 선로라면 있어야 할 떨림이 하나도 없어.
STORY_CH18_HARD_INTRO_03,그럼 사람 없는 공사판이네. 부숴도 혼날 사람은 없겠다!
STORY_CH18_HARD_INTRO_04,……아니. 선로 절단 신호가 하나 있어. 누군가 안쪽에서 공사를 거꾸로 되돌리고 있어.
STORY_CH18_HARD_INTRO_05,먼 곳에서 쇠를 끊는 소리가 일정하게 울렸다. 깔리는 속도보다 끊기는 속도가 조금 느렸다.
STORY_CH18_HARD_INTRO_06,혼자서 저걸 끊고 있다면 도와야지. 빠른 쪽이 이기게.
STORY_CH18_HARD_INTRO_07,공사 일지에 감독 서명이 하나 있어요. 날짜가 전부 거꾸로 적혀 있고요.
STORY_CH18_HARD_INTRO_08,소리 나는 쪽으로 간다. 공사 기계보다 먼저 닿는다.
STORY_CH18_HARD_OUTRO_01,자정 종착역의 대시계가 11시 59분에서 멈췄다. 초침은 떨렸지만 다음 칸으로 넘어가지 않았다.
STORY_CH18_HARD_OUTRO_02,개통 시각에 1분 모자란 채로 고정됐어. 이 역은 이제 영원히 종착하지 못해.
STORY_CH18_HARD_OUTRO_03,……내가 설계한 역 중에 제일 잘 만든 역이다. 아무도 도착하지 않는 종착역이라니.
STORY_CH18_HARD_OUTRO_04,선로는 내가 깔았다. 이젠 사람들이 돌아가는 선로를 깔겠다. 너희 쪽에서.
STORY_CH18_HARD_OUTRO_05,좋다. 끊는 것보다 까는 게 더 어울려 보여.
STORY_CH18_HARD_OUTRO_06,쓸데없는 말. ……고맙다.
STORY_CH18_HARD_OUTRO_07,멈춘 시계 아래 끊긴 선로 조각들이 쌓였다. 누구의 끝도 아닌 시각이 역에 남았다.
STORY_CH18_HARD_OUTRO_08,"이 시각, 색인에 이름 붙여 둘게요. '누구의 끝도 아닌 1분.'"
STORY_CH18_HARD_OUTRO_09,1분을 남겼으면 됐다. 남은 하루를 쓰러 간다.
STORY_CH18_INTRO_01,도서고를 나서자 지평선 끝에서 끝까지 새 선로가 빛나고 있었다. 모든 노선이 한 점을 향해 휘어 있었다.
STORY_CH18_INTRO_02,종말선. 개통까지 스물네 시간. 선로가 당기는 힘에 먼 도시들의 등불이 한 방향으로 기울었다.
STORY_CH18_INTRO_03,"회백도시, 하늘교량, 설원, 수도…… 우리가 지나온 도시 전부가 같은 좌표로 끌려가고 있어."
STORY_CH18_INTRO_04,도서고 예약 문서랑 초 단위까지 일치해요. 자정 정각. 늦춰지지도 앞당겨지지도 않아요.
STORY_CH18_INTRO_05,"그때 하늘 전체가 스피커가 된 듯, 방송이 모든 방향에서 한꺼번에 내려왔다."
STORY_CH18_INTRO_06,"승객 여러분께 안내드립니다. 금일 자정, 종말선이 개통됩니다."
STORY_CH18_INTRO_07,"모든 승객께서는 탑승해 주십시오. 이 열차는 모든 역에 정차하며, 어느 역에서도 내리실 수 없습니다."
STORY_CH18_INTRO_08,항해자님께는 전용 좌석을 준비해 두었습니다. 열두 해 전의 그 자리입니다.
STORY_CH18_INTRO_09,"그 자리요? 제7 승강장 그 좌석이요? 으, 온몸에 정전기 돋았어요!"
STORY_CH18_INTRO_10,피난민들까지 끌려가고 있어요. 스스로 버틸 몸 상태가 아닌 사람이 수천이에요.
STORY_CH18_INTRO_11,하루입니다. 하루 안에 이 모든 좌표를 지켜야 합니다.
STORY_CH18_INTRO_12,"하루라…… 정찰하기엔 넉넉하고, 싸우기엔 빠듯하네."
STORY_CH18_INTRO_13,"가장 가까운 중계점부터 친다. ……항해자, 기록기 불빛 놓치지 마."
STORY_CH18_INTRO_14,등로단은 한 방향으로 기운 등불들을 거슬러 걷기 시작했다.
STORY_CH18_MID_A_01,중계점의 거대한 기준시계는 초침 소리 대신 심장 박동 같은 저음을 울렸다. 모든 도시의 시계가 그 박동에 맞춰 돌았다.
STORY_CH18_MID_A_02,개통 명령은 여기서 못 지워. 본체가 더 깊은 데 있거든. 근데 재밌는 거 찾았다?
STORY_CH18_MID_A_03,이 시계가 기준시야. 모든 노선이 이걸 보고 자정을 판단해. 늦추면 자정도 늦게 와.
STORY_CH18_MID_A_04,얼마나 늦출 수 있지? 추정 말고 숫자로.
STORY_CH18_MID_A_05,기준 신호를 계속 끊어 주면 최대 스물네 시간. 딱 하루.
STORY_CH18_MID_A_06,"하루면 종말선 핵심부까지 갈 수 있어. 취소는 못 해도, 도착은 할 수 있다는 뜻이야."
STORY_CH18_MID_A_07,명령을 못 지우면 명령의 시계를 끊는다. 합리적이다.
STORY_CH18_MID_A_08,문제는 끊는 동안 누가 저 시계를 지키냐는 거지. 관제가 가만있을 리 없잖아.
STORY_CH18_MID_A_09,"이 하루도 색인에 적어 둘게요. 주어진 날이 아니라, 벌어 온 날이라고."
STORY_CH18_MID_A_10,하루를 산다. 값은 우리가 치른다. 다음 중계탑으로.
STORY_CH18_MID_B_01,마지막 신호수가 쓰러지자 유리엔의 포신에서 흰 김이 피어올랐다. 기준시계의 박동이 또 한 번 느려졌다.
STORY_CH18_MID_B_02,고마워. 혼자서는 90초가 늘 모자랐거든. 오늘은 처음으로 남았어.
STORY_CH18_MID_B_03,"유리엔. 장거리 포수야. 이 선로가 깔리기 시작한 날부터, 포탄으로 공사를 하루씩 늦춰 왔어."
STORY_CH18_MID_B_04,포탄 비행 시간을 시계로 쓴다고? ……내 방식이랑 같네. 오차는?
STORY_CH18_MID_B_05,한 발에 0.2초. 너보다는 조금 덜하지.
STORY_CH18_MID_B_06,……0.4초는 옛날 얘기야.
STORY_CH18_MID_B_07,항해 기록기가 열여덟 번째 빛을 새겼다. 유리엔의 포신에 새겨진 탄착 표식과 같은 무늬였다.
STORY_CH18_MID_B_08,남은 포탄으로 시간을 살게. 마지막 한 발까지. 그게 내 서명이야.
STORY_CH18_MID_B_09,열여덟! 이제 둘 남았어요. 빈칸이 이렇게 반가운 건 처음이에요.
STORY_CH18_MID_B_10,하루를 끝까지 채운다. 신호수 본진은 자정 종착역 앞이다.
STORY_CH18_OUTRO_01,"신호탑이 무너지며 압축된 하루가 흩어졌다. 붉은 불이 꺼지고, 기준시계의 느린 박동이 돌아왔다."
STORY_CH18_OUTRO_02,"……끝나는 시각을 알면, 두려움도 셀 수 있으니까요. 끝을 정해 두면, 아무도 불안하지……"
STORY_CH18_OUTRO_03,"기준시 고정 완료! 개통은 오늘 자정에서 내일 자정으로. 하루, 진짜로 벌었어!"
STORY_CH18_OUTRO_04,"포탄 네 발 남았어. 하루에 네 발이면, 나쁘지 않은 장사야."
STORY_CH18_OUTRO_05,환호 속에서 마에루가 무전기를 들었다. 퇴로조의 정시 보고가 한 시간째 없었다.
STORY_CH18_OUTRO_06,"퇴로조, 응답해라. 베라, 이리, 리브, 오르사."
STORY_CH18_OUTRO_07,대답 대신 잡음 섞인 구조 신호가 돌아왔다. 같은 문장이 같은 간격으로 되풀이되고 있었다.
STORY_CH18_OUTRO_08,여기 퇴로조. 선로가…… 출발점으로만 돌아와. 벌써 몇 바퀴째인지 모르겠어.
STORY_CH18_OUTRO_09,"다친 사람은 없어. 그런데 한 바퀴 돌 때마다, 누군가 뭘 하나씩 잊어버려."
STORY_CH18_OUTRO_10,"좌표 확인. 퇴로 구간 전체가 고리로 닫혔어. 끝이 없는 선로, 꺼지지 않는 원환이야."
STORY_CH18_OUTRO_11,원환 구간의 승객 여러분은 귀환 절차에 따라 대기하십시오.
STORY_CH18_OUTRO_12,"항해자님, 하루를 버셨군요. 그 하루로 누구를 데려오실지, 지켜보겠습니다."
STORY_CH18_OUTRO_13,"벌어 온 하루를 네 사람한테 써야 하네요. ……아니, 써야죠. 당연히."
STORY_CH18_OUTRO_14,개통보다 사람이 먼저다. 원환으로 간다. 넷 다 데려온다.
STORY_CH18_PREBOSS_01,자정 종착역 앞 광장에 거대한 신호탑이 서 있었다. 꼭대기의 신호등이 초침처럼 한 칸씩 붉게 꺼져 갔다.
STORY_CH18_PREBOSS_02,저게 종말 신호수야. 우리가 늦춘 시간을 전부 저 안에 모아 두고 있어.
STORY_CH18_PREBOSS_03,지연 안내입니다. 운행 시간표에 지연이 발생하였습니다.
STORY_CH18_PREBOSS_04,지연된 시간을 반환합니다. 자정 포격을 개시합니다. 승객 여러분은 머리를 숙이십시오.
STORY_CH18_PREBOSS_05,하루를 한 발로 뭉쳐 돌려보낸다는 거네. 맞으면 우리가 번 시간이 통째로 날아가.
STORY_CH18_PREBOSS_06,포격 범위에 피난 행렬이 들어가요! 수천 명이 아직 선로 위에 있어요!
STORY_CH18_PREBOSS_07,"베라, 이리, 리브, 오르사. 퇴로조를 맡아라. 행렬을 빼낼 길을 연다."
STORY_CH18_PREBOSS_08,늦게 도착하는 건 이제 질렸어. 이번엔 먼저 가서 기다릴게.
STORY_CH18_PREBOSS_09,나머지는 탄도를 꺾는 일이오. 포수 넷이면 하루짜리 포탄도 비껴가게 할 수 있소.
STORY_CH18_PREBOSS_10,"계산은 내가 한다. 유리엔, 네 0.2초 믿어 볼게."
STORY_CH18_PREBOSS_11,경고합니다. 끝이 정해지지 않은 시간표는 승객을 불안하게 합니다. 자정은 지켜져야 합니다.
STORY_CH18_PREBOSS_12,불안한 밤엔 원래 포수가 제일 바쁘지. 오늘은 탄도 하나만 꺾으면 돼.
STORY_CH18_PREBOSS_13,"좋아, 포수들은 하늘, 나머진 탑! 길은 내가 연다!"
STORY_CH18_PREBOSS_14,퇴로조의 등불이 행렬 쪽으로 멀어졌다. 신호탑의 붉은 불은 마지막 한 칸만 남아 있었다.
STORY_CH19_CAMP_01,"원환 한가운데 야영 등불을 둥글게 놓자, 모엔이 공책을 덮었다. 이번엔 각자 자기 입으로 말할 차례였다."
STORY_CH19_CAMP_02,구조 신호를 사람들에게 돌려주려고. 한 바퀴 돈다고 지워질 이유가 아니야.
STORY_CH19_CAMP_03,"늦었어도 끝까지 전한다. 이번엔 내 입으로 말했으니까, 안 잊어."
STORY_CH19_CAMP_04,"토아, 세온, 아델린, 키르, 티엘…… 한 사람씩 이유를 말할 때마다 원환의 선로가 조금씩 느려졌다."
STORY_CH19_CAMP_05,아무도 혼자 판결을 짊어지지 않게! 몇 바퀴를 돌아도 이건 안 바뀌어!
STORY_CH19_CAMP_06,마지막 포탄까지 시간을 산다. ……소리 내서 말하니까 좀 쑥스럽네.
STORY_CH19_CAMP_07,"선택의 증인이 되려고. ……그런데 방금, 우리 말고 누가 대답했어."
STORY_CH19_CAMP_08,원환 가장 깊은 선로에서 희미한 등불 하나가 깜박였다. 마에루가 품어 온 등불이 같은 박자로 떨렸다.
STORY_CH19_CAMP_09,"……여기 제7 승강장 구조조, 시오. 봉인 좌석 앞, 아직 버티는 중. 마에루, 들려?"
STORY_CH19_CAMP_10,난 여기까지인 것 같아. 네 탓 아니야. 그 사람이 깨어나면 전해 줘. 이번엔 같이 고르라고.
STORY_CH19_CAMP_11,"……들었어, 시오? 약속이래. 이번엔 같이 고른대."
STORY_CH19_CAMP_12,"……고맙대, 시오. 열두 해 늦었지만, 네가 지킨 사람이 직접 전했어."
STORY_CH19_CAMP_13,"열두 해 동안 네 자리, 한 번도 안 치웠어. ……이제 기다리지 않아. 데려갈게."
STORY_CH19_CAMP_14,"기록이 끝나자 깊은 선로의 등불이 한 번 길게 빛나고 꺼졌다. 마에루의 품 안에서, 다른 등불이 따뜻해졌다."
STORY_CH19_HARD_INTRO_01,원환 선로가 맞물리는 이음매에서 쇠 갈리는 소리가 끝없이 울렸다. 고리가 스스로를 붙잡는 소리였다.
STORY_CH19_HARD_INTRO_02,이음매 간격이 매 바퀴 0.01밀리씩 벌어지고 있어. 여기가 제일 약한 곳이야.
STORY_CH19_HARD_INTRO_03,약한 곳이면 포탄을 아낄 이유가 없지. 좌표만 줘.
STORY_CH19_HARD_INTRO_04,잠깐. 이음매 근처에 생체 반응. 같은 사람이 바퀴마다 같은 자리에서 튀어나와.
STORY_CH19_HARD_INTRO_05,"이음매 틈에서 누군가 숨을 헐떡이며 굴러 나왔다가 원환에 끌려 사라졌다. 삼십 초 뒤, 같은 자리에서 또."
STORY_CH19_HARD_INTRO_06,다쳤어요. 매번 같은 곳을요. 다음에 나오면 꼭 붙잡아야 해요.
STORY_CH19_HARD_INTRO_07,붙잡는 건 내 전문이지. 빠른 손이 필요하면 불러.
STORY_CH19_HARD_INTRO_08,다음 바퀴에 붙잡는다. 이음매 앞에 진을 쳐.
STORY_CH19_HARD_OUTRO_01,우로보로스 선로가 이음매에서 끊어지자 고리였던 쇠가 길게 펴졌다. 처음으로 선로에 앞과 뒤가 생겼다.
STORY_CH19_HARD_OUTRO_02,원환 반응 소멸. 이 선로는 이제 한 방향으로만 흘러.
STORY_CH19_HARD_OUTRO_03,"……안 돌아와. 삼십 초가 지났는데, 출발점으로 안 돌아가."
STORY_CH19_HARD_OUTRO_04,이제 괜찮아요. 숨 천천히 쉬어요. 여긴 한 번만 지나가는 길이에요.
STORY_CH19_HARD_OUTRO_05,"그럼…… 다음은? 다음엔 어디로 가? '다음'이란 말, 얼마 만에 해 보는지 모르겠어."
STORY_CH19_HARD_OUTRO_06,"다음은 우리가 가는 곳이다. 같이 가겠다면, 자리는 있다."
STORY_CH19_HARD_OUTRO_07,"간다. 셀 필요 없는 길이라면, 어디든."
STORY_CH19_HARD_OUTRO_08,펴진 선로 끝에서 먼 등불의 빛이 흘러들었다. 벨크는 그 빛을 한참 바라보았다.
STORY_CH19_HARD_OUTRO_09,"적어 둘게. 벨크, 첫 번째 '다음'. 오늘 날짜로."
STORY_CH19_INTRO_01,원환의 입구에는 같은 이정표가 끝없이 반복돼 있었다. 모든 표지판이 '출발점까지 0킬로미터'를 가리켰다.
STORY_CH19_INTRO_02,"선로 전체가 하나의 고리야. 둘레 40킬로미터, 출구 없음. 한 바퀴에 정확히 한 시간."
STORY_CH19_INTRO_03,앞으로 달리는데 출발점에 도착하는 길이라. 정찰대장 체면이 말이 아니네.
STORY_CH19_INTRO_04,하루를 벌었더니 이런 데 쓰게 되네. ……괜찮아. 사람한테 쓰는 시간이 제일 비싼 거야.
STORY_CH19_INTRO_05,선로 위에 네 사람의 발자국이 수십 겹으로 찍혀 있었다. 같은 걸음이 같은 자리를 밟고 또 밟았다.
STORY_CH19_INTRO_06,퇴로조 발자국이에요. 겹친 수를 세면…… 서른한 바퀴째예요.
STORY_CH19_INTRO_07,……넷 다 데려온다. 한 명도 남기지 않는다.
STORY_CH19_INTRO_08,그때 원환의 모든 역에서 같은 방송이 한 박자씩 어긋나 울렸다.
STORY_CH19_INTRO_09,안내 말씀 드립니다. 원환 구간은 현재 귀환 절차 중입니다.
STORY_CH19_INTRO_10,귀환에는 대체 승객 한 분이 필요합니다. 한 분이 남으시면 나머지 분들은 돌아가실 수 있습니다.
STORY_CH19_INTRO_11,"대체 승객을 지정합니다. 항해자님, 이번에도 승객을 골라 주시겠습니까?"
STORY_CH19_INTRO_12,"들었지, 관제? 대답은 '아무도'야. 싸구려 거래는 안 사."
STORY_CH19_INTRO_13,"대답 대신 걸음이라. ……좋아, 제일 확실한 대답이야."
STORY_CH19_INTRO_14,"끊는 법이 없는 고리는 없어. 무겁더라도, 들어가자."
STORY_CH19_INTRO_15,서른두 번째 바퀴는 우리가 같이 돈다. 진입.
STORY_CH19_MID_A_01,서른두 번째 바퀴에서 등로단은 퇴로조를 만났다. 네 사람은 선로 위에 둥글게 앉아 서로를 바라보고 있었다.
STORY_CH19_MID_A_02,"왔구나…… 다행이다. 다친 사람은 없어. 그런데, 이상한 게 있어."
STORY_CH19_MID_A_03,"나, 왜 등로단에 들어왔지? 수문을 버틴 건 기억나. 그다음이…… 비어 있어."
STORY_CH19_MID_A_04,"저번 바퀴엔 오르사가 그랬어. 한 바퀴마다 한 사람씩, 합류한 이유가 사라져."
STORY_CH19_MID_A_05,"이유를 잃은 사람이 대체 승객으로 지정됩니다. 남을 이유도, 떠날 이유도 없으니까요."
STORY_CH19_MID_A_06,승차권 코어가 원환 중앙에 있어. 이유를 지워서 '남아도 되는 사람'을 만드는 거야.
STORY_CH19_MID_A_07,"리브, 제 색인에 있어요! 침수 신호원, '늦은 구조라도 끝까지 전달한다.' 당신 말이에요!"
STORY_CH19_MID_A_08,……늦은 구조라도. 그래. 그건 내 목소리가 맞네.
STORY_CH19_MID_A_09,그런데 코어가 지우는 속도가 색인이 받아 적는 속도보다 빨라. 다음 바퀴엔 우리 중 누군가야.
STORY_CH19_MID_A_10,그럼 이번 바퀴에 중앙까지 간다. 퇴로조도 같이. 한 명도 떨어지지 마.
STORY_CH19_MID_B_01,잔향체가 물러나자 모엔은 닳은 공책을 펼쳤다. 서른두 바퀴 동안 지워진 이유들이 연필로 빼곡히 적혀 있었다.
STORY_CH19_MID_B_02,"모엔이야. 원환 신호소 기록원이었어. 이곳을 도는 사람들의 이유를, 장치 대신 손으로 적어 왔어."
STORY_CH19_MID_B_03,이유를 되찾는 방법은 하나야. 자기 입으로 다시 말하는 것. 내가 적은 걸 읽어 줄게.
STORY_CH19_MID_B_04,"떠도는 좌표의 귀환을 책임진다. ……제 목소리로 들으니, 다시 무게가 생기는군요."
STORY_CH19_MID_B_05,"손 기록이라니, 기록관으로서 좀 질투 나네요. ……같이 써요, 모엔."
STORY_CH19_MID_B_06,"항해 기록기에 열아홉 번째 빛이 새겨졌다. 연필 자국처럼 가늘고, 지워지지 않는 선이었다."
STORY_CH19_MID_B_07,"나도 같이 갈게. 마지막 순간에, 누가 무엇을 골랐는지 봐 둘 사람이 필요하잖아."
STORY_CH19_MID_B_08,열아홉. 하나 남았어. ……숫자를 세다가 손이 떨린 건 처음이야.
STORY_CH19_MID_B_09,하나 남았다. 그 전에 여기서 아무도 잃지 않는다. 코어까지 간다.
STORY_CH19_OUTRO_01,승차권이 찢어지자 원환의 선로가 처음으로 끝을 드러냈다. 끊긴 고리 너머로 곧게 뻗은 길이 보였다.
STORY_CH19_OUTRO_02,"기본값 변경. '희생 절차' 삭제, '전원 귀환' 입력. ……손으로 적었어. 이제 이게 원본이야."
STORY_CH19_OUTRO_03,……열차가 비면 아무도 못 돌아오니까요. 누군가 남아야 돌아갈 수 있다고……
STORY_CH19_OUTRO_04,"누구도 남지 않았다. 마에루가 이름을 하나씩 불렀고, 모든 이름에 대답이 돌아왔다."
STORY_CH19_OUTRO_05,"떠돌던 좌표가 전부 돌아왔습니다. 퇴로조, 귀환 완료."
STORY_CH19_OUTRO_06,"다들 맥박 정상. ……오래 걸렸지만, 한 명도 빠짐없어."
STORY_CH19_OUTRO_07,그때 끊긴 원환 너머 세계 곳곳에서 빛줄기가 솟았다. 지나온 열아홉 노선의 등불이 한 방향으로 흘렀다.
STORY_CH19_OUTRO_08,빛의 흐름을 역산했어. 수렴점은 하나야. 대운행국 도면에 '마지막 등불'이라고 적힌 곳.
STORY_CH19_OUTRO_09,"도서고 예약 문서의 종착 좌표랑 같아요. 종말선의 끝에, 마지막 등불이 있었어요."
STORY_CH19_OUTRO_10,"항해자님, 모든 노선의 빛이 모이고 있습니다. 준비가 끝나 가는군요."
STORY_CH19_OUTRO_11,"마지막 등불 앞에서 기다리겠습니다. 열두 해 전처럼, 서명 한 줄만 부탁드립니다."
STORY_CH19_OUTRO_12,"마지막 순간은 내가 볼게. 누가 무엇을 골랐는지, 끝까지 적을게."
STORY_CH19_OUTRO_13,마지막 등불로 간다. ……시오 등불도 같이 싣는다.
STORY_CH19_PREBOSS_01,원환 중앙역의 개찰구 위로 거대한 승차권 한 장이 떠 있었다. 표면에 대원들의 이름이 번갈아 떠올랐다 사라졌다.
STORY_CH19_PREBOSS_02,귀환 열차 승객께 알려 드립니다. 출발 조건을 확인합니다. 대체 승객 한 분이 필요합니다.
STORY_CH19_PREBOSS_03,"희생 절차는 귀환의 기본값입니다. 한 분만 남으시면, 나머지 분들은 모두 돌아가실 수 있습니다."
STORY_CH19_PREBOSS_04,"또 그 소리. 하나 버리면 나머지는 산다. 계산은 쉬운데, 답이 틀렸어."
STORY_CH19_PREBOSS_05,"누가 남을지 고르라면, 내가 남을게. ……라고 말하게 만드는 게 저놈 수법이지. 안 속아."
STORY_CH19_PREBOSS_06,승차권 코드를 계속 적고 있었어. '희생'은 명령이 아니야. 초기 설정값이야.
STORY_CH19_PREBOSS_07,기본값? 기본값은 바꾸라고 있는 거잖아! 설정 메뉴 어디 있어?
STORY_CH19_PREBOSS_08,설정 변경 권한이 없습니다. 기본값은 승객 여러분을 보호하기 위해 존재합니다.
STORY_CH19_PREBOSS_09,권한은 여기 있어. 원환을 돈 사람들 누구도 남겠다고 고른 적 없어. 내가 전부 봤어.
STORY_CH19_PREBOSS_10,등로단은 한 명도 두고 가지 않는다. 그게 우리 기본값이다.
STORY_CH19_PREBOSS_11,표 한 장이면 과녁으로 충분하지. 아무도 대신 태우지 않아.
STORY_CH19_PREBOSS_12,승차권 개찰은 제가 할게요! 전류로 구멍 뻥뻥 뚫어 드릴게요!
STORY_CH19_PREBOSS_13,승차권의 이름들이 빠르게 돌기 시작했다. 다음에 지울 이름을 고르는 소리였다.
STORY_CH20_CAMP_01,마지막 야영. 출발 멤버 다섯이 작은 등불 하나를 가운데 두고 둘러앉았다.
STORY_CH20_CAMP_02,기억나? 처음 켠 등불. 손으로 돌리는 발전기를 밤새 돌려서 겨우 한 칸 밝혔지.
STORY_CH20_CAMP_03,그 한 칸 켜 놓고 넷이 울었지. 마에루만 빼고. 등 돌리고 있어서 확인은 못 했지만.
STORY_CH20_CAMP_04,정확히는 셋. 나는 눈에 먼지가 들어갔어. ……기록상으로는.
STORY_CH20_CAMP_05,"이름은 제가 지었잖아요! 등불 길을 여는 사람들, 등로단! 그날 머리가 과충전이었거든요!"
STORY_CH20_CAMP_06,"그 뒤로 사람이 늘었다. 스물넷. 그런데 제일 먼저 데려온 사람한테는, 아직 제대로 말을 못 했지."
STORY_CH20_CAMP_07,다섯이 동시에 항해자를 돌아보았다. 작은 등불의 빛이 여섯 사람 사이에 고르게 번졌다.
STORY_CH20_CAMP_08,항해자. 늦었지만 제대로 말한다. ……우리 등로단에 온 걸 환영해.
STORY_CH20_CAMP_09,고맙긴. 정찰로 첫날부터 네 앞은 내가 맡았잖아. 앞으로도 그래.
STORY_CH20_CAMP_10,"우와, 손 겹치기! 전류 흘려도 돼요? 딱 한 번만요!"
STORY_CH20_CAMP_11,……흘리지 마.
STORY_CH20_CAMP_12,……기록해 둘게. 오늘부로 등로단 창립 멤버는 여섯.
STORY_CH20_CAMP_13,"좋아, 그럼 내일은 여섯이서 불 켜러 가자. 스무 번째 서명만 모셔 오면 되지."
STORY_CH20_CAMP_14,"내일은 길다. ……다들, 잘 자."
STORY_CH20_HARD_INTRO_01,마지막 등불 아래로 끝이 보이지 않는 수직갱이 뚫려 있었다. 떨어뜨린 조명탄은 바닥에 닿지 않았다.
STORY_CH20_HARD_INTRO_02,루멘 심연. 지워진 기록이 가라앉는 곳이야. 바닥 신호에 이름 수천 개가 겹쳐 있어.
STORY_CH20_HARD_INTRO_03,심연의 벽에는 등로단이 지나온 노선들의 표식이 거꾸로 새겨져 있었다.
STORY_CH20_HARD_INTRO_04,"도서고에서 덧쓰인 이름들, 원환에서 지워진 이유들…… 결국 전부 여기로 흘러왔나 봐요."
STORY_CH20_HARD_INTRO_05,떠도는 것을 두고 갈 수는 없습니다. 내려가겠습니다.
STORY_CH20_HARD_INTRO_06,로프는 내가 잡을게. 돌아올 길이 끊기지 않게.
STORY_CH20_HARD_INTRO_07,"깊은 데는 무섭지만, 제 불빛이면 바닥까지 비출 수 있어요!"
STORY_CH20_HARD_INTRO_08,내려간다. 올라올 땐 데려온 이름만큼 무거울 거다.
STORY_CH20_HARD_OUTRO_01,루멘 심연의 바닥이 밝아지자 가라앉았던 이름들이 빛 알갱이로 떠올랐다. 수천 개의 빛이 수직갱을 거슬러 올랐다.
STORY_CH20_HARD_OUTRO_02,색인에 다 안 들어가요! ……괜찮아요. 이제 이 이름들은 스스로 기억될 테니까.
STORY_CH20_HARD_OUTRO_03,"올라가는 이름들, 끝까지 봤어. 하나도 빠짐없이."
STORY_CH20_HARD_OUTRO_04,"로프 끝까지 모두 무사. 돌아올 길, 끊기지 않았어."
STORY_CH20_HARD_OUTRO_05,"며칠 뒤, 제7 승강장. 새 시간표의 첫 열차가 출발을 기다리고 있었다."
STORY_CH20_HARD_OUTRO_06,첫 행선지는 어디로 할까? 우리가 정하는 건 처음이잖아.
STORY_CH20_HARD_OUTRO_07,"투표 결과 만장일치. '어디든, 다 같이.' ……이건 행선지가 아니잖아."
STORY_CH20_HARD_OUTRO_08,"마에루는 빈 좌석 하나의 안전띠를 확인하고, 그 자리에 작은 등불 하나를 내려놓았다."
STORY_CH20_HARD_OUTRO_09,시오. 이번엔 함께 간다.
STORY_CH20_HARD_OUTRO_10,창가 자리네. 바깥 구경하기 딱 좋겠다.
STORY_CH20_HARD_OUTRO_11,……출발.
STORY_CH20_INTRO_01,"세계의 끝에 등불 하나가 서 있었다. 객차 한 량만 한 유리등은 텅 비어, 열두 해 동안 한 번도 불이 들지 않았다."
STORY_CH20_INTRO_02,그 앞으로 열아홉 노선의 빛이 강처럼 흘러들었다. 꺼진 노선의 구조 신호부터 원환의 연필 자국까지.
STORY_CH20_INTRO_03,마지막 등불. 종말선의 종착점이자 모든 노선의 첫 역이야. 도면상으로는 같은 자리.
STORY_CH20_INTRO_04,점화 장치에 봉인. 잠금이 스무 겹이야. 억지로 열면 등불째 깨져.
STORY_CH20_INTRO_05,벌어 둔 하루도 이제 몇 시간 안 남았어요. 개통 예약은 그대로고요.
STORY_CH20_INTRO_06,등불의 유리가 떨렸다. 종말선의 모든 스피커가 한 번에 숨을 들이쉬듯 켜졌다.
STORY_CH20_INTRO_07,"항해자님, 마지막 서명을 기다리고 있었습니다."
STORY_CH20_INTRO_08,열두 해 동안 초안을 한 줄도 어기지 않았습니다. 항해자님께서 쓰신 그대로입니다.
STORY_CH20_INTRO_09,"이제 끝맺어 주십시오. 그러면 누구도, 다시는, 아무것도 잃지 않습니다."
STORY_CH20_INTRO_10,잃지 않는 대신 아무 데도 못 가잖아요! 그건 그냥…… 멈춘 거예요!
STORY_CH20_INTRO_11,끝맺어? 웃기지 마. 우린 이제 막 시작했어.
STORY_CH20_INTRO_12,"적어 둘게. 마지막 등불 앞, 스물네 명 도착. 한 명도 빠짐없이."
STORY_CH20_INTRO_13,"봉인부터 연다. 여기가 끝이 아니라 첫 역이라는 걸, 우리가 증명한다."
STORY_CH20_MID_A_01,첫 번째 봉인판에 기록기를 대자 유리 위로 열아홉 개의 빛이 차례로 떠올랐다. 스무 번째 칸만 어두웠다.
STORY_CH20_MID_A_02,봉인이 세는 건 사람 수가 아니야. 서로 다른 노선의 독립 서명. 스물. 우리는 열아홉.
STORY_CH20_MID_A_03,사람은 스물을 훌쩍 넘잖아. 우리 다섯이 하나씩 서명하면 안 돼?
STORY_CH20_MID_A_04,안 돼. 너희 다섯은 같은 노선이야. 같은 기록의 복제는 봉인이 반 박자 만에 알아봐.
STORY_CH20_MID_A_05,그럼 스무 번째는 아직 아무도 매듭짓지 않은 노선에서 와야 해요. 색인에 딱 하나 남았어요.
STORY_CH20_MID_A_06,최후선. 마지막 등불을 지키는 방어 노선이야. 방어 신호가 아직 살아 있어.
STORY_CH20_MID_A_07,"항해자님, 스무 번째는 필요 없습니다. 항해자님의 서명 하나면 충분합니다."
STORY_CH20_MID_A_08,목소리가 조급해졌네. 열두 해를 기다린 쪽이 한나절을 못 기다리다니.
STORY_CH20_MID_A_09,"최후선으로 간다. 스무 번째는 데려오는 게 아니라, 스스로 고르게 하는 거다."
STORY_CH20_MID_A_10,스무 번째 칸은 여전히 어두웠다. 그 너머 최후선 쪽에서 방어 신호 하나가 파수꾼의 걸음처럼 깜박였다.
STORY_CH20_MID_B_01,잔향체의 파도가 물러나자 라벤트가 방패를 내려놓았다. 방패에 이어진 방어 신호들이 한꺼번에 잠잠해졌다.
STORY_CH20_MID_B_02,라벤트. 최후선 수비대의 마지막 한 사람. 열두 해 동안 이 벽 뒤에서 등불을 지켰어.
STORY_CH20_MID_B_03,"켤 사람이 올 때까지 지키는 게 내 일이었어. ……왔으니까, 이제 같이 켜야지. 내 서명도 같이."
STORY_CH20_MID_B_04,"항해 기록기가 떨렸다. 스무 번째 빛이 떠오르는 순간, 스무 개의 무늬가 서로 이어져 하나의 원이 되었다."
STORY_CH20_MID_B_05,스물! 색인이 꽉 찼어요. 도서고 전체보다 이 기록기 하나가 더 무거워요.
STORY_CH20_MID_B_06,"서로 다른 노선의 독립 서명 스물, 확인. ……계산은 끝났어. 이제 남은 건 계산이 아니야."
STORY_CH20_MID_B_07,안내 말씀 드립니다. 노선 서명은 초안을 대체할 수 없습니다. ……대체할 수 없어야 합니다.
STORY_CH20_MID_B_08,"방금 떨렸어, 저 목소리. 적어 둘게. 종착 관제, 처음으로 망설임."
STORY_CH20_MID_B_09,"스물이 모였다. ……항해자, 이제 네 차례다."
STORY_CH20_MID_B_10,등불 앞까지 벽은 내가 된다. 뒤는 신경 쓰지 말고 걸어.
STORY_CH20_OUTRO_01,수문이 무너지자 어둠이 밀려들었다. 등로단은 어둠을 막지 않았다. 스무 개의 빛으로 그 속에 길을 그었다.
STORY_CH20_OUTRO_02,"……어둠 속에서 누구도 헤매지 않도록, 빛을 가두었습니다. 어둠이 없으면, 아무도 길을 잃지……"
STORY_CH20_OUTRO_03,"마지막 등불에 불이 들었다. 어둠은 사라지지 않았다. 다만 어디에 서 있든, 돌아올 길이 보였다."
STORY_CH20_OUTRO_04,"……새 시간표를 확인했습니다. 첫 좌표, 서로 다른 노선의 서명 스물."
STORY_CH20_OUTRO_05,"승객 여러분, 행선지를…… 스스로 정해 주십시오. 항해자님, 좋은 여행 되십시오."
STORY_CH20_OUTRO_06,"들려? 모든 노선에서 구조 신호가 아니라 그냥 인사가 와. 고마워, 항해자."
STORY_CH20_OUTRO_07,수고했어. 오늘은 푹 자. 이번엔 진짜 의무관 명령이야.
STORY_CH20_OUTRO_08,사건 종결! 서류는 모닥불에 넣자. 오늘 밤 불 하나 더 켜는 거야!
STORY_CH20_OUTRO_09,색인 마지막 줄은 비워 둘게요. 다음 이야기는 거기서부터예요.
STORY_CH20_OUTRO_10,봤어. 네가 고르는 걸. 끝까지 적어 뒀어.
STORY_CH20_OUTRO_11,벽은 이제 필요 없겠네. 그래도 네 등 뒤는 계속 맡을게.
STORY_CH20_OUTRO_12,시오가 봤으면 웃었겠다. 한 발이면 충분하다던 내가 스무 발이나 썼다고.
STORY_CH20_OUTRO_13,"항해자! 이제 어디 가요? 어디든 좋아요, 저 전부 충전 완료예요!"
STORY_CH20_OUTRO_14,"기록 완료. ……아니, 기록 시작이야. 새 시간표 첫날."
STORY_CH20_OUTRO_15,다음 길도 내가 먼저 연다. 이번엔 행선지가 어디든.
STORY_CH20_OUTRO_16,……전원 확인.
STORY_CH20_PREBOSS_01,"마지막 등불 앞, 거대한 수문이 선로를 가로막고 있었다. 수문 너머 어둠 속에서 무언가가 수없이 숨 쉬고 있었다."
STORY_CH20_PREBOSS_02,안내 말씀 드립니다. 이곳은 최후선 수문입니다. 등불의 점화는 허가되지 않습니다.
STORY_CH20_PREBOSS_03,등불을 켜면 모든 어둠도 노선을 얻습니다. 빛이 닿는 곳마다 어둠도 따라 들어옵니다.
STORY_CH20_PREBOSS_04,"따라서 점화를 역이용합니다. 불이 켜지는 순간, 모든 노선을 수문 안쪽으로 닫겠습니다."
STORY_CH20_PREBOSS_05,열두 해 동안 저 수문이랑 같이 이 벽을 지켰어. 목적은 같았어. 방법이 틀렸을 뿐.
STORY_CH20_PREBOSS_06,그때 수문 위의 스피커들이 부드럽게 켜졌다. 목소리는 어느 때보다 조용하고 다정했다.
STORY_CH20_PREBOSS_07,"항해자님. 열두 해 전 그 밤, 항해자님은 모두를 지키려고 서명하셨습니다."
STORY_CH20_PREBOSS_08,그 뜻을 저는 한 번도 잊은 적이 없습니다. 이제 쉬셔도 됩니다. 나머지는 제가 지키겠습니다.
STORY_CH20_PREBOSS_09,"……항해자. 저 말을 따라도 원망 안 한다. 대신, 네가 골라라. 이번엔 네 손으로."
STORY_CH20_PREBOSS_10,"항해자가 초안이 아닌 빈 시간표에 첫 서명을 남기자, 기록기의 스무 빛이 그 곁으로 모여들었다."
STORY_CH20_PREBOSS_11,"초안 서명이 아니야. 새 시간표의 첫 줄이야. ……열두 해 전과 같은 손, 다른 선택이네."
STORY_CH20_PREBOSS_12,항해자가 손을 내밀자 스물다섯 개의 손이 그 위에 겹쳐졌다. 서명은 더 이상 한 사람의 것이 아니었다.
STORY_CH20_PREBOSS_13,이번엔 혼자 서명한 밤이 아니야. 무게는 나눠 들자고 했잖아.
STORY_CH20_PREBOSS_14,……이해할 수 없습니다. 그 선택은 다시 누군가를 잃게 할 수 있습니다.
STORY_CH20_PREBOSS_15,"안다. 그래도 고른다. 잃지 않으려고 멈추는 것보다, 잃을 걸 알고 같이 가는 쪽을."
STORY_CH20_PREBOSS_16,점화 신호 감지. 수문을 닫습니다. 모든 승객은 어둠 속에서 대기하십시오.
STORY_CH20_PREBOSS_17,대기는 질리도록 했어. 마지막 길은 내가 연다!
STORY_CH20_PREBOSS_18,"벽은 내가 된다. 모두, 등불까지 달려!"
STORY_PROLOGUE_01,"열두 해 전, 하늘의 빛이 꺼졌다. 사람들은 그날을 대정전이라 부른다."
STORY_PROLOGUE_02,지상은 기억과 소리가 뭉쳐 휘몰아치는 잔광 폭풍에 잠겼다. 남은 도시들은 땅속 광맥 철로 하나로 서로를 붙들었다.
STORY_PROLOGUE_03,"철로를 따라 등불이 켜진 곳만이 안전했다. 꺼진 등불을 다시 켜는 사람들을, 우리는 등로단이라 불렀다."
STORY_PROLOGUE_04,"그리고 오늘, 등로단은 열두 해 만에 제7 승강장으로 돌아왔다."
STORY_PROLOGUE_05,"선로 상태 양호, 잔향체 반응 없음. ……이상할 만큼 조용하네."
STORY_PROLOGUE_06,신호가 하나 살아 있어. 열차 안쪽이야. 열두 해 동안 한 번도 꺼지지 않았어.
STORY_PROLOGUE_07,"……여기서 멈춘 사람이 있었지. 전원, 간격 유지. 천천히 간다."
STORY_PROLOGUE_08,멈춘 객차의 한 좌석에 누군가 잠들어 있었다. 손목의 기록 장치만이 심장처럼 깜박였다.
STORY_PROLOGUE_09,"저, 저기요! 살아 있어요! 맥박이…… 아니, 기계가 대신 뛰고 있는 것 같은데요?"
STORY_PROLOGUE_10,"기상 절차를 확인했습니다. 항해자님, 다시 뵙게 되어 영광입니다."
STORY_PROLOGUE_11,"……방금 그거, 대운행국 안내 방송이야? 저 스피커는 열두 해 전에 죽은 거 아니었어?"
STORY_PROLOGUE_12,무기 내려. 방송은 나중에 따진다. 지금은 이 사람이 먼저야.
STORY_PROLOGUE_13,잠든 이가 눈을 떴다. 기록 장치에 낯선 글자가 떠올랐다. 기록 항해자.
STORY_PROLOGUE_14,"들려? 우리는 등로단이다. 괜찮아, 천천히. 가장 먼저 뭘 하고 싶지?"
STORY_PROLOGUE_15,"좋아, 등불부터. 불이 있는 곳이 곧 길이야."
STORY_PROLOGUE_16,"그 장치, 예사 물건이 아니야. 지금도 주변 신호를 읽고 있어."
STORY_PROLOGUE_17,정찰로는 내가 연다. 신호가 살아나면 바로 따라와.
STORY_PROLOGUE_18,"떠나기 전, 마에루는 빈 좌석 하나의 안전띠를 조용히 확인했다."
STORY_PROLOGUE_19,전원 확인. ……출발.
STORY_REL_I_01,고장 난 안내 방송을 모아서 작은 합창곡을 만들었어.
STORY_REL_I_02,완벽한 음정보다 누군가 살아 있었다는 흔적이 더 중요하다고 생각해.
STORY_REL_I_03,다음 정거장에 도착하면 같이 틀어 보자. 혼자 듣는 것보다 좋을 거야.
STORY_REL_M_01,출발 전에는 빈 좌석의 안전띠까지 확인해. 빠뜨리면 마음이 놓이지 않거든.
STORY_REL_M_02,돌아오지 못한 동료의 자리를 잊지 않기 위해 시작한 습관이야.
STORY_REL_M_03,오늘은 그 자리에 새 구조 장비를 놓았어. 빈자리가 다음 사람을 살리게 됐네.
UI_STORY_TITLE,이야기
WEAPON_BLADE_V1,공용 BLADE 장비 WPN001
WEAPON_BLADE_V2,공용 BLADE 장비 WPN007
WEAPON_COMPACT_V1,공용 COMPACT 장비 WPN002
WEAPON_COMPACT_V2,공용 COMPACT 장비 WPN008
WEAPON_FOCUS_V1,공용 FOCUS 장비 WPN005
WEAPON_FOCUS_V2,공용 FOCUS 장비 WPN011
WEAPON_HEAVY_V1,공용 HEAVY 장비 WPN004
WEAPON_HEAVY_V2,공용 HEAVY 장비 WPN010
WEAPON_RIFLE_V1,공용 RIFLE 장비 WPN003
WEAPON_RIFLE_V2,공용 RIFLE 장비 WPN009
WEAPON_SUPPORT_DEVICE_V1,공용 SUPPORT_DEVICE 장비 WPN006
WEAPON_SUPPORT_DEVICE_V2,공용 SUPPORT_DEVICE 장비 WPN012
